(NOTICE  ) [13:49:06|tosca_driver]  -------------------------------------------------------------------------- 
(NOTICE  ) [13:49:06|tosca_driver] |                                                                          |
(NOTICE  ) [13:49:06|tosca_driver] |                             Tosca Structure                              |
(NOTICE  ) [13:49:06|tosca_driver] |                           3DEXPERIENCE R2025x                            |
(NOTICE  ) [13:49:06|tosca_driver] |                                                                          |
(NOTICE  ) [13:49:06|tosca_driver]  -------------------------------------------------------------------------- 
(NOTICE  ) [13:49:06|tosca_driver] 
(NOTICE  ) [13:49:06|tosca_driver] Tosca started at Thu, 19 Feb 2026 13:49:06
(NOTICE  ) [13:49:06|tosca_driver] 
(INFO    ) [13:49:06|tosca_driver] Log level              : INFO
(INFO    ) [13:49:06|tosca_driver] Job name               : airbeam_abq
(INFO    ) [13:49:06|tosca_driver] Input directory        : /uufs/chpc.utah.edu/common/home/u6074059/Abaqus/paper_reproduction/experiment7/run_7b
(INFO    ) [13:49:06|tosca_driver] Parameter file         : /uufs/chpc.utah.edu/common/home/u6074059/Abaqus/paper_reproduction/experiment7/run_7b/airbeam_vol.par
(INFO    ) [13:49:06|tosca_driver] Working directory      : /uufs/chpc.utah.edu/common/home/u6074059/Abaqus/paper_reproduction/experiment7/run_7b/airbeam_abq
(INFO    ) [13:49:06|tosca_driver] Platform               : linux_a64
(INFO    ) [13:49:06|tosca_driver] Optimization type      : Topo Sensitivity
(INFO    ) [13:49:06|tosca_driver] Macros directory       : /uufs/chpc.utah.edu/sys/installdir/abaqus/2025/linux_a64/SMATsoResources/macros
(INFO    ) [13:49:06|tosca_driver] Test type              : ALL
(INFO    ) [13:49:06|tosca_driver] Num cpus               : 1
(INFO    ) [13:49:06|tosca_driver] Fe-Solver              : abaqus
(INFO    ) [13:49:06|tosca_driver]  -------------------------------------------------------------------------- 
(INFO    ) [13:49:06|tosca_driver] | Input Files                                                              |
(INFO    ) [13:49:06|tosca_driver]  -------------------------------------------------------------------------- 
(INFO    ) [13:49:06|tosca_driver] Main input deck        : /uufs/chpc.utah.edu/common/home/u6074059/Abaqus/paper_reproduction/experiment7/run_7b/airbeam_vol.inp
(INFO    ) [13:49:06|tosca_driver]  -------------------------------------------------------------------------- 
(INFO    ) [13:49:06|tosca_driver] | Information about FE-Solver                                              |
(INFO    ) [13:49:06|tosca_driver]  -------------------------------------------------------------------------- 
(INFO    ) [13:49:06|tosca_driver] abaqus                 : /uufs/chpc.utah.edu/sys/installdir/abaqus/2025/linux_a64/code/bin/SMALauncher
(INFO    ) [13:49:06|tosca_driver] Number of solver CPUs  : 1
(INFO    ) [13:49:06|tosca_driver] Number of solver queues: 1
(INFO    ) [13:49:06|tosca_driver] Command line           : /uufs/chpc.utah.edu/sys/installdir/abaqus/2025/linux_a64/code/bin/SMALauncher -job __FE_MODEL__ analysis interactive -unified -resultsFormat ODB
(INFO    ) [13:49:06|tosca_driver]  -------------------------------------------------------------------------- 
(INFO    ) [13:49:06|tosca_driver] | Post-Processing                                                          |
(INFO    ) [13:49:06|tosca_driver]  -------------------------------------------------------------------------- 
(INFO    ) [13:49:06|tosca_driver] * Report to VTFX
(INFO    ) [13:49:06|tosca_driver] * Smooth
(INFO    ) [13:49:06|tosca_driver] 
(NOTICE  ) [13:49:06|tosca_driver] Starting job airbeam_abq
(INFO    ) [13:49:06|tosca_driver]  -------------------------------------------------------------------------- 
(INFO    ) [13:49:06|tosca_driver] | Checking User Configuration                                              |
(INFO    ) [13:49:06|tosca_driver]  -------------------------------------------------------------------------- 
(INFO    ) [13:49:06|tosca_driver] Calling: /uufs/chpc.utah.edu/sys/installdir/abaqus/2025/linux_a64/code/bin/SMATsoFemInclude --loglevel INFO --solver abaqus --out /uufs/chpc.utah.edu/common/home/u6074059/Abaqus/paper_reproduction/experiment7/run_7b/airbeam_abq/_included_files.json /uufs/chpc.utah.edu/common/home/u6074059/Abaqus/paper_reproduction/experiment7/run_7b/airbeam_vol.inp
(INFO    ) [13:49:06|fem_include] SIMULIA Tosca Structure.fem_include - version 3DEXPERIENCE R2025x - build R427 - 20240925T190012Z 64 bit
(INFO    ) [13:49:06|fem_include] SIMULIA Tosca Structure.fem_include finished successfully
(INFO    ) [13:49:06|tosca_driver] Module SMATsoFemInclude has finished with exit code 0
(INFO    ) [13:49:06|tosca_driver]  -------------------------------------------------------------------------- 
(INFO    ) [13:49:06|tosca_driver] | Creating archive directories                                             |
(INFO    ) [13:49:06|tosca_driver]  -------------------------------------------------------------------------- 
(INFO    ) [13:49:06|tosca_driver]  -------------------------------------------------------------------------- 
(INFO    ) [13:49:06|tosca_driver] | Converting FEM files to ONF format                                       |
(INFO    ) [13:49:06|tosca_driver]  -------------------------------------------------------------------------- 
(INFO    ) [13:49:06|tosca_driver] Calling: /uufs/chpc.utah.edu/sys/installdir/abaqus/2025/linux_a64/code/bin/SMATsoFemToOnf --loglevel INFO --solver abaqus /uufs/chpc.utah.edu/common/home/u6074059/Abaqus/paper_reproduction/experiment7/run_7b/airbeam_abq/airbeam_vol.inp
(INFO    ) [13:49:06|fem_to_onf] SIMULIA Tosca Structure.fem_to_onf - version 3DEXPERIENCE R2025x - build R427 - 20240925T190012Z 64 bit
(INFO    ) [13:49:06|fem_to_onf] 
(INFO    ) [13:49:06|fem_to_onf]  --------------------------------------------------------------------------
(INFO    ) [13:49:06|fem_to_onf] |                              LOADCASE TABLE                              |
(INFO    ) [13:49:06|fem_to_onf]  --------------------------------------------------------------------------
(INFO    ) [13:49:06|fem_to_onf] |  #  |   Type    |    Name    |             File              |   Line    |
(INFO    ) [13:49:06|fem_to_onf]  --------------------------------------------------------------------------
(INFO    ) [13:49:06|fem_to_onf] |   1 | STEP      |            | airbeam_vol.inp               |      8040 |
(INFO    ) [13:49:06|fem_to_onf] |     |           |            | airbeam_vol.inp               |      8053 |
(INFO    ) [13:49:06|fem_to_onf]  --------------------------------------------------------------------------
(INFO    ) [13:49:06|fem_to_onf] 
(INFO    ) [13:49:06|fem_to_onf]  --------------------------------------------------------------------------
(INFO    ) [13:49:06|fem_to_onf] |                              MATERIAL TABLE                              |
(INFO    ) [13:49:06|fem_to_onf]  --------------------------------------------------------------------------
(INFO    ) [13:49:06|fem_to_onf] |  #   |      Name      |                File                |    Line     |
(INFO    ) [13:49:06|fem_to_onf]  --------------------------------------------------------------------------
(INFO    ) [13:49:06|fem_to_onf] |    1 | MAT11          | airbeam_vol.inp                    |        8017 |
(INFO    ) [13:49:06|fem_to_onf]  --------------------------------------------------------------------------
(INFO    ) [13:49:06|fem_to_onf] 
(INFO    ) [13:49:06|fem_to_onf] SIMULIA Tosca Structure.fem_to_onf finished successfully
(INFO    ) [13:49:06|tosca_driver] Module SMATsoFemToOnf has finished with exit code 0
(NOTICE  ) [13:49:06|tosca_driver] Starting Tosca Structure Preprocessor
(INFO    ) [13:49:06|tosca_driver] Calling: /uufs/chpc.utah.edu/sys/installdir/abaqus/2025/linux_a64/code/bin/SMATsoToscaPrep --loglevel INFO --input /uufs/chpc.utah.edu/common/home/u6074059/Abaqus/paper_reproduction/experiment7/run_7b/airbeam_vol.par
(INFO    ) [13:49:06|tosca_prep] SIMULIA Tosca Structure.tosca_prep - version 3DEXPERIENCE R2025x - build R427 - 20240925T190012Z 64 bit
(INFO    ) [13:49:06|tosca_prep]  --------------------------------------------------------------------------
(INFO    ) [13:49:06|tosca_prep] |                ___  ___  __  __  _   _  _     ___    _                   |
(INFO    ) [13:49:06|tosca_prep] |               / __||_ _||  \/  || | | || |   |_ _|  /_\                  |
(INFO    ) [13:49:06|tosca_prep] |               \__ \ | | | |\/| || |_| || |__  | |  / _ \                 |
(INFO    ) [13:49:06|tosca_prep] |               |___/|___||_|  |_| \___/ |____||___|/_/ \_\                |
(INFO    ) [13:49:06|tosca_prep] |                        _____                                             |
(INFO    ) [13:49:06|tosca_prep] |                       |_   _|___  ___ __  __ _                           |
(INFO    ) [13:49:06|tosca_prep] |                         | | / _ \(_-</ _|/ _` |                          |
(INFO    ) [13:49:06|tosca_prep] |                         |_| \___//__/\__|\__,_|                          |
(INFO    ) [13:49:06|tosca_prep] |              ___  _                   _                                  |
(INFO    ) [13:49:06|tosca_prep] |             / __|| |_  _ _  _  _  __ | |_  _  _  _ _  ___                |
(INFO    ) [13:49:06|tosca_prep] |             \__ \|  _|| `_|| || |/ _||  _|| || || `_|/ -_)               |
(INFO    ) [13:49:06|tosca_prep] |             |___/ \__||_|   \_,_|\__| \__| \_,_||_|  \___|               |
(INFO    ) [13:49:06|tosca_prep] |                                                                          |
(INFO    ) [13:49:06|tosca_prep]  --------------------------------------------------------------------------
(INFO    ) [13:49:06|tosca_prep] | Version 3DEXPERIENCE R2025x                                              |
(INFO    ) [13:49:06|tosca_prep] | DATE:   2026-02-19                                                       |
(INFO    ) [13:49:06|tosca_prep]  --------------------------------------------------------------------------
(INFO    ) [13:49:07|tosca_prep] Reading command          : FEM_INPUT
(INFO    ) [13:49:07|tosca_prep] Reading command          : DV_TOPO
(INFO    ) [13:49:07|tosca_prep] Reading command          : DVCON_TOPO
(INFO    ) [13:49:07|tosca_prep] Reading command          : DRESP
(INFO    ) [13:49:07|tosca_prep] Reading command          : DRESP
(INFO    ) [13:49:07|tosca_prep] Reading command          : DRESP
(INFO    ) [13:49:07|tosca_prep] Reading command          : OBJ_FUNC
(INFO    ) [13:49:07|tosca_prep] Reading command          : CONSTRAINT
(INFO    ) [13:49:07|tosca_prep] Reading command          : OPTIMIZE
(INFO    ) [13:49:07|tosca_prep] Reading command          : OPT_PARAM
(INFO    ) [13:49:07|tosca_prep] Reading command          : STOP
(INFO    ) [13:49:07|tosca_prep] Reading command          : SMOOTH
(INFO    ) [13:49:07|tosca_prep] Reading command          : SMOOTH
(INFO    ) [13:49:07|tosca_prep]  --------------------------------------------------------------------------
(INFO    ) [13:49:07|tosca_prep] | ELEMENTS with LOADS are AUTOFROZEN                                       |
(INFO    ) [13:49:07|tosca_prep]  --------------------------------------------------------------------------
(INFO    ) [13:49:07|tosca_prep] System detected the following ELEMENTS as
(INFO    ) [13:49:07|tosca_prep] loaded by pressure, boundary conditions or the.
(INFO    ) [13:49:07|tosca_prep] connected nodes are loaded by forces, displacements
(INFO    ) [13:49:07|tosca_prep] or with concentrated loads.
(INFO    ) [13:49:07|tosca_prep] Number of elements:            2
(INFO    ) [13:49:07|tosca_prep] 108 109
(INFO    ) [13:49:07|tosca_prep] 
(INFO    ) [13:49:07|tosca_prep] 
(INFO    ) [13:49:07|tosca_prep] The following LIST of elements can be used
(INFO    ) [13:49:07|tosca_prep] for the topology optimization.
(INFO    ) [13:49:07|tosca_prep] Number of elements:         3922
(INFO    ) [13:49:07|tosca_prep]     1    ->   107   110    ->  3924
(INFO    ) [13:49:07|tosca_prep] 
(INFO    ) [13:49:07|tosca_prep] 
(INFO    ) [13:49:07|tosca_prep] 
(INFO    ) [13:49:07|tosca_prep] DV Cluster information:
(INFO    ) [13:49:07|tosca_prep]  Number of clustering groups          :            0
(INFO    ) [13:49:07|tosca_prep]  Number of dv-elements being clustered:            0
(INFO    ) [13:49:07|tosca_prep]  Number of free dv-elements           :         3672
(INFO    ) [13:49:07|tosca_prep]  Number of DV after clustering        :         3672
(INFO    ) [13:49:07|tosca_prep]  Setting automatic MIN_MEMBER size THICKNESS =    5.000000
(INFO    ) [13:49:07|tosca_prep] Checked out 5 tokens tosca_topo from
(INFO    ) [13:49:07|tosca_prep] 27004@ls1.chpc.utah.edu,27004@ls2.chpc.utah.edu,27004@ls3.chpc.utah.edu
(INFO    ) [13:49:07|tosca_prep] Application finished successfully
(INFO    ) [13:49:07|tosca_driver] Module SMATsoToscaPrep has finished with exit code 0
(INFO    ) [13:49:07|tosca_driver] Calling: /uufs/chpc.utah.edu/sys/installdir/abaqus/2025/linux_a64/code/bin/SMATrtOptResExportTool --loglevel INFO --cycle -1 --static_data --onf_output ON
(INFO    ) [13:49:07|opt_res_export_tool] SIMULIA Tosca Structure.opt_res_export_tool - version 3DEXPERIENCE R2025x - build R427 - 20240925T190012Z 64 bit
(INFO    ) [13:49:07|opt_res_export_tool] Extracting results from opt_res_database
(INFO    ) [13:49:07|opt_res_export_tool] SIMULIA Tosca Structure.opt_res_export_tool finished successfully
(INFO    ) [13:49:07|tosca_driver] Module SMATrtOptResExportTool has finished with exit code 0
(INFO    ) [13:49:08|tosca_driver]  -------------------------------------------------------------------------- 
(INFO    ) [13:49:08|tosca_driver] | Loading User Configuration                                               |
(INFO    ) [13:49:08|tosca_driver]  -------------------------------------------------------------------------- 
(INFO    ) [13:49:08|tosca_driver] Executing: /uufs/chpc.utah.edu/sys/installdir/abaqus/2025/linux_a64/SMATsoResources/config/tosca.cfg
(INFO    ) [13:49:08|tosca_driver]  -------------------------------------------------------------------------- 
(INFO    ) [13:49:08|tosca_driver] | Checking Final Configuration                                             |
(INFO    ) [13:49:08|tosca_driver]  -------------------------------------------------------------------------- 
(NOTICE  ) [13:49:08|tosca_driver] Design cycle 0 started on 2026-02-19
(INFO    ) [13:49:08|tosca_driver] Calling: /uufs/chpc.utah.edu/sys/installdir/abaqus/2025/linux_a64/code/bin/SMATsoFemModif --loglevel INFO --solver abaqus --cycle 000 --perturbation 0 --format_matrices sim --pseudo_step_to_lc /uufs/chpc.utah.edu/common/home/u6074059/Abaqus/paper_reproduction/experiment7/run_7b/airbeam_abq/airbeam_vol.inp
(INFO    ) [13:49:08|fem_modif] SIMULIA Tosca Structure.fem_modif - version 3DEXPERIENCE R2025x - build R427 - 20240925T190012Z 64 bit
(INFO    ) [13:49:08|fem_modif] Reading modification instructions from ONF file:
(INFO    ) [13:49:08|fem_modif] /uufs/chpc.utah.edu/common/home/u6074059/Abaqus/paper_reproduction/experiment7/run_7b/airbeam_abq/airbeam_vol_mod.onf
(INFO    ) [13:49:08|fem_modif] Reading ONF model file /uufs/chpc.utah.edu/common/home/u6074059/Abaqus/paper_reproduction/experiment7/run_7b/airbeam_abq/airbeam_vol_fem.onf
(INFO    ) [13:49:08|fem_modif] SIMULIA Tosca Structure.fem_modif finished successfully
(INFO    ) [13:49:08|tosca_driver] Module SMATsoFemModif has finished with exit code 0
(NOTICE  ) [13:49:08|tosca_driver] Starting Abaqus analysis - design cycle 0
(INFO    ) [13:49:08|tosca_driver] Starting the solver
(INFO    ) [13:49:08|tosca_driver] Calling hooks before module abaqus
(INFO    ) [13:49:08|tosca_driver] Calling: /uufs/chpc.utah.edu/sys/installdir/abaqus/2025/linux_a64/code/bin/SMATsoAbaqusTsProvider -j airbeam_vol --cycle 0
(INFO    ) [13:49:08|hook] Timestamp file written successfully
(INFO    ) [13:49:08|tosca_driver] Module hook has finished with exit code 0
(INFO    ) [13:49:08|tosca_driver] Calling: /uufs/chpc.utah.edu/sys/installdir/abaqus/2025/linux_a64/code/bin/SMALauncher -job airbeam_vol analysis interactive -unified -resultsFormat ODB
(INFO    ) [13:49:13|abaqus] Analysis initiated from SIMULIA established products
(INFO    ) [13:49:13|abaqus] Abaqus JOB airbeam_vol
(INFO    ) [13:49:13|abaqus] Abaqus 2025
(INFO    ) [13:49:13|abaqus] Abaqus License Manager checked out the following licenses:
(INFO    ) [13:49:13|abaqus] Abaqus/Foundation checked out 3 tokens from Flexnet server ls1.chpc.utah.edu.
(INFO    ) [13:49:13|abaqus] <218 out of 237 licenses remain available>.
(INFO    ) [13:49:13|abaqus] Begin Abaqus/Standard Analysis
(INFO    ) [13:49:13|abaqus] Thu 19 Feb 2026 01:49:10 PM MST
(INFO    ) [13:49:13|abaqus] Run abaqusstd
(INFO    ) [13:49:13|tosca_driver] Fe-solver abaqus finished with job airbeam_vol.inp
(INFO    ) [13:49:13|tosca_driver] Elapsed time of abaqus : 0:00:05.110329  -  current time : 13:49:13.416391
(INFO    ) [13:49:13|tosca_driver] Solution complete
(INFO    ) [13:49:13|tosca_driver] Checking solver output file: /uufs/chpc.utah.edu/common/home/u6074059/Abaqus/paper_reproduction/experiment7/run_7b/airbeam_abq/airbeam_vol.msg
(INFO    ) [13:49:13|tosca_driver] Searching for success check string: "THE ANALYSIS HAS BEEN COMPLETED"
(INFO    ) [13:49:13|tosca_driver] Calling: /uufs/chpc.utah.edu/sys/installdir/abaqus/2025/linux_a64/code/bin/SMATsoOdbToVtmMain --solver abaqus --loglevel INFO --format_matrices sim --cycle 0 --perturbation 0 /uufs/chpc.utah.edu/common/home/u6074059/Abaqus/paper_reproduction/experiment7/run_7b/airbeam_abq/airbeam_vol
(INFO    ) [13:49:13|odb_to_vtm] SIMULIA Tosca Structure.odb_to_vtm - version 3DEXPERIENCE R2025x - build R427 - 20240925T190012Z 64 bit
(INFO    ) [13:49:13|odb_to_vtm] Reading Abaqus ODB output file /uufs/chpc.utah.edu/common/home/u6074059/Abaqus/paper_reproduction/experiment7/run_7b/airbeam_abq/airbeam_vol
(INFO    ) [13:49:13|odb_to_vtm] Reading results from the Abaqus result database /uufs/chpc.utah.edu/common/home/u6074059/Abaqus/paper_reproduction/experiment7/run_7b/airbeam_abq/airbeam_vol.odb
(INFO    ) [13:49:13|odb_to_vtm] SIMULIA Tosca Structure.odb_to_vtm finished successfully
(INFO    ) [13:49:13|tosca_driver] Module SMATsoOdbToVtmMain has finished with exit code 0
(NOTICE  ) [13:49:13|tosca_driver] Starting Tosca Structure optimization module - design cycle 0
(INFO    ) [13:49:13|tosca_driver] Calling: /uufs/chpc.utah.edu/sys/installdir/abaqus/2025/linux_a64/code/bin/SMATsoToscaOpt --loglevel INFO
(INFO    ) [13:49:14|tosca_opt] SIMULIA Tosca Structure.tosca_opt - version 3DEXPERIENCE R2025x - build R427 - 20240925T190012Z 64 bit
(INFO    ) [13:49:14|tosca_opt]  --------------------------------------------------------------------------
(INFO    ) [13:49:14|tosca_opt] |                ___  ___  __  __  _   _  _     ___    _                   |
(INFO    ) [13:49:14|tosca_opt] |               / __||_ _||  \/  || | | || |   |_ _|  /_\                  |
(INFO    ) [13:49:14|tosca_opt] |               \__ \ | | | |\/| || |_| || |__  | |  / _ \                 |
(INFO    ) [13:49:14|tosca_opt] |               |___/|___||_|  |_| \___/ |____||___|/_/ \_\                |
(INFO    ) [13:49:14|tosca_opt] |                        _____                                             |
(INFO    ) [13:49:14|tosca_opt] |                       |_   _|___  ___ __  __ _                           |
(INFO    ) [13:49:14|tosca_opt] |                         | | / _ \(_-</ _|/ _` |                          |
(INFO    ) [13:49:14|tosca_opt] |                         |_| \___//__/\__|\__,_|                          |
(INFO    ) [13:49:14|tosca_opt] |              ___  _                   _                                  |
(INFO    ) [13:49:14|tosca_opt] |             / __|| |_  _ _  _  _  __ | |_  _  _  _ _  ___                |
(INFO    ) [13:49:14|tosca_opt] |             \__ \|  _|| `_|| || |/ _||  _|| || || `_|/ -_)               |
(INFO    ) [13:49:14|tosca_opt] |             |___/ \__||_|   \_,_|\__| \__| \_,_||_|  \___|               |
(INFO    ) [13:49:14|tosca_opt] |                                                                          |
(INFO    ) [13:49:14|tosca_opt]  --------------------------------------------------------------------------
(INFO    ) [13:49:14|tosca_opt] | Version 3DEXPERIENCE R2025x                                              |
(INFO    ) [13:49:14|tosca_opt] | DATE:   2026-02-19                                                       |
(INFO    ) [13:49:14|tosca_opt]  --------------------------------------------------------------------------
(INFO    ) [13:49:14|tosca_opt]  --------------------------------------------------------------------------
(INFO    ) [13:49:14|tosca_opt] | Begin of DESIGN CYCLE NUMBER: 0                                          |
(INFO    ) [13:49:14|tosca_opt]  --------------------------------------------------------------------------
(INFO    ) [13:49:14|tosca_opt] Checking for existence of results
(INFO    ) [13:49:14|tosca_opt]  --------------------------------------------------------------------------
(INFO    ) [13:49:14|tosca_opt] | ANALYZE VALUE OF VARIABLES before OPTIMIZATION                           |
(INFO    ) [13:49:14|tosca_opt]  --------------------------------------------------------------------------
(INFO    ) [13:49:14|tosca_opt]  --------------------------------------------------------------------------
(INFO    ) [13:49:14|tosca_opt] | ANALYZE VALUE OF VARIABLES after OPTIMIZATION                            |
(INFO    ) [13:49:14|tosca_opt]  --------------------------------------------------------------------------
(INFO    ) [13:49:14|tosca_opt]  --------------------------------------------------------------------------
(INFO    ) [13:49:14|tosca_opt] | VARIABLES and DESIGN RESPONSES                                           |
(INFO    ) [13:49:14|tosca_opt]  --------------------------------------------------------------------------
(INFO    ) [13:49:14|tosca_opt]  DRESP_SUM_ENERGY                          :    6.9008
(INFO    ) [13:49:14|tosca_opt]  DRESP_VOL_TOPO                            :    1342.5
(INFO    ) [13:49:14|tosca_opt]  DRESP_DISP1_ABS_MAX                       :   0.17432
(INFO    ) [13:49:14|tosca_opt]  --------------------------------------------------------------------------
(INFO    ) [13:49:14|tosca_opt]  --------------------------------------------------------------------------
(INFO    ) [13:49:14|tosca_opt] | Report of OPTIMIZATION Results                                           |
(INFO    ) [13:49:14|tosca_opt]  --------------------------------------------------------------------------
(INFO    ) [13:49:14|tosca_opt]  DESIGN CYCLE                :     0 (values of startmodel)
(INFO    ) [13:49:14|tosca_opt]  OPTIMIZE name               : TOPOLOGY_OPTIMIZATION
(INFO    ) [13:49:14|tosca_opt]  OBJ_FUNC name               : MIN_VOL
(INFO    ) [13:49:14|tosca_opt]  OBJ_FUNC value              :     1342.54
(INFO    ) [13:49:14|tosca_opt]  ==========================================================================
(INFO    ) [13:49:14|tosca_opt] |     Name of OBJ_FUNC_TERM      |   Value    |   Weight   |   Reference   |
(INFO    ) [13:49:14|tosca_opt]  ==========================================================================
(INFO    ) [13:49:14|tosca_opt] | DRESP_VOL_TOPO                 | 1342.54    | 1.0        | 0.0           |
(INFO    ) [13:49:14|tosca_opt]  ==========================================================================
(INFO    ) [13:49:14|tosca_opt] * SIMULIA Tosca Structure INFORMATION *
(INFO    ) [13:49:14|tosca_opt] Writing CONSTRAINTs with default normalization.
(INFO    ) [13:49:14|tosca_opt] For NORM value  <= 1.0   -->    CONSTRAINT is OK ( For all CONSTRAINT types )
(INFO    ) [13:49:14|tosca_opt]  ==========================================================================
(INFO    ) [13:49:14|tosca_opt] |  Name of CONSTRAINT  |  Act. Value  | Op. | Target  |   Norm   | Status  |
(INFO    ) [13:49:14|tosca_opt]  ==========================================================================
(INFO    ) [13:49:14|tosca_opt] | DISP_CONSTRAINT      | 0.174318     | <=  | 6.e-2   | 2.9053   | FALSE   |
(INFO    ) [13:49:14|tosca_opt]  ==========================================================================
(INFO    ) [13:49:15|tosca_opt]  --------------------------------------------------------------------------
(INFO    ) [13:49:15|tosca_opt] | Some STOP CRITERIA NOT satisfied this iteration                          |
(INFO    ) [13:49:15|tosca_opt]  --------------------------------------------------------------------------
(INFO    ) [13:49:15|tosca_opt]  --------------------------------------------------------------------------
(INFO    ) [13:49:15|tosca_opt] | End of DESIGN CYCLE NUMBER: 0                                            |
(INFO    ) [13:49:15|tosca_opt]  --------------------------------------------------------------------------
(INFO    ) [13:49:15|tosca_opt] Application finished successfully
(INFO    ) [13:49:15|tosca_driver] Module SMATsoToscaOpt has finished with exit code 0
(INFO    ) [13:49:15|tosca_driver] Calling: /uufs/chpc.utah.edu/sys/installdir/abaqus/2025/linux_a64/code/bin/SMATrtOptResExportTool --loglevel INFO --cycle 0 --onf_output ON
(INFO    ) [13:49:15|opt_res_export_tool] SIMULIA Tosca Structure.opt_res_export_tool - version 3DEXPERIENCE R2025x - build R427 - 20240925T190012Z 64 bit
(INFO    ) [13:49:15|opt_res_export_tool] Extracting results from opt_res_database
(INFO    ) [13:49:15|opt_res_export_tool] SIMULIA Tosca Structure.opt_res_export_tool finished successfully
(INFO    ) [13:49:15|tosca_driver] Module SMATrtOptResExportTool has finished with exit code 0
(NOTICE  ) [13:49:15|tosca_driver] Design cycle 1 started on 2026-02-19
(NOTICE  ) [13:49:15|tosca_driver] Starting Abaqus analysis - design cycle 1
(INFO    ) [13:49:15|tosca_driver] Activating the solver
(INFO    ) [13:49:15|tosca_driver] Calling hooks before module abaqus
(INFO    ) [13:49:15|tosca_driver] Calling: /uufs/chpc.utah.edu/sys/installdir/abaqus/2025/linux_a64/code/bin/SMATsoAbaqusTsProvider -j airbeam_vol --cycle 1
(INFO    ) [13:49:15|hook] Timestamp file written successfully
(INFO    ) [13:49:15|tosca_driver] Module hook has finished with exit code 0
(INFO    ) [13:49:16|tosca_driver] Fe-solver abaqus finished with job airbeam_vol.inp
(INFO    ) [13:49:16|tosca_driver] Elapsed time (inc. overhead): 0:00:00.801179
(INFO    ) [13:49:16|tosca_driver] Elapsed time of abaqus : 0:00:00.863374  -  current time : 13:49:16.683888
(INFO    ) [13:49:16|tosca_driver] Solution complete
(INFO    ) [13:49:16|tosca_driver] Checking solver output file: /uufs/chpc.utah.edu/common/home/u6074059/Abaqus/paper_reproduction/experiment7/run_7b/airbeam_abq/airbeam_vol.msg
(INFO    ) [13:49:16|tosca_driver] Searching for success check string: "THE ANALYSIS HAS BEEN COMPLETED"
(INFO    ) [13:49:16|tosca_driver] Calling: /uufs/chpc.utah.edu/sys/installdir/abaqus/2025/linux_a64/code/bin/SMATsoOdbToVtmMain --solver abaqus --loglevel INFO --format_matrices sim --cycle 1 --perturbation 0 /uufs/chpc.utah.edu/common/home/u6074059/Abaqus/paper_reproduction/experiment7/run_7b/airbeam_abq/airbeam_vol
(INFO    ) [13:49:16|odb_to_vtm] SIMULIA Tosca Structure.odb_to_vtm - version 3DEXPERIENCE R2025x - build R427 - 20240925T190012Z 64 bit
(INFO    ) [13:49:16|odb_to_vtm] Reading Abaqus ODB output file /uufs/chpc.utah.edu/common/home/u6074059/Abaqus/paper_reproduction/experiment7/run_7b/airbeam_abq/airbeam_vol
(INFO    ) [13:49:16|odb_to_vtm] Reading results from the Abaqus result database /uufs/chpc.utah.edu/common/home/u6074059/Abaqus/paper_reproduction/experiment7/run_7b/airbeam_abq/airbeam_vol.odb
(INFO    ) [13:49:17|odb_to_vtm] SIMULIA Tosca Structure.odb_to_vtm finished successfully
(INFO    ) [13:49:17|tosca_driver] Module SMATsoOdbToVtmMain has finished with exit code 0
(NOTICE  ) [13:49:17|tosca_driver] Starting Tosca Structure optimization module - design cycle 1
(INFO    ) [13:49:17|tosca_driver] Calling: /uufs/chpc.utah.edu/sys/installdir/abaqus/2025/linux_a64/code/bin/SMATsoToscaOpt --loglevel INFO
(INFO    ) [13:49:17|tosca_opt] SIMULIA Tosca Structure.tosca_opt - version 3DEXPERIENCE R2025x - build R427 - 20240925T190012Z 64 bit
(INFO    ) [13:49:17|tosca_opt]  --------------------------------------------------------------------------
(INFO    ) [13:49:17|tosca_opt] |                ___  ___  __  __  _   _  _     ___    _                   |
(INFO    ) [13:49:17|tosca_opt] |               / __||_ _||  \/  || | | || |   |_ _|  /_\                  |
(INFO    ) [13:49:17|tosca_opt] |               \__ \ | | | |\/| || |_| || |__  | |  / _ \                 |
(INFO    ) [13:49:17|tosca_opt] |               |___/|___||_|  |_| \___/ |____||___|/_/ \_\                |
(INFO    ) [13:49:17|tosca_opt] |                        _____                                             |
(INFO    ) [13:49:17|tosca_opt] |                       |_   _|___  ___ __  __ _                           |
(INFO    ) [13:49:17|tosca_opt] |                         | | / _ \(_-</ _|/ _` |                          |
(INFO    ) [13:49:17|tosca_opt] |                         |_| \___//__/\__|\__,_|                          |
(INFO    ) [13:49:17|tosca_opt] |              ___  _                   _                                  |
(INFO    ) [13:49:17|tosca_opt] |             / __|| |_  _ _  _  _  __ | |_  _  _  _ _  ___                |
(INFO    ) [13:49:17|tosca_opt] |             \__ \|  _|| `_|| || |/ _||  _|| || || `_|/ -_)               |
(INFO    ) [13:49:17|tosca_opt] |             |___/ \__||_|   \_,_|\__| \__| \_,_||_|  \___|               |
(INFO    ) [13:49:17|tosca_opt] |                                                                          |
(INFO    ) [13:49:17|tosca_opt]  --------------------------------------------------------------------------
(INFO    ) [13:49:17|tosca_opt] | Version 3DEXPERIENCE R2025x                                              |
(INFO    ) [13:49:17|tosca_opt] | DATE:   2026-02-19                                                       |
(INFO    ) [13:49:17|tosca_opt]  --------------------------------------------------------------------------
(INFO    ) [13:49:17|tosca_opt]  --------------------------------------------------------------------------
(INFO    ) [13:49:17|tosca_opt] | Begin of DESIGN CYCLE NUMBER: 1                                          |
(INFO    ) [13:49:17|tosca_opt]  --------------------------------------------------------------------------
(INFO    ) [13:49:17|tosca_opt] Checking for existence of results
(INFO    ) [13:49:17|tosca_opt]  --------------------------------------------------------------------------
(INFO    ) [13:49:17|tosca_opt] | ANALYZE VALUE OF VARIABLES before OPTIMIZATION                           |
(INFO    ) [13:49:17|tosca_opt]  --------------------------------------------------------------------------
(INFO    ) [13:49:17|tosca_opt]  --------------------------------------------------------------------------
(INFO    ) [13:49:17|tosca_opt] | Convergence Criteria in Design Cycle 1                                   |
(INFO    ) [13:49:17|tosca_opt]  --------------------------------------------------------------------------
(INFO    ) [13:49:17|tosca_opt] Local objective function criterion : NOT_FULFILLED (Actual change / target:    0.30980/   0.00100)
(INFO    ) [13:49:17|tosca_opt] Local design variables criterion   : NOT_FULFILLED (Actual change / target:    0.22443/   0.00500)
(INFO    ) [13:49:17|tosca_opt] Global stop criterion              : NOT_FULFILLED (Max number of design cycles :  80)
(INFO    ) [13:49:17|tosca_opt] 
(INFO    ) [13:49:17|tosca_opt]  --------------------------------------------------------------------------
(INFO    ) [13:49:17|tosca_opt] | ANALYZE VALUE OF VARIABLES after OPTIMIZATION                            |
(INFO    ) [13:49:17|tosca_opt]  --------------------------------------------------------------------------
(INFO    ) [13:49:17|tosca_opt]  --------------------------------------------------------------------------
(INFO    ) [13:49:17|tosca_opt] | VARIABLES and DESIGN RESPONSES                                           |
(INFO    ) [13:49:17|tosca_opt]  --------------------------------------------------------------------------
(INFO    ) [13:49:17|tosca_opt]  DRESP_SUM_ENERGY                          :    3.5765
(INFO    ) [13:49:17|tosca_opt]  DRESP_VOL_TOPO                            :    1872.4
(INFO    ) [13:49:17|tosca_opt]  DRESP_DISP1_ABS_MAX                       :   0.90536E-01
(INFO    ) [13:49:17|tosca_opt]  --------------------------------------------------------------------------
(INFO    ) [13:49:17|tosca_opt]  --------------------------------------------------------------------------
(INFO    ) [13:49:17|tosca_opt] | Report of OPTIMIZATION Results                                           |
(INFO    ) [13:49:17|tosca_opt]  --------------------------------------------------------------------------
(INFO    ) [13:49:17|tosca_opt]  DESIGN CYCLE                :   1
(INFO    ) [13:49:17|tosca_opt]  OPTIMIZE name               : TOPOLOGY_OPTIMIZATION
(INFO    ) [13:49:17|tosca_opt]  OBJ_FUNC name               : MIN_VOL
(INFO    ) [13:49:17|tosca_opt]  OBJ_FUNC value              :     1872.41
(INFO    ) [13:49:17|tosca_opt]  ==========================================================================
(INFO    ) [13:49:17|tosca_opt] |     Name of OBJ_FUNC_TERM      |   Value    |   Weight   |   Reference   |
(INFO    ) [13:49:17|tosca_opt]  ==========================================================================
(INFO    ) [13:49:17|tosca_opt] | DRESP_VOL_TOPO                 | 1872.41    | 1.0        | 0.0           |
(INFO    ) [13:49:17|tosca_opt]  ==========================================================================
(INFO    ) [13:49:17|tosca_opt] * SIMULIA Tosca Structure INFORMATION *
(INFO    ) [13:49:17|tosca_opt] Writing CONSTRAINTs with default normalization.
(INFO    ) [13:49:17|tosca_opt] For NORM value  <= 1.0   -->    CONSTRAINT is OK ( For all CONSTRAINT types )
(INFO    ) [13:49:17|tosca_opt]  ==========================================================================
(INFO    ) [13:49:17|tosca_opt] |  Name of CONSTRAINT  |  Act. Value  | Op. | Target  |   Norm   | Status  |
(INFO    ) [13:49:17|tosca_opt]  ==========================================================================
(INFO    ) [13:49:17|tosca_opt] | DISP_CONSTRAINT      | 9.05356e-2   | <=  | 6.e-2   | 1.50893  | FALSE   |
(INFO    ) [13:49:17|tosca_opt]  ==========================================================================
(INFO    ) [13:49:18|tosca_opt]  --------------------------------------------------------------------------
(INFO    ) [13:49:18|tosca_opt] | Some STOP CRITERIA NOT satisfied this iteration                          |
(INFO    ) [13:49:18|tosca_opt]  --------------------------------------------------------------------------
(INFO    ) [13:49:18|tosca_opt]  --------------------------------------------------------------------------
(INFO    ) [13:49:18|tosca_opt] | End of DESIGN CYCLE NUMBER: 1                                            |
(INFO    ) [13:49:18|tosca_opt]  --------------------------------------------------------------------------
(INFO    ) [13:49:18|tosca_opt] Application finished successfully
(INFO    ) [13:49:18|tosca_driver] Module SMATsoToscaOpt has finished with exit code 0
(INFO    ) [13:49:18|tosca_driver] Calling: /uufs/chpc.utah.edu/sys/installdir/abaqus/2025/linux_a64/code/bin/SMATrtOptResExportTool --loglevel INFO --cycle 1 --onf_output ON
(INFO    ) [13:49:18|opt_res_export_tool] SIMULIA Tosca Structure.opt_res_export_tool - version 3DEXPERIENCE R2025x - build R427 - 20240925T190012Z 64 bit
(INFO    ) [13:49:18|opt_res_export_tool] Extracting results from opt_res_database
(INFO    ) [13:49:18|opt_res_export_tool] SIMULIA Tosca Structure.opt_res_export_tool finished successfully
(INFO    ) [13:49:18|tosca_driver] Module SMATrtOptResExportTool has finished with exit code 0
(NOTICE  ) [13:49:18|tosca_driver] Design cycle 2 started on 2026-02-19
(NOTICE  ) [13:49:18|tosca_driver] Starting Abaqus analysis - design cycle 2
(INFO    ) [13:49:18|tosca_driver] Activating the solver
(INFO    ) [13:49:18|tosca_driver] Calling hooks before module abaqus
(INFO    ) [13:49:18|tosca_driver] Calling: /uufs/chpc.utah.edu/sys/installdir/abaqus/2025/linux_a64/code/bin/SMATsoAbaqusTsProvider -j airbeam_vol --cycle 2
(INFO    ) [13:49:18|hook] Timestamp file written successfully
(INFO    ) [13:49:18|tosca_driver] Module hook has finished with exit code 0
(INFO    ) [13:49:19|tosca_driver] Fe-solver abaqus finished with job airbeam_vol.inp
(INFO    ) [13:49:19|tosca_driver] Elapsed time (inc. overhead): 0:00:00.701030
(INFO    ) [13:49:19|tosca_driver] Elapsed time of abaqus : 0:00:00.758880  -  current time : 13:49:19.622031
(INFO    ) [13:49:19|tosca_driver] Solution complete
(INFO    ) [13:49:19|tosca_driver] Checking solver output file: /uufs/chpc.utah.edu/common/home/u6074059/Abaqus/paper_reproduction/experiment7/run_7b/airbeam_abq/airbeam_vol.msg
(INFO    ) [13:49:19|tosca_driver] Searching for success check string: "THE ANALYSIS HAS BEEN COMPLETED"
(INFO    ) [13:49:19|tosca_driver] Calling: /uufs/chpc.utah.edu/sys/installdir/abaqus/2025/linux_a64/code/bin/SMATsoOdbToVtmMain --solver abaqus --loglevel INFO --format_matrices sim --cycle 2 --perturbation 0 /uufs/chpc.utah.edu/common/home/u6074059/Abaqus/paper_reproduction/experiment7/run_7b/airbeam_abq/airbeam_vol
(INFO    ) [13:49:19|odb_to_vtm] SIMULIA Tosca Structure.odb_to_vtm - version 3DEXPERIENCE R2025x - build R427 - 20240925T190012Z 64 bit
(INFO    ) [13:49:19|odb_to_vtm] Reading Abaqus ODB output file /uufs/chpc.utah.edu/common/home/u6074059/Abaqus/paper_reproduction/experiment7/run_7b/airbeam_abq/airbeam_vol
(INFO    ) [13:49:19|odb_to_vtm] Reading results from the Abaqus result database /uufs/chpc.utah.edu/common/home/u6074059/Abaqus/paper_reproduction/experiment7/run_7b/airbeam_abq/airbeam_vol.odb
(INFO    ) [13:49:20|odb_to_vtm] SIMULIA Tosca Structure.odb_to_vtm finished successfully
(INFO    ) [13:49:20|tosca_driver] Module SMATsoOdbToVtmMain has finished with exit code 0
(NOTICE  ) [13:49:20|tosca_driver] Starting Tosca Structure optimization module - design cycle 2
(INFO    ) [13:49:20|tosca_driver] Calling: /uufs/chpc.utah.edu/sys/installdir/abaqus/2025/linux_a64/code/bin/SMATsoToscaOpt --loglevel INFO
(INFO    ) [13:49:20|tosca_opt] SIMULIA Tosca Structure.tosca_opt - version 3DEXPERIENCE R2025x - build R427 - 20240925T190012Z 64 bit
(INFO    ) [13:49:20|tosca_opt]  --------------------------------------------------------------------------
(INFO    ) [13:49:20|tosca_opt] |                ___  ___  __  __  _   _  _     ___    _                   |
(INFO    ) [13:49:20|tosca_opt] |               / __||_ _||  \/  || | | || |   |_ _|  /_\                  |
(INFO    ) [13:49:20|tosca_opt] |               \__ \ | | | |\/| || |_| || |__  | |  / _ \                 |
(INFO    ) [13:49:20|tosca_opt] |               |___/|___||_|  |_| \___/ |____||___|/_/ \_\                |
(INFO    ) [13:49:20|tosca_opt] |                        _____                                             |
(INFO    ) [13:49:20|tosca_opt] |                       |_   _|___  ___ __  __ _                           |
(INFO    ) [13:49:20|tosca_opt] |                         | | / _ \(_-</ _|/ _` |                          |
(INFO    ) [13:49:20|tosca_opt] |                         |_| \___//__/\__|\__,_|                          |
(INFO    ) [13:49:20|tosca_opt] |              ___  _                   _                                  |
(INFO    ) [13:49:20|tosca_opt] |             / __|| |_  _ _  _  _  __ | |_  _  _  _ _  ___                |
(INFO    ) [13:49:20|tosca_opt] |             \__ \|  _|| `_|| || |/ _||  _|| || || `_|/ -_)               |
(INFO    ) [13:49:20|tosca_opt] |             |___/ \__||_|   \_,_|\__| \__| \_,_||_|  \___|               |
(INFO    ) [13:49:20|tosca_opt] |                                                                          |
(INFO    ) [13:49:20|tosca_opt]  --------------------------------------------------------------------------
(INFO    ) [13:49:20|tosca_opt] | Version 3DEXPERIENCE R2025x                                              |
(INFO    ) [13:49:20|tosca_opt] | DATE:   2026-02-19                                                       |
(INFO    ) [13:49:20|tosca_opt]  --------------------------------------------------------------------------
(INFO    ) [13:49:20|tosca_opt]  --------------------------------------------------------------------------
(INFO    ) [13:49:20|tosca_opt] | Begin of DESIGN CYCLE NUMBER: 2                                          |
(INFO    ) [13:49:20|tosca_opt]  --------------------------------------------------------------------------
(INFO    ) [13:49:20|tosca_opt] Checking for existence of results
(INFO    ) [13:49:20|tosca_opt]  --------------------------------------------------------------------------
(INFO    ) [13:49:20|tosca_opt] | ANALYZE VALUE OF VARIABLES before OPTIMIZATION                           |
(INFO    ) [13:49:20|tosca_opt]  --------------------------------------------------------------------------
(INFO    ) [13:49:20|tosca_opt]  --------------------------------------------------------------------------
(INFO    ) [13:49:20|tosca_opt] | Convergence Criteria in Design Cycle 2                                   |
(INFO    ) [13:49:20|tosca_opt]  --------------------------------------------------------------------------
(INFO    ) [13:49:20|tosca_opt] Local objective function criterion : NOT_FULFILLED (Actual change / target:    0.19095/   0.00100)
(INFO    ) [13:49:20|tosca_opt] Local design variables criterion   : NOT_FULFILLED (Actual change / target:    0.17138/   0.00500)
(INFO    ) [13:49:20|tosca_opt] Global stop criterion              : NOT_FULFILLED (Max number of design cycles :  80)
(INFO    ) [13:49:20|tosca_opt] 
(INFO    ) [13:49:20|tosca_opt]  --------------------------------------------------------------------------
(INFO    ) [13:49:20|tosca_opt] | ANALYZE VALUE OF VARIABLES after OPTIMIZATION                            |
(INFO    ) [13:49:20|tosca_opt]  --------------------------------------------------------------------------
(INFO    ) [13:49:20|tosca_opt]  --------------------------------------------------------------------------
(INFO    ) [13:49:20|tosca_opt] | VARIABLES and DESIGN RESPONSES                                           |
(INFO    ) [13:49:20|tosca_opt]  --------------------------------------------------------------------------
(INFO    ) [13:49:20|tosca_opt]  DRESP_SUM_ENERGY                          :    2.0650
(INFO    ) [13:49:20|tosca_opt]  DRESP_VOL_TOPO                            :    2276.1
(INFO    ) [13:49:20|tosca_opt]  DRESP_DISP1_ABS_MAX                       :   0.52411E-01
(INFO    ) [13:49:20|tosca_opt]  --------------------------------------------------------------------------
(INFO    ) [13:49:20|tosca_opt]  --------------------------------------------------------------------------
(INFO    ) [13:49:20|tosca_opt] | Report of OPTIMIZATION Results                                           |
(INFO    ) [13:49:20|tosca_opt]  --------------------------------------------------------------------------
(INFO    ) [13:49:20|tosca_opt]  DESIGN CYCLE                :   2
(INFO    ) [13:49:20|tosca_opt]  OPTIMIZE name               : TOPOLOGY_OPTIMIZATION
(INFO    ) [13:49:20|tosca_opt]  OBJ_FUNC name               : MIN_VOL
(INFO    ) [13:49:20|tosca_opt]  OBJ_FUNC value              :     2276.07
(INFO    ) [13:49:20|tosca_opt]  ==========================================================================
(INFO    ) [13:49:20|tosca_opt] |     Name of OBJ_FUNC_TERM      |   Value    |   Weight   |   Reference   |
(INFO    ) [13:49:20|tosca_opt]  ==========================================================================
(INFO    ) [13:49:20|tosca_opt] | DRESP_VOL_TOPO                 | 2276.07    | 1.0        | 0.0           |
(INFO    ) [13:49:20|tosca_opt]  ==========================================================================
(INFO    ) [13:49:20|tosca_opt] * SIMULIA Tosca Structure INFORMATION *
(INFO    ) [13:49:20|tosca_opt] Writing CONSTRAINTs with default normalization.
(INFO    ) [13:49:20|tosca_opt] For NORM value  <= 1.0   -->    CONSTRAINT is OK ( For all CONSTRAINT types )
(INFO    ) [13:49:20|tosca_opt]  ==========================================================================
(INFO    ) [13:49:20|tosca_opt] |  Name of CONSTRAINT  |  Act. Value  | Op.  | Target  |   Norm   | Status |
(INFO    ) [13:49:20|tosca_opt]  ==========================================================================
(INFO    ) [13:49:20|tosca_opt] | DISP_CONSTRAINT      | 5.24111e-2   | <=   | 6.e-2   | 0.873519 | TRUE   |
(INFO    ) [13:49:20|tosca_opt]  ==========================================================================
(INFO    ) [13:49:21|tosca_opt]  --------------------------------------------------------------------------
(INFO    ) [13:49:21|tosca_opt] | Some STOP CRITERIA NOT satisfied this iteration                          |
(INFO    ) [13:49:21|tosca_opt]  --------------------------------------------------------------------------
(INFO    ) [13:49:21|tosca_opt]  --------------------------------------------------------------------------
(INFO    ) [13:49:21|tosca_opt] | End of DESIGN CYCLE NUMBER: 2                                            |
(INFO    ) [13:49:21|tosca_opt]  --------------------------------------------------------------------------
(INFO    ) [13:49:21|tosca_opt] Application finished successfully
(INFO    ) [13:49:21|tosca_driver] Module SMATsoToscaOpt has finished with exit code 0
(INFO    ) [13:49:21|tosca_driver] Calling: /uufs/chpc.utah.edu/sys/installdir/abaqus/2025/linux_a64/code/bin/SMATrtOptResExportTool --loglevel INFO --cycle 2 --onf_output ON
(INFO    ) [13:49:21|opt_res_export_tool] SIMULIA Tosca Structure.opt_res_export_tool - version 3DEXPERIENCE R2025x - build R427 - 20240925T190012Z 64 bit
(INFO    ) [13:49:21|opt_res_export_tool] Extracting results from opt_res_database
(INFO    ) [13:49:21|opt_res_export_tool] SIMULIA Tosca Structure.opt_res_export_tool finished successfully
(INFO    ) [13:49:21|tosca_driver] Module SMATrtOptResExportTool has finished with exit code 0
(NOTICE  ) [13:49:21|tosca_driver] Design cycle 3 started on 2026-02-19
(NOTICE  ) [13:49:21|tosca_driver] Starting Abaqus analysis - design cycle 3
(INFO    ) [13:49:21|tosca_driver] Activating the solver
(INFO    ) [13:49:21|tosca_driver] Calling hooks before module abaqus
(INFO    ) [13:49:21|tosca_driver] Calling: /uufs/chpc.utah.edu/sys/installdir/abaqus/2025/linux_a64/code/bin/SMATsoAbaqusTsProvider -j airbeam_vol --cycle 3
(INFO    ) [13:49:21|hook] Timestamp file written successfully
(INFO    ) [13:49:21|tosca_driver] Module hook has finished with exit code 0
(INFO    ) [13:49:22|tosca_driver] Fe-solver abaqus finished with job airbeam_vol.inp
(INFO    ) [13:49:22|tosca_driver] Elapsed time (inc. overhead): 0:00:00.801192
(INFO    ) [13:49:22|tosca_driver] Elapsed time of abaqus : 0:00:00.848849  -  current time : 13:49:22.554235
(INFO    ) [13:49:22|tosca_driver] Solution complete
(INFO    ) [13:49:22|tosca_driver] Checking solver output file: /uufs/chpc.utah.edu/common/home/u6074059/Abaqus/paper_reproduction/experiment7/run_7b/airbeam_abq/airbeam_vol.msg
(INFO    ) [13:49:22|tosca_driver] Searching for success check string: "THE ANALYSIS HAS BEEN COMPLETED"
(INFO    ) [13:49:22|tosca_driver] Calling: /uufs/chpc.utah.edu/sys/installdir/abaqus/2025/linux_a64/code/bin/SMATsoOdbToVtmMain --solver abaqus --loglevel INFO --format_matrices sim --cycle 3 --perturbation 0 /uufs/chpc.utah.edu/common/home/u6074059/Abaqus/paper_reproduction/experiment7/run_7b/airbeam_abq/airbeam_vol
(INFO    ) [13:49:22|odb_to_vtm] SIMULIA Tosca Structure.odb_to_vtm - version 3DEXPERIENCE R2025x - build R427 - 20240925T190012Z 64 bit
(INFO    ) [13:49:22|odb_to_vtm] Reading Abaqus ODB output file /uufs/chpc.utah.edu/common/home/u6074059/Abaqus/paper_reproduction/experiment7/run_7b/airbeam_abq/airbeam_vol
(INFO    ) [13:49:22|odb_to_vtm] Reading results from the Abaqus result database /uufs/chpc.utah.edu/common/home/u6074059/Abaqus/paper_reproduction/experiment7/run_7b/airbeam_abq/airbeam_vol.odb
(INFO    ) [13:49:22|odb_to_vtm] SIMULIA Tosca Structure.odb_to_vtm finished successfully
(INFO    ) [13:49:22|tosca_driver] Module SMATsoOdbToVtmMain has finished with exit code 0
(NOTICE  ) [13:49:22|tosca_driver] Starting Tosca Structure optimization module - design cycle 3
(INFO    ) [13:49:22|tosca_driver] Calling: /uufs/chpc.utah.edu/sys/installdir/abaqus/2025/linux_a64/code/bin/SMATsoToscaOpt --loglevel INFO
(INFO    ) [13:49:22|tosca_opt] SIMULIA Tosca Structure.tosca_opt - version 3DEXPERIENCE R2025x - build R427 - 20240925T190012Z 64 bit
(INFO    ) [13:49:22|tosca_opt]  --------------------------------------------------------------------------
(INFO    ) [13:49:22|tosca_opt] |                ___  ___  __  __  _   _  _     ___    _                   |
(INFO    ) [13:49:22|tosca_opt] |               / __||_ _||  \/  || | | || |   |_ _|  /_\                  |
(INFO    ) [13:49:22|tosca_opt] |               \__ \ | | | |\/| || |_| || |__  | |  / _ \                 |
(INFO    ) [13:49:22|tosca_opt] |               |___/|___||_|  |_| \___/ |____||___|/_/ \_\                |
(INFO    ) [13:49:22|tosca_opt] |                        _____                                             |
(INFO    ) [13:49:22|tosca_opt] |                       |_   _|___  ___ __  __ _                           |
(INFO    ) [13:49:22|tosca_opt] |                         | | / _ \(_-</ _|/ _` |                          |
(INFO    ) [13:49:22|tosca_opt] |                         |_| \___//__/\__|\__,_|                          |
(INFO    ) [13:49:22|tosca_opt] |              ___  _                   _                                  |
(INFO    ) [13:49:22|tosca_opt] |             / __|| |_  _ _  _  _  __ | |_  _  _  _ _  ___                |
(INFO    ) [13:49:22|tosca_opt] |             \__ \|  _|| `_|| || |/ _||  _|| || || `_|/ -_)               |
(INFO    ) [13:49:22|tosca_opt] |             |___/ \__||_|   \_,_|\__| \__| \_,_||_|  \___|               |
(INFO    ) [13:49:22|tosca_opt] |                                                                          |
(INFO    ) [13:49:22|tosca_opt]  --------------------------------------------------------------------------
(INFO    ) [13:49:22|tosca_opt] | Version 3DEXPERIENCE R2025x                                              |
(INFO    ) [13:49:22|tosca_opt] | DATE:   2026-02-19                                                       |
(INFO    ) [13:49:22|tosca_opt]  --------------------------------------------------------------------------
(INFO    ) [13:49:23|tosca_opt]  --------------------------------------------------------------------------
(INFO    ) [13:49:23|tosca_opt] | Begin of DESIGN CYCLE NUMBER: 3                                          |
(INFO    ) [13:49:23|tosca_opt]  --------------------------------------------------------------------------
(INFO    ) [13:49:23|tosca_opt] Checking for existence of results
(INFO    ) [13:49:23|tosca_opt]  --------------------------------------------------------------------------
(INFO    ) [13:49:23|tosca_opt] | ANALYZE VALUE OF VARIABLES before OPTIMIZATION                           |
(INFO    ) [13:49:23|tosca_opt]  --------------------------------------------------------------------------
(INFO    ) [13:49:23|tosca_opt]  --------------------------------------------------------------------------
(INFO    ) [13:49:23|tosca_opt] | Convergence Criteria in Design Cycle 3                                   |
(INFO    ) [13:49:23|tosca_opt]  --------------------------------------------------------------------------
(INFO    ) [13:49:23|tosca_opt] Local objective function criterion : NOT_FULFILLED (Actual change / target:    0.12409/   0.00100)
(INFO    ) [13:49:23|tosca_opt] Local design variables criterion   : NOT_FULFILLED (Actual change / target:    0.10485/   0.00500)
(INFO    ) [13:49:23|tosca_opt] Global stop criterion              : NOT_FULFILLED (Max number of design cycles :  80)
(INFO    ) [13:49:23|tosca_opt] 
(INFO    ) [13:49:23|tosca_opt]  --------------------------------------------------------------------------
(INFO    ) [13:49:23|tosca_opt] | ANALYZE VALUE OF VARIABLES after OPTIMIZATION                            |
(INFO    ) [13:49:23|tosca_opt]  --------------------------------------------------------------------------
(INFO    ) [13:49:23|tosca_opt]  --------------------------------------------------------------------------
(INFO    ) [13:49:23|tosca_opt] | VARIABLES and DESIGN RESPONSES                                           |
(INFO    ) [13:49:23|tosca_opt]  --------------------------------------------------------------------------
(INFO    ) [13:49:23|tosca_opt]  DRESP_SUM_ENERGY                          :    2.2414
(INFO    ) [13:49:23|tosca_opt]  DRESP_VOL_TOPO                            :    2042.7
(INFO    ) [13:49:23|tosca_opt]  DRESP_DISP1_ABS_MAX                       :   0.56873E-01
(INFO    ) [13:49:23|tosca_opt]  --------------------------------------------------------------------------
(INFO    ) [13:49:23|tosca_opt]  --------------------------------------------------------------------------
(INFO    ) [13:49:23|tosca_opt] | Report of OPTIMIZATION Results                                           |
(INFO    ) [13:49:23|tosca_opt]  --------------------------------------------------------------------------
(INFO    ) [13:49:23|tosca_opt]  DESIGN CYCLE                :   3
(INFO    ) [13:49:23|tosca_opt]  OPTIMIZE name               : TOPOLOGY_OPTIMIZATION
(INFO    ) [13:49:23|tosca_opt]  OBJ_FUNC name               : MIN_VOL
(INFO    ) [13:49:23|tosca_opt]  OBJ_FUNC value              :     2042.70
(INFO    ) [13:49:23|tosca_opt]  ==========================================================================
(INFO    ) [13:49:23|tosca_opt] |     Name of OBJ_FUNC_TERM      |   Value    |  Weight   |   Reference    |
(INFO    ) [13:49:23|tosca_opt]  ==========================================================================
(INFO    ) [13:49:23|tosca_opt] | DRESP_VOL_TOPO                 | 2042.7     | 1.0       | 0.0            |
(INFO    ) [13:49:23|tosca_opt]  ==========================================================================
(INFO    ) [13:49:23|tosca_opt] * SIMULIA Tosca Structure INFORMATION *
(INFO    ) [13:49:23|tosca_opt] Writing CONSTRAINTs with default normalization.
(INFO    ) [13:49:23|tosca_opt] For NORM value  <= 1.0   -->    CONSTRAINT is OK ( For all CONSTRAINT types )
(INFO    ) [13:49:23|tosca_opt]  ==========================================================================
(INFO    ) [13:49:23|tosca_opt] |  Name of CONSTRAINT  |  Act. Value  | Op.  | Target  |   Norm   | Status |
(INFO    ) [13:49:23|tosca_opt]  ==========================================================================
(INFO    ) [13:49:23|tosca_opt] | DISP_CONSTRAINT      | 5.68735e-2   | <=   | 6.e-2   | 0.947892 | TRUE   |
(INFO    ) [13:49:23|tosca_opt]  ==========================================================================
(INFO    ) [13:49:24|tosca_opt]  --------------------------------------------------------------------------
(INFO    ) [13:49:24|tosca_opt] | Some STOP CRITERIA NOT satisfied this iteration                          |
(INFO    ) [13:49:24|tosca_opt]  --------------------------------------------------------------------------
(INFO    ) [13:49:24|tosca_opt]  --------------------------------------------------------------------------
(INFO    ) [13:49:24|tosca_opt] | End of DESIGN CYCLE NUMBER: 3                                            |
(INFO    ) [13:49:24|tosca_opt]  --------------------------------------------------------------------------
(INFO    ) [13:49:24|tosca_opt] Application finished successfully
(INFO    ) [13:49:24|tosca_driver] Module SMATsoToscaOpt has finished with exit code 0
(INFO    ) [13:49:24|tosca_driver] Calling: /uufs/chpc.utah.edu/sys/installdir/abaqus/2025/linux_a64/code/bin/SMATrtOptResExportTool --loglevel INFO --cycle 3 --onf_output ON
(INFO    ) [13:49:24|opt_res_export_tool] SIMULIA Tosca Structure.opt_res_export_tool - version 3DEXPERIENCE R2025x - build R427 - 20240925T190012Z 64 bit
(INFO    ) [13:49:24|opt_res_export_tool] Extracting results from opt_res_database
(INFO    ) [13:49:24|opt_res_export_tool] SIMULIA Tosca Structure.opt_res_export_tool finished successfully
(INFO    ) [13:49:24|tosca_driver] Module SMATrtOptResExportTool has finished with exit code 0
(NOTICE  ) [13:49:24|tosca_driver] Design cycle 4 started on 2026-02-19
(NOTICE  ) [13:49:24|tosca_driver] Starting Abaqus analysis - design cycle 4
(INFO    ) [13:49:24|tosca_driver] Activating the solver
(INFO    ) [13:49:24|tosca_driver] Calling hooks before module abaqus
(INFO    ) [13:49:24|tosca_driver] Calling: /uufs/chpc.utah.edu/sys/installdir/abaqus/2025/linux_a64/code/bin/SMATsoAbaqusTsProvider -j airbeam_vol --cycle 4
(INFO    ) [13:49:24|hook] Timestamp file written successfully
(INFO    ) [13:49:25|tosca_driver] Module hook has finished with exit code 0
(INFO    ) [13:49:26|tosca_driver] Fe-solver abaqus finished with job airbeam_vol.inp
(INFO    ) [13:49:26|tosca_driver] Elapsed time (inc. overhead): 0:00:01.001373
(INFO    ) [13:49:26|tosca_driver] Elapsed time of abaqus : 0:00:01.049737  -  current time : 13:49:26.036991
(INFO    ) [13:49:26|tosca_driver] Solution complete
(INFO    ) [13:49:26|tosca_driver] Checking solver output file: /uufs/chpc.utah.edu/common/home/u6074059/Abaqus/paper_reproduction/experiment7/run_7b/airbeam_abq/airbeam_vol.msg
(INFO    ) [13:49:26|tosca_driver] Searching for success check string: "THE ANALYSIS HAS BEEN COMPLETED"
(INFO    ) [13:49:26|tosca_driver] Calling: /uufs/chpc.utah.edu/sys/installdir/abaqus/2025/linux_a64/code/bin/SMATsoOdbToVtmMain --solver abaqus --loglevel INFO --format_matrices sim --cycle 4 --perturbation 0 /uufs/chpc.utah.edu/common/home/u6074059/Abaqus/paper_reproduction/experiment7/run_7b/airbeam_abq/airbeam_vol
(INFO    ) [13:49:26|odb_to_vtm] SIMULIA Tosca Structure.odb_to_vtm - version 3DEXPERIENCE R2025x - build R427 - 20240925T190012Z 64 bit
(INFO    ) [13:49:26|odb_to_vtm] Reading Abaqus ODB output file /uufs/chpc.utah.edu/common/home/u6074059/Abaqus/paper_reproduction/experiment7/run_7b/airbeam_abq/airbeam_vol
(INFO    ) [13:49:26|odb_to_vtm] Reading results from the Abaqus result database /uufs/chpc.utah.edu/common/home/u6074059/Abaqus/paper_reproduction/experiment7/run_7b/airbeam_abq/airbeam_vol.odb
(INFO    ) [13:49:26|odb_to_vtm] SIMULIA Tosca Structure.odb_to_vtm finished successfully
(INFO    ) [13:49:26|tosca_driver] Module SMATsoOdbToVtmMain has finished with exit code 0
(NOTICE  ) [13:49:26|tosca_driver] Starting Tosca Structure optimization module - design cycle 4
(INFO    ) [13:49:26|tosca_driver] Calling: /uufs/chpc.utah.edu/sys/installdir/abaqus/2025/linux_a64/code/bin/SMATsoToscaOpt --loglevel INFO
(INFO    ) [13:49:26|tosca_opt] SIMULIA Tosca Structure.tosca_opt - version 3DEXPERIENCE R2025x - build R427 - 20240925T190012Z 64 bit
(INFO    ) [13:49:26|tosca_opt]  --------------------------------------------------------------------------
(INFO    ) [13:49:26|tosca_opt] |                ___  ___  __  __  _   _  _     ___    _                   |
(INFO    ) [13:49:26|tosca_opt] |               / __||_ _||  \/  || | | || |   |_ _|  /_\                  |
(INFO    ) [13:49:26|tosca_opt] |               \__ \ | | | |\/| || |_| || |__  | |  / _ \                 |
(INFO    ) [13:49:26|tosca_opt] |               |___/|___||_|  |_| \___/ |____||___|/_/ \_\                |
(INFO    ) [13:49:26|tosca_opt] |                        _____                                             |
(INFO    ) [13:49:26|tosca_opt] |                       |_   _|___  ___ __  __ _                           |
(INFO    ) [13:49:26|tosca_opt] |                         | | / _ \(_-</ _|/ _` |                          |
(INFO    ) [13:49:26|tosca_opt] |                         |_| \___//__/\__|\__,_|                          |
(INFO    ) [13:49:26|tosca_opt] |              ___  _                   _                                  |
(INFO    ) [13:49:26|tosca_opt] |             / __|| |_  _ _  _  _  __ | |_  _  _  _ _  ___                |
(INFO    ) [13:49:26|tosca_opt] |             \__ \|  _|| `_|| || |/ _||  _|| || || `_|/ -_)               |
(INFO    ) [13:49:26|tosca_opt] |             |___/ \__||_|   \_,_|\__| \__| \_,_||_|  \___|               |
(INFO    ) [13:49:26|tosca_opt] |                                                                          |
(INFO    ) [13:49:26|tosca_opt]  --------------------------------------------------------------------------
(INFO    ) [13:49:26|tosca_opt] | Version 3DEXPERIENCE R2025x                                              |
(INFO    ) [13:49:26|tosca_opt] | DATE:   2026-02-19                                                       |
(INFO    ) [13:49:26|tosca_opt]  --------------------------------------------------------------------------
(INFO    ) [13:49:27|tosca_opt]  --------------------------------------------------------------------------
(INFO    ) [13:49:27|tosca_opt] | Begin of DESIGN CYCLE NUMBER: 4                                          |
(INFO    ) [13:49:27|tosca_opt]  --------------------------------------------------------------------------
(INFO    ) [13:49:27|tosca_opt] Checking for existence of results
(INFO    ) [13:49:27|tosca_opt]  --------------------------------------------------------------------------
(INFO    ) [13:49:27|tosca_opt] | ANALYZE VALUE OF VARIABLES before OPTIMIZATION                           |
(INFO    ) [13:49:27|tosca_opt]  --------------------------------------------------------------------------
(INFO    ) [13:49:27|tosca_opt]  --------------------------------------------------------------------------
(INFO    ) [13:49:27|tosca_opt] | Convergence Criteria in Design Cycle 4                                   |
(INFO    ) [13:49:27|tosca_opt]  --------------------------------------------------------------------------
(INFO    ) [13:49:27|tosca_opt] Local objective function criterion : NOT_FULFILLED (Actual change / target:    0.05569/   0.00100)
(INFO    ) [13:49:27|tosca_opt] Local design variables criterion   : NOT_FULFILLED (Actual change / target:    0.04906/   0.00500)
(INFO    ) [13:49:27|tosca_opt] Global stop criterion              : NOT_FULFILLED (Max number of design cycles :  80)
(INFO    ) [13:49:27|tosca_opt] 
(INFO    ) [13:49:27|tosca_opt]  --------------------------------------------------------------------------
(INFO    ) [13:49:27|tosca_opt] | ANALYZE VALUE OF VARIABLES after OPTIMIZATION                            |
(INFO    ) [13:49:27|tosca_opt]  --------------------------------------------------------------------------
(INFO    ) [13:49:27|tosca_opt]  --------------------------------------------------------------------------
(INFO    ) [13:49:27|tosca_opt] | VARIABLES and DESIGN RESPONSES                                           |
(INFO    ) [13:49:27|tosca_opt]  --------------------------------------------------------------------------
(INFO    ) [13:49:27|tosca_opt]  DRESP_SUM_ENERGY                          :    2.3198
(INFO    ) [13:49:27|tosca_opt]  DRESP_VOL_TOPO                            :    1943.5
(INFO    ) [13:49:27|tosca_opt]  DRESP_DISP1_ABS_MAX                       :   0.58850E-01
(INFO    ) [13:49:27|tosca_opt]  --------------------------------------------------------------------------
(INFO    ) [13:49:27|tosca_opt]  --------------------------------------------------------------------------
(INFO    ) [13:49:27|tosca_opt] | Report of OPTIMIZATION Results                                           |
(INFO    ) [13:49:27|tosca_opt]  --------------------------------------------------------------------------
(INFO    ) [13:49:27|tosca_opt]  DESIGN CYCLE                :   4
(INFO    ) [13:49:27|tosca_opt]  OPTIMIZE name               : TOPOLOGY_OPTIMIZATION
(INFO    ) [13:49:27|tosca_opt]  OBJ_FUNC name               : MIN_VOL
(INFO    ) [13:49:27|tosca_opt]  OBJ_FUNC value              :     1943.49
(INFO    ) [13:49:27|tosca_opt]  ==========================================================================
(INFO    ) [13:49:27|tosca_opt] |     Name of OBJ_FUNC_TERM      |   Value    |   Weight   |   Reference   |
(INFO    ) [13:49:27|tosca_opt]  ==========================================================================
(INFO    ) [13:49:27|tosca_opt] | DRESP_VOL_TOPO                 | 1943.49    | 1.0        | 0.0           |
(INFO    ) [13:49:27|tosca_opt]  ==========================================================================
(INFO    ) [13:49:27|tosca_opt] * SIMULIA Tosca Structure INFORMATION *
(INFO    ) [13:49:27|tosca_opt] Writing CONSTRAINTs with default normalization.
(INFO    ) [13:49:27|tosca_opt] For NORM value  <= 1.0   -->    CONSTRAINT is OK ( For all CONSTRAINT types )
(INFO    ) [13:49:27|tosca_opt]  ==========================================================================
(INFO    ) [13:49:27|tosca_opt] |  Name of CONSTRAINT  |  Act. Value  | Op.  | Target  |   Norm   | Status |
(INFO    ) [13:49:27|tosca_opt]  ==========================================================================
(INFO    ) [13:49:27|tosca_opt] | DISP_CONSTRAINT      | 5.88499e-2   | <=   | 6.e-2   | 0.980832 | TRUE   |
(INFO    ) [13:49:27|tosca_opt]  ==========================================================================
(INFO    ) [13:49:27|tosca_opt]  --------------------------------------------------------------------------
(INFO    ) [13:49:27|tosca_opt] | Some STOP CRITERIA NOT satisfied this iteration                          |
(INFO    ) [13:49:27|tosca_opt]  --------------------------------------------------------------------------
(INFO    ) [13:49:27|tosca_opt]  --------------------------------------------------------------------------
(INFO    ) [13:49:27|tosca_opt] | End of DESIGN CYCLE NUMBER: 4                                            |
(INFO    ) [13:49:27|tosca_opt]  --------------------------------------------------------------------------
(INFO    ) [13:49:27|tosca_opt] Application finished successfully
(INFO    ) [13:49:27|tosca_driver] Module SMATsoToscaOpt has finished with exit code 0
(INFO    ) [13:49:27|tosca_driver] Calling: /uufs/chpc.utah.edu/sys/installdir/abaqus/2025/linux_a64/code/bin/SMATrtOptResExportTool --loglevel INFO --cycle 4 --onf_output ON
(INFO    ) [13:49:27|opt_res_export_tool] SIMULIA Tosca Structure.opt_res_export_tool - version 3DEXPERIENCE R2025x - build R427 - 20240925T190012Z 64 bit
(INFO    ) [13:49:27|opt_res_export_tool] Extracting results from opt_res_database
(INFO    ) [13:49:27|opt_res_export_tool] SIMULIA Tosca Structure.opt_res_export_tool finished successfully
(INFO    ) [13:49:27|tosca_driver] Module SMATrtOptResExportTool has finished with exit code 0
(NOTICE  ) [13:49:28|tosca_driver] Design cycle 5 started on 2026-02-19
(NOTICE  ) [13:49:28|tosca_driver] Starting Abaqus analysis - design cycle 5
(INFO    ) [13:49:28|tosca_driver] Activating the solver
(INFO    ) [13:49:28|tosca_driver] Calling hooks before module abaqus
(INFO    ) [13:49:28|tosca_driver] Calling: /uufs/chpc.utah.edu/sys/installdir/abaqus/2025/linux_a64/code/bin/SMATsoAbaqusTsProvider -j airbeam_vol --cycle 5
(INFO    ) [13:49:28|hook] Timestamp file written successfully
(INFO    ) [13:49:28|tosca_driver] Module hook has finished with exit code 0
(INFO    ) [13:49:29|tosca_driver] Fe-solver abaqus finished with job airbeam_vol.inp
(INFO    ) [13:49:29|tosca_driver] Elapsed time (inc. overhead): 0:00:00.801209
(INFO    ) [13:49:29|tosca_driver] Elapsed time of abaqus : 0:00:01.060254  -  current time : 13:49:29.110689
(INFO    ) [13:49:29|tosca_driver] Solution complete
(INFO    ) [13:49:29|tosca_driver] Checking solver output file: /uufs/chpc.utah.edu/common/home/u6074059/Abaqus/paper_reproduction/experiment7/run_7b/airbeam_abq/airbeam_vol.msg
(INFO    ) [13:49:29|tosca_driver] Searching for success check string: "THE ANALYSIS HAS BEEN COMPLETED"
(INFO    ) [13:49:29|tosca_driver] Calling: /uufs/chpc.utah.edu/sys/installdir/abaqus/2025/linux_a64/code/bin/SMATsoOdbToVtmMain --solver abaqus --loglevel INFO --format_matrices sim --cycle 5 --perturbation 0 /uufs/chpc.utah.edu/common/home/u6074059/Abaqus/paper_reproduction/experiment7/run_7b/airbeam_abq/airbeam_vol
(INFO    ) [13:49:29|odb_to_vtm] SIMULIA Tosca Structure.odb_to_vtm - version 3DEXPERIENCE R2025x - build R427 - 20240925T190012Z 64 bit
(INFO    ) [13:49:29|odb_to_vtm] Reading Abaqus ODB output file /uufs/chpc.utah.edu/common/home/u6074059/Abaqus/paper_reproduction/experiment7/run_7b/airbeam_abq/airbeam_vol
(INFO    ) [13:49:29|odb_to_vtm] Reading results from the Abaqus result database /uufs/chpc.utah.edu/common/home/u6074059/Abaqus/paper_reproduction/experiment7/run_7b/airbeam_abq/airbeam_vol.odb
(INFO    ) [13:49:29|odb_to_vtm] SIMULIA Tosca Structure.odb_to_vtm finished successfully
(INFO    ) [13:49:29|tosca_driver] Module SMATsoOdbToVtmMain has finished with exit code 0
(NOTICE  ) [13:49:29|tosca_driver] Starting Tosca Structure optimization module - design cycle 5
(INFO    ) [13:49:29|tosca_driver] Calling: /uufs/chpc.utah.edu/sys/installdir/abaqus/2025/linux_a64/code/bin/SMATsoToscaOpt --loglevel INFO
(INFO    ) [13:49:29|tosca_opt] SIMULIA Tosca Structure.tosca_opt - version 3DEXPERIENCE R2025x - build R427 - 20240925T190012Z 64 bit
(INFO    ) [13:49:29|tosca_opt]  --------------------------------------------------------------------------
(INFO    ) [13:49:29|tosca_opt] |                ___  ___  __  __  _   _  _     ___    _                   |
(INFO    ) [13:49:29|tosca_opt] |               / __||_ _||  \/  || | | || |   |_ _|  /_\                  |
(INFO    ) [13:49:29|tosca_opt] |               \__ \ | | | |\/| || |_| || |__  | |  / _ \                 |
(INFO    ) [13:49:29|tosca_opt] |               |___/|___||_|  |_| \___/ |____||___|/_/ \_\                |
(INFO    ) [13:49:29|tosca_opt] |                        _____                                             |
(INFO    ) [13:49:29|tosca_opt] |                       |_   _|___  ___ __  __ _                           |
(INFO    ) [13:49:29|tosca_opt] |                         | | / _ \(_-</ _|/ _` |                          |
(INFO    ) [13:49:29|tosca_opt] |                         |_| \___//__/\__|\__,_|                          |
(INFO    ) [13:49:29|tosca_opt] |              ___  _                   _                                  |
(INFO    ) [13:49:29|tosca_opt] |             / __|| |_  _ _  _  _  __ | |_  _  _  _ _  ___                |
(INFO    ) [13:49:29|tosca_opt] |             \__ \|  _|| `_|| || |/ _||  _|| || || `_|/ -_)               |
(INFO    ) [13:49:29|tosca_opt] |             |___/ \__||_|   \_,_|\__| \__| \_,_||_|  \___|               |
(INFO    ) [13:49:29|tosca_opt] |                                                                          |
(INFO    ) [13:49:29|tosca_opt]  --------------------------------------------------------------------------
(INFO    ) [13:49:29|tosca_opt] | Version 3DEXPERIENCE R2025x                                              |
(INFO    ) [13:49:29|tosca_opt] | DATE:   2026-02-19                                                       |
(INFO    ) [13:49:29|tosca_opt]  --------------------------------------------------------------------------
(INFO    ) [13:49:30|tosca_opt]  --------------------------------------------------------------------------
(INFO    ) [13:49:30|tosca_opt] | Begin of DESIGN CYCLE NUMBER: 5                                          |
(INFO    ) [13:49:30|tosca_opt]  --------------------------------------------------------------------------
(INFO    ) [13:49:30|tosca_opt] Checking for existence of results
(INFO    ) [13:49:30|tosca_opt]  --------------------------------------------------------------------------
(INFO    ) [13:49:30|tosca_opt] | ANALYZE VALUE OF VARIABLES before OPTIMIZATION                           |
(INFO    ) [13:49:30|tosca_opt]  --------------------------------------------------------------------------
(INFO    ) [13:49:30|tosca_opt]  --------------------------------------------------------------------------
(INFO    ) [13:49:30|tosca_opt] | Convergence Criteria in Design Cycle 5                                   |
(INFO    ) [13:49:30|tosca_opt]  --------------------------------------------------------------------------
(INFO    ) [13:49:30|tosca_opt] Local objective function criterion : NOT_FULFILLED (Actual change / target:    0.02585/   0.00100)
(INFO    ) [13:49:30|tosca_opt] Local design variables criterion   : NOT_FULFILLED (Actual change / target:    0.02688/   0.00500)
(INFO    ) [13:49:30|tosca_opt] Global stop criterion              : NOT_FULFILLED (Max number of design cycles :  80)
(INFO    ) [13:49:30|tosca_opt] 
(INFO    ) [13:49:30|tosca_opt]  --------------------------------------------------------------------------
(INFO    ) [13:49:30|tosca_opt] | ANALYZE VALUE OF VARIABLES after OPTIMIZATION                            |
(INFO    ) [13:49:30|tosca_opt]  --------------------------------------------------------------------------
(INFO    ) [13:49:30|tosca_opt]  --------------------------------------------------------------------------
(INFO    ) [13:49:30|tosca_opt] | VARIABLES and DESIGN RESPONSES                                           |
(INFO    ) [13:49:30|tosca_opt]  --------------------------------------------------------------------------
(INFO    ) [13:49:30|tosca_opt]  DRESP_SUM_ENERGY                          :    2.3540
(INFO    ) [13:49:30|tosca_opt]  DRESP_VOL_TOPO                            :    1898.6
(INFO    ) [13:49:30|tosca_opt]  DRESP_DISP1_ABS_MAX                       :   0.59702E-01
(INFO    ) [13:49:30|tosca_opt]  --------------------------------------------------------------------------
(INFO    ) [13:49:30|tosca_opt]  --------------------------------------------------------------------------
(INFO    ) [13:49:30|tosca_opt] | Report of OPTIMIZATION Results                                           |
(INFO    ) [13:49:30|tosca_opt]  --------------------------------------------------------------------------
(INFO    ) [13:49:30|tosca_opt]  DESIGN CYCLE                :   5
(INFO    ) [13:49:30|tosca_opt]  OPTIMIZE name               : TOPOLOGY_OPTIMIZATION
(INFO    ) [13:49:30|tosca_opt]  OBJ_FUNC name               : MIN_VOL
(INFO    ) [13:49:30|tosca_opt]  OBJ_FUNC value              :     1898.61
(INFO    ) [13:49:30|tosca_opt]  ==========================================================================
(INFO    ) [13:49:30|tosca_opt] |     Name of OBJ_FUNC_TERM      |   Value    |   Weight   |   Reference   |
(INFO    ) [13:49:30|tosca_opt]  ==========================================================================
(INFO    ) [13:49:30|tosca_opt] | DRESP_VOL_TOPO                 | 1898.61    | 1.0        | 0.0           |
(INFO    ) [13:49:30|tosca_opt]  ==========================================================================
(INFO    ) [13:49:30|tosca_opt] * SIMULIA Tosca Structure INFORMATION *
(INFO    ) [13:49:30|tosca_opt] Writing CONSTRAINTs with default normalization.
(INFO    ) [13:49:30|tosca_opt] For NORM value  <= 1.0   -->    CONSTRAINT is OK ( For all CONSTRAINT types )
(INFO    ) [13:49:30|tosca_opt]  ==========================================================================
(INFO    ) [13:49:30|tosca_opt] |  Name of CONSTRAINT  |  Act. Value  | Op.  | Target  |   Norm   | Status |
(INFO    ) [13:49:30|tosca_opt]  ==========================================================================
(INFO    ) [13:49:30|tosca_opt] | DISP_CONSTRAINT      | 5.9702e-2    | <=   | 6.e-2   | 0.995034 | TRUE   |
(INFO    ) [13:49:30|tosca_opt]  ==========================================================================
(INFO    ) [13:49:30|tosca_opt]  --------------------------------------------------------------------------
(INFO    ) [13:49:30|tosca_opt] | Some STOP CRITERIA NOT satisfied this iteration                          |
(INFO    ) [13:49:30|tosca_opt]  --------------------------------------------------------------------------
(INFO    ) [13:49:30|tosca_opt]  --------------------------------------------------------------------------
(INFO    ) [13:49:30|tosca_opt] | End of DESIGN CYCLE NUMBER: 5                                            |
(INFO    ) [13:49:30|tosca_opt]  --------------------------------------------------------------------------
(INFO    ) [13:49:30|tosca_opt] Application finished successfully
(INFO    ) [13:49:30|tosca_driver] Module SMATsoToscaOpt has finished with exit code 0
(INFO    ) [13:49:30|tosca_driver] Calling: /uufs/chpc.utah.edu/sys/installdir/abaqus/2025/linux_a64/code/bin/SMATrtOptResExportTool --loglevel INFO --cycle 5 --onf_output ON
(INFO    ) [13:49:30|opt_res_export_tool] SIMULIA Tosca Structure.opt_res_export_tool - version 3DEXPERIENCE R2025x - build R427 - 20240925T190012Z 64 bit
(INFO    ) [13:49:30|opt_res_export_tool] Extracting results from opt_res_database
(INFO    ) [13:49:31|opt_res_export_tool] SIMULIA Tosca Structure.opt_res_export_tool finished successfully
(INFO    ) [13:49:31|tosca_driver] Module SMATrtOptResExportTool has finished with exit code 0
(NOTICE  ) [13:49:31|tosca_driver] Design cycle 6 started on 2026-02-19
(NOTICE  ) [13:49:31|tosca_driver] Starting Abaqus analysis - design cycle 6
(INFO    ) [13:49:31|tosca_driver] Activating the solver
(INFO    ) [13:49:31|tosca_driver] Calling hooks before module abaqus
(INFO    ) [13:49:31|tosca_driver] Calling: /uufs/chpc.utah.edu/sys/installdir/abaqus/2025/linux_a64/code/bin/SMATsoAbaqusTsProvider -j airbeam_vol --cycle 6
(INFO    ) [13:49:31|hook] Timestamp file written successfully
(INFO    ) [13:49:31|tosca_driver] Module hook has finished with exit code 0
(INFO    ) [13:49:32|tosca_driver] Fe-solver abaqus finished with job airbeam_vol.inp
(INFO    ) [13:49:32|tosca_driver] Elapsed time (inc. overhead): 0:00:00.901294
(INFO    ) [13:49:32|tosca_driver] Elapsed time of abaqus : 0:00:00.950269  -  current time : 13:49:32.096487
(INFO    ) [13:49:32|tosca_driver] Solution complete
(INFO    ) [13:49:32|tosca_driver] Checking solver output file: /uufs/chpc.utah.edu/common/home/u6074059/Abaqus/paper_reproduction/experiment7/run_7b/airbeam_abq/airbeam_vol.msg
(INFO    ) [13:49:32|tosca_driver] Searching for success check string: "THE ANALYSIS HAS BEEN COMPLETED"
(INFO    ) [13:49:32|tosca_driver] Calling: /uufs/chpc.utah.edu/sys/installdir/abaqus/2025/linux_a64/code/bin/SMATsoOdbToVtmMain --solver abaqus --loglevel INFO --format_matrices sim --cycle 6 --perturbation 0 /uufs/chpc.utah.edu/common/home/u6074059/Abaqus/paper_reproduction/experiment7/run_7b/airbeam_abq/airbeam_vol
(INFO    ) [13:49:32|odb_to_vtm] SIMULIA Tosca Structure.odb_to_vtm - version 3DEXPERIENCE R2025x - build R427 - 20240925T190012Z 64 bit
(INFO    ) [13:49:32|odb_to_vtm] Reading Abaqus ODB output file /uufs/chpc.utah.edu/common/home/u6074059/Abaqus/paper_reproduction/experiment7/run_7b/airbeam_abq/airbeam_vol
(INFO    ) [13:49:32|odb_to_vtm] Reading results from the Abaqus result database /uufs/chpc.utah.edu/common/home/u6074059/Abaqus/paper_reproduction/experiment7/run_7b/airbeam_abq/airbeam_vol.odb
(INFO    ) [13:49:32|odb_to_vtm] SIMULIA Tosca Structure.odb_to_vtm finished successfully
(INFO    ) [13:49:32|tosca_driver] Module SMATsoOdbToVtmMain has finished with exit code 0
(NOTICE  ) [13:49:32|tosca_driver] Starting Tosca Structure optimization module - design cycle 6
(INFO    ) [13:49:32|tosca_driver] Calling: /uufs/chpc.utah.edu/sys/installdir/abaqus/2025/linux_a64/code/bin/SMATsoToscaOpt --loglevel INFO
(INFO    ) [13:49:32|tosca_opt] SIMULIA Tosca Structure.tosca_opt - version 3DEXPERIENCE R2025x - build R427 - 20240925T190012Z 64 bit
(INFO    ) [13:49:32|tosca_opt]  --------------------------------------------------------------------------
(INFO    ) [13:49:32|tosca_opt] |                ___  ___  __  __  _   _  _     ___    _                   |
(INFO    ) [13:49:32|tosca_opt] |               / __||_ _||  \/  || | | || |   |_ _|  /_\                  |
(INFO    ) [13:49:32|tosca_opt] |               \__ \ | | | |\/| || |_| || |__  | |  / _ \                 |
(INFO    ) [13:49:32|tosca_opt] |               |___/|___||_|  |_| \___/ |____||___|/_/ \_\                |
(INFO    ) [13:49:32|tosca_opt] |                        _____                                             |
(INFO    ) [13:49:32|tosca_opt] |                       |_   _|___  ___ __  __ _                           |
(INFO    ) [13:49:32|tosca_opt] |                         | | / _ \(_-</ _|/ _` |                          |
(INFO    ) [13:49:32|tosca_opt] |                         |_| \___//__/\__|\__,_|                          |
(INFO    ) [13:49:32|tosca_opt] |              ___  _                   _                                  |
(INFO    ) [13:49:32|tosca_opt] |             / __|| |_  _ _  _  _  __ | |_  _  _  _ _  ___                |
(INFO    ) [13:49:32|tosca_opt] |             \__ \|  _|| `_|| || |/ _||  _|| || || `_|/ -_)               |
(INFO    ) [13:49:32|tosca_opt] |             |___/ \__||_|   \_,_|\__| \__| \_,_||_|  \___|               |
(INFO    ) [13:49:32|tosca_opt] |                                                                          |
(INFO    ) [13:49:32|tosca_opt]  --------------------------------------------------------------------------
(INFO    ) [13:49:32|tosca_opt] | Version 3DEXPERIENCE R2025x                                              |
(INFO    ) [13:49:32|tosca_opt] | DATE:   2026-02-19                                                       |
(INFO    ) [13:49:32|tosca_opt]  --------------------------------------------------------------------------
(INFO    ) [13:49:33|tosca_opt]  --------------------------------------------------------------------------
(INFO    ) [13:49:33|tosca_opt] | Begin of DESIGN CYCLE NUMBER: 6                                          |
(INFO    ) [13:49:33|tosca_opt]  --------------------------------------------------------------------------
(INFO    ) [13:49:33|tosca_opt] Checking for existence of results
(INFO    ) [13:49:33|tosca_opt]  --------------------------------------------------------------------------
(INFO    ) [13:49:33|tosca_opt] | ANALYZE VALUE OF VARIABLES before OPTIMIZATION                           |
(INFO    ) [13:49:33|tosca_opt]  --------------------------------------------------------------------------
(INFO    ) [13:49:33|tosca_opt]  --------------------------------------------------------------------------
(INFO    ) [13:49:33|tosca_opt] | Convergence Criteria in Design Cycle 6                                   |
(INFO    ) [13:49:33|tosca_opt]  --------------------------------------------------------------------------
(INFO    ) [13:49:33|tosca_opt] Local objective function criterion : NOT_FULFILLED (Actual change / target:    0.01236/   0.00100)
(INFO    ) [13:49:33|tosca_opt] Local design variables criterion   : NOT_FULFILLED (Actual change / target:    0.01782/   0.00500)
(INFO    ) [13:49:33|tosca_opt] Global stop criterion              : NOT_FULFILLED (Max number of design cycles :  80)
(INFO    ) [13:49:33|tosca_opt] 
(INFO    ) [13:49:33|tosca_opt]  --------------------------------------------------------------------------
(INFO    ) [13:49:33|tosca_opt] | ANALYZE VALUE OF VARIABLES after OPTIMIZATION                            |
(INFO    ) [13:49:33|tosca_opt]  --------------------------------------------------------------------------
(INFO    ) [13:49:33|tosca_opt]  --------------------------------------------------------------------------
(INFO    ) [13:49:33|tosca_opt] | VARIABLES and DESIGN RESPONSES                                           |
(INFO    ) [13:49:33|tosca_opt]  --------------------------------------------------------------------------
(INFO    ) [13:49:33|tosca_opt]  DRESP_SUM_ENERGY                          :    2.3593
(INFO    ) [13:49:33|tosca_opt]  DRESP_VOL_TOPO                            :    1877.4
(INFO    ) [13:49:33|tosca_opt]  DRESP_DISP1_ABS_MAX                       :   0.59824E-01
(INFO    ) [13:49:33|tosca_opt]  --------------------------------------------------------------------------
(INFO    ) [13:49:33|tosca_opt]  --------------------------------------------------------------------------
(INFO    ) [13:49:33|tosca_opt] | Report of OPTIMIZATION Results                                           |
(INFO    ) [13:49:33|tosca_opt]  --------------------------------------------------------------------------
(INFO    ) [13:49:33|tosca_opt]  DESIGN CYCLE                :   6
(INFO    ) [13:49:33|tosca_opt]  OPTIMIZE name               : TOPOLOGY_OPTIMIZATION
(INFO    ) [13:49:33|tosca_opt]  OBJ_FUNC name               : MIN_VOL
(INFO    ) [13:49:33|tosca_opt]  OBJ_FUNC value              :     1877.41
(INFO    ) [13:49:33|tosca_opt]  ==========================================================================
(INFO    ) [13:49:33|tosca_opt] |     Name of OBJ_FUNC_TERM      |   Value    |   Weight   |   Reference   |
(INFO    ) [13:49:33|tosca_opt]  ==========================================================================
(INFO    ) [13:49:33|tosca_opt] | DRESP_VOL_TOPO                 | 1877.41    | 1.0        | 0.0           |
(INFO    ) [13:49:33|tosca_opt]  ==========================================================================
(INFO    ) [13:49:33|tosca_opt] * SIMULIA Tosca Structure INFORMATION *
(INFO    ) [13:49:33|tosca_opt] Writing CONSTRAINTs with default normalization.
(INFO    ) [13:49:33|tosca_opt] For NORM value  <= 1.0   -->    CONSTRAINT is OK ( For all CONSTRAINT types )
(INFO    ) [13:49:33|tosca_opt]  ==========================================================================
(INFO    ) [13:49:33|tosca_opt] |  Name of CONSTRAINT  |  Act. Value  | Op.  | Target  |   Norm   | Status |
(INFO    ) [13:49:33|tosca_opt]  ==========================================================================
(INFO    ) [13:49:33|tosca_opt] | DISP_CONSTRAINT      | 5.98238e-2   | <=   | 6.e-2   | 0.997064 | TRUE   |
(INFO    ) [13:49:33|tosca_opt]  ==========================================================================
(INFO    ) [13:49:33|tosca_opt]  --------------------------------------------------------------------------
(INFO    ) [13:49:33|tosca_opt] | Some STOP CRITERIA NOT satisfied this iteration                          |
(INFO    ) [13:49:33|tosca_opt]  --------------------------------------------------------------------------
(INFO    ) [13:49:33|tosca_opt]  --------------------------------------------------------------------------
(INFO    ) [13:49:33|tosca_opt] | End of DESIGN CYCLE NUMBER: 6                                            |
(INFO    ) [13:49:33|tosca_opt]  --------------------------------------------------------------------------
(INFO    ) [13:49:33|tosca_opt] Application finished successfully
(INFO    ) [13:49:33|tosca_driver] Module SMATsoToscaOpt has finished with exit code 0
(INFO    ) [13:49:33|tosca_driver] Calling: /uufs/chpc.utah.edu/sys/installdir/abaqus/2025/linux_a64/code/bin/SMATrtOptResExportTool --loglevel INFO --cycle 6 --onf_output ON
(INFO    ) [13:49:33|opt_res_export_tool] SIMULIA Tosca Structure.opt_res_export_tool - version 3DEXPERIENCE R2025x - build R427 - 20240925T190012Z 64 bit
(INFO    ) [13:49:33|opt_res_export_tool] Extracting results from opt_res_database
(INFO    ) [13:49:34|opt_res_export_tool] SIMULIA Tosca Structure.opt_res_export_tool finished successfully
(INFO    ) [13:49:34|tosca_driver] Module SMATrtOptResExportTool has finished with exit code 0
(NOTICE  ) [13:49:34|tosca_driver] Design cycle 7 started on 2026-02-19
(NOTICE  ) [13:49:34|tosca_driver] Starting Abaqus analysis - design cycle 7
(INFO    ) [13:49:34|tosca_driver] Activating the solver
(INFO    ) [13:49:34|tosca_driver] Calling hooks before module abaqus
(INFO    ) [13:49:34|tosca_driver] Calling: /uufs/chpc.utah.edu/sys/installdir/abaqus/2025/linux_a64/code/bin/SMATsoAbaqusTsProvider -j airbeam_vol --cycle 7
(INFO    ) [13:49:34|hook] Timestamp file written successfully
(INFO    ) [13:49:34|tosca_driver] Module hook has finished with exit code 0
(INFO    ) [13:49:35|tosca_driver] Fe-solver abaqus finished with job airbeam_vol.inp
(INFO    ) [13:49:35|tosca_driver] Elapsed time (inc. overhead): 0:00:00.801160
(INFO    ) [13:49:35|tosca_driver] Elapsed time of abaqus : 0:00:00.852763  -  current time : 13:49:35.033334
(INFO    ) [13:49:35|tosca_driver] Solution complete
(INFO    ) [13:49:35|tosca_driver] Checking solver output file: /uufs/chpc.utah.edu/common/home/u6074059/Abaqus/paper_reproduction/experiment7/run_7b/airbeam_abq/airbeam_vol.msg
(INFO    ) [13:49:35|tosca_driver] Searching for success check string: "THE ANALYSIS HAS BEEN COMPLETED"
(INFO    ) [13:49:35|tosca_driver] Calling: /uufs/chpc.utah.edu/sys/installdir/abaqus/2025/linux_a64/code/bin/SMATsoOdbToVtmMain --solver abaqus --loglevel INFO --format_matrices sim --cycle 7 --perturbation 0 /uufs/chpc.utah.edu/common/home/u6074059/Abaqus/paper_reproduction/experiment7/run_7b/airbeam_abq/airbeam_vol
(INFO    ) [13:49:35|odb_to_vtm] SIMULIA Tosca Structure.odb_to_vtm - version 3DEXPERIENCE R2025x - build R427 - 20240925T190012Z 64 bit
(INFO    ) [13:49:35|odb_to_vtm] Reading Abaqus ODB output file /uufs/chpc.utah.edu/common/home/u6074059/Abaqus/paper_reproduction/experiment7/run_7b/airbeam_abq/airbeam_vol
(INFO    ) [13:49:35|odb_to_vtm] Reading results from the Abaqus result database /uufs/chpc.utah.edu/common/home/u6074059/Abaqus/paper_reproduction/experiment7/run_7b/airbeam_abq/airbeam_vol.odb
(INFO    ) [13:49:35|odb_to_vtm] SIMULIA Tosca Structure.odb_to_vtm finished successfully
(INFO    ) [13:49:35|tosca_driver] Module SMATsoOdbToVtmMain has finished with exit code 0
(NOTICE  ) [13:49:35|tosca_driver] Starting Tosca Structure optimization module - design cycle 7
(INFO    ) [13:49:35|tosca_driver] Calling: /uufs/chpc.utah.edu/sys/installdir/abaqus/2025/linux_a64/code/bin/SMATsoToscaOpt --loglevel INFO
(INFO    ) [13:49:35|tosca_opt] SIMULIA Tosca Structure.tosca_opt - version 3DEXPERIENCE R2025x - build R427 - 20240925T190012Z 64 bit
(INFO    ) [13:49:35|tosca_opt]  --------------------------------------------------------------------------
(INFO    ) [13:49:35|tosca_opt] |                ___  ___  __  __  _   _  _     ___    _                   |
(INFO    ) [13:49:35|tosca_opt] |               / __||_ _||  \/  || | | || |   |_ _|  /_\                  |
(INFO    ) [13:49:35|tosca_opt] |               \__ \ | | | |\/| || |_| || |__  | |  / _ \                 |
(INFO    ) [13:49:35|tosca_opt] |               |___/|___||_|  |_| \___/ |____||___|/_/ \_\                |
(INFO    ) [13:49:35|tosca_opt] |                        _____                                             |
(INFO    ) [13:49:35|tosca_opt] |                       |_   _|___  ___ __  __ _                           |
(INFO    ) [13:49:35|tosca_opt] |                         | | / _ \(_-</ _|/ _` |                          |
(INFO    ) [13:49:35|tosca_opt] |                         |_| \___//__/\__|\__,_|                          |
(INFO    ) [13:49:35|tosca_opt] |              ___  _                   _                                  |
(INFO    ) [13:49:35|tosca_opt] |             / __|| |_  _ _  _  _  __ | |_  _  _  _ _  ___                |
(INFO    ) [13:49:35|tosca_opt] |             \__ \|  _|| `_|| || |/ _||  _|| || || `_|/ -_)               |
(INFO    ) [13:49:35|tosca_opt] |             |___/ \__||_|   \_,_|\__| \__| \_,_||_|  \___|               |
(INFO    ) [13:49:35|tosca_opt] |                                                                          |
(INFO    ) [13:49:35|tosca_opt]  --------------------------------------------------------------------------
(INFO    ) [13:49:35|tosca_opt] | Version 3DEXPERIENCE R2025x                                              |
(INFO    ) [13:49:35|tosca_opt] | DATE:   2026-02-19                                                       |
(INFO    ) [13:49:35|tosca_opt]  --------------------------------------------------------------------------
(INFO    ) [13:49:36|tosca_opt]  --------------------------------------------------------------------------
(INFO    ) [13:49:36|tosca_opt] | Begin of DESIGN CYCLE NUMBER: 7                                          |
(INFO    ) [13:49:36|tosca_opt]  --------------------------------------------------------------------------
(INFO    ) [13:49:36|tosca_opt] Checking for existence of results
(INFO    ) [13:49:36|tosca_opt]  --------------------------------------------------------------------------
(INFO    ) [13:49:36|tosca_opt] | ANALYZE VALUE OF VARIABLES before OPTIMIZATION                           |
(INFO    ) [13:49:36|tosca_opt]  --------------------------------------------------------------------------
(INFO    ) [13:49:36|tosca_opt]  --------------------------------------------------------------------------
(INFO    ) [13:49:36|tosca_opt] | Convergence Criteria in Design Cycle 7                                   |
(INFO    ) [13:49:36|tosca_opt]  --------------------------------------------------------------------------
(INFO    ) [13:49:36|tosca_opt] Optimization converged. Both criteria checked.
(INFO    ) [13:49:36|tosca_opt] Local objective function criterion : NOT_FULFILLED (Actual change / target:    0.00915/   0.00100)
(INFO    ) [13:49:36|tosca_opt] Local design variables criterion   : NOT_FULFILLED (Actual change / target:    0.01527/   0.00500)
(INFO    ) [13:49:36|tosca_opt] Global stop criterion              : NOT_FULFILLED (Max number of design cycles :  80)
(INFO    ) [13:49:36|tosca_opt] 
(INFO    ) [13:49:36|tosca_opt]  --------------------------------------------------------------------------
(INFO    ) [13:49:36|tosca_opt] | ANALYZE VALUE OF VARIABLES after OPTIMIZATION                            |
(INFO    ) [13:49:36|tosca_opt]  --------------------------------------------------------------------------
(INFO    ) [13:49:36|tosca_opt]  --------------------------------------------------------------------------
(INFO    ) [13:49:36|tosca_opt] | VARIABLES and DESIGN RESPONSES                                           |
(INFO    ) [13:49:36|tosca_opt]  --------------------------------------------------------------------------
(INFO    ) [13:49:36|tosca_opt]  DRESP_SUM_ENERGY                          :    2.3613
(INFO    ) [13:49:36|tosca_opt]  DRESP_VOL_TOPO                            :    1861.9
(INFO    ) [13:49:36|tosca_opt]  DRESP_DISP1_ABS_MAX                       :   0.59862E-01
(INFO    ) [13:49:36|tosca_opt]  --------------------------------------------------------------------------
(INFO    ) [13:49:36|tosca_opt]  --------------------------------------------------------------------------
(INFO    ) [13:49:36|tosca_opt] | Report of OPTIMIZATION Results                                           |
(INFO    ) [13:49:36|tosca_opt]  --------------------------------------------------------------------------
(INFO    ) [13:49:36|tosca_opt]  DESIGN CYCLE                :   7
(INFO    ) [13:49:36|tosca_opt]  OPTIMIZE name               : TOPOLOGY_OPTIMIZATION
(INFO    ) [13:49:36|tosca_opt]  OBJ_FUNC name               : MIN_VOL
(INFO    ) [13:49:36|tosca_opt]  OBJ_FUNC value              :     1861.85
(INFO    ) [13:49:36|tosca_opt]  ==========================================================================
(INFO    ) [13:49:36|tosca_opt] |     Name of OBJ_FUNC_TERM      |   Value    |   Weight   |   Reference   |
(INFO    ) [13:49:36|tosca_opt]  ==========================================================================
(INFO    ) [13:49:36|tosca_opt] | DRESP_VOL_TOPO                 | 1861.85    | 1.0        | 0.0           |
(INFO    ) [13:49:36|tosca_opt]  ==========================================================================
(INFO    ) [13:49:36|tosca_opt] * SIMULIA Tosca Structure INFORMATION *
(INFO    ) [13:49:36|tosca_opt] Writing CONSTRAINTs with default normalization.
(INFO    ) [13:49:36|tosca_opt] For NORM value  <= 1.0   -->    CONSTRAINT is OK ( For all CONSTRAINT types )
(INFO    ) [13:49:36|tosca_opt]  ==========================================================================
(INFO    ) [13:49:36|tosca_opt] |  Name of CONSTRAINT  |  Act. Value  | Op.  | Target  |   Norm   | Status |
(INFO    ) [13:49:36|tosca_opt]  ==========================================================================
(INFO    ) [13:49:36|tosca_opt] | DISP_CONSTRAINT      | 5.98619e-2   | <=   | 6.e-2   | 0.997698 | TRUE   |
(INFO    ) [13:49:36|tosca_opt]  ==========================================================================
(INFO    ) [13:49:37|tosca_opt]  --------------------------------------------------------------------------
(INFO    ) [13:49:37|tosca_opt] | Some STOP CRITERIA NOT satisfied this iteration                          |
(INFO    ) [13:49:37|tosca_opt]  --------------------------------------------------------------------------
(INFO    ) [13:49:37|tosca_opt]  --------------------------------------------------------------------------
(INFO    ) [13:49:37|tosca_opt] | End of DESIGN CYCLE NUMBER: 7                                            |
(INFO    ) [13:49:37|tosca_opt]  --------------------------------------------------------------------------
(INFO    ) [13:49:37|tosca_opt] Application finished successfully
(INFO    ) [13:49:37|tosca_driver] Module SMATsoToscaOpt has finished with exit code 0
(INFO    ) [13:49:37|tosca_driver] Calling: /uufs/chpc.utah.edu/sys/installdir/abaqus/2025/linux_a64/code/bin/SMATrtOptResExportTool --loglevel INFO --cycle 7 --onf_output ON
(INFO    ) [13:49:37|opt_res_export_tool] SIMULIA Tosca Structure.opt_res_export_tool - version 3DEXPERIENCE R2025x - build R427 - 20240925T190012Z 64 bit
(INFO    ) [13:49:37|opt_res_export_tool] Extracting results from opt_res_database
(INFO    ) [13:49:37|opt_res_export_tool] SIMULIA Tosca Structure.opt_res_export_tool finished successfully
(INFO    ) [13:49:37|tosca_driver] Module SMATrtOptResExportTool has finished with exit code 0
(NOTICE  ) [13:49:37|tosca_driver] Design cycle 8 started on 2026-02-19
(NOTICE  ) [13:49:37|tosca_driver] Starting Abaqus analysis - design cycle 8
(INFO    ) [13:49:37|tosca_driver] Activating the solver
(INFO    ) [13:49:37|tosca_driver] Calling hooks before module abaqus
(INFO    ) [13:49:37|tosca_driver] Calling: /uufs/chpc.utah.edu/sys/installdir/abaqus/2025/linux_a64/code/bin/SMATsoAbaqusTsProvider -j airbeam_vol --cycle 8
(INFO    ) [13:49:37|hook] Timestamp file written successfully
(INFO    ) [13:49:37|tosca_driver] Module hook has finished with exit code 0
(INFO    ) [13:49:38|tosca_driver] Fe-solver abaqus finished with job airbeam_vol.inp
(INFO    ) [13:49:38|tosca_driver] Elapsed time (inc. overhead): 0:00:01.001431
(INFO    ) [13:49:38|tosca_driver] Elapsed time of abaqus : 0:00:01.049298  -  current time : 13:49:38.812061
(INFO    ) [13:49:38|tosca_driver] Solution complete
(INFO    ) [13:49:38|tosca_driver] Checking solver output file: /uufs/chpc.utah.edu/common/home/u6074059/Abaqus/paper_reproduction/experiment7/run_7b/airbeam_abq/airbeam_vol.msg
(INFO    ) [13:49:38|tosca_driver] Searching for success check string: "THE ANALYSIS HAS BEEN COMPLETED"
(INFO    ) [13:49:38|tosca_driver] Calling: /uufs/chpc.utah.edu/sys/installdir/abaqus/2025/linux_a64/code/bin/SMATsoOdbToVtmMain --solver abaqus --loglevel INFO --format_matrices sim --cycle 8 --perturbation 0 /uufs/chpc.utah.edu/common/home/u6074059/Abaqus/paper_reproduction/experiment7/run_7b/airbeam_abq/airbeam_vol
(INFO    ) [13:49:38|odb_to_vtm] SIMULIA Tosca Structure.odb_to_vtm - version 3DEXPERIENCE R2025x - build R427 - 20240925T190012Z 64 bit
(INFO    ) [13:49:39|odb_to_vtm] Reading Abaqus ODB output file /uufs/chpc.utah.edu/common/home/u6074059/Abaqus/paper_reproduction/experiment7/run_7b/airbeam_abq/airbeam_vol
(INFO    ) [13:49:39|odb_to_vtm] Reading results from the Abaqus result database /uufs/chpc.utah.edu/common/home/u6074059/Abaqus/paper_reproduction/experiment7/run_7b/airbeam_abq/airbeam_vol.odb
(INFO    ) [13:49:39|odb_to_vtm] SIMULIA Tosca Structure.odb_to_vtm finished successfully
(INFO    ) [13:49:39|tosca_driver] Module SMATsoOdbToVtmMain has finished with exit code 0
(NOTICE  ) [13:49:39|tosca_driver] Starting Tosca Structure optimization module - design cycle 8
(INFO    ) [13:49:39|tosca_driver] Calling: /uufs/chpc.utah.edu/sys/installdir/abaqus/2025/linux_a64/code/bin/SMATsoToscaOpt --loglevel INFO
(INFO    ) [13:49:39|tosca_opt] SIMULIA Tosca Structure.tosca_opt - version 3DEXPERIENCE R2025x - build R427 - 20240925T190012Z 64 bit
(INFO    ) [13:49:39|tosca_opt]  --------------------------------------------------------------------------
(INFO    ) [13:49:39|tosca_opt] |                ___  ___  __  __  _   _  _     ___    _                   |
(INFO    ) [13:49:39|tosca_opt] |               / __||_ _||  \/  || | | || |   |_ _|  /_\                  |
(INFO    ) [13:49:39|tosca_opt] |               \__ \ | | | |\/| || |_| || |__  | |  / _ \                 |
(INFO    ) [13:49:39|tosca_opt] |               |___/|___||_|  |_| \___/ |____||___|/_/ \_\                |
(INFO    ) [13:49:39|tosca_opt] |                        _____                                             |
(INFO    ) [13:49:39|tosca_opt] |                       |_   _|___  ___ __  __ _                           |
(INFO    ) [13:49:39|tosca_opt] |                         | | / _ \(_-</ _|/ _` |                          |
(INFO    ) [13:49:39|tosca_opt] |                         |_| \___//__/\__|\__,_|                          |
(INFO    ) [13:49:39|tosca_opt] |              ___  _                   _                                  |
(INFO    ) [13:49:39|tosca_opt] |             / __|| |_  _ _  _  _  __ | |_  _  _  _ _  ___                |
(INFO    ) [13:49:39|tosca_opt] |             \__ \|  _|| `_|| || |/ _||  _|| || || `_|/ -_)               |
(INFO    ) [13:49:39|tosca_opt] |             |___/ \__||_|   \_,_|\__| \__| \_,_||_|  \___|               |
(INFO    ) [13:49:39|tosca_opt] |                                                                          |
(INFO    ) [13:49:39|tosca_opt]  --------------------------------------------------------------------------
(INFO    ) [13:49:39|tosca_opt] | Version 3DEXPERIENCE R2025x                                              |
(INFO    ) [13:49:39|tosca_opt] | DATE:   2026-02-19                                                       |
(INFO    ) [13:49:39|tosca_opt]  --------------------------------------------------------------------------
(INFO    ) [13:49:39|tosca_opt]  --------------------------------------------------------------------------
(INFO    ) [13:49:39|tosca_opt] | Begin of DESIGN CYCLE NUMBER: 8                                          |
(INFO    ) [13:49:39|tosca_opt]  --------------------------------------------------------------------------
(INFO    ) [13:49:39|tosca_opt] Checking for existence of results
(INFO    ) [13:49:39|tosca_opt]  --------------------------------------------------------------------------
(INFO    ) [13:49:39|tosca_opt] | ANALYZE VALUE OF VARIABLES before OPTIMIZATION                           |
(INFO    ) [13:49:39|tosca_opt]  --------------------------------------------------------------------------
(INFO    ) [13:49:40|tosca_opt]  --------------------------------------------------------------------------
(INFO    ) [13:49:40|tosca_opt] | Convergence Criteria in Design Cycle 8                                   |
(INFO    ) [13:49:40|tosca_opt]  --------------------------------------------------------------------------
(INFO    ) [13:49:40|tosca_opt] Optimization converged. Both criteria checked.
(INFO    ) [13:49:40|tosca_opt] Local objective function criterion : NOT_FULFILLED (Actual change / target:    0.00713/   0.00100)
(INFO    ) [13:49:40|tosca_opt] Local design variables criterion   : NOT_FULFILLED (Actual change / target:    0.01351/   0.00500)
(INFO    ) [13:49:40|tosca_opt] Global stop criterion              : NOT_FULFILLED (Max number of design cycles :  80)
(INFO    ) [13:49:40|tosca_opt] 
(INFO    ) [13:49:40|tosca_opt]  --------------------------------------------------------------------------
(INFO    ) [13:49:40|tosca_opt] | ANALYZE VALUE OF VARIABLES after OPTIMIZATION                            |
(INFO    ) [13:49:40|tosca_opt]  --------------------------------------------------------------------------
(INFO    ) [13:49:40|tosca_opt]  --------------------------------------------------------------------------
(INFO    ) [13:49:40|tosca_opt] | VARIABLES and DESIGN RESPONSES                                           |
(INFO    ) [13:49:40|tosca_opt]  --------------------------------------------------------------------------
(INFO    ) [13:49:40|tosca_opt]  DRESP_SUM_ENERGY                          :    2.3625
(INFO    ) [13:49:40|tosca_opt]  DRESP_VOL_TOPO                            :    1849.8
(INFO    ) [13:49:40|tosca_opt]  DRESP_DISP1_ABS_MAX                       :   0.59882E-01
(INFO    ) [13:49:40|tosca_opt]  --------------------------------------------------------------------------
(INFO    ) [13:49:40|tosca_opt]  --------------------------------------------------------------------------
(INFO    ) [13:49:40|tosca_opt] | Report of OPTIMIZATION Results                                           |
(INFO    ) [13:49:40|tosca_opt]  --------------------------------------------------------------------------
(INFO    ) [13:49:40|tosca_opt]  DESIGN CYCLE                :   8
(INFO    ) [13:49:40|tosca_opt]  OPTIMIZE name               : TOPOLOGY_OPTIMIZATION
(INFO    ) [13:49:40|tosca_opt]  OBJ_FUNC name               : MIN_VOL
(INFO    ) [13:49:40|tosca_opt]  OBJ_FUNC value              :     1849.83
(INFO    ) [13:49:40|tosca_opt]  ==========================================================================
(INFO    ) [13:49:40|tosca_opt] |     Name of OBJ_FUNC_TERM      |   Value    |   Weight   |   Reference   |
(INFO    ) [13:49:40|tosca_opt]  ==========================================================================
(INFO    ) [13:49:40|tosca_opt] | DRESP_VOL_TOPO                 | 1849.83    | 1.0        | 0.0           |
(INFO    ) [13:49:40|tosca_opt]  ==========================================================================
(INFO    ) [13:49:40|tosca_opt] * SIMULIA Tosca Structure INFORMATION *
(INFO    ) [13:49:40|tosca_opt] Writing CONSTRAINTs with default normalization.
(INFO    ) [13:49:40|tosca_opt] For NORM value  <= 1.0   -->    CONSTRAINT is OK ( For all CONSTRAINT types )
(INFO    ) [13:49:40|tosca_opt]  ==========================================================================
(INFO    ) [13:49:40|tosca_opt] |  Name of CONSTRAINT  |  Act. Value  | Op.  | Target  |   Norm   | Status |
(INFO    ) [13:49:40|tosca_opt]  ==========================================================================
(INFO    ) [13:49:40|tosca_opt] | DISP_CONSTRAINT      | 5.98817e-2   | <=   | 6.e-2   | 0.998028 | TRUE   |
(INFO    ) [13:49:40|tosca_opt]  ==========================================================================
(INFO    ) [13:49:40|tosca_opt]  --------------------------------------------------------------------------
(INFO    ) [13:49:40|tosca_opt] | Some STOP CRITERIA NOT satisfied this iteration                          |
(INFO    ) [13:49:40|tosca_opt]  --------------------------------------------------------------------------
(INFO    ) [13:49:41|tosca_opt]  --------------------------------------------------------------------------
(INFO    ) [13:49:41|tosca_opt] | End of DESIGN CYCLE NUMBER: 8                                            |
(INFO    ) [13:49:41|tosca_opt]  --------------------------------------------------------------------------
(INFO    ) [13:49:41|tosca_opt] Application finished successfully
(INFO    ) [13:49:41|tosca_driver] Module SMATsoToscaOpt has finished with exit code 0
(INFO    ) [13:49:41|tosca_driver] Calling: /uufs/chpc.utah.edu/sys/installdir/abaqus/2025/linux_a64/code/bin/SMATrtOptResExportTool --loglevel INFO --cycle 8 --onf_output ON
(INFO    ) [13:49:41|opt_res_export_tool] SIMULIA Tosca Structure.opt_res_export_tool - version 3DEXPERIENCE R2025x - build R427 - 20240925T190012Z 64 bit
(INFO    ) [13:49:41|opt_res_export_tool] Extracting results from opt_res_database
(INFO    ) [13:49:41|opt_res_export_tool] SIMULIA Tosca Structure.opt_res_export_tool finished successfully
(INFO    ) [13:49:41|tosca_driver] Module SMATrtOptResExportTool has finished with exit code 0
(NOTICE  ) [13:49:41|tosca_driver] Design cycle 9 started on 2026-02-19
(NOTICE  ) [13:49:41|tosca_driver] Starting Abaqus analysis - design cycle 9
(INFO    ) [13:49:41|tosca_driver] Activating the solver
(INFO    ) [13:49:41|tosca_driver] Calling hooks before module abaqus
(INFO    ) [13:49:41|tosca_driver] Calling: /uufs/chpc.utah.edu/sys/installdir/abaqus/2025/linux_a64/code/bin/SMATsoAbaqusTsProvider -j airbeam_vol --cycle 9
(INFO    ) [13:49:41|hook] Timestamp file written successfully
(INFO    ) [13:49:41|tosca_driver] Module hook has finished with exit code 0
(INFO    ) [13:49:42|tosca_driver] Fe-solver abaqus finished with job airbeam_vol.inp
(INFO    ) [13:49:42|tosca_driver] Elapsed time (inc. overhead): 0:00:00.801220
(INFO    ) [13:49:42|tosca_driver] Elapsed time of abaqus : 0:00:00.856363  -  current time : 13:49:42.530738
(INFO    ) [13:49:42|tosca_driver] Solution complete
(INFO    ) [13:49:42|tosca_driver] Checking solver output file: /uufs/chpc.utah.edu/common/home/u6074059/Abaqus/paper_reproduction/experiment7/run_7b/airbeam_abq/airbeam_vol.msg
(INFO    ) [13:49:42|tosca_driver] Searching for success check string: "THE ANALYSIS HAS BEEN COMPLETED"
(INFO    ) [13:49:42|tosca_driver] Calling: /uufs/chpc.utah.edu/sys/installdir/abaqus/2025/linux_a64/code/bin/SMATsoOdbToVtmMain --solver abaqus --loglevel INFO --format_matrices sim --cycle 9 --perturbation 0 /uufs/chpc.utah.edu/common/home/u6074059/Abaqus/paper_reproduction/experiment7/run_7b/airbeam_abq/airbeam_vol
(INFO    ) [13:49:42|odb_to_vtm] SIMULIA Tosca Structure.odb_to_vtm - version 3DEXPERIENCE R2025x - build R427 - 20240925T190012Z 64 bit
(INFO    ) [13:49:42|odb_to_vtm] Reading Abaqus ODB output file /uufs/chpc.utah.edu/common/home/u6074059/Abaqus/paper_reproduction/experiment7/run_7b/airbeam_abq/airbeam_vol
(INFO    ) [13:49:42|odb_to_vtm] Reading results from the Abaqus result database /uufs/chpc.utah.edu/common/home/u6074059/Abaqus/paper_reproduction/experiment7/run_7b/airbeam_abq/airbeam_vol.odb
(INFO    ) [13:49:42|odb_to_vtm] SIMULIA Tosca Structure.odb_to_vtm finished successfully
(INFO    ) [13:49:42|tosca_driver] Module SMATsoOdbToVtmMain has finished with exit code 0
(NOTICE  ) [13:49:42|tosca_driver] Starting Tosca Structure optimization module - design cycle 9
(INFO    ) [13:49:42|tosca_driver] Calling: /uufs/chpc.utah.edu/sys/installdir/abaqus/2025/linux_a64/code/bin/SMATsoToscaOpt --loglevel INFO
(INFO    ) [13:49:42|tosca_opt] SIMULIA Tosca Structure.tosca_opt - version 3DEXPERIENCE R2025x - build R427 - 20240925T190012Z 64 bit
(INFO    ) [13:49:42|tosca_opt]  --------------------------------------------------------------------------
(INFO    ) [13:49:42|tosca_opt] |                ___  ___  __  __  _   _  _     ___    _                   |
(INFO    ) [13:49:42|tosca_opt] |               / __||_ _||  \/  || | | || |   |_ _|  /_\                  |
(INFO    ) [13:49:42|tosca_opt] |               \__ \ | | | |\/| || |_| || |__  | |  / _ \                 |
(INFO    ) [13:49:42|tosca_opt] |               |___/|___||_|  |_| \___/ |____||___|/_/ \_\                |
(INFO    ) [13:49:42|tosca_opt] |                        _____                                             |
(INFO    ) [13:49:42|tosca_opt] |                       |_   _|___  ___ __  __ _                           |
(INFO    ) [13:49:42|tosca_opt] |                         | | / _ \(_-</ _|/ _` |                          |
(INFO    ) [13:49:42|tosca_opt] |                         |_| \___//__/\__|\__,_|                          |
(INFO    ) [13:49:42|tosca_opt] |              ___  _                   _                                  |
(INFO    ) [13:49:42|tosca_opt] |             / __|| |_  _ _  _  _  __ | |_  _  _  _ _  ___                |
(INFO    ) [13:49:42|tosca_opt] |             \__ \|  _|| `_|| || |/ _||  _|| || || `_|/ -_)               |
(INFO    ) [13:49:42|tosca_opt] |             |___/ \__||_|   \_,_|\__| \__| \_,_||_|  \___|               |
(INFO    ) [13:49:42|tosca_opt] |                                                                          |
(INFO    ) [13:49:42|tosca_opt]  --------------------------------------------------------------------------
(INFO    ) [13:49:42|tosca_opt] | Version 3DEXPERIENCE R2025x                                              |
(INFO    ) [13:49:42|tosca_opt] | DATE:   2026-02-19                                                       |
(INFO    ) [13:49:42|tosca_opt]  --------------------------------------------------------------------------
(INFO    ) [13:49:43|tosca_opt]  --------------------------------------------------------------------------
(INFO    ) [13:49:43|tosca_opt] | Begin of DESIGN CYCLE NUMBER: 9                                          |
(INFO    ) [13:49:43|tosca_opt]  --------------------------------------------------------------------------
(INFO    ) [13:49:43|tosca_opt] Checking for existence of results
(INFO    ) [13:49:43|tosca_opt]  --------------------------------------------------------------------------
(INFO    ) [13:49:43|tosca_opt] | ANALYZE VALUE OF VARIABLES before OPTIMIZATION                           |
(INFO    ) [13:49:43|tosca_opt]  --------------------------------------------------------------------------
(INFO    ) [13:49:43|tosca_opt]  --------------------------------------------------------------------------
(INFO    ) [13:49:43|tosca_opt] | Convergence Criteria in Design Cycle 9                                   |
(INFO    ) [13:49:43|tosca_opt]  --------------------------------------------------------------------------
(INFO    ) [13:49:43|tosca_opt] Optimization converged. Both criteria checked.
(INFO    ) [13:49:43|tosca_opt] Local objective function criterion : NOT_FULFILLED (Actual change / target:    0.00605/   0.00100)
(INFO    ) [13:49:43|tosca_opt] Local design variables criterion   : NOT_FULFILLED (Actual change / target:    0.01259/   0.00500)
(INFO    ) [13:49:43|tosca_opt] Global stop criterion              : NOT_FULFILLED (Max number of design cycles :  80)
(INFO    ) [13:49:43|tosca_opt] 
(INFO    ) [13:49:43|tosca_opt]  --------------------------------------------------------------------------
(INFO    ) [13:49:43|tosca_opt] | ANALYZE VALUE OF VARIABLES after OPTIMIZATION                            |
(INFO    ) [13:49:43|tosca_opt]  --------------------------------------------------------------------------
(INFO    ) [13:49:43|tosca_opt]  --------------------------------------------------------------------------
(INFO    ) [13:49:43|tosca_opt] | VARIABLES and DESIGN RESPONSES                                           |
(INFO    ) [13:49:43|tosca_opt]  --------------------------------------------------------------------------
(INFO    ) [13:49:43|tosca_opt]  DRESP_SUM_ENERGY                          :    2.3629
(INFO    ) [13:49:43|tosca_opt]  DRESP_VOL_TOPO                            :    1839.7
(INFO    ) [13:49:43|tosca_opt]  DRESP_DISP1_ABS_MAX                       :   0.59884E-01
(INFO    ) [13:49:43|tosca_opt]  --------------------------------------------------------------------------
(INFO    ) [13:49:43|tosca_opt]  --------------------------------------------------------------------------
(INFO    ) [13:49:43|tosca_opt] | Report of OPTIMIZATION Results                                           |
(INFO    ) [13:49:43|tosca_opt]  --------------------------------------------------------------------------
(INFO    ) [13:49:43|tosca_opt]  DESIGN CYCLE                :   9
(INFO    ) [13:49:43|tosca_opt]  OPTIMIZE name               : TOPOLOGY_OPTIMIZATION
(INFO    ) [13:49:43|tosca_opt]  OBJ_FUNC name               : MIN_VOL
(INFO    ) [13:49:43|tosca_opt]  OBJ_FUNC value              :     1839.67
(INFO    ) [13:49:43|tosca_opt]  ==========================================================================
(INFO    ) [13:49:43|tosca_opt] |     Name of OBJ_FUNC_TERM      |   Value    |   Weight   |   Reference   |
(INFO    ) [13:49:43|tosca_opt]  ==========================================================================
(INFO    ) [13:49:43|tosca_opt] | DRESP_VOL_TOPO                 | 1839.67    | 1.0        | 0.0           |
(INFO    ) [13:49:43|tosca_opt]  ==========================================================================
(INFO    ) [13:49:43|tosca_opt] * SIMULIA Tosca Structure INFORMATION *
(INFO    ) [13:49:43|tosca_opt] Writing CONSTRAINTs with default normalization.
(INFO    ) [13:49:43|tosca_opt] For NORM value  <= 1.0   -->    CONSTRAINT is OK ( For all CONSTRAINT types )
(INFO    ) [13:49:43|tosca_opt]  ==========================================================================
(INFO    ) [13:49:43|tosca_opt] |  Name of CONSTRAINT  |  Act. Value  | Op.  | Target  |   Norm   | Status |
(INFO    ) [13:49:43|tosca_opt]  ==========================================================================
(INFO    ) [13:49:43|tosca_opt] | DISP_CONSTRAINT      | 5.98843e-2   | <=   | 6.e-2   | 0.998072 | TRUE   |
(INFO    ) [13:49:43|tosca_opt]  ==========================================================================
(INFO    ) [13:49:44|tosca_opt]  --------------------------------------------------------------------------
(INFO    ) [13:49:44|tosca_opt] | Some STOP CRITERIA NOT satisfied this iteration                          |
(INFO    ) [13:49:44|tosca_opt]  --------------------------------------------------------------------------
(INFO    ) [13:49:44|tosca_opt]  --------------------------------------------------------------------------
(INFO    ) [13:49:44|tosca_opt] | End of DESIGN CYCLE NUMBER: 9                                            |
(INFO    ) [13:49:44|tosca_opt]  --------------------------------------------------------------------------
(INFO    ) [13:49:44|tosca_opt] Application finished successfully
(INFO    ) [13:49:44|tosca_driver] Module SMATsoToscaOpt has finished with exit code 0
(INFO    ) [13:49:44|tosca_driver] Calling: /uufs/chpc.utah.edu/sys/installdir/abaqus/2025/linux_a64/code/bin/SMATrtOptResExportTool --loglevel INFO --cycle 9 --onf_output ON
(INFO    ) [13:49:44|opt_res_export_tool] SIMULIA Tosca Structure.opt_res_export_tool - version 3DEXPERIENCE R2025x - build R427 - 20240925T190012Z 64 bit
(INFO    ) [13:49:44|opt_res_export_tool] Extracting results from opt_res_database
(INFO    ) [13:49:45|opt_res_export_tool] SIMULIA Tosca Structure.opt_res_export_tool finished successfully
(INFO    ) [13:49:45|tosca_driver] Module SMATrtOptResExportTool has finished with exit code 0
(NOTICE  ) [13:49:45|tosca_driver] Design cycle 10 started on 2026-02-19
(NOTICE  ) [13:49:45|tosca_driver] Starting Abaqus analysis - design cycle 10
(INFO    ) [13:49:45|tosca_driver] Activating the solver
(INFO    ) [13:49:45|tosca_driver] Calling hooks before module abaqus
(INFO    ) [13:49:45|tosca_driver] Calling: /uufs/chpc.utah.edu/sys/installdir/abaqus/2025/linux_a64/code/bin/SMATsoAbaqusTsProvider -j airbeam_vol --cycle 10
(INFO    ) [13:49:45|hook] Timestamp file written successfully
(INFO    ) [13:49:45|tosca_driver] Module hook has finished with exit code 0
(INFO    ) [13:49:46|tosca_driver] Fe-solver abaqus finished with job airbeam_vol.inp
(INFO    ) [13:49:46|tosca_driver] Elapsed time (inc. overhead): 0:00:00.801153
(INFO    ) [13:49:46|tosca_driver] Elapsed time of abaqus : 0:00:00.852197  -  current time : 13:49:46.047140
(INFO    ) [13:49:46|tosca_driver] Solution complete
(INFO    ) [13:49:46|tosca_driver] Checking solver output file: /uufs/chpc.utah.edu/common/home/u6074059/Abaqus/paper_reproduction/experiment7/run_7b/airbeam_abq/airbeam_vol.msg
(INFO    ) [13:49:46|tosca_driver] Searching for success check string: "THE ANALYSIS HAS BEEN COMPLETED"
(INFO    ) [13:49:46|tosca_driver] Calling: /uufs/chpc.utah.edu/sys/installdir/abaqus/2025/linux_a64/code/bin/SMATsoOdbToVtmMain --solver abaqus --loglevel INFO --format_matrices sim --cycle 10 --perturbation 0 /uufs/chpc.utah.edu/common/home/u6074059/Abaqus/paper_reproduction/experiment7/run_7b/airbeam_abq/airbeam_vol
(INFO    ) [13:49:46|odb_to_vtm] SIMULIA Tosca Structure.odb_to_vtm - version 3DEXPERIENCE R2025x - build R427 - 20240925T190012Z 64 bit
(INFO    ) [13:49:46|odb_to_vtm] Reading Abaqus ODB output file /uufs/chpc.utah.edu/common/home/u6074059/Abaqus/paper_reproduction/experiment7/run_7b/airbeam_abq/airbeam_vol
(INFO    ) [13:49:46|odb_to_vtm] Reading results from the Abaqus result database /uufs/chpc.utah.edu/common/home/u6074059/Abaqus/paper_reproduction/experiment7/run_7b/airbeam_abq/airbeam_vol.odb
(INFO    ) [13:49:46|odb_to_vtm] SIMULIA Tosca Structure.odb_to_vtm finished successfully
(INFO    ) [13:49:46|tosca_driver] Module SMATsoOdbToVtmMain has finished with exit code 0
(NOTICE  ) [13:49:46|tosca_driver] Starting Tosca Structure optimization module - design cycle 10
(INFO    ) [13:49:46|tosca_driver] Calling: /uufs/chpc.utah.edu/sys/installdir/abaqus/2025/linux_a64/code/bin/SMATsoToscaOpt --loglevel INFO
(INFO    ) [13:49:46|tosca_opt] SIMULIA Tosca Structure.tosca_opt - version 3DEXPERIENCE R2025x - build R427 - 20240925T190012Z 64 bit
(INFO    ) [13:49:46|tosca_opt]  --------------------------------------------------------------------------
(INFO    ) [13:49:46|tosca_opt] |                ___  ___  __  __  _   _  _     ___    _                   |
(INFO    ) [13:49:46|tosca_opt] |               / __||_ _||  \/  || | | || |   |_ _|  /_\                  |
(INFO    ) [13:49:46|tosca_opt] |               \__ \ | | | |\/| || |_| || |__  | |  / _ \                 |
(INFO    ) [13:49:46|tosca_opt] |               |___/|___||_|  |_| \___/ |____||___|/_/ \_\                |
(INFO    ) [13:49:46|tosca_opt] |                        _____                                             |
(INFO    ) [13:49:46|tosca_opt] |                       |_   _|___  ___ __  __ _                           |
(INFO    ) [13:49:46|tosca_opt] |                         | | / _ \(_-</ _|/ _` |                          |
(INFO    ) [13:49:46|tosca_opt] |                         |_| \___//__/\__|\__,_|                          |
(INFO    ) [13:49:46|tosca_opt] |              ___  _                   _                                  |
(INFO    ) [13:49:46|tosca_opt] |             / __|| |_  _ _  _  _  __ | |_  _  _  _ _  ___                |
(INFO    ) [13:49:46|tosca_opt] |             \__ \|  _|| `_|| || |/ _||  _|| || || `_|/ -_)               |
(INFO    ) [13:49:46|tosca_opt] |             |___/ \__||_|   \_,_|\__| \__| \_,_||_|  \___|               |
(INFO    ) [13:49:46|tosca_opt] |                                                                          |
(INFO    ) [13:49:46|tosca_opt]  --------------------------------------------------------------------------
(INFO    ) [13:49:46|tosca_opt] | Version 3DEXPERIENCE R2025x                                              |
(INFO    ) [13:49:46|tosca_opt] | DATE:   2026-02-19                                                       |
(INFO    ) [13:49:46|tosca_opt]  --------------------------------------------------------------------------
(INFO    ) [13:49:47|tosca_opt]  --------------------------------------------------------------------------
(INFO    ) [13:49:47|tosca_opt] | Begin of DESIGN CYCLE NUMBER: 10                                         |
(INFO    ) [13:49:47|tosca_opt]  --------------------------------------------------------------------------
(INFO    ) [13:49:47|tosca_opt] Checking for existence of results
(INFO    ) [13:49:47|tosca_opt]  --------------------------------------------------------------------------
(INFO    ) [13:49:47|tosca_opt] | ANALYZE VALUE OF VARIABLES before OPTIMIZATION                           |
(INFO    ) [13:49:47|tosca_opt]  --------------------------------------------------------------------------
(INFO    ) [13:49:47|tosca_opt]  --------------------------------------------------------------------------
(INFO    ) [13:49:47|tosca_opt] | Convergence Criteria in Design Cycle 10                                  |
(INFO    ) [13:49:47|tosca_opt]  --------------------------------------------------------------------------
(INFO    ) [13:49:47|tosca_opt] Optimization converged. Both criteria checked.
(INFO    ) [13:49:47|tosca_opt] Local objective function criterion : NOT_FULFILLED (Actual change / target:    0.00574/   0.00100)
(INFO    ) [13:49:47|tosca_opt] Local design variables criterion   : NOT_FULFILLED (Actual change / target:    0.01246/   0.00500)
(INFO    ) [13:49:47|tosca_opt] Global stop criterion              : NOT_FULFILLED (Max number of design cycles :  80)
(INFO    ) [13:49:47|tosca_opt] 
(INFO    ) [13:49:47|tosca_opt]  --------------------------------------------------------------------------
(INFO    ) [13:49:47|tosca_opt] | ANALYZE VALUE OF VARIABLES after OPTIMIZATION                            |
(INFO    ) [13:49:47|tosca_opt]  --------------------------------------------------------------------------
(INFO    ) [13:49:47|tosca_opt]  --------------------------------------------------------------------------
(INFO    ) [13:49:47|tosca_opt] | VARIABLES and DESIGN RESPONSES                                           |
(INFO    ) [13:49:47|tosca_opt]  --------------------------------------------------------------------------
(INFO    ) [13:49:47|tosca_opt]  DRESP_SUM_ENERGY                          :    2.3627
(INFO    ) [13:49:47|tosca_opt]  DRESP_VOL_TOPO                            :    1830.1
(INFO    ) [13:49:47|tosca_opt]  DRESP_DISP1_ABS_MAX                       :   0.59870E-01
(INFO    ) [13:49:47|tosca_opt]  --------------------------------------------------------------------------
(INFO    ) [13:49:47|tosca_opt]  --------------------------------------------------------------------------
(INFO    ) [13:49:47|tosca_opt] | Report of OPTIMIZATION Results                                           |
(INFO    ) [13:49:47|tosca_opt]  --------------------------------------------------------------------------
(INFO    ) [13:49:47|tosca_opt]  DESIGN CYCLE                :  10
(INFO    ) [13:49:47|tosca_opt]  OPTIMIZE name               : TOPOLOGY_OPTIMIZATION
(INFO    ) [13:49:47|tosca_opt]  OBJ_FUNC name               : MIN_VOL
(INFO    ) [13:49:47|tosca_opt]  OBJ_FUNC value              :     1830.10
(INFO    ) [13:49:47|tosca_opt]  ==========================================================================
(INFO    ) [13:49:47|tosca_opt] |     Name of OBJ_FUNC_TERM      |   Value    |  Weight   |   Reference    |
(INFO    ) [13:49:47|tosca_opt]  ==========================================================================
(INFO    ) [13:49:47|tosca_opt] | DRESP_VOL_TOPO                 | 1830.1     | 1.0       | 0.0            |
(INFO    ) [13:49:47|tosca_opt]  ==========================================================================
(INFO    ) [13:49:47|tosca_opt] * SIMULIA Tosca Structure INFORMATION *
(INFO    ) [13:49:47|tosca_opt] Writing CONSTRAINTs with default normalization.
(INFO    ) [13:49:47|tosca_opt] For NORM value  <= 1.0   -->    CONSTRAINT is OK ( For all CONSTRAINT types )
(INFO    ) [13:49:47|tosca_opt]  ==========================================================================
(INFO    ) [13:49:47|tosca_opt] |  Name of CONSTRAINT  |  Act. Value  | Op.  | Target  |   Norm   | Status |
(INFO    ) [13:49:47|tosca_opt]  ==========================================================================
(INFO    ) [13:49:47|tosca_opt] | DISP_CONSTRAINT      | 5.98699e-2   | <=   | 6.e-2   | 0.997832 | TRUE   |
(INFO    ) [13:49:47|tosca_opt]  ==========================================================================
(INFO    ) [13:49:47|tosca_opt]  --------------------------------------------------------------------------
(INFO    ) [13:49:47|tosca_opt] | Some STOP CRITERIA NOT satisfied this iteration                          |
(INFO    ) [13:49:47|tosca_opt]  --------------------------------------------------------------------------
(INFO    ) [13:49:47|tosca_opt]  --------------------------------------------------------------------------
(INFO    ) [13:49:47|tosca_opt] | End of DESIGN CYCLE NUMBER: 10                                           |
(INFO    ) [13:49:47|tosca_opt]  --------------------------------------------------------------------------
(INFO    ) [13:49:48|tosca_opt] Application finished successfully
(INFO    ) [13:49:48|tosca_driver] Module SMATsoToscaOpt has finished with exit code 0
(INFO    ) [13:49:48|tosca_driver] Calling: /uufs/chpc.utah.edu/sys/installdir/abaqus/2025/linux_a64/code/bin/SMATrtOptResExportTool --loglevel INFO --cycle 10 --onf_output ON
(INFO    ) [13:49:48|opt_res_export_tool] SIMULIA Tosca Structure.opt_res_export_tool - version 3DEXPERIENCE R2025x - build R427 - 20240925T190012Z 64 bit
(INFO    ) [13:49:48|opt_res_export_tool] Extracting results from opt_res_database
(INFO    ) [13:49:48|opt_res_export_tool] SIMULIA Tosca Structure.opt_res_export_tool finished successfully
(INFO    ) [13:49:48|tosca_driver] Module SMATrtOptResExportTool has finished with exit code 0
(NOTICE  ) [13:49:48|tosca_driver] Design cycle 11 started on 2026-02-19
(NOTICE  ) [13:49:48|tosca_driver] Starting Abaqus analysis - design cycle 11
(INFO    ) [13:49:48|tosca_driver] Activating the solver
(INFO    ) [13:49:48|tosca_driver] Calling hooks before module abaqus
(INFO    ) [13:49:48|tosca_driver] Calling: /uufs/chpc.utah.edu/sys/installdir/abaqus/2025/linux_a64/code/bin/SMATsoAbaqusTsProvider -j airbeam_vol --cycle 11
(INFO    ) [13:49:48|hook] Timestamp file written successfully
(INFO    ) [13:49:48|tosca_driver] Module hook has finished with exit code 0
(INFO    ) [13:49:49|tosca_driver] Fe-solver abaqus finished with job airbeam_vol.inp
(INFO    ) [13:49:49|tosca_driver] Elapsed time (inc. overhead): 0:00:00.701067
(INFO    ) [13:49:49|tosca_driver] Elapsed time of abaqus : 0:00:00.754198  -  current time : 13:49:49.281749
(INFO    ) [13:49:49|tosca_driver] Solution complete
(INFO    ) [13:49:49|tosca_driver] Checking solver output file: /uufs/chpc.utah.edu/common/home/u6074059/Abaqus/paper_reproduction/experiment7/run_7b/airbeam_abq/airbeam_vol.msg
(INFO    ) [13:49:49|tosca_driver] Searching for success check string: "THE ANALYSIS HAS BEEN COMPLETED"
(INFO    ) [13:49:49|tosca_driver] Calling: /uufs/chpc.utah.edu/sys/installdir/abaqus/2025/linux_a64/code/bin/SMATsoOdbToVtmMain --solver abaqus --loglevel INFO --format_matrices sim --cycle 11 --perturbation 0 /uufs/chpc.utah.edu/common/home/u6074059/Abaqus/paper_reproduction/experiment7/run_7b/airbeam_abq/airbeam_vol
(INFO    ) [13:49:49|odb_to_vtm] SIMULIA Tosca Structure.odb_to_vtm - version 3DEXPERIENCE R2025x - build R427 - 20240925T190012Z 64 bit
(INFO    ) [13:49:49|odb_to_vtm] Reading Abaqus ODB output file /uufs/chpc.utah.edu/common/home/u6074059/Abaqus/paper_reproduction/experiment7/run_7b/airbeam_abq/airbeam_vol
(INFO    ) [13:49:49|odb_to_vtm] Reading results from the Abaqus result database /uufs/chpc.utah.edu/common/home/u6074059/Abaqus/paper_reproduction/experiment7/run_7b/airbeam_abq/airbeam_vol.odb
(INFO    ) [13:49:49|odb_to_vtm] SIMULIA Tosca Structure.odb_to_vtm finished successfully
(INFO    ) [13:49:49|tosca_driver] Module SMATsoOdbToVtmMain has finished with exit code 0
(NOTICE  ) [13:49:49|tosca_driver] Starting Tosca Structure optimization module - design cycle 11
(INFO    ) [13:49:49|tosca_driver] Calling: /uufs/chpc.utah.edu/sys/installdir/abaqus/2025/linux_a64/code/bin/SMATsoToscaOpt --loglevel INFO
(INFO    ) [13:49:49|tosca_opt] SIMULIA Tosca Structure.tosca_opt - version 3DEXPERIENCE R2025x - build R427 - 20240925T190012Z 64 bit
(INFO    ) [13:49:49|tosca_opt]  --------------------------------------------------------------------------
(INFO    ) [13:49:49|tosca_opt] |                ___  ___  __  __  _   _  _     ___    _                   |
(INFO    ) [13:49:49|tosca_opt] |               / __||_ _||  \/  || | | || |   |_ _|  /_\                  |
(INFO    ) [13:49:49|tosca_opt] |               \__ \ | | | |\/| || |_| || |__  | |  / _ \                 |
(INFO    ) [13:49:49|tosca_opt] |               |___/|___||_|  |_| \___/ |____||___|/_/ \_\                |
(INFO    ) [13:49:49|tosca_opt] |                        _____                                             |
(INFO    ) [13:49:49|tosca_opt] |                       |_   _|___  ___ __  __ _                           |
(INFO    ) [13:49:49|tosca_opt] |                         | | / _ \(_-</ _|/ _` |                          |
(INFO    ) [13:49:49|tosca_opt] |                         |_| \___//__/\__|\__,_|                          |
(INFO    ) [13:49:49|tosca_opt] |              ___  _                   _                                  |
(INFO    ) [13:49:49|tosca_opt] |             / __|| |_  _ _  _  _  __ | |_  _  _  _ _  ___                |
(INFO    ) [13:49:49|tosca_opt] |             \__ \|  _|| `_|| || |/ _||  _|| || || `_|/ -_)               |
(INFO    ) [13:49:49|tosca_opt] |             |___/ \__||_|   \_,_|\__| \__| \_,_||_|  \___|               |
(INFO    ) [13:49:49|tosca_opt] |                                                                          |
(INFO    ) [13:49:49|tosca_opt]  --------------------------------------------------------------------------
(INFO    ) [13:49:49|tosca_opt] | Version 3DEXPERIENCE R2025x                                              |
(INFO    ) [13:49:49|tosca_opt] | DATE:   2026-02-19                                                       |
(INFO    ) [13:49:49|tosca_opt]  --------------------------------------------------------------------------
(INFO    ) [13:49:50|tosca_opt]  --------------------------------------------------------------------------
(INFO    ) [13:49:50|tosca_opt] | Begin of DESIGN CYCLE NUMBER: 11                                         |
(INFO    ) [13:49:50|tosca_opt]  --------------------------------------------------------------------------
(INFO    ) [13:49:50|tosca_opt] Checking for existence of results
(INFO    ) [13:49:50|tosca_opt]  --------------------------------------------------------------------------
(INFO    ) [13:49:50|tosca_opt] | ANALYZE VALUE OF VARIABLES before OPTIMIZATION                           |
(INFO    ) [13:49:50|tosca_opt]  --------------------------------------------------------------------------
(INFO    ) [13:49:50|tosca_opt]  --------------------------------------------------------------------------
(INFO    ) [13:49:50|tosca_opt] | Convergence Criteria in Design Cycle 11                                  |
(INFO    ) [13:49:50|tosca_opt]  --------------------------------------------------------------------------
(INFO    ) [13:49:50|tosca_opt] Optimization converged. Both criteria checked.
(INFO    ) [13:49:50|tosca_opt] Local objective function criterion : NOT_FULFILLED (Actual change / target:    0.00578/   0.00100)
(INFO    ) [13:49:50|tosca_opt] Local design variables criterion   : NOT_FULFILLED (Actual change / target:    0.01270/   0.00500)
(INFO    ) [13:49:50|tosca_opt] Global stop criterion              : NOT_FULFILLED (Max number of design cycles :  80)
(INFO    ) [13:49:50|tosca_opt] 
(INFO    ) [13:49:50|tosca_opt]  --------------------------------------------------------------------------
(INFO    ) [13:49:50|tosca_opt] | ANALYZE VALUE OF VARIABLES after OPTIMIZATION                            |
(INFO    ) [13:49:50|tosca_opt]  --------------------------------------------------------------------------
(INFO    ) [13:49:50|tosca_opt]  --------------------------------------------------------------------------
(INFO    ) [13:49:50|tosca_opt] | VARIABLES and DESIGN RESPONSES                                           |
(INFO    ) [13:49:50|tosca_opt]  --------------------------------------------------------------------------
(INFO    ) [13:49:50|tosca_opt]  DRESP_SUM_ENERGY                          :    2.3620
(INFO    ) [13:49:50|tosca_opt]  DRESP_VOL_TOPO                            :    1820.5
(INFO    ) [13:49:50|tosca_opt]  DRESP_DISP1_ABS_MAX                       :   0.59844E-01
(INFO    ) [13:49:50|tosca_opt]  --------------------------------------------------------------------------
(INFO    ) [13:49:50|tosca_opt]  --------------------------------------------------------------------------
(INFO    ) [13:49:50|tosca_opt] | Report of OPTIMIZATION Results                                           |
(INFO    ) [13:49:50|tosca_opt]  --------------------------------------------------------------------------
(INFO    ) [13:49:50|tosca_opt]  DESIGN CYCLE                :  11
(INFO    ) [13:49:50|tosca_opt]  OPTIMIZE name               : TOPOLOGY_OPTIMIZATION
(INFO    ) [13:49:50|tosca_opt]  OBJ_FUNC name               : MIN_VOL
(INFO    ) [13:49:50|tosca_opt]  OBJ_FUNC value              :     1820.51
(INFO    ) [13:49:50|tosca_opt]  ==========================================================================
(INFO    ) [13:49:50|tosca_opt] |     Name of OBJ_FUNC_TERM      |   Value    |   Weight   |   Reference   |
(INFO    ) [13:49:50|tosca_opt]  ==========================================================================
(INFO    ) [13:49:50|tosca_opt] | DRESP_VOL_TOPO                 | 1820.51    | 1.0        | 0.0           |
(INFO    ) [13:49:50|tosca_opt]  ==========================================================================
(INFO    ) [13:49:50|tosca_opt] * SIMULIA Tosca Structure INFORMATION *
(INFO    ) [13:49:50|tosca_opt] Writing CONSTRAINTs with default normalization.
(INFO    ) [13:49:50|tosca_opt] For NORM value  <= 1.0   -->    CONSTRAINT is OK ( For all CONSTRAINT types )
(INFO    ) [13:49:50|tosca_opt]  ==========================================================================
(INFO    ) [13:49:50|tosca_opt] |  Name of CONSTRAINT  |  Act. Value  | Op. | Target  |   Norm   | Status  |
(INFO    ) [13:49:50|tosca_opt]  ==========================================================================
(INFO    ) [13:49:50|tosca_opt] | DISP_CONSTRAINT      | 5.9844e-2    | <=  | 6.e-2   | 0.9974   | TRUE    |
(INFO    ) [13:49:50|tosca_opt]  ==========================================================================
(INFO    ) [13:49:51|tosca_opt]  --------------------------------------------------------------------------
(INFO    ) [13:49:51|tosca_opt] | Some STOP CRITERIA NOT satisfied this iteration                          |
(INFO    ) [13:49:51|tosca_opt]  --------------------------------------------------------------------------
(INFO    ) [13:49:51|tosca_opt]  --------------------------------------------------------------------------
(INFO    ) [13:49:51|tosca_opt] | End of DESIGN CYCLE NUMBER: 11                                           |
(INFO    ) [13:49:51|tosca_opt]  --------------------------------------------------------------------------
(INFO    ) [13:49:51|tosca_opt] Application finished successfully
(INFO    ) [13:49:51|tosca_driver] Module SMATsoToscaOpt has finished with exit code 0
(INFO    ) [13:49:51|tosca_driver] Calling: /uufs/chpc.utah.edu/sys/installdir/abaqus/2025/linux_a64/code/bin/SMATrtOptResExportTool --loglevel INFO --cycle 11 --onf_output ON
(INFO    ) [13:49:51|opt_res_export_tool] SIMULIA Tosca Structure.opt_res_export_tool - version 3DEXPERIENCE R2025x - build R427 - 20240925T190012Z 64 bit
(INFO    ) [13:49:51|opt_res_export_tool] Extracting results from opt_res_database
(INFO    ) [13:49:52|opt_res_export_tool] SIMULIA Tosca Structure.opt_res_export_tool finished successfully
(INFO    ) [13:49:52|tosca_driver] Module SMATrtOptResExportTool has finished with exit code 0
(NOTICE  ) [13:49:52|tosca_driver] Design cycle 12 started on 2026-02-19
(NOTICE  ) [13:49:52|tosca_driver] Starting Abaqus analysis - design cycle 12
(INFO    ) [13:49:52|tosca_driver] Activating the solver
(INFO    ) [13:49:52|tosca_driver] Calling hooks before module abaqus
(INFO    ) [13:49:52|tosca_driver] Calling: /uufs/chpc.utah.edu/sys/installdir/abaqus/2025/linux_a64/code/bin/SMATsoAbaqusTsProvider -j airbeam_vol --cycle 12
(INFO    ) [13:49:52|hook] Timestamp file written successfully
(INFO    ) [13:49:52|tosca_driver] Module hook has finished with exit code 0
(INFO    ) [13:49:53|tosca_driver] Fe-solver abaqus finished with job airbeam_vol.inp
(INFO    ) [13:49:53|tosca_driver] Elapsed time (inc. overhead): 0:00:00.801128
(INFO    ) [13:49:53|tosca_driver] Elapsed time of abaqus : 0:00:00.866207  -  current time : 13:49:53.103673
(INFO    ) [13:49:53|tosca_driver] Solution complete
(INFO    ) [13:49:53|tosca_driver] Checking solver output file: /uufs/chpc.utah.edu/common/home/u6074059/Abaqus/paper_reproduction/experiment7/run_7b/airbeam_abq/airbeam_vol.msg
(INFO    ) [13:49:53|tosca_driver] Searching for success check string: "THE ANALYSIS HAS BEEN COMPLETED"
(INFO    ) [13:49:53|tosca_driver] Calling: /uufs/chpc.utah.edu/sys/installdir/abaqus/2025/linux_a64/code/bin/SMATsoOdbToVtmMain --solver abaqus --loglevel INFO --format_matrices sim --cycle 12 --perturbation 0 /uufs/chpc.utah.edu/common/home/u6074059/Abaqus/paper_reproduction/experiment7/run_7b/airbeam_abq/airbeam_vol
(INFO    ) [13:49:53|odb_to_vtm] SIMULIA Tosca Structure.odb_to_vtm - version 3DEXPERIENCE R2025x - build R427 - 20240925T190012Z 64 bit
(INFO    ) [13:49:53|odb_to_vtm] Reading Abaqus ODB output file /uufs/chpc.utah.edu/common/home/u6074059/Abaqus/paper_reproduction/experiment7/run_7b/airbeam_abq/airbeam_vol
(INFO    ) [13:49:53|odb_to_vtm] Reading results from the Abaqus result database /uufs/chpc.utah.edu/common/home/u6074059/Abaqus/paper_reproduction/experiment7/run_7b/airbeam_abq/airbeam_vol.odb
(INFO    ) [13:49:53|odb_to_vtm] SIMULIA Tosca Structure.odb_to_vtm finished successfully
(INFO    ) [13:49:53|tosca_driver] Module SMATsoOdbToVtmMain has finished with exit code 0
(NOTICE  ) [13:49:53|tosca_driver] Starting Tosca Structure optimization module - design cycle 12
(INFO    ) [13:49:53|tosca_driver] Calling: /uufs/chpc.utah.edu/sys/installdir/abaqus/2025/linux_a64/code/bin/SMATsoToscaOpt --loglevel INFO
(INFO    ) [13:49:53|tosca_opt] SIMULIA Tosca Structure.tosca_opt - version 3DEXPERIENCE R2025x - build R427 - 20240925T190012Z 64 bit
(INFO    ) [13:49:53|tosca_opt]  --------------------------------------------------------------------------
(INFO    ) [13:49:53|tosca_opt] |                ___  ___  __  __  _   _  _     ___    _                   |
(INFO    ) [13:49:53|tosca_opt] |               / __||_ _||  \/  || | | || |   |_ _|  /_\                  |
(INFO    ) [13:49:53|tosca_opt] |               \__ \ | | | |\/| || |_| || |__  | |  / _ \                 |
(INFO    ) [13:49:53|tosca_opt] |               |___/|___||_|  |_| \___/ |____||___|/_/ \_\                |
(INFO    ) [13:49:53|tosca_opt] |                        _____                                             |
(INFO    ) [13:49:53|tosca_opt] |                       |_   _|___  ___ __  __ _                           |
(INFO    ) [13:49:53|tosca_opt] |                         | | / _ \(_-</ _|/ _` |                          |
(INFO    ) [13:49:53|tosca_opt] |                         |_| \___//__/\__|\__,_|                          |
(INFO    ) [13:49:53|tosca_opt] |              ___  _                   _                                  |
(INFO    ) [13:49:53|tosca_opt] |             / __|| |_  _ _  _  _  __ | |_  _  _  _ _  ___                |
(INFO    ) [13:49:53|tosca_opt] |             \__ \|  _|| `_|| || |/ _||  _|| || || `_|/ -_)               |
(INFO    ) [13:49:53|tosca_opt] |             |___/ \__||_|   \_,_|\__| \__| \_,_||_|  \___|               |
(INFO    ) [13:49:53|tosca_opt] |                                                                          |
(INFO    ) [13:49:53|tosca_opt]  --------------------------------------------------------------------------
(INFO    ) [13:49:53|tosca_opt] | Version 3DEXPERIENCE R2025x                                              |
(INFO    ) [13:49:53|tosca_opt] | DATE:   2026-02-19                                                       |
(INFO    ) [13:49:53|tosca_opt]  --------------------------------------------------------------------------
(INFO    ) [13:49:54|tosca_opt]  --------------------------------------------------------------------------
(INFO    ) [13:49:54|tosca_opt] | Begin of DESIGN CYCLE NUMBER: 12                                         |
(INFO    ) [13:49:54|tosca_opt]  --------------------------------------------------------------------------
(INFO    ) [13:49:54|tosca_opt] Checking for existence of results
(INFO    ) [13:49:54|tosca_opt]  --------------------------------------------------------------------------
(INFO    ) [13:49:54|tosca_opt] | ANALYZE VALUE OF VARIABLES before OPTIMIZATION                           |
(INFO    ) [13:49:54|tosca_opt]  --------------------------------------------------------------------------
(INFO    ) [13:49:54|tosca_opt]  --------------------------------------------------------------------------
(INFO    ) [13:49:54|tosca_opt] | Convergence Criteria in Design Cycle 12                                  |
(INFO    ) [13:49:54|tosca_opt]  --------------------------------------------------------------------------
(INFO    ) [13:49:54|tosca_opt] Optimization converged. Both criteria checked.
(INFO    ) [13:49:54|tosca_opt] Local objective function criterion : NOT_FULFILLED (Actual change / target:    0.00639/   0.00100)
(INFO    ) [13:49:54|tosca_opt] Local design variables criterion   : NOT_FULFILLED (Actual change / target:    0.01335/   0.00500)
(INFO    ) [13:49:54|tosca_opt] Global stop criterion              : NOT_FULFILLED (Max number of design cycles :  80)
(INFO    ) [13:49:54|tosca_opt] 
(INFO    ) [13:49:54|tosca_opt]  --------------------------------------------------------------------------
(INFO    ) [13:49:54|tosca_opt] | ANALYZE VALUE OF VARIABLES after OPTIMIZATION                            |
(INFO    ) [13:49:54|tosca_opt]  --------------------------------------------------------------------------
(INFO    ) [13:49:54|tosca_opt]  --------------------------------------------------------------------------
(INFO    ) [13:49:54|tosca_opt] | VARIABLES and DESIGN RESPONSES                                           |
(INFO    ) [13:49:54|tosca_opt]  --------------------------------------------------------------------------
(INFO    ) [13:49:54|tosca_opt]  DRESP_SUM_ENERGY                          :    2.3599
(INFO    ) [13:49:54|tosca_opt]  DRESP_VOL_TOPO                            :    1810.0
(INFO    ) [13:49:54|tosca_opt]  DRESP_DISP1_ABS_MAX                       :   0.59781E-01
(INFO    ) [13:49:54|tosca_opt]  --------------------------------------------------------------------------
(INFO    ) [13:49:54|tosca_opt]  --------------------------------------------------------------------------
(INFO    ) [13:49:54|tosca_opt] | Report of OPTIMIZATION Results                                           |
(INFO    ) [13:49:54|tosca_opt]  --------------------------------------------------------------------------
(INFO    ) [13:49:54|tosca_opt]  DESIGN CYCLE                :  12
(INFO    ) [13:49:54|tosca_opt]  OPTIMIZE name               : TOPOLOGY_OPTIMIZATION
(INFO    ) [13:49:54|tosca_opt]  OBJ_FUNC name               : MIN_VOL
(INFO    ) [13:49:54|tosca_opt]  OBJ_FUNC value              :     1809.97
(INFO    ) [13:49:54|tosca_opt]  ==========================================================================
(INFO    ) [13:49:54|tosca_opt] |     Name of OBJ_FUNC_TERM      |   Value    |   Weight   |   Reference   |
(INFO    ) [13:49:54|tosca_opt]  ==========================================================================
(INFO    ) [13:49:54|tosca_opt] | DRESP_VOL_TOPO                 | 1809.97    | 1.0        | 0.0           |
(INFO    ) [13:49:54|tosca_opt]  ==========================================================================
(INFO    ) [13:49:54|tosca_opt] * SIMULIA Tosca Structure INFORMATION *
(INFO    ) [13:49:54|tosca_opt] Writing CONSTRAINTs with default normalization.
(INFO    ) [13:49:54|tosca_opt] For NORM value  <= 1.0   -->    CONSTRAINT is OK ( For all CONSTRAINT types )
(INFO    ) [13:49:54|tosca_opt]  ==========================================================================
(INFO    ) [13:49:54|tosca_opt] |  Name of CONSTRAINT  |  Act. Value  | Op.  | Target  |   Norm   | Status |
(INFO    ) [13:49:54|tosca_opt]  ==========================================================================
(INFO    ) [13:49:54|tosca_opt] | DISP_CONSTRAINT      | 5.97813e-2   | <=   | 6.e-2   | 0.996354 | TRUE   |
(INFO    ) [13:49:54|tosca_opt]  ==========================================================================
(INFO    ) [13:49:55|tosca_opt]  --------------------------------------------------------------------------
(INFO    ) [13:49:55|tosca_opt] | Some STOP CRITERIA NOT satisfied this iteration                          |
(INFO    ) [13:49:55|tosca_opt]  --------------------------------------------------------------------------
(INFO    ) [13:49:55|tosca_opt]  --------------------------------------------------------------------------
(INFO    ) [13:49:55|tosca_opt] | End of DESIGN CYCLE NUMBER: 12                                           |
(INFO    ) [13:49:55|tosca_opt]  --------------------------------------------------------------------------
(INFO    ) [13:49:55|tosca_opt] Application finished successfully
(INFO    ) [13:49:55|tosca_driver] Module SMATsoToscaOpt has finished with exit code 0
(INFO    ) [13:49:55|tosca_driver] Calling: /uufs/chpc.utah.edu/sys/installdir/abaqus/2025/linux_a64/code/bin/SMATrtOptResExportTool --loglevel INFO --cycle 12 --onf_output ON
(INFO    ) [13:49:55|opt_res_export_tool] SIMULIA Tosca Structure.opt_res_export_tool - version 3DEXPERIENCE R2025x - build R427 - 20240925T190012Z 64 bit
(INFO    ) [13:49:55|opt_res_export_tool] Extracting results from opt_res_database
(INFO    ) [13:49:55|opt_res_export_tool] SIMULIA Tosca Structure.opt_res_export_tool finished successfully
(INFO    ) [13:49:55|tosca_driver] Module SMATrtOptResExportTool has finished with exit code 0
(NOTICE  ) [13:49:55|tosca_driver] Design cycle 13 started on 2026-02-19
(NOTICE  ) [13:49:55|tosca_driver] Starting Abaqus analysis - design cycle 13
(INFO    ) [13:49:55|tosca_driver] Activating the solver
(INFO    ) [13:49:55|tosca_driver] Calling hooks before module abaqus
(INFO    ) [13:49:55|tosca_driver] Calling: /uufs/chpc.utah.edu/sys/installdir/abaqus/2025/linux_a64/code/bin/SMATsoAbaqusTsProvider -j airbeam_vol --cycle 13
(INFO    ) [13:49:55|hook] Timestamp file written successfully
(INFO    ) [13:49:55|tosca_driver] Module hook has finished with exit code 0
(INFO    ) [13:49:56|tosca_driver] Fe-solver abaqus finished with job airbeam_vol.inp
(INFO    ) [13:49:56|tosca_driver] Elapsed time (inc. overhead): 0:00:01.001472
(INFO    ) [13:49:56|tosca_driver] Elapsed time of abaqus : 0:00:01.052180  -  current time : 13:49:56.876039
(INFO    ) [13:49:56|tosca_driver] Solution complete
(INFO    ) [13:49:56|tosca_driver] Checking solver output file: /uufs/chpc.utah.edu/common/home/u6074059/Abaqus/paper_reproduction/experiment7/run_7b/airbeam_abq/airbeam_vol.msg
(INFO    ) [13:49:56|tosca_driver] Searching for success check string: "THE ANALYSIS HAS BEEN COMPLETED"
(INFO    ) [13:49:56|tosca_driver] Calling: /uufs/chpc.utah.edu/sys/installdir/abaqus/2025/linux_a64/code/bin/SMATsoOdbToVtmMain --solver abaqus --loglevel INFO --format_matrices sim --cycle 13 --perturbation 0 /uufs/chpc.utah.edu/common/home/u6074059/Abaqus/paper_reproduction/experiment7/run_7b/airbeam_abq/airbeam_vol
(INFO    ) [13:49:56|odb_to_vtm] SIMULIA Tosca Structure.odb_to_vtm - version 3DEXPERIENCE R2025x - build R427 - 20240925T190012Z 64 bit
(INFO    ) [13:49:57|odb_to_vtm] Reading Abaqus ODB output file /uufs/chpc.utah.edu/common/home/u6074059/Abaqus/paper_reproduction/experiment7/run_7b/airbeam_abq/airbeam_vol
(INFO    ) [13:49:57|odb_to_vtm] Reading results from the Abaqus result database /uufs/chpc.utah.edu/common/home/u6074059/Abaqus/paper_reproduction/experiment7/run_7b/airbeam_abq/airbeam_vol.odb
(INFO    ) [13:49:57|odb_to_vtm] SIMULIA Tosca Structure.odb_to_vtm finished successfully
(INFO    ) [13:49:57|tosca_driver] Module SMATsoOdbToVtmMain has finished with exit code 0
(NOTICE  ) [13:49:57|tosca_driver] Starting Tosca Structure optimization module - design cycle 13
(INFO    ) [13:49:57|tosca_driver] Calling: /uufs/chpc.utah.edu/sys/installdir/abaqus/2025/linux_a64/code/bin/SMATsoToscaOpt --loglevel INFO
(INFO    ) [13:49:57|tosca_opt] SIMULIA Tosca Structure.tosca_opt - version 3DEXPERIENCE R2025x - build R427 - 20240925T190012Z 64 bit
(INFO    ) [13:49:57|tosca_opt]  --------------------------------------------------------------------------
(INFO    ) [13:49:57|tosca_opt] |                ___  ___  __  __  _   _  _     ___    _                   |
(INFO    ) [13:49:57|tosca_opt] |               / __||_ _||  \/  || | | || |   |_ _|  /_\                  |
(INFO    ) [13:49:57|tosca_opt] |               \__ \ | | | |\/| || |_| || |__  | |  / _ \                 |
(INFO    ) [13:49:57|tosca_opt] |               |___/|___||_|  |_| \___/ |____||___|/_/ \_\                |
(INFO    ) [13:49:57|tosca_opt] |                        _____                                             |
(INFO    ) [13:49:57|tosca_opt] |                       |_   _|___  ___ __  __ _                           |
(INFO    ) [13:49:57|tosca_opt] |                         | | / _ \(_-</ _|/ _` |                          |
(INFO    ) [13:49:57|tosca_opt] |                         |_| \___//__/\__|\__,_|                          |
(INFO    ) [13:49:57|tosca_opt] |              ___  _                   _                                  |
(INFO    ) [13:49:57|tosca_opt] |             / __|| |_  _ _  _  _  __ | |_  _  _  _ _  ___                |
(INFO    ) [13:49:57|tosca_opt] |             \__ \|  _|| `_|| || |/ _||  _|| || || `_|/ -_)               |
(INFO    ) [13:49:57|tosca_opt] |             |___/ \__||_|   \_,_|\__| \__| \_,_||_|  \___|               |
(INFO    ) [13:49:57|tosca_opt] |                                                                          |
(INFO    ) [13:49:57|tosca_opt]  --------------------------------------------------------------------------
(INFO    ) [13:49:57|tosca_opt] | Version 3DEXPERIENCE R2025x                                              |
(INFO    ) [13:49:57|tosca_opt] | DATE:   2026-02-19                                                       |
(INFO    ) [13:49:57|tosca_opt]  --------------------------------------------------------------------------
(INFO    ) [13:49:57|tosca_opt]  --------------------------------------------------------------------------
(INFO    ) [13:49:57|tosca_opt] | Begin of DESIGN CYCLE NUMBER: 13                                         |
(INFO    ) [13:49:57|tosca_opt]  --------------------------------------------------------------------------
(INFO    ) [13:49:57|tosca_opt] Checking for existence of results
(INFO    ) [13:49:57|tosca_opt]  --------------------------------------------------------------------------
(INFO    ) [13:49:57|tosca_opt] | ANALYZE VALUE OF VARIABLES before OPTIMIZATION                           |
(INFO    ) [13:49:57|tosca_opt]  --------------------------------------------------------------------------
(INFO    ) [13:49:57|tosca_opt]  --------------------------------------------------------------------------
(INFO    ) [13:49:57|tosca_opt] | Convergence Criteria in Design Cycle 13                                  |
(INFO    ) [13:49:57|tosca_opt]  --------------------------------------------------------------------------
(INFO    ) [13:49:57|tosca_opt] Optimization converged. Both criteria checked.
(INFO    ) [13:49:57|tosca_opt] Local objective function criterion : NOT_FULFILLED (Actual change / target:    0.00779/   0.00100)
(INFO    ) [13:49:57|tosca_opt] Local design variables criterion   : NOT_FULFILLED (Actual change / target:    0.01382/   0.00500)
(INFO    ) [13:49:57|tosca_opt] Global stop criterion              : NOT_FULFILLED (Max number of design cycles :  80)
(INFO    ) [13:49:57|tosca_opt] 
(INFO    ) [13:49:58|tosca_opt]  --------------------------------------------------------------------------
(INFO    ) [13:49:58|tosca_opt] | ANALYZE VALUE OF VARIABLES after OPTIMIZATION                            |
(INFO    ) [13:49:58|tosca_opt]  --------------------------------------------------------------------------
(INFO    ) [13:49:58|tosca_opt]  --------------------------------------------------------------------------
(INFO    ) [13:49:58|tosca_opt] | VARIABLES and DESIGN RESPONSES                                           |
(INFO    ) [13:49:58|tosca_opt]  --------------------------------------------------------------------------
(INFO    ) [13:49:58|tosca_opt]  DRESP_SUM_ENERGY                          :    2.3584
(INFO    ) [13:49:58|tosca_opt]  DRESP_VOL_TOPO                            :    1797.2
(INFO    ) [13:49:58|tosca_opt]  DRESP_DISP1_ABS_MAX                       :   0.59734E-01
(INFO    ) [13:49:58|tosca_opt]  --------------------------------------------------------------------------
(INFO    ) [13:49:58|tosca_opt]  --------------------------------------------------------------------------
(INFO    ) [13:49:58|tosca_opt] | Report of OPTIMIZATION Results                                           |
(INFO    ) [13:49:58|tosca_opt]  --------------------------------------------------------------------------
(INFO    ) [13:49:58|tosca_opt]  DESIGN CYCLE                :  13
(INFO    ) [13:49:58|tosca_opt]  OPTIMIZE name               : TOPOLOGY_OPTIMIZATION
(INFO    ) [13:49:58|tosca_opt]  OBJ_FUNC name               : MIN_VOL
(INFO    ) [13:49:58|tosca_opt]  OBJ_FUNC value              :     1797.24
(INFO    ) [13:49:58|tosca_opt]  ==========================================================================
(INFO    ) [13:49:58|tosca_opt] |     Name of OBJ_FUNC_TERM      |   Value    |   Weight   |   Reference   |
(INFO    ) [13:49:58|tosca_opt]  ==========================================================================
(INFO    ) [13:49:58|tosca_opt] | DRESP_VOL_TOPO                 | 1797.24    | 1.0        | 0.0           |
(INFO    ) [13:49:58|tosca_opt]  ==========================================================================
(INFO    ) [13:49:58|tosca_opt] * SIMULIA Tosca Structure INFORMATION *
(INFO    ) [13:49:58|tosca_opt] Writing CONSTRAINTs with default normalization.
(INFO    ) [13:49:58|tosca_opt] For NORM value  <= 1.0   -->    CONSTRAINT is OK ( For all CONSTRAINT types )
(INFO    ) [13:49:58|tosca_opt]  ==========================================================================
(INFO    ) [13:49:58|tosca_opt] |  Name of CONSTRAINT  |  Act. Value  | Op.  | Target  |   Norm   | Status |
(INFO    ) [13:49:58|tosca_opt]  ==========================================================================
(INFO    ) [13:49:58|tosca_opt] | DISP_CONSTRAINT      | 5.97344e-2   | <=   | 6.e-2   | 0.995574 | TRUE   |
(INFO    ) [13:49:58|tosca_opt]  ==========================================================================
(INFO    ) [13:49:58|tosca_opt]  --------------------------------------------------------------------------
(INFO    ) [13:49:58|tosca_opt] | Some STOP CRITERIA NOT satisfied this iteration                          |
(INFO    ) [13:49:58|tosca_opt]  --------------------------------------------------------------------------
(INFO    ) [13:49:59|tosca_opt]  --------------------------------------------------------------------------
(INFO    ) [13:49:59|tosca_opt] | End of DESIGN CYCLE NUMBER: 13                                           |
(INFO    ) [13:49:59|tosca_opt]  --------------------------------------------------------------------------
(INFO    ) [13:49:59|tosca_opt] Application finished successfully
(INFO    ) [13:49:59|tosca_driver] Module SMATsoToscaOpt has finished with exit code 0
(INFO    ) [13:49:59|tosca_driver] Calling: /uufs/chpc.utah.edu/sys/installdir/abaqus/2025/linux_a64/code/bin/SMATrtOptResExportTool --loglevel INFO --cycle 13 --onf_output ON
(INFO    ) [13:49:59|opt_res_export_tool] SIMULIA Tosca Structure.opt_res_export_tool - version 3DEXPERIENCE R2025x - build R427 - 20240925T190012Z 64 bit
(INFO    ) [13:49:59|opt_res_export_tool] Extracting results from opt_res_database
(INFO    ) [13:49:59|opt_res_export_tool] SIMULIA Tosca Structure.opt_res_export_tool finished successfully
(INFO    ) [13:49:59|tosca_driver] Module SMATrtOptResExportTool has finished with exit code 0
(NOTICE  ) [13:49:59|tosca_driver] Design cycle 14 started on 2026-02-19
(NOTICE  ) [13:49:59|tosca_driver] Starting Abaqus analysis - design cycle 14
(INFO    ) [13:49:59|tosca_driver] Activating the solver
(INFO    ) [13:49:59|tosca_driver] Calling hooks before module abaqus
(INFO    ) [13:49:59|tosca_driver] Calling: /uufs/chpc.utah.edu/sys/installdir/abaqus/2025/linux_a64/code/bin/SMATsoAbaqusTsProvider -j airbeam_vol --cycle 14
(INFO    ) [13:49:59|hook] Timestamp file written successfully
(INFO    ) [13:49:59|tosca_driver] Module hook has finished with exit code 0
(INFO    ) [13:50:00|tosca_driver] Fe-solver abaqus finished with job airbeam_vol.inp
(INFO    ) [13:50:00|tosca_driver] Elapsed time (inc. overhead): 0:00:00.701071
(INFO    ) [13:50:00|tosca_driver] Elapsed time of abaqus : 0:00:00.754261  -  current time : 13:50:00.440955
(INFO    ) [13:50:00|tosca_driver] Solution complete
(INFO    ) [13:50:00|tosca_driver] Checking solver output file: /uufs/chpc.utah.edu/common/home/u6074059/Abaqus/paper_reproduction/experiment7/run_7b/airbeam_abq/airbeam_vol.msg
(INFO    ) [13:50:00|tosca_driver] Searching for success check string: "THE ANALYSIS HAS BEEN COMPLETED"
(INFO    ) [13:50:00|tosca_driver] Calling: /uufs/chpc.utah.edu/sys/installdir/abaqus/2025/linux_a64/code/bin/SMATsoOdbToVtmMain --solver abaqus --loglevel INFO --format_matrices sim --cycle 14 --perturbation 0 /uufs/chpc.utah.edu/common/home/u6074059/Abaqus/paper_reproduction/experiment7/run_7b/airbeam_abq/airbeam_vol
(INFO    ) [13:50:00|odb_to_vtm] SIMULIA Tosca Structure.odb_to_vtm - version 3DEXPERIENCE R2025x - build R427 - 20240925T190012Z 64 bit
(INFO    ) [13:50:00|odb_to_vtm] Reading Abaqus ODB output file /uufs/chpc.utah.edu/common/home/u6074059/Abaqus/paper_reproduction/experiment7/run_7b/airbeam_abq/airbeam_vol
(INFO    ) [13:50:00|odb_to_vtm] Reading results from the Abaqus result database /uufs/chpc.utah.edu/common/home/u6074059/Abaqus/paper_reproduction/experiment7/run_7b/airbeam_abq/airbeam_vol.odb
(INFO    ) [13:50:00|odb_to_vtm] SIMULIA Tosca Structure.odb_to_vtm finished successfully
(INFO    ) [13:50:00|tosca_driver] Module SMATsoOdbToVtmMain has finished with exit code 0
(NOTICE  ) [13:50:00|tosca_driver] Starting Tosca Structure optimization module - design cycle 14
(INFO    ) [13:50:00|tosca_driver] Calling: /uufs/chpc.utah.edu/sys/installdir/abaqus/2025/linux_a64/code/bin/SMATsoToscaOpt --loglevel INFO
(INFO    ) [13:50:00|tosca_opt] SIMULIA Tosca Structure.tosca_opt - version 3DEXPERIENCE R2025x - build R427 - 20240925T190012Z 64 bit
(INFO    ) [13:50:00|tosca_opt]  --------------------------------------------------------------------------
(INFO    ) [13:50:00|tosca_opt] |                ___  ___  __  __  _   _  _     ___    _                   |
(INFO    ) [13:50:00|tosca_opt] |               / __||_ _||  \/  || | | || |   |_ _|  /_\                  |
(INFO    ) [13:50:00|tosca_opt] |               \__ \ | | | |\/| || |_| || |__  | |  / _ \                 |
(INFO    ) [13:50:00|tosca_opt] |               |___/|___||_|  |_| \___/ |____||___|/_/ \_\                |
(INFO    ) [13:50:00|tosca_opt] |                        _____                                             |
(INFO    ) [13:50:00|tosca_opt] |                       |_   _|___  ___ __  __ _                           |
(INFO    ) [13:50:00|tosca_opt] |                         | | / _ \(_-</ _|/ _` |                          |
(INFO    ) [13:50:00|tosca_opt] |                         |_| \___//__/\__|\__,_|                          |
(INFO    ) [13:50:00|tosca_opt] |              ___  _                   _                                  |
(INFO    ) [13:50:00|tosca_opt] |             / __|| |_  _ _  _  _  __ | |_  _  _  _ _  ___                |
(INFO    ) [13:50:00|tosca_opt] |             \__ \|  _|| `_|| || |/ _||  _|| || || `_|/ -_)               |
(INFO    ) [13:50:00|tosca_opt] |             |___/ \__||_|   \_,_|\__| \__| \_,_||_|  \___|               |
(INFO    ) [13:50:00|tosca_opt] |                                                                          |
(INFO    ) [13:50:00|tosca_opt]  --------------------------------------------------------------------------
(INFO    ) [13:50:00|tosca_opt] | Version 3DEXPERIENCE R2025x                                              |
(INFO    ) [13:50:00|tosca_opt] | DATE:   2026-02-19                                                       |
(INFO    ) [13:50:00|tosca_opt]  --------------------------------------------------------------------------
(INFO    ) [13:50:01|tosca_opt]  --------------------------------------------------------------------------
(INFO    ) [13:50:01|tosca_opt] | Begin of DESIGN CYCLE NUMBER: 14                                         |
(INFO    ) [13:50:01|tosca_opt]  --------------------------------------------------------------------------
(INFO    ) [13:50:01|tosca_opt] Checking for existence of results
(INFO    ) [13:50:01|tosca_opt]  --------------------------------------------------------------------------
(INFO    ) [13:50:01|tosca_opt] | ANALYZE VALUE OF VARIABLES before OPTIMIZATION                           |
(INFO    ) [13:50:01|tosca_opt]  --------------------------------------------------------------------------
(INFO    ) [13:50:01|tosca_opt]  --------------------------------------------------------------------------
(INFO    ) [13:50:01|tosca_opt] | Convergence Criteria in Design Cycle 14                                  |
(INFO    ) [13:50:01|tosca_opt]  --------------------------------------------------------------------------
(INFO    ) [13:50:01|tosca_opt] Optimization converged. Both criteria checked.
(INFO    ) [13:50:01|tosca_opt] Local objective function criterion : NOT_FULFILLED (Actual change / target:    0.00644/   0.00100)
(INFO    ) [13:50:01|tosca_opt] Local design variables criterion   : NOT_FULFILLED (Actual change / target:    0.01225/   0.00500)
(INFO    ) [13:50:01|tosca_opt] Global stop criterion              : NOT_FULFILLED (Max number of design cycles :  80)
(INFO    ) [13:50:01|tosca_opt] 
(INFO    ) [13:50:01|tosca_opt]  --------------------------------------------------------------------------
(INFO    ) [13:50:01|tosca_opt] | ANALYZE VALUE OF VARIABLES after OPTIMIZATION                            |
(INFO    ) [13:50:01|tosca_opt]  --------------------------------------------------------------------------
(INFO    ) [13:50:01|tosca_opt]  --------------------------------------------------------------------------
(INFO    ) [13:50:01|tosca_opt] | VARIABLES and DESIGN RESPONSES                                           |
(INFO    ) [13:50:01|tosca_opt]  --------------------------------------------------------------------------
(INFO    ) [13:50:01|tosca_opt]  DRESP_SUM_ENERGY                          :    2.3597
(INFO    ) [13:50:01|tosca_opt]  DRESP_VOL_TOPO                            :    1786.8
(INFO    ) [13:50:01|tosca_opt]  DRESP_DISP1_ABS_MAX                       :   0.59756E-01
(INFO    ) [13:50:01|tosca_opt]  --------------------------------------------------------------------------
(INFO    ) [13:50:01|tosca_opt]  --------------------------------------------------------------------------
(INFO    ) [13:50:01|tosca_opt] | Report of OPTIMIZATION Results                                           |
(INFO    ) [13:50:01|tosca_opt]  --------------------------------------------------------------------------
(INFO    ) [13:50:01|tosca_opt]  DESIGN CYCLE                :  14
(INFO    ) [13:50:01|tosca_opt]  OPTIMIZE name               : TOPOLOGY_OPTIMIZATION
(INFO    ) [13:50:01|tosca_opt]  OBJ_FUNC name               : MIN_VOL
(INFO    ) [13:50:01|tosca_opt]  OBJ_FUNC value              :     1786.78
(INFO    ) [13:50:01|tosca_opt]  ==========================================================================
(INFO    ) [13:50:01|tosca_opt] |     Name of OBJ_FUNC_TERM      |   Value    |   Weight   |   Reference   |
(INFO    ) [13:50:01|tosca_opt]  ==========================================================================
(INFO    ) [13:50:01|tosca_opt] | DRESP_VOL_TOPO                 | 1786.78    | 1.0        | 0.0           |
(INFO    ) [13:50:01|tosca_opt]  ==========================================================================
(INFO    ) [13:50:01|tosca_opt] * SIMULIA Tosca Structure INFORMATION *
(INFO    ) [13:50:01|tosca_opt] Writing CONSTRAINTs with default normalization.
(INFO    ) [13:50:01|tosca_opt] For NORM value  <= 1.0   -->    CONSTRAINT is OK ( For all CONSTRAINT types )
(INFO    ) [13:50:01|tosca_opt]  ==========================================================================
(INFO    ) [13:50:01|tosca_opt] |  Name of CONSTRAINT  |  Act. Value  | Op.  | Target  |   Norm   | Status |
(INFO    ) [13:50:01|tosca_opt]  ==========================================================================
(INFO    ) [13:50:01|tosca_opt] | DISP_CONSTRAINT      | 5.97556e-2   | <=   | 6.e-2   | 0.995926 | TRUE   |
(INFO    ) [13:50:01|tosca_opt]  ==========================================================================
(INFO    ) [13:50:02|tosca_opt]  --------------------------------------------------------------------------
(INFO    ) [13:50:02|tosca_opt] | Some STOP CRITERIA NOT satisfied this iteration                          |
(INFO    ) [13:50:02|tosca_opt]  --------------------------------------------------------------------------
(INFO    ) [13:50:03|tosca_opt]  --------------------------------------------------------------------------
(INFO    ) [13:50:03|tosca_opt] | End of DESIGN CYCLE NUMBER: 14                                           |
(INFO    ) [13:50:03|tosca_opt]  --------------------------------------------------------------------------
(INFO    ) [13:50:03|tosca_opt] Application finished successfully
(INFO    ) [13:50:03|tosca_driver] Module SMATsoToscaOpt has finished with exit code 0
(INFO    ) [13:50:03|tosca_driver] Calling: /uufs/chpc.utah.edu/sys/installdir/abaqus/2025/linux_a64/code/bin/SMATrtOptResExportTool --loglevel INFO --cycle 14 --onf_output ON
(INFO    ) [13:50:03|opt_res_export_tool] SIMULIA Tosca Structure.opt_res_export_tool - version 3DEXPERIENCE R2025x - build R427 - 20240925T190012Z 64 bit
(INFO    ) [13:50:03|opt_res_export_tool] Extracting results from opt_res_database
(INFO    ) [13:50:03|opt_res_export_tool] SIMULIA Tosca Structure.opt_res_export_tool finished successfully
(INFO    ) [13:50:03|tosca_driver] Module SMATrtOptResExportTool has finished with exit code 0
(NOTICE  ) [13:50:03|tosca_driver] Design cycle 15 started on 2026-02-19
(NOTICE  ) [13:50:03|tosca_driver] Starting Abaqus analysis - design cycle 15
(INFO    ) [13:50:03|tosca_driver] Activating the solver
(INFO    ) [13:50:03|tosca_driver] Calling hooks before module abaqus
(INFO    ) [13:50:03|tosca_driver] Calling: /uufs/chpc.utah.edu/sys/installdir/abaqus/2025/linux_a64/code/bin/SMATsoAbaqusTsProvider -j airbeam_vol --cycle 15
(INFO    ) [13:50:03|hook] Timestamp file written successfully
(INFO    ) [13:50:03|tosca_driver] Module hook has finished with exit code 0
(INFO    ) [13:50:05|tosca_driver] Fe-solver abaqus finished with job airbeam_vol.inp
(INFO    ) [13:50:05|tosca_driver] Elapsed time (inc. overhead): 0:00:01.101680
(INFO    ) [13:50:05|tosca_driver] Elapsed time of abaqus : 0:00:01.158142  -  current time : 13:50:05.039417
(INFO    ) [13:50:05|tosca_driver] Solution complete
(INFO    ) [13:50:05|tosca_driver] Checking solver output file: /uufs/chpc.utah.edu/common/home/u6074059/Abaqus/paper_reproduction/experiment7/run_7b/airbeam_abq/airbeam_vol.msg
(INFO    ) [13:50:05|tosca_driver] Searching for success check string: "THE ANALYSIS HAS BEEN COMPLETED"
(INFO    ) [13:50:05|tosca_driver] Calling: /uufs/chpc.utah.edu/sys/installdir/abaqus/2025/linux_a64/code/bin/SMATsoOdbToVtmMain --solver abaqus --loglevel INFO --format_matrices sim --cycle 15 --perturbation 0 /uufs/chpc.utah.edu/common/home/u6074059/Abaqus/paper_reproduction/experiment7/run_7b/airbeam_abq/airbeam_vol
(INFO    ) [13:50:05|odb_to_vtm] SIMULIA Tosca Structure.odb_to_vtm - version 3DEXPERIENCE R2025x - build R427 - 20240925T190012Z 64 bit
(INFO    ) [13:50:05|odb_to_vtm] Reading Abaqus ODB output file /uufs/chpc.utah.edu/common/home/u6074059/Abaqus/paper_reproduction/experiment7/run_7b/airbeam_abq/airbeam_vol
(INFO    ) [13:50:05|odb_to_vtm] Reading results from the Abaqus result database /uufs/chpc.utah.edu/common/home/u6074059/Abaqus/paper_reproduction/experiment7/run_7b/airbeam_abq/airbeam_vol.odb
(INFO    ) [13:50:05|odb_to_vtm] SIMULIA Tosca Structure.odb_to_vtm finished successfully
(INFO    ) [13:50:05|tosca_driver] Module SMATsoOdbToVtmMain has finished with exit code 0
(NOTICE  ) [13:50:05|tosca_driver] Starting Tosca Structure optimization module - design cycle 15
(INFO    ) [13:50:05|tosca_driver] Calling: /uufs/chpc.utah.edu/sys/installdir/abaqus/2025/linux_a64/code/bin/SMATsoToscaOpt --loglevel INFO
(INFO    ) [13:50:05|tosca_opt] SIMULIA Tosca Structure.tosca_opt - version 3DEXPERIENCE R2025x - build R427 - 20240925T190012Z 64 bit
(INFO    ) [13:50:05|tosca_opt]  --------------------------------------------------------------------------
(INFO    ) [13:50:05|tosca_opt] |                ___  ___  __  __  _   _  _     ___    _                   |
(INFO    ) [13:50:05|tosca_opt] |               / __||_ _||  \/  || | | || |   |_ _|  /_\                  |
(INFO    ) [13:50:05|tosca_opt] |               \__ \ | | | |\/| || |_| || |__  | |  / _ \                 |
(INFO    ) [13:50:05|tosca_opt] |               |___/|___||_|  |_| \___/ |____||___|/_/ \_\                |
(INFO    ) [13:50:05|tosca_opt] |                        _____                                             |
(INFO    ) [13:50:05|tosca_opt] |                       |_   _|___  ___ __  __ _                           |
(INFO    ) [13:50:05|tosca_opt] |                         | | / _ \(_-</ _|/ _` |                          |
(INFO    ) [13:50:05|tosca_opt] |                         |_| \___//__/\__|\__,_|                          |
(INFO    ) [13:50:05|tosca_opt] |              ___  _                   _                                  |
(INFO    ) [13:50:05|tosca_opt] |             / __|| |_  _ _  _  _  __ | |_  _  _  _ _  ___                |
(INFO    ) [13:50:05|tosca_opt] |             \__ \|  _|| `_|| || |/ _||  _|| || || `_|/ -_)               |
(INFO    ) [13:50:05|tosca_opt] |             |___/ \__||_|   \_,_|\__| \__| \_,_||_|  \___|               |
(INFO    ) [13:50:05|tosca_opt] |                                                                          |
(INFO    ) [13:50:05|tosca_opt]  --------------------------------------------------------------------------
(INFO    ) [13:50:05|tosca_opt] | Version 3DEXPERIENCE R2025x                                              |
(INFO    ) [13:50:05|tosca_opt] | DATE:   2026-02-19                                                       |
(INFO    ) [13:50:05|tosca_opt]  --------------------------------------------------------------------------
(INFO    ) [13:50:06|tosca_opt]  --------------------------------------------------------------------------
(INFO    ) [13:50:06|tosca_opt] | Begin of DESIGN CYCLE NUMBER: 15                                         |
(INFO    ) [13:50:06|tosca_opt]  --------------------------------------------------------------------------
(INFO    ) [13:50:06|tosca_opt] Checking for existence of results
(INFO    ) [13:50:06|tosca_opt]  --------------------------------------------------------------------------
(INFO    ) [13:50:06|tosca_opt] | ANALYZE VALUE OF VARIABLES before OPTIMIZATION                           |
(INFO    ) [13:50:06|tosca_opt]  --------------------------------------------------------------------------
(INFO    ) [13:50:06|tosca_opt]  --------------------------------------------------------------------------
(INFO    ) [13:50:06|tosca_opt] | Convergence Criteria in Design Cycle 15                                  |
(INFO    ) [13:50:06|tosca_opt]  --------------------------------------------------------------------------
(INFO    ) [13:50:06|tosca_opt] Optimization converged. Both criteria checked.
(INFO    ) [13:50:06|tosca_opt] Local objective function criterion : NOT_FULFILLED (Actual change / target:    0.00550/   0.00100)
(INFO    ) [13:50:06|tosca_opt] Local design variables criterion   : NOT_FULFILLED (Actual change / target:    0.01176/   0.00500)
(INFO    ) [13:50:06|tosca_opt] Global stop criterion              : NOT_FULFILLED (Max number of design cycles :  80)
(INFO    ) [13:50:06|tosca_opt] 
(INFO    ) [13:50:06|tosca_opt]  --------------------------------------------------------------------------
(INFO    ) [13:50:06|tosca_opt] | ANALYZE VALUE OF VARIABLES after OPTIMIZATION                            |
(INFO    ) [13:50:06|tosca_opt]  --------------------------------------------------------------------------
(INFO    ) [13:50:06|tosca_opt]  --------------------------------------------------------------------------
(INFO    ) [13:50:06|tosca_opt] | VARIABLES and DESIGN RESPONSES                                           |
(INFO    ) [13:50:06|tosca_opt]  --------------------------------------------------------------------------
(INFO    ) [13:50:06|tosca_opt]  DRESP_SUM_ENERGY                          :    2.3608
(INFO    ) [13:50:06|tosca_opt]  DRESP_VOL_TOPO                            :    1777.9
(INFO    ) [13:50:06|tosca_opt]  DRESP_DISP1_ABS_MAX                       :   0.59777E-01
(INFO    ) [13:50:06|tosca_opt]  --------------------------------------------------------------------------
(INFO    ) [13:50:06|tosca_opt]  --------------------------------------------------------------------------
(INFO    ) [13:50:06|tosca_opt] | Report of OPTIMIZATION Results                                           |
(INFO    ) [13:50:06|tosca_opt]  --------------------------------------------------------------------------
(INFO    ) [13:50:06|tosca_opt]  DESIGN CYCLE                :  15
(INFO    ) [13:50:06|tosca_opt]  OPTIMIZE name               : TOPOLOGY_OPTIMIZATION
(INFO    ) [13:50:06|tosca_opt]  OBJ_FUNC name               : MIN_VOL
(INFO    ) [13:50:06|tosca_opt]  OBJ_FUNC value              :     1777.89
(INFO    ) [13:50:06|tosca_opt]  ==========================================================================
(INFO    ) [13:50:06|tosca_opt] |     Name of OBJ_FUNC_TERM      |   Value    |   Weight   |   Reference   |
(INFO    ) [13:50:06|tosca_opt]  ==========================================================================
(INFO    ) [13:50:06|tosca_opt] | DRESP_VOL_TOPO                 | 1777.89    | 1.0        | 0.0           |
(INFO    ) [13:50:06|tosca_opt]  ==========================================================================
(INFO    ) [13:50:06|tosca_opt] * SIMULIA Tosca Structure INFORMATION *
(INFO    ) [13:50:06|tosca_opt] Writing CONSTRAINTs with default normalization.
(INFO    ) [13:50:06|tosca_opt] For NORM value  <= 1.0   -->    CONSTRAINT is OK ( For all CONSTRAINT types )
(INFO    ) [13:50:06|tosca_opt]  ==========================================================================
(INFO    ) [13:50:06|tosca_opt] |  Name of CONSTRAINT  |  Act. Value  | Op.  | Target  |   Norm   | Status |
(INFO    ) [13:50:06|tosca_opt]  ==========================================================================
(INFO    ) [13:50:06|tosca_opt] | DISP_CONSTRAINT      | 5.97772e-2   | <=   | 6.e-2   | 0.996287 | TRUE   |
(INFO    ) [13:50:06|tosca_opt]  ==========================================================================
(INFO    ) [13:50:07|tosca_opt]  --------------------------------------------------------------------------
(INFO    ) [13:50:07|tosca_opt] | Some STOP CRITERIA NOT satisfied this iteration                          |
(INFO    ) [13:50:07|tosca_opt]  --------------------------------------------------------------------------
(INFO    ) [13:50:07|tosca_opt]  --------------------------------------------------------------------------
(INFO    ) [13:50:07|tosca_opt] | End of DESIGN CYCLE NUMBER: 15                                           |
(INFO    ) [13:50:07|tosca_opt]  --------------------------------------------------------------------------
(INFO    ) [13:50:07|tosca_opt] Application finished successfully
(INFO    ) [13:50:07|tosca_driver] Module SMATsoToscaOpt has finished with exit code 0
(INFO    ) [13:50:07|tosca_driver] Calling: /uufs/chpc.utah.edu/sys/installdir/abaqus/2025/linux_a64/code/bin/SMATrtOptResExportTool --loglevel INFO --cycle 15 --onf_output ON
(INFO    ) [13:50:07|opt_res_export_tool] SIMULIA Tosca Structure.opt_res_export_tool - version 3DEXPERIENCE R2025x - build R427 - 20240925T190012Z 64 bit
(INFO    ) [13:50:07|opt_res_export_tool] Extracting results from opt_res_database
(INFO    ) [13:50:07|opt_res_export_tool] SIMULIA Tosca Structure.opt_res_export_tool finished successfully
(INFO    ) [13:50:07|tosca_driver] Module SMATrtOptResExportTool has finished with exit code 0
(NOTICE  ) [13:50:08|tosca_driver] Design cycle 16 started on 2026-02-19
(NOTICE  ) [13:50:08|tosca_driver] Starting Abaqus analysis - design cycle 16
(INFO    ) [13:50:08|tosca_driver] Activating the solver
(INFO    ) [13:50:08|tosca_driver] Calling hooks before module abaqus
(INFO    ) [13:50:08|tosca_driver] Calling: /uufs/chpc.utah.edu/sys/installdir/abaqus/2025/linux_a64/code/bin/SMATsoAbaqusTsProvider -j airbeam_vol --cycle 16
(INFO    ) [13:50:08|hook] Timestamp file written successfully
(INFO    ) [13:50:08|tosca_driver] Module hook has finished with exit code 0
(INFO    ) [13:50:08|tosca_driver] Fe-solver abaqus finished with job airbeam_vol.inp
(INFO    ) [13:50:08|tosca_driver] Elapsed time (inc. overhead): 0:00:00.801243
(INFO    ) [13:50:08|tosca_driver] Elapsed time of abaqus : 0:00:00.881395  -  current time : 13:50:08.951869
(INFO    ) [13:50:08|tosca_driver] Solution complete
(INFO    ) [13:50:08|tosca_driver] Checking solver output file: /uufs/chpc.utah.edu/common/home/u6074059/Abaqus/paper_reproduction/experiment7/run_7b/airbeam_abq/airbeam_vol.msg
(INFO    ) [13:50:08|tosca_driver] Searching for success check string: "THE ANALYSIS HAS BEEN COMPLETED"
(INFO    ) [13:50:08|tosca_driver] Calling: /uufs/chpc.utah.edu/sys/installdir/abaqus/2025/linux_a64/code/bin/SMATsoOdbToVtmMain --solver abaqus --loglevel INFO --format_matrices sim --cycle 16 --perturbation 0 /uufs/chpc.utah.edu/common/home/u6074059/Abaqus/paper_reproduction/experiment7/run_7b/airbeam_abq/airbeam_vol
(INFO    ) [13:50:09|odb_to_vtm] SIMULIA Tosca Structure.odb_to_vtm - version 3DEXPERIENCE R2025x - build R427 - 20240925T190012Z 64 bit
(INFO    ) [13:50:09|odb_to_vtm] Reading Abaqus ODB output file /uufs/chpc.utah.edu/common/home/u6074059/Abaqus/paper_reproduction/experiment7/run_7b/airbeam_abq/airbeam_vol
(INFO    ) [13:50:09|odb_to_vtm] Reading results from the Abaqus result database /uufs/chpc.utah.edu/common/home/u6074059/Abaqus/paper_reproduction/experiment7/run_7b/airbeam_abq/airbeam_vol.odb
(INFO    ) [13:50:09|odb_to_vtm] SIMULIA Tosca Structure.odb_to_vtm finished successfully
(INFO    ) [13:50:09|tosca_driver] Module SMATsoOdbToVtmMain has finished with exit code 0
(NOTICE  ) [13:50:09|tosca_driver] Starting Tosca Structure optimization module - design cycle 16
(INFO    ) [13:50:09|tosca_driver] Calling: /uufs/chpc.utah.edu/sys/installdir/abaqus/2025/linux_a64/code/bin/SMATsoToscaOpt --loglevel INFO
(INFO    ) [13:50:09|tosca_opt] SIMULIA Tosca Structure.tosca_opt - version 3DEXPERIENCE R2025x - build R427 - 20240925T190012Z 64 bit
(INFO    ) [13:50:09|tosca_opt]  --------------------------------------------------------------------------
(INFO    ) [13:50:09|tosca_opt] |                ___  ___  __  __  _   _  _     ___    _                   |
(INFO    ) [13:50:09|tosca_opt] |               / __||_ _||  \/  || | | || |   |_ _|  /_\                  |
(INFO    ) [13:50:09|tosca_opt] |               \__ \ | | | |\/| || |_| || |__  | |  / _ \                 |
(INFO    ) [13:50:09|tosca_opt] |               |___/|___||_|  |_| \___/ |____||___|/_/ \_\                |
(INFO    ) [13:50:09|tosca_opt] |                        _____                                             |
(INFO    ) [13:50:09|tosca_opt] |                       |_   _|___  ___ __  __ _                           |
(INFO    ) [13:50:09|tosca_opt] |                         | | / _ \(_-</ _|/ _` |                          |
(INFO    ) [13:50:09|tosca_opt] |                         |_| \___//__/\__|\__,_|                          |
(INFO    ) [13:50:09|tosca_opt] |              ___  _                   _                                  |
(INFO    ) [13:50:09|tosca_opt] |             / __|| |_  _ _  _  _  __ | |_  _  _  _ _  ___                |
(INFO    ) [13:50:09|tosca_opt] |             \__ \|  _|| `_|| || |/ _||  _|| || || `_|/ -_)               |
(INFO    ) [13:50:09|tosca_opt] |             |___/ \__||_|   \_,_|\__| \__| \_,_||_|  \___|               |
(INFO    ) [13:50:09|tosca_opt] |                                                                          |
(INFO    ) [13:50:09|tosca_opt]  --------------------------------------------------------------------------
(INFO    ) [13:50:09|tosca_opt] | Version 3DEXPERIENCE R2025x                                              |
(INFO    ) [13:50:09|tosca_opt] | DATE:   2026-02-19                                                       |
(INFO    ) [13:50:09|tosca_opt]  --------------------------------------------------------------------------
(INFO    ) [13:50:10|tosca_opt]  --------------------------------------------------------------------------
(INFO    ) [13:50:10|tosca_opt] | Begin of DESIGN CYCLE NUMBER: 16                                         |
(INFO    ) [13:50:10|tosca_opt]  --------------------------------------------------------------------------
(INFO    ) [13:50:10|tosca_opt] Checking for existence of results
(INFO    ) [13:50:10|tosca_opt]  --------------------------------------------------------------------------
(INFO    ) [13:50:10|tosca_opt] | ANALYZE VALUE OF VARIABLES before OPTIMIZATION                           |
(INFO    ) [13:50:10|tosca_opt]  --------------------------------------------------------------------------
(INFO    ) [13:50:10|tosca_opt]  --------------------------------------------------------------------------
(INFO    ) [13:50:10|tosca_opt] | Convergence Criteria in Design Cycle 16                                  |
(INFO    ) [13:50:10|tosca_opt]  --------------------------------------------------------------------------
(INFO    ) [13:50:10|tosca_opt] Optimization converged. Both criteria checked.
(INFO    ) [13:50:10|tosca_opt] Local objective function criterion : NOT_FULFILLED (Actual change / target:    0.00546/   0.00100)
(INFO    ) [13:50:10|tosca_opt] Local design variables criterion   : NOT_FULFILLED (Actual change / target:    0.01282/   0.00500)
(INFO    ) [13:50:10|tosca_opt] Global stop criterion              : NOT_FULFILLED (Max number of design cycles :  80)
(INFO    ) [13:50:10|tosca_opt] 
(INFO    ) [13:50:10|tosca_opt]  --------------------------------------------------------------------------
(INFO    ) [13:50:10|tosca_opt] | ANALYZE VALUE OF VARIABLES after OPTIMIZATION                            |
(INFO    ) [13:50:10|tosca_opt]  --------------------------------------------------------------------------
(INFO    ) [13:50:10|tosca_opt]  --------------------------------------------------------------------------
(INFO    ) [13:50:10|tosca_opt] | VARIABLES and DESIGN RESPONSES                                           |
(INFO    ) [13:50:10|tosca_opt]  --------------------------------------------------------------------------
(INFO    ) [13:50:10|tosca_opt]  DRESP_SUM_ENERGY                          :    2.3598
(INFO    ) [13:50:10|tosca_opt]  DRESP_VOL_TOPO                            :    1769.1
(INFO    ) [13:50:10|tosca_opt]  DRESP_DISP1_ABS_MAX                       :   0.59750E-01
(INFO    ) [13:50:10|tosca_opt]  --------------------------------------------------------------------------
(INFO    ) [13:50:10|tosca_opt]  --------------------------------------------------------------------------
(INFO    ) [13:50:10|tosca_opt] | Report of OPTIMIZATION Results                                           |
(INFO    ) [13:50:10|tosca_opt]  --------------------------------------------------------------------------
(INFO    ) [13:50:10|tosca_opt]  DESIGN CYCLE                :  16
(INFO    ) [13:50:10|tosca_opt]  OPTIMIZE name               : TOPOLOGY_OPTIMIZATION
(INFO    ) [13:50:10|tosca_opt]  OBJ_FUNC name               : MIN_VOL
(INFO    ) [13:50:10|tosca_opt]  OBJ_FUNC value              :     1769.12
(INFO    ) [13:50:10|tosca_opt]  ==========================================================================
(INFO    ) [13:50:10|tosca_opt] |     Name of OBJ_FUNC_TERM      |   Value    |   Weight   |   Reference   |
(INFO    ) [13:50:10|tosca_opt]  ==========================================================================
(INFO    ) [13:50:10|tosca_opt] | DRESP_VOL_TOPO                 | 1769.12    | 1.0        | 0.0           |
(INFO    ) [13:50:10|tosca_opt]  ==========================================================================
(INFO    ) [13:50:10|tosca_opt] * SIMULIA Tosca Structure INFORMATION *
(INFO    ) [13:50:10|tosca_opt] Writing CONSTRAINTs with default normalization.
(INFO    ) [13:50:10|tosca_opt] For NORM value  <= 1.0   -->    CONSTRAINT is OK ( For all CONSTRAINT types )
(INFO    ) [13:50:10|tosca_opt]  ==========================================================================
(INFO    ) [13:50:10|tosca_opt] |  Name of CONSTRAINT  |  Act. Value  | Op.  | Target  |   Norm   | Status |
(INFO    ) [13:50:10|tosca_opt]  ==========================================================================
(INFO    ) [13:50:10|tosca_opt] | DISP_CONSTRAINT      | 5.97501e-2   | <=   | 6.e-2   | 0.995835 | TRUE   |
(INFO    ) [13:50:10|tosca_opt]  ==========================================================================
(INFO    ) [13:50:11|tosca_opt]  --------------------------------------------------------------------------
(INFO    ) [13:50:11|tosca_opt] | Some STOP CRITERIA NOT satisfied this iteration                          |
(INFO    ) [13:50:11|tosca_opt]  --------------------------------------------------------------------------
(INFO    ) [13:50:11|tosca_opt]  --------------------------------------------------------------------------
(INFO    ) [13:50:11|tosca_opt] | End of DESIGN CYCLE NUMBER: 16                                           |
(INFO    ) [13:50:11|tosca_opt]  --------------------------------------------------------------------------
(INFO    ) [13:50:11|tosca_opt] Application finished successfully
(INFO    ) [13:50:11|tosca_driver] Module SMATsoToscaOpt has finished with exit code 0
(INFO    ) [13:50:11|tosca_driver] Calling: /uufs/chpc.utah.edu/sys/installdir/abaqus/2025/linux_a64/code/bin/SMATrtOptResExportTool --loglevel INFO --cycle 16 --onf_output ON
(INFO    ) [13:50:11|opt_res_export_tool] SIMULIA Tosca Structure.opt_res_export_tool - version 3DEXPERIENCE R2025x - build R427 - 20240925T190012Z 64 bit
(INFO    ) [13:50:11|opt_res_export_tool] Extracting results from opt_res_database
(INFO    ) [13:50:11|opt_res_export_tool] SIMULIA Tosca Structure.opt_res_export_tool finished successfully
(INFO    ) [13:50:11|tosca_driver] Module SMATrtOptResExportTool has finished with exit code 0
(NOTICE  ) [13:50:12|tosca_driver] Design cycle 17 started on 2026-02-19
(NOTICE  ) [13:50:12|tosca_driver] Starting Abaqus analysis - design cycle 17
(INFO    ) [13:50:12|tosca_driver] Activating the solver
(INFO    ) [13:50:12|tosca_driver] Calling hooks before module abaqus
(INFO    ) [13:50:12|tosca_driver] Calling: /uufs/chpc.utah.edu/sys/installdir/abaqus/2025/linux_a64/code/bin/SMATsoAbaqusTsProvider -j airbeam_vol --cycle 17
(INFO    ) [13:50:12|hook] Timestamp file written successfully
(INFO    ) [13:50:12|tosca_driver] Module hook has finished with exit code 0
(INFO    ) [13:50:13|tosca_driver] Fe-solver abaqus finished with job airbeam_vol.inp
(INFO    ) [13:50:13|tosca_driver] Elapsed time (inc. overhead): 0:00:00.901290
(INFO    ) [13:50:13|tosca_driver] Elapsed time of abaqus : 0:00:01.017488  -  current time : 13:50:13.279789
(INFO    ) [13:50:13|tosca_driver] Solution complete
(INFO    ) [13:50:13|tosca_driver] Checking solver output file: /uufs/chpc.utah.edu/common/home/u6074059/Abaqus/paper_reproduction/experiment7/run_7b/airbeam_abq/airbeam_vol.msg
(INFO    ) [13:50:13|tosca_driver] Searching for success check string: "THE ANALYSIS HAS BEEN COMPLETED"
(INFO    ) [13:50:13|tosca_driver] Calling: /uufs/chpc.utah.edu/sys/installdir/abaqus/2025/linux_a64/code/bin/SMATsoOdbToVtmMain --solver abaqus --loglevel INFO --format_matrices sim --cycle 17 --perturbation 0 /uufs/chpc.utah.edu/common/home/u6074059/Abaqus/paper_reproduction/experiment7/run_7b/airbeam_abq/airbeam_vol
(INFO    ) [13:50:13|odb_to_vtm] SIMULIA Tosca Structure.odb_to_vtm - version 3DEXPERIENCE R2025x - build R427 - 20240925T190012Z 64 bit
(INFO    ) [13:50:13|odb_to_vtm] Reading Abaqus ODB output file /uufs/chpc.utah.edu/common/home/u6074059/Abaqus/paper_reproduction/experiment7/run_7b/airbeam_abq/airbeam_vol
(INFO    ) [13:50:13|odb_to_vtm] Reading results from the Abaqus result database /uufs/chpc.utah.edu/common/home/u6074059/Abaqus/paper_reproduction/experiment7/run_7b/airbeam_abq/airbeam_vol.odb
(INFO    ) [13:50:13|odb_to_vtm] SIMULIA Tosca Structure.odb_to_vtm finished successfully
(INFO    ) [13:50:13|tosca_driver] Module SMATsoOdbToVtmMain has finished with exit code 0
(NOTICE  ) [13:50:13|tosca_driver] Starting Tosca Structure optimization module - design cycle 17
(INFO    ) [13:50:13|tosca_driver] Calling: /uufs/chpc.utah.edu/sys/installdir/abaqus/2025/linux_a64/code/bin/SMATsoToscaOpt --loglevel INFO
(INFO    ) [13:50:13|tosca_opt] SIMULIA Tosca Structure.tosca_opt - version 3DEXPERIENCE R2025x - build R427 - 20240925T190012Z 64 bit
(INFO    ) [13:50:13|tosca_opt]  --------------------------------------------------------------------------
(INFO    ) [13:50:13|tosca_opt] |                ___  ___  __  __  _   _  _     ___    _                   |
(INFO    ) [13:50:13|tosca_opt] |               / __||_ _||  \/  || | | || |   |_ _|  /_\                  |
(INFO    ) [13:50:13|tosca_opt] |               \__ \ | | | |\/| || |_| || |__  | |  / _ \                 |
(INFO    ) [13:50:13|tosca_opt] |               |___/|___||_|  |_| \___/ |____||___|/_/ \_\                |
(INFO    ) [13:50:13|tosca_opt] |                        _____                                             |
(INFO    ) [13:50:13|tosca_opt] |                       |_   _|___  ___ __  __ _                           |
(INFO    ) [13:50:13|tosca_opt] |                         | | / _ \(_-</ _|/ _` |                          |
(INFO    ) [13:50:13|tosca_opt] |                         |_| \___//__/\__|\__,_|                          |
(INFO    ) [13:50:13|tosca_opt] |              ___  _                   _                                  |
(INFO    ) [13:50:13|tosca_opt] |             / __|| |_  _ _  _  _  __ | |_  _  _  _ _  ___                |
(INFO    ) [13:50:13|tosca_opt] |             \__ \|  _|| `_|| || |/ _||  _|| || || `_|/ -_)               |
(INFO    ) [13:50:13|tosca_opt] |             |___/ \__||_|   \_,_|\__| \__| \_,_||_|  \___|               |
(INFO    ) [13:50:13|tosca_opt] |                                                                          |
(INFO    ) [13:50:13|tosca_opt]  --------------------------------------------------------------------------
(INFO    ) [13:50:13|tosca_opt] | Version 3DEXPERIENCE R2025x                                              |
(INFO    ) [13:50:13|tosca_opt] | DATE:   2026-02-19                                                       |
(INFO    ) [13:50:13|tosca_opt]  --------------------------------------------------------------------------
(INFO    ) [13:50:14|tosca_opt]  --------------------------------------------------------------------------
(INFO    ) [13:50:14|tosca_opt] | Begin of DESIGN CYCLE NUMBER: 17                                         |
(INFO    ) [13:50:14|tosca_opt]  --------------------------------------------------------------------------
(INFO    ) [13:50:14|tosca_opt] Checking for existence of results
(INFO    ) [13:50:14|tosca_opt]  --------------------------------------------------------------------------
(INFO    ) [13:50:14|tosca_opt] | ANALYZE VALUE OF VARIABLES before OPTIMIZATION                           |
(INFO    ) [13:50:14|tosca_opt]  --------------------------------------------------------------------------
(INFO    ) [13:50:14|tosca_opt]  --------------------------------------------------------------------------
(INFO    ) [13:50:14|tosca_opt] | Convergence Criteria in Design Cycle 17                                  |
(INFO    ) [13:50:14|tosca_opt]  --------------------------------------------------------------------------
(INFO    ) [13:50:14|tosca_opt] Optimization converged. Both criteria checked.
(INFO    ) [13:50:14|tosca_opt] Local objective function criterion : NOT_FULFILLED (Actual change / target:    0.00708/   0.00100)
(INFO    ) [13:50:14|tosca_opt] Local design variables criterion   : NOT_FULFILLED (Actual change / target:    0.01582/   0.00500)
(INFO    ) [13:50:14|tosca_opt] Global stop criterion              : NOT_FULFILLED (Max number of design cycles :  80)
(INFO    ) [13:50:14|tosca_opt] 
(INFO    ) [13:50:14|tosca_opt]  --------------------------------------------------------------------------
(INFO    ) [13:50:14|tosca_opt] | ANALYZE VALUE OF VARIABLES after OPTIMIZATION                            |
(INFO    ) [13:50:14|tosca_opt]  --------------------------------------------------------------------------
(INFO    ) [13:50:14|tosca_opt]  --------------------------------------------------------------------------
(INFO    ) [13:50:14|tosca_opt] | VARIABLES and DESIGN RESPONSES                                           |
(INFO    ) [13:50:14|tosca_opt]  --------------------------------------------------------------------------
(INFO    ) [13:50:14|tosca_opt]  DRESP_SUM_ENERGY                          :    2.3562
(INFO    ) [13:50:14|tosca_opt]  DRESP_VOL_TOPO                            :    1757.8
(INFO    ) [13:50:14|tosca_opt]  DRESP_DISP1_ABS_MAX                       :   0.59661E-01
(INFO    ) [13:50:14|tosca_opt]  --------------------------------------------------------------------------
(INFO    ) [13:50:15|tosca_opt]  --------------------------------------------------------------------------
(INFO    ) [13:50:15|tosca_opt] | Report of OPTIMIZATION Results                                           |
(INFO    ) [13:50:15|tosca_opt]  --------------------------------------------------------------------------
(INFO    ) [13:50:15|tosca_opt]  DESIGN CYCLE                :  17
(INFO    ) [13:50:15|tosca_opt]  OPTIMIZE name               : TOPOLOGY_OPTIMIZATION
(INFO    ) [13:50:15|tosca_opt]  OBJ_FUNC name               : MIN_VOL
(INFO    ) [13:50:15|tosca_opt]  OBJ_FUNC value              :     1757.82
(INFO    ) [13:50:15|tosca_opt]  ==========================================================================
(INFO    ) [13:50:15|tosca_opt] |     Name of OBJ_FUNC_TERM      |   Value    |   Weight   |   Reference   |
(INFO    ) [13:50:15|tosca_opt]  ==========================================================================
(INFO    ) [13:50:15|tosca_opt] | DRESP_VOL_TOPO                 | 1757.82    | 1.0        | 0.0           |
(INFO    ) [13:50:15|tosca_opt]  ==========================================================================
(INFO    ) [13:50:15|tosca_opt] * SIMULIA Tosca Structure INFORMATION *
(INFO    ) [13:50:15|tosca_opt] Writing CONSTRAINTs with default normalization.
(INFO    ) [13:50:15|tosca_opt] For NORM value  <= 1.0   -->    CONSTRAINT is OK ( For all CONSTRAINT types )
(INFO    ) [13:50:15|tosca_opt]  ==========================================================================
(INFO    ) [13:50:15|tosca_opt] |  Name of CONSTRAINT  |  Act. Value  | Op.  | Target  |   Norm   | Status |
(INFO    ) [13:50:15|tosca_opt]  ==========================================================================
(INFO    ) [13:50:15|tosca_opt] | DISP_CONSTRAINT      | 5.96613e-2   | <=   | 6.e-2   | 0.994356 | TRUE   |
(INFO    ) [13:50:15|tosca_opt]  ==========================================================================
(INFO    ) [13:50:15|tosca_opt]  --------------------------------------------------------------------------
(INFO    ) [13:50:15|tosca_opt] | Some STOP CRITERIA NOT satisfied this iteration                          |
(INFO    ) [13:50:15|tosca_opt]  --------------------------------------------------------------------------
(INFO    ) [13:50:16|tosca_opt]  --------------------------------------------------------------------------
(INFO    ) [13:50:16|tosca_opt] | End of DESIGN CYCLE NUMBER: 17                                           |
(INFO    ) [13:50:16|tosca_opt]  --------------------------------------------------------------------------
(INFO    ) [13:50:16|tosca_opt] Application finished successfully
(INFO    ) [13:50:16|tosca_driver] Module SMATsoToscaOpt has finished with exit code 0
(INFO    ) [13:50:16|tosca_driver] Calling: /uufs/chpc.utah.edu/sys/installdir/abaqus/2025/linux_a64/code/bin/SMATrtOptResExportTool --loglevel INFO --cycle 17 --onf_output ON
(INFO    ) [13:50:16|opt_res_export_tool] SIMULIA Tosca Structure.opt_res_export_tool - version 3DEXPERIENCE R2025x - build R427 - 20240925T190012Z 64 bit
(INFO    ) [13:50:16|opt_res_export_tool] Extracting results from opt_res_database
(INFO    ) [13:50:16|opt_res_export_tool] SIMULIA Tosca Structure.opt_res_export_tool finished successfully
(INFO    ) [13:50:16|tosca_driver] Module SMATrtOptResExportTool has finished with exit code 0
(NOTICE  ) [13:50:16|tosca_driver] Design cycle 18 started on 2026-02-19
(NOTICE  ) [13:50:16|tosca_driver] Starting Abaqus analysis - design cycle 18
(INFO    ) [13:50:16|tosca_driver] Activating the solver
(INFO    ) [13:50:16|tosca_driver] Calling hooks before module abaqus
(INFO    ) [13:50:16|tosca_driver] Calling: /uufs/chpc.utah.edu/sys/installdir/abaqus/2025/linux_a64/code/bin/SMATsoAbaqusTsProvider -j airbeam_vol --cycle 18
(INFO    ) [13:50:16|hook] Timestamp file written successfully
(INFO    ) [13:50:16|tosca_driver] Module hook has finished with exit code 0
(INFO    ) [13:50:17|tosca_driver] Fe-solver abaqus finished with job airbeam_vol.inp
(INFO    ) [13:50:17|tosca_driver] Elapsed time (inc. overhead): 0:00:00.701064
(INFO    ) [13:50:17|tosca_driver] Elapsed time of abaqus : 0:00:00.750260  -  current time : 13:50:17.380151
(INFO    ) [13:50:17|tosca_driver] Solution complete
(INFO    ) [13:50:17|tosca_driver] Checking solver output file: /uufs/chpc.utah.edu/common/home/u6074059/Abaqus/paper_reproduction/experiment7/run_7b/airbeam_abq/airbeam_vol.msg
(INFO    ) [13:50:17|tosca_driver] Searching for success check string: "THE ANALYSIS HAS BEEN COMPLETED"
(INFO    ) [13:50:17|tosca_driver] Calling: /uufs/chpc.utah.edu/sys/installdir/abaqus/2025/linux_a64/code/bin/SMATsoOdbToVtmMain --solver abaqus --loglevel INFO --format_matrices sim --cycle 18 --perturbation 0 /uufs/chpc.utah.edu/common/home/u6074059/Abaqus/paper_reproduction/experiment7/run_7b/airbeam_abq/airbeam_vol
(INFO    ) [13:50:17|odb_to_vtm] SIMULIA Tosca Structure.odb_to_vtm - version 3DEXPERIENCE R2025x - build R427 - 20240925T190012Z 64 bit
(INFO    ) [13:50:17|odb_to_vtm] Reading Abaqus ODB output file /uufs/chpc.utah.edu/common/home/u6074059/Abaqus/paper_reproduction/experiment7/run_7b/airbeam_abq/airbeam_vol
(INFO    ) [13:50:17|odb_to_vtm] Reading results from the Abaqus result database /uufs/chpc.utah.edu/common/home/u6074059/Abaqus/paper_reproduction/experiment7/run_7b/airbeam_abq/airbeam_vol.odb
(INFO    ) [13:50:17|odb_to_vtm] SIMULIA Tosca Structure.odb_to_vtm finished successfully
(INFO    ) [13:50:17|tosca_driver] Module SMATsoOdbToVtmMain has finished with exit code 0
(NOTICE  ) [13:50:17|tosca_driver] Starting Tosca Structure optimization module - design cycle 18
(INFO    ) [13:50:17|tosca_driver] Calling: /uufs/chpc.utah.edu/sys/installdir/abaqus/2025/linux_a64/code/bin/SMATsoToscaOpt --loglevel INFO
(INFO    ) [13:50:17|tosca_opt] SIMULIA Tosca Structure.tosca_opt - version 3DEXPERIENCE R2025x - build R427 - 20240925T190012Z 64 bit
(INFO    ) [13:50:17|tosca_opt]  --------------------------------------------------------------------------
(INFO    ) [13:50:17|tosca_opt] |                ___  ___  __  __  _   _  _     ___    _                   |
(INFO    ) [13:50:17|tosca_opt] |               / __||_ _||  \/  || | | || |   |_ _|  /_\                  |
(INFO    ) [13:50:17|tosca_opt] |               \__ \ | | | |\/| || |_| || |__  | |  / _ \                 |
(INFO    ) [13:50:17|tosca_opt] |               |___/|___||_|  |_| \___/ |____||___|/_/ \_\                |
(INFO    ) [13:50:17|tosca_opt] |                        _____                                             |
(INFO    ) [13:50:17|tosca_opt] |                       |_   _|___  ___ __  __ _                           |
(INFO    ) [13:50:17|tosca_opt] |                         | | / _ \(_-</ _|/ _` |                          |
(INFO    ) [13:50:17|tosca_opt] |                         |_| \___//__/\__|\__,_|                          |
(INFO    ) [13:50:17|tosca_opt] |              ___  _                   _                                  |
(INFO    ) [13:50:17|tosca_opt] |             / __|| |_  _ _  _  _  __ | |_  _  _  _ _  ___                |
(INFO    ) [13:50:17|tosca_opt] |             \__ \|  _|| `_|| || |/ _||  _|| || || `_|/ -_)               |
(INFO    ) [13:50:17|tosca_opt] |             |___/ \__||_|   \_,_|\__| \__| \_,_||_|  \___|               |
(INFO    ) [13:50:17|tosca_opt] |                                                                          |
(INFO    ) [13:50:17|tosca_opt]  --------------------------------------------------------------------------
(INFO    ) [13:50:17|tosca_opt] | Version 3DEXPERIENCE R2025x                                              |
(INFO    ) [13:50:17|tosca_opt] | DATE:   2026-02-19                                                       |
(INFO    ) [13:50:17|tosca_opt]  --------------------------------------------------------------------------
(INFO    ) [13:50:18|tosca_opt]  --------------------------------------------------------------------------
(INFO    ) [13:50:18|tosca_opt] | Begin of DESIGN CYCLE NUMBER: 18                                         |
(INFO    ) [13:50:18|tosca_opt]  --------------------------------------------------------------------------
(INFO    ) [13:50:18|tosca_opt] Checking for existence of results
(INFO    ) [13:50:18|tosca_opt]  --------------------------------------------------------------------------
(INFO    ) [13:50:18|tosca_opt] | ANALYZE VALUE OF VARIABLES before OPTIMIZATION                           |
(INFO    ) [13:50:18|tosca_opt]  --------------------------------------------------------------------------
(INFO    ) [13:50:18|tosca_opt]  --------------------------------------------------------------------------
(INFO    ) [13:50:18|tosca_opt] | Convergence Criteria in Design Cycle 18                                  |
(INFO    ) [13:50:18|tosca_opt]  --------------------------------------------------------------------------
(INFO    ) [13:50:18|tosca_opt] Optimization converged. Both criteria checked.
(INFO    ) [13:50:18|tosca_opt] Local objective function criterion : NOT_FULFILLED (Actual change / target:    0.00992/   0.00100)
(INFO    ) [13:50:18|tosca_opt] Local design variables criterion   : NOT_FULFILLED (Actual change / target:    0.01999/   0.00500)
(INFO    ) [13:50:18|tosca_opt] Global stop criterion              : NOT_FULFILLED (Max number of design cycles :  80)
(INFO    ) [13:50:18|tosca_opt] 
(INFO    ) [13:50:18|tosca_opt]  --------------------------------------------------------------------------
(INFO    ) [13:50:18|tosca_opt] | ANALYZE VALUE OF VARIABLES after OPTIMIZATION                            |
(INFO    ) [13:50:18|tosca_opt]  --------------------------------------------------------------------------
(INFO    ) [13:50:18|tosca_opt]  --------------------------------------------------------------------------
(INFO    ) [13:50:18|tosca_opt] | VARIABLES and DESIGN RESPONSES                                           |
(INFO    ) [13:50:18|tosca_opt]  --------------------------------------------------------------------------
(INFO    ) [13:50:18|tosca_opt]  DRESP_SUM_ENERGY                          :    2.3496
(INFO    ) [13:50:18|tosca_opt]  DRESP_VOL_TOPO                            :    1742.1
(INFO    ) [13:50:18|tosca_opt]  DRESP_DISP1_ABS_MAX                       :   0.59494E-01
(INFO    ) [13:50:18|tosca_opt]  --------------------------------------------------------------------------
(INFO    ) [13:50:18|tosca_opt]  --------------------------------------------------------------------------
(INFO    ) [13:50:18|tosca_opt] | Report of OPTIMIZATION Results                                           |
(INFO    ) [13:50:18|tosca_opt]  --------------------------------------------------------------------------
(INFO    ) [13:50:18|tosca_opt]  DESIGN CYCLE                :  18
(INFO    ) [13:50:18|tosca_opt]  OPTIMIZE name               : TOPOLOGY_OPTIMIZATION
(INFO    ) [13:50:18|tosca_opt]  OBJ_FUNC name               : MIN_VOL
(INFO    ) [13:50:18|tosca_opt]  OBJ_FUNC value              :     1742.15
(INFO    ) [13:50:18|tosca_opt]  ==========================================================================
(INFO    ) [13:50:18|tosca_opt] |     Name of OBJ_FUNC_TERM      |   Value    |   Weight   |   Reference   |
(INFO    ) [13:50:18|tosca_opt]  ==========================================================================
(INFO    ) [13:50:18|tosca_opt] | DRESP_VOL_TOPO                 | 1742.15    | 1.0        | 0.0           |
(INFO    ) [13:50:18|tosca_opt]  ==========================================================================
(INFO    ) [13:50:18|tosca_opt] * SIMULIA Tosca Structure INFORMATION *
(INFO    ) [13:50:18|tosca_opt] Writing CONSTRAINTs with default normalization.
(INFO    ) [13:50:18|tosca_opt] For NORM value  <= 1.0   -->    CONSTRAINT is OK ( For all CONSTRAINT types )
(INFO    ) [13:50:18|tosca_opt]  ==========================================================================
(INFO    ) [13:50:18|tosca_opt] |  Name of CONSTRAINT  |  Act. Value  | Op. | Target  |   Norm   | Status  |
(INFO    ) [13:50:18|tosca_opt]  ==========================================================================
(INFO    ) [13:50:18|tosca_opt] | DISP_CONSTRAINT      | 5.94942e-2   | <=  | 6.e-2   | 0.99157  | TRUE    |
(INFO    ) [13:50:18|tosca_opt]  ==========================================================================
(INFO    ) [13:50:19|tosca_opt]  --------------------------------------------------------------------------
(INFO    ) [13:50:19|tosca_opt] | Some STOP CRITERIA NOT satisfied this iteration                          |
(INFO    ) [13:50:19|tosca_opt]  --------------------------------------------------------------------------
(INFO    ) [13:50:20|tosca_opt]  --------------------------------------------------------------------------
(INFO    ) [13:50:20|tosca_opt] | End of DESIGN CYCLE NUMBER: 18                                           |
(INFO    ) [13:50:20|tosca_opt]  --------------------------------------------------------------------------
(INFO    ) [13:50:20|tosca_opt] Application finished successfully
(INFO    ) [13:50:20|tosca_driver] Module SMATsoToscaOpt has finished with exit code 0
(INFO    ) [13:50:20|tosca_driver] Calling: /uufs/chpc.utah.edu/sys/installdir/abaqus/2025/linux_a64/code/bin/SMATrtOptResExportTool --loglevel INFO --cycle 18 --onf_output ON
(INFO    ) [13:50:20|opt_res_export_tool] SIMULIA Tosca Structure.opt_res_export_tool - version 3DEXPERIENCE R2025x - build R427 - 20240925T190012Z 64 bit
(INFO    ) [13:50:20|opt_res_export_tool] Extracting results from opt_res_database
(INFO    ) [13:50:20|opt_res_export_tool] SIMULIA Tosca Structure.opt_res_export_tool finished successfully
(INFO    ) [13:50:20|tosca_driver] Module SMATrtOptResExportTool has finished with exit code 0
(NOTICE  ) [13:50:20|tosca_driver] Design cycle 19 started on 2026-02-19
(NOTICE  ) [13:50:20|tosca_driver] Starting Abaqus analysis - design cycle 19
(INFO    ) [13:50:20|tosca_driver] Activating the solver
(INFO    ) [13:50:20|tosca_driver] Calling hooks before module abaqus
(INFO    ) [13:50:20|tosca_driver] Calling: /uufs/chpc.utah.edu/sys/installdir/abaqus/2025/linux_a64/code/bin/SMATsoAbaqusTsProvider -j airbeam_vol --cycle 19
(INFO    ) [13:50:20|hook] Timestamp file written successfully
(INFO    ) [13:50:20|tosca_driver] Module hook has finished with exit code 0
(INFO    ) [13:50:21|tosca_driver] Fe-solver abaqus finished with job airbeam_vol.inp
(INFO    ) [13:50:21|tosca_driver] Elapsed time (inc. overhead): 0:00:00.801182
(INFO    ) [13:50:21|tosca_driver] Elapsed time of abaqus : 0:00:00.852488  -  current time : 13:50:21.379878
(INFO    ) [13:50:21|tosca_driver] Solution complete
(INFO    ) [13:50:21|tosca_driver] Checking solver output file: /uufs/chpc.utah.edu/common/home/u6074059/Abaqus/paper_reproduction/experiment7/run_7b/airbeam_abq/airbeam_vol.msg
(INFO    ) [13:50:21|tosca_driver] Searching for success check string: "THE ANALYSIS HAS BEEN COMPLETED"
(INFO    ) [13:50:21|tosca_driver] Calling: /uufs/chpc.utah.edu/sys/installdir/abaqus/2025/linux_a64/code/bin/SMATsoOdbToVtmMain --solver abaqus --loglevel INFO --format_matrices sim --cycle 19 --perturbation 0 /uufs/chpc.utah.edu/common/home/u6074059/Abaqus/paper_reproduction/experiment7/run_7b/airbeam_abq/airbeam_vol
(INFO    ) [13:50:21|odb_to_vtm] SIMULIA Tosca Structure.odb_to_vtm - version 3DEXPERIENCE R2025x - build R427 - 20240925T190012Z 64 bit
(INFO    ) [13:50:21|odb_to_vtm] Reading Abaqus ODB output file /uufs/chpc.utah.edu/common/home/u6074059/Abaqus/paper_reproduction/experiment7/run_7b/airbeam_abq/airbeam_vol
(INFO    ) [13:50:21|odb_to_vtm] Reading results from the Abaqus result database /uufs/chpc.utah.edu/common/home/u6074059/Abaqus/paper_reproduction/experiment7/run_7b/airbeam_abq/airbeam_vol.odb
(INFO    ) [13:50:21|odb_to_vtm] SIMULIA Tosca Structure.odb_to_vtm finished successfully
(INFO    ) [13:50:21|tosca_driver] Module SMATsoOdbToVtmMain has finished with exit code 0
(NOTICE  ) [13:50:21|tosca_driver] Starting Tosca Structure optimization module - design cycle 19
(INFO    ) [13:50:21|tosca_driver] Calling: /uufs/chpc.utah.edu/sys/installdir/abaqus/2025/linux_a64/code/bin/SMATsoToscaOpt --loglevel INFO
(INFO    ) [13:50:21|tosca_opt] SIMULIA Tosca Structure.tosca_opt - version 3DEXPERIENCE R2025x - build R427 - 20240925T190012Z 64 bit
(INFO    ) [13:50:21|tosca_opt]  --------------------------------------------------------------------------
(INFO    ) [13:50:21|tosca_opt] |                ___  ___  __  __  _   _  _     ___    _                   |
(INFO    ) [13:50:21|tosca_opt] |               / __||_ _||  \/  || | | || |   |_ _|  /_\                  |
(INFO    ) [13:50:21|tosca_opt] |               \__ \ | | | |\/| || |_| || |__  | |  / _ \                 |
(INFO    ) [13:50:21|tosca_opt] |               |___/|___||_|  |_| \___/ |____||___|/_/ \_\                |
(INFO    ) [13:50:21|tosca_opt] |                        _____                                             |
(INFO    ) [13:50:21|tosca_opt] |                       |_   _|___  ___ __  __ _                           |
(INFO    ) [13:50:21|tosca_opt] |                         | | / _ \(_-</ _|/ _` |                          |
(INFO    ) [13:50:21|tosca_opt] |                         |_| \___//__/\__|\__,_|                          |
(INFO    ) [13:50:21|tosca_opt] |              ___  _                   _                                  |
(INFO    ) [13:50:21|tosca_opt] |             / __|| |_  _ _  _  _  __ | |_  _  _  _ _  ___                |
(INFO    ) [13:50:21|tosca_opt] |             \__ \|  _|| `_|| || |/ _||  _|| || || `_|/ -_)               |
(INFO    ) [13:50:21|tosca_opt] |             |___/ \__||_|   \_,_|\__| \__| \_,_||_|  \___|               |
(INFO    ) [13:50:21|tosca_opt] |                                                                          |
(INFO    ) [13:50:21|tosca_opt]  --------------------------------------------------------------------------
(INFO    ) [13:50:21|tosca_opt] | Version 3DEXPERIENCE R2025x                                              |
(INFO    ) [13:50:21|tosca_opt] | DATE:   2026-02-19                                                       |
(INFO    ) [13:50:21|tosca_opt]  --------------------------------------------------------------------------
(INFO    ) [13:50:22|tosca_opt]  --------------------------------------------------------------------------
(INFO    ) [13:50:22|tosca_opt] | Begin of DESIGN CYCLE NUMBER: 19                                         |
(INFO    ) [13:50:22|tosca_opt]  --------------------------------------------------------------------------
(INFO    ) [13:50:22|tosca_opt] Checking for existence of results
(INFO    ) [13:50:22|tosca_opt]  --------------------------------------------------------------------------
(INFO    ) [13:50:22|tosca_opt] | ANALYZE VALUE OF VARIABLES before OPTIMIZATION                           |
(INFO    ) [13:50:22|tosca_opt]  --------------------------------------------------------------------------
(INFO    ) [13:50:22|tosca_opt]  --------------------------------------------------------------------------
(INFO    ) [13:50:22|tosca_opt] | Convergence Criteria in Design Cycle 19                                  |
(INFO    ) [13:50:22|tosca_opt]  --------------------------------------------------------------------------
(INFO    ) [13:50:22|tosca_opt] Local objective function criterion : NOT_FULFILLED (Actual change / target:    0.01199/   0.00100)
(INFO    ) [13:50:22|tosca_opt] Local design variables criterion   : NOT_FULFILLED (Actual change / target:    0.02155/   0.00500)
(INFO    ) [13:50:22|tosca_opt] Global stop criterion              : NOT_FULFILLED (Max number of design cycles :  80)
(INFO    ) [13:50:22|tosca_opt] 
(INFO    ) [13:50:22|tosca_opt]  --------------------------------------------------------------------------
(INFO    ) [13:50:22|tosca_opt] | ANALYZE VALUE OF VARIABLES after OPTIMIZATION                            |
(INFO    ) [13:50:22|tosca_opt]  --------------------------------------------------------------------------
(INFO    ) [13:50:22|tosca_opt]  --------------------------------------------------------------------------
(INFO    ) [13:50:22|tosca_opt] | VARIABLES and DESIGN RESPONSES                                           |
(INFO    ) [13:50:22|tosca_opt]  --------------------------------------------------------------------------
(INFO    ) [13:50:22|tosca_opt]  DRESP_SUM_ENERGY                          :    2.3467
(INFO    ) [13:50:22|tosca_opt]  DRESP_VOL_TOPO                            :    1723.4
(INFO    ) [13:50:22|tosca_opt]  DRESP_DISP1_ABS_MAX                       :   0.59429E-01
(INFO    ) [13:50:22|tosca_opt]  --------------------------------------------------------------------------
(INFO    ) [13:50:22|tosca_opt]  --------------------------------------------------------------------------
(INFO    ) [13:50:22|tosca_opt] | Report of OPTIMIZATION Results                                           |
(INFO    ) [13:50:22|tosca_opt]  --------------------------------------------------------------------------
(INFO    ) [13:50:22|tosca_opt]  DESIGN CYCLE                :  19
(INFO    ) [13:50:22|tosca_opt]  OPTIMIZE name               : TOPOLOGY_OPTIMIZATION
(INFO    ) [13:50:22|tosca_opt]  OBJ_FUNC name               : MIN_VOL
(INFO    ) [13:50:22|tosca_opt]  OBJ_FUNC value              :     1723.43
(INFO    ) [13:50:22|tosca_opt]  ==========================================================================
(INFO    ) [13:50:22|tosca_opt] |     Name of OBJ_FUNC_TERM      |   Value    |   Weight   |   Reference   |
(INFO    ) [13:50:22|tosca_opt]  ==========================================================================
(INFO    ) [13:50:22|tosca_opt] | DRESP_VOL_TOPO                 | 1723.43    | 1.0        | 0.0           |
(INFO    ) [13:50:22|tosca_opt]  ==========================================================================
(INFO    ) [13:50:22|tosca_opt] * SIMULIA Tosca Structure INFORMATION *
(INFO    ) [13:50:22|tosca_opt] Writing CONSTRAINTs with default normalization.
(INFO    ) [13:50:22|tosca_opt] For NORM value  <= 1.0   -->    CONSTRAINT is OK ( For all CONSTRAINT types )
(INFO    ) [13:50:22|tosca_opt]  ==========================================================================
(INFO    ) [13:50:22|tosca_opt] |  Name of CONSTRAINT  |  Act. Value  | Op.  | Target  |   Norm   | Status |
(INFO    ) [13:50:22|tosca_opt]  ==========================================================================
(INFO    ) [13:50:22|tosca_opt] | DISP_CONSTRAINT      | 5.94289e-2   | <=   | 6.e-2   | 0.990481 | TRUE   |
(INFO    ) [13:50:22|tosca_opt]  ==========================================================================
(INFO    ) [13:50:23|tosca_opt]  --------------------------------------------------------------------------
(INFO    ) [13:50:23|tosca_opt] | Some STOP CRITERIA NOT satisfied this iteration                          |
(INFO    ) [13:50:23|tosca_opt]  --------------------------------------------------------------------------
(INFO    ) [13:50:24|tosca_opt]  --------------------------------------------------------------------------
(INFO    ) [13:50:24|tosca_opt] | End of DESIGN CYCLE NUMBER: 19                                           |
(INFO    ) [13:50:24|tosca_opt]  --------------------------------------------------------------------------
(INFO    ) [13:50:24|tosca_opt] Application finished successfully
(INFO    ) [13:50:24|tosca_driver] Module SMATsoToscaOpt has finished with exit code 0
(INFO    ) [13:50:24|tosca_driver] Calling: /uufs/chpc.utah.edu/sys/installdir/abaqus/2025/linux_a64/code/bin/SMATrtOptResExportTool --loglevel INFO --cycle 19 --onf_output ON
(INFO    ) [13:50:24|opt_res_export_tool] SIMULIA Tosca Structure.opt_res_export_tool - version 3DEXPERIENCE R2025x - build R427 - 20240925T190012Z 64 bit
(INFO    ) [13:50:24|opt_res_export_tool] Extracting results from opt_res_database
(INFO    ) [13:50:24|opt_res_export_tool] SIMULIA Tosca Structure.opt_res_export_tool finished successfully
(INFO    ) [13:50:24|tosca_driver] Module SMATrtOptResExportTool has finished with exit code 0
(NOTICE  ) [13:50:24|tosca_driver] Design cycle 20 started on 2026-02-19
(NOTICE  ) [13:50:24|tosca_driver] Starting Abaqus analysis - design cycle 20
(INFO    ) [13:50:24|tosca_driver] Activating the solver
(INFO    ) [13:50:24|tosca_driver] Calling hooks before module abaqus
(INFO    ) [13:50:24|tosca_driver] Calling: /uufs/chpc.utah.edu/sys/installdir/abaqus/2025/linux_a64/code/bin/SMATsoAbaqusTsProvider -j airbeam_vol --cycle 20
(INFO    ) [13:50:24|hook] Timestamp file written successfully
(INFO    ) [13:50:24|tosca_driver] Module hook has finished with exit code 0
(INFO    ) [13:50:25|tosca_driver] Fe-solver abaqus finished with job airbeam_vol.inp
(INFO    ) [13:50:25|tosca_driver] Elapsed time (inc. overhead): 0:00:00.701077
(INFO    ) [13:50:25|tosca_driver] Elapsed time of abaqus : 0:00:00.752879  -  current time : 13:50:25.262749
(INFO    ) [13:50:25|tosca_driver] Solution complete
(INFO    ) [13:50:25|tosca_driver] Checking solver output file: /uufs/chpc.utah.edu/common/home/u6074059/Abaqus/paper_reproduction/experiment7/run_7b/airbeam_abq/airbeam_vol.msg
(INFO    ) [13:50:25|tosca_driver] Searching for success check string: "THE ANALYSIS HAS BEEN COMPLETED"
(INFO    ) [13:50:25|tosca_driver] Calling: /uufs/chpc.utah.edu/sys/installdir/abaqus/2025/linux_a64/code/bin/SMATsoOdbToVtmMain --solver abaqus --loglevel INFO --format_matrices sim --cycle 20 --perturbation 0 /uufs/chpc.utah.edu/common/home/u6074059/Abaqus/paper_reproduction/experiment7/run_7b/airbeam_abq/airbeam_vol
(INFO    ) [13:50:25|odb_to_vtm] SIMULIA Tosca Structure.odb_to_vtm - version 3DEXPERIENCE R2025x - build R427 - 20240925T190012Z 64 bit
(INFO    ) [13:50:25|odb_to_vtm] Reading Abaqus ODB output file /uufs/chpc.utah.edu/common/home/u6074059/Abaqus/paper_reproduction/experiment7/run_7b/airbeam_abq/airbeam_vol
(INFO    ) [13:50:25|odb_to_vtm] Reading results from the Abaqus result database /uufs/chpc.utah.edu/common/home/u6074059/Abaqus/paper_reproduction/experiment7/run_7b/airbeam_abq/airbeam_vol.odb
(INFO    ) [13:50:25|odb_to_vtm] SIMULIA Tosca Structure.odb_to_vtm finished successfully
(INFO    ) [13:50:25|tosca_driver] Module SMATsoOdbToVtmMain has finished with exit code 0
(NOTICE  ) [13:50:25|tosca_driver] Starting Tosca Structure optimization module - design cycle 20
(INFO    ) [13:50:25|tosca_driver] Calling: /uufs/chpc.utah.edu/sys/installdir/abaqus/2025/linux_a64/code/bin/SMATsoToscaOpt --loglevel INFO
(INFO    ) [13:50:25|tosca_opt] SIMULIA Tosca Structure.tosca_opt - version 3DEXPERIENCE R2025x - build R427 - 20240925T190012Z 64 bit
(INFO    ) [13:50:25|tosca_opt]  --------------------------------------------------------------------------
(INFO    ) [13:50:25|tosca_opt] |                ___  ___  __  __  _   _  _     ___    _                   |
(INFO    ) [13:50:25|tosca_opt] |               / __||_ _||  \/  || | | || |   |_ _|  /_\                  |
(INFO    ) [13:50:25|tosca_opt] |               \__ \ | | | |\/| || |_| || |__  | |  / _ \                 |
(INFO    ) [13:50:25|tosca_opt] |               |___/|___||_|  |_| \___/ |____||___|/_/ \_\                |
(INFO    ) [13:50:25|tosca_opt] |                        _____                                             |
(INFO    ) [13:50:25|tosca_opt] |                       |_   _|___  ___ __  __ _                           |
(INFO    ) [13:50:25|tosca_opt] |                         | | / _ \(_-</ _|/ _` |                          |
(INFO    ) [13:50:25|tosca_opt] |                         |_| \___//__/\__|\__,_|                          |
(INFO    ) [13:50:25|tosca_opt] |              ___  _                   _                                  |
(INFO    ) [13:50:25|tosca_opt] |             / __|| |_  _ _  _  _  __ | |_  _  _  _ _  ___                |
(INFO    ) [13:50:25|tosca_opt] |             \__ \|  _|| `_|| || |/ _||  _|| || || `_|/ -_)               |
(INFO    ) [13:50:25|tosca_opt] |             |___/ \__||_|   \_,_|\__| \__| \_,_||_|  \___|               |
(INFO    ) [13:50:25|tosca_opt] |                                                                          |
(INFO    ) [13:50:25|tosca_opt]  --------------------------------------------------------------------------
(INFO    ) [13:50:25|tosca_opt] | Version 3DEXPERIENCE R2025x                                              |
(INFO    ) [13:50:25|tosca_opt] | DATE:   2026-02-19                                                       |
(INFO    ) [13:50:25|tosca_opt]  --------------------------------------------------------------------------
(INFO    ) [13:50:26|tosca_opt]  --------------------------------------------------------------------------
(INFO    ) [13:50:26|tosca_opt] | Begin of DESIGN CYCLE NUMBER: 20                                         |
(INFO    ) [13:50:26|tosca_opt]  --------------------------------------------------------------------------
(INFO    ) [13:50:26|tosca_opt] Checking for existence of results
(INFO    ) [13:50:26|tosca_opt]  --------------------------------------------------------------------------
(INFO    ) [13:50:26|tosca_opt] | ANALYZE VALUE OF VARIABLES before OPTIMIZATION                           |
(INFO    ) [13:50:26|tosca_opt]  --------------------------------------------------------------------------
(INFO    ) [13:50:26|tosca_opt]  --------------------------------------------------------------------------
(INFO    ) [13:50:26|tosca_opt] | Convergence Criteria in Design Cycle 20                                  |
(INFO    ) [13:50:26|tosca_opt]  --------------------------------------------------------------------------
(INFO    ) [13:50:26|tosca_opt] Local objective function criterion : NOT_FULFILLED (Actual change / target:    0.01160/   0.00100)
(INFO    ) [13:50:26|tosca_opt] Local design variables criterion   : NOT_FULFILLED (Actual change / target:    0.01915/   0.00500)
(INFO    ) [13:50:26|tosca_opt] Global stop criterion              : NOT_FULFILLED (Max number of design cycles :  80)
(INFO    ) [13:50:26|tosca_opt] 
(INFO    ) [13:50:26|tosca_opt]  --------------------------------------------------------------------------
(INFO    ) [13:50:26|tosca_opt] | ANALYZE VALUE OF VARIABLES after OPTIMIZATION                            |
(INFO    ) [13:50:26|tosca_opt]  --------------------------------------------------------------------------
(INFO    ) [13:50:26|tosca_opt]  --------------------------------------------------------------------------
(INFO    ) [13:50:26|tosca_opt] | VARIABLES and DESIGN RESPONSES                                           |
(INFO    ) [13:50:26|tosca_opt]  --------------------------------------------------------------------------
(INFO    ) [13:50:26|tosca_opt]  DRESP_SUM_ENERGY                          :    2.3515
(INFO    ) [13:50:26|tosca_opt]  DRESP_VOL_TOPO                            :    1705.5
(INFO    ) [13:50:26|tosca_opt]  DRESP_DISP1_ABS_MAX                       :   0.59540E-01
(INFO    ) [13:50:26|tosca_opt]  --------------------------------------------------------------------------
(INFO    ) [13:50:26|tosca_opt]  --------------------------------------------------------------------------
(INFO    ) [13:50:26|tosca_opt] | Report of OPTIMIZATION Results                                           |
(INFO    ) [13:50:26|tosca_opt]  --------------------------------------------------------------------------
(INFO    ) [13:50:26|tosca_opt]  DESIGN CYCLE                :  20
(INFO    ) [13:50:26|tosca_opt]  OPTIMIZE name               : TOPOLOGY_OPTIMIZATION
(INFO    ) [13:50:26|tosca_opt]  OBJ_FUNC name               : MIN_VOL
(INFO    ) [13:50:26|tosca_opt]  OBJ_FUNC value              :     1705.52
(INFO    ) [13:50:26|tosca_opt]  ==========================================================================
(INFO    ) [13:50:26|tosca_opt] |     Name of OBJ_FUNC_TERM      |   Value    |   Weight   |   Reference   |
(INFO    ) [13:50:26|tosca_opt]  ==========================================================================
(INFO    ) [13:50:26|tosca_opt] | DRESP_VOL_TOPO                 | 1705.52    | 1.0        | 0.0           |
(INFO    ) [13:50:26|tosca_opt]  ==========================================================================
(INFO    ) [13:50:26|tosca_opt] * SIMULIA Tosca Structure INFORMATION *
(INFO    ) [13:50:26|tosca_opt] Writing CONSTRAINTs with default normalization.
(INFO    ) [13:50:26|tosca_opt] For NORM value  <= 1.0   -->    CONSTRAINT is OK ( For all CONSTRAINT types )
(INFO    ) [13:50:26|tosca_opt]  ==========================================================================
(INFO    ) [13:50:26|tosca_opt] |  Name of CONSTRAINT  |  Act. Value  | Op.  | Target  |   Norm   | Status |
(INFO    ) [13:50:26|tosca_opt]  ==========================================================================
(INFO    ) [13:50:26|tosca_opt] | DISP_CONSTRAINT      | 5.95403e-2   | <=   | 6.e-2   | 0.992339 | TRUE   |
(INFO    ) [13:50:26|tosca_opt]  ==========================================================================
(INFO    ) [13:50:27|tosca_opt]  --------------------------------------------------------------------------
(INFO    ) [13:50:27|tosca_opt] | Some STOP CRITERIA NOT satisfied this iteration                          |
(INFO    ) [13:50:27|tosca_opt]  --------------------------------------------------------------------------
(INFO    ) [13:50:27|tosca_opt]  --------------------------------------------------------------------------
(INFO    ) [13:50:27|tosca_opt] | End of DESIGN CYCLE NUMBER: 20                                           |
(INFO    ) [13:50:27|tosca_opt]  --------------------------------------------------------------------------
(INFO    ) [13:50:28|tosca_opt] Application finished successfully
(INFO    ) [13:50:28|tosca_driver] Module SMATsoToscaOpt has finished with exit code 0
(INFO    ) [13:50:28|tosca_driver] Calling: /uufs/chpc.utah.edu/sys/installdir/abaqus/2025/linux_a64/code/bin/SMATrtOptResExportTool --loglevel INFO --cycle 20 --onf_output ON
(INFO    ) [13:50:28|opt_res_export_tool] SIMULIA Tosca Structure.opt_res_export_tool - version 3DEXPERIENCE R2025x - build R427 - 20240925T190012Z 64 bit
(INFO    ) [13:50:28|opt_res_export_tool] Extracting results from opt_res_database
(INFO    ) [13:50:28|opt_res_export_tool] SIMULIA Tosca Structure.opt_res_export_tool finished successfully
(INFO    ) [13:50:28|tosca_driver] Module SMATrtOptResExportTool has finished with exit code 0
(NOTICE  ) [13:50:28|tosca_driver] Design cycle 21 started on 2026-02-19
(NOTICE  ) [13:50:28|tosca_driver] Starting Abaqus analysis - design cycle 21
(INFO    ) [13:50:28|tosca_driver] Activating the solver
(INFO    ) [13:50:28|tosca_driver] Calling hooks before module abaqus
(INFO    ) [13:50:28|tosca_driver] Calling: /uufs/chpc.utah.edu/sys/installdir/abaqus/2025/linux_a64/code/bin/SMATsoAbaqusTsProvider -j airbeam_vol --cycle 21
(INFO    ) [13:50:28|hook] Timestamp file written successfully
(INFO    ) [13:50:28|tosca_driver] Module hook has finished with exit code 0
(INFO    ) [13:50:29|tosca_driver] Fe-solver abaqus finished with job airbeam_vol.inp
(INFO    ) [13:50:29|tosca_driver] Elapsed time (inc. overhead): 0:00:00.901315
(INFO    ) [13:50:29|tosca_driver] Elapsed time of abaqus : 0:00:00.951581  -  current time : 13:50:29.331519
(INFO    ) [13:50:29|tosca_driver] Solution complete
(INFO    ) [13:50:29|tosca_driver] Checking solver output file: /uufs/chpc.utah.edu/common/home/u6074059/Abaqus/paper_reproduction/experiment7/run_7b/airbeam_abq/airbeam_vol.msg
(INFO    ) [13:50:29|tosca_driver] Searching for success check string: "THE ANALYSIS HAS BEEN COMPLETED"
(INFO    ) [13:50:29|tosca_driver] Calling: /uufs/chpc.utah.edu/sys/installdir/abaqus/2025/linux_a64/code/bin/SMATsoOdbToVtmMain --solver abaqus --loglevel INFO --format_matrices sim --cycle 21 --perturbation 0 /uufs/chpc.utah.edu/common/home/u6074059/Abaqus/paper_reproduction/experiment7/run_7b/airbeam_abq/airbeam_vol
(INFO    ) [13:50:29|odb_to_vtm] SIMULIA Tosca Structure.odb_to_vtm - version 3DEXPERIENCE R2025x - build R427 - 20240925T190012Z 64 bit
(INFO    ) [13:50:29|odb_to_vtm] Reading Abaqus ODB output file /uufs/chpc.utah.edu/common/home/u6074059/Abaqus/paper_reproduction/experiment7/run_7b/airbeam_abq/airbeam_vol
(INFO    ) [13:50:29|odb_to_vtm] Reading results from the Abaqus result database /uufs/chpc.utah.edu/common/home/u6074059/Abaqus/paper_reproduction/experiment7/run_7b/airbeam_abq/airbeam_vol.odb
(INFO    ) [13:50:29|odb_to_vtm] SIMULIA Tosca Structure.odb_to_vtm finished successfully
(INFO    ) [13:50:29|tosca_driver] Module SMATsoOdbToVtmMain has finished with exit code 0
(NOTICE  ) [13:50:29|tosca_driver] Starting Tosca Structure optimization module - design cycle 21
(INFO    ) [13:50:29|tosca_driver] Calling: /uufs/chpc.utah.edu/sys/installdir/abaqus/2025/linux_a64/code/bin/SMATsoToscaOpt --loglevel INFO
(INFO    ) [13:50:29|tosca_opt] SIMULIA Tosca Structure.tosca_opt - version 3DEXPERIENCE R2025x - build R427 - 20240925T190012Z 64 bit
(INFO    ) [13:50:29|tosca_opt]  --------------------------------------------------------------------------
(INFO    ) [13:50:29|tosca_opt] |                ___  ___  __  __  _   _  _     ___    _                   |
(INFO    ) [13:50:29|tosca_opt] |               / __||_ _||  \/  || | | || |   |_ _|  /_\                  |
(INFO    ) [13:50:29|tosca_opt] |               \__ \ | | | |\/| || |_| || |__  | |  / _ \                 |
(INFO    ) [13:50:29|tosca_opt] |               |___/|___||_|  |_| \___/ |____||___|/_/ \_\                |
(INFO    ) [13:50:29|tosca_opt] |                        _____                                             |
(INFO    ) [13:50:29|tosca_opt] |                       |_   _|___  ___ __  __ _                           |
(INFO    ) [13:50:29|tosca_opt] |                         | | / _ \(_-</ _|/ _` |                          |
(INFO    ) [13:50:29|tosca_opt] |                         |_| \___//__/\__|\__,_|                          |
(INFO    ) [13:50:29|tosca_opt] |              ___  _                   _                                  |
(INFO    ) [13:50:29|tosca_opt] |             / __|| |_  _ _  _  _  __ | |_  _  _  _ _  ___                |
(INFO    ) [13:50:29|tosca_opt] |             \__ \|  _|| `_|| || |/ _||  _|| || || `_|/ -_)               |
(INFO    ) [13:50:29|tosca_opt] |             |___/ \__||_|   \_,_|\__| \__| \_,_||_|  \___|               |
(INFO    ) [13:50:29|tosca_opt] |                                                                          |
(INFO    ) [13:50:29|tosca_opt]  --------------------------------------------------------------------------
(INFO    ) [13:50:29|tosca_opt] | Version 3DEXPERIENCE R2025x                                              |
(INFO    ) [13:50:29|tosca_opt] | DATE:   2026-02-19                                                       |
(INFO    ) [13:50:29|tosca_opt]  --------------------------------------------------------------------------
(INFO    ) [13:50:30|tosca_opt]  --------------------------------------------------------------------------
(INFO    ) [13:50:30|tosca_opt] | Begin of DESIGN CYCLE NUMBER: 21                                         |
(INFO    ) [13:50:30|tosca_opt]  --------------------------------------------------------------------------
(INFO    ) [13:50:30|tosca_opt] Checking for existence of results
(INFO    ) [13:50:30|tosca_opt]  --------------------------------------------------------------------------
(INFO    ) [13:50:30|tosca_opt] | ANALYZE VALUE OF VARIABLES before OPTIMIZATION                           |
(INFO    ) [13:50:30|tosca_opt]  --------------------------------------------------------------------------
(INFO    ) [13:50:30|tosca_opt]  --------------------------------------------------------------------------
(INFO    ) [13:50:30|tosca_opt] | Convergence Criteria in Design Cycle 21                                  |
(INFO    ) [13:50:30|tosca_opt]  --------------------------------------------------------------------------
(INFO    ) [13:50:30|tosca_opt] Local objective function criterion : NOT_FULFILLED (Actual change / target:    0.01164/   0.00100)
(INFO    ) [13:50:30|tosca_opt] Local design variables criterion   : NOT_FULFILLED (Actual change / target:    0.02136/   0.00500)
(INFO    ) [13:50:30|tosca_opt] Global stop criterion              : NOT_FULFILLED (Max number of design cycles :  80)
(INFO    ) [13:50:30|tosca_opt] 
(INFO    ) [13:50:30|tosca_opt]  --------------------------------------------------------------------------
(INFO    ) [13:50:30|tosca_opt] | ANALYZE VALUE OF VARIABLES after OPTIMIZATION                            |
(INFO    ) [13:50:30|tosca_opt]  --------------------------------------------------------------------------
(INFO    ) [13:50:30|tosca_opt]  --------------------------------------------------------------------------
(INFO    ) [13:50:30|tosca_opt] | VARIABLES and DESIGN RESPONSES                                           |
(INFO    ) [13:50:30|tosca_opt]  --------------------------------------------------------------------------
(INFO    ) [13:50:30|tosca_opt]  DRESP_SUM_ENERGY                          :    2.3646
(INFO    ) [13:50:30|tosca_opt]  DRESP_VOL_TOPO                            :    1687.8
(INFO    ) [13:50:30|tosca_opt]  DRESP_DISP1_ABS_MAX                       :   0.59875E-01
(INFO    ) [13:50:30|tosca_opt]  --------------------------------------------------------------------------
(INFO    ) [13:50:30|tosca_opt]  --------------------------------------------------------------------------
(INFO    ) [13:50:30|tosca_opt] | Report of OPTIMIZATION Results                                           |
(INFO    ) [13:50:30|tosca_opt]  --------------------------------------------------------------------------
(INFO    ) [13:50:30|tosca_opt]  DESIGN CYCLE                :  21
(INFO    ) [13:50:30|tosca_opt]  OPTIMIZE name               : TOPOLOGY_OPTIMIZATION
(INFO    ) [13:50:30|tosca_opt]  OBJ_FUNC name               : MIN_VOL
(INFO    ) [13:50:30|tosca_opt]  OBJ_FUNC value              :     1687.76
(INFO    ) [13:50:30|tosca_opt]  ==========================================================================
(INFO    ) [13:50:30|tosca_opt] |     Name of OBJ_FUNC_TERM      |   Value    |   Weight   |   Reference   |
(INFO    ) [13:50:30|tosca_opt]  ==========================================================================
(INFO    ) [13:50:30|tosca_opt] | DRESP_VOL_TOPO                 | 1687.76    | 1.0        | 0.0           |
(INFO    ) [13:50:30|tosca_opt]  ==========================================================================
(INFO    ) [13:50:30|tosca_opt] * SIMULIA Tosca Structure INFORMATION *
(INFO    ) [13:50:30|tosca_opt] Writing CONSTRAINTs with default normalization.
(INFO    ) [13:50:30|tosca_opt] For NORM value  <= 1.0   -->    CONSTRAINT is OK ( For all CONSTRAINT types )
(INFO    ) [13:50:30|tosca_opt]  ==========================================================================
(INFO    ) [13:50:30|tosca_opt] |  Name of CONSTRAINT  |  Act. Value  | Op. | Target  |   Norm   | Status  |
(INFO    ) [13:50:30|tosca_opt]  ==========================================================================
(INFO    ) [13:50:30|tosca_opt] | DISP_CONSTRAINT      | 5.98746e-2   | <=  | 6.e-2   | 0.99791  | TRUE    |
(INFO    ) [13:50:30|tosca_opt]  ==========================================================================
(INFO    ) [13:50:32|tosca_opt]  --------------------------------------------------------------------------
(INFO    ) [13:50:32|tosca_opt] | Some STOP CRITERIA NOT satisfied this iteration                          |
(INFO    ) [13:50:32|tosca_opt]  --------------------------------------------------------------------------
(INFO    ) [13:50:32|tosca_opt]  --------------------------------------------------------------------------
(INFO    ) [13:50:32|tosca_opt] | End of DESIGN CYCLE NUMBER: 21                                           |
(INFO    ) [13:50:32|tosca_opt]  --------------------------------------------------------------------------
(INFO    ) [13:50:32|tosca_opt] Application finished successfully
(INFO    ) [13:50:32|tosca_driver] Module SMATsoToscaOpt has finished with exit code 0
(INFO    ) [13:50:32|tosca_driver] Calling: /uufs/chpc.utah.edu/sys/installdir/abaqus/2025/linux_a64/code/bin/SMATrtOptResExportTool --loglevel INFO --cycle 21 --onf_output ON
(INFO    ) [13:50:32|opt_res_export_tool] SIMULIA Tosca Structure.opt_res_export_tool - version 3DEXPERIENCE R2025x - build R427 - 20240925T190012Z 64 bit
(INFO    ) [13:50:32|opt_res_export_tool] Extracting results from opt_res_database
(INFO    ) [13:50:32|opt_res_export_tool] SIMULIA Tosca Structure.opt_res_export_tool finished successfully
(INFO    ) [13:50:32|tosca_driver] Module SMATrtOptResExportTool has finished with exit code 0
(NOTICE  ) [13:50:32|tosca_driver] Design cycle 22 started on 2026-02-19
(NOTICE  ) [13:50:32|tosca_driver] Starting Abaqus analysis - design cycle 22
(INFO    ) [13:50:32|tosca_driver] Activating the solver
(INFO    ) [13:50:32|tosca_driver] Calling hooks before module abaqus
(INFO    ) [13:50:32|tosca_driver] Calling: /uufs/chpc.utah.edu/sys/installdir/abaqus/2025/linux_a64/code/bin/SMATsoAbaqusTsProvider -j airbeam_vol --cycle 22
(INFO    ) [13:50:32|hook] Timestamp file written successfully
(INFO    ) [13:50:32|tosca_driver] Module hook has finished with exit code 0
(INFO    ) [13:50:33|tosca_driver] Fe-solver abaqus finished with job airbeam_vol.inp
(INFO    ) [13:50:33|tosca_driver] Elapsed time (inc. overhead): 0:00:00.801168
(INFO    ) [13:50:33|tosca_driver] Elapsed time of abaqus : 0:00:00.852593  -  current time : 13:50:33.569838
(INFO    ) [13:50:33|tosca_driver] Solution complete
(INFO    ) [13:50:33|tosca_driver] Checking solver output file: /uufs/chpc.utah.edu/common/home/u6074059/Abaqus/paper_reproduction/experiment7/run_7b/airbeam_abq/airbeam_vol.msg
(INFO    ) [13:50:33|tosca_driver] Searching for success check string: "THE ANALYSIS HAS BEEN COMPLETED"
(INFO    ) [13:50:33|tosca_driver] Calling: /uufs/chpc.utah.edu/sys/installdir/abaqus/2025/linux_a64/code/bin/SMATsoOdbToVtmMain --solver abaqus --loglevel INFO --format_matrices sim --cycle 22 --perturbation 0 /uufs/chpc.utah.edu/common/home/u6074059/Abaqus/paper_reproduction/experiment7/run_7b/airbeam_abq/airbeam_vol
(INFO    ) [13:50:33|odb_to_vtm] SIMULIA Tosca Structure.odb_to_vtm - version 3DEXPERIENCE R2025x - build R427 - 20240925T190012Z 64 bit
(INFO    ) [13:50:33|odb_to_vtm] Reading Abaqus ODB output file /uufs/chpc.utah.edu/common/home/u6074059/Abaqus/paper_reproduction/experiment7/run_7b/airbeam_abq/airbeam_vol
(INFO    ) [13:50:33|odb_to_vtm] Reading results from the Abaqus result database /uufs/chpc.utah.edu/common/home/u6074059/Abaqus/paper_reproduction/experiment7/run_7b/airbeam_abq/airbeam_vol.odb
(INFO    ) [13:50:33|odb_to_vtm] SIMULIA Tosca Structure.odb_to_vtm finished successfully
(INFO    ) [13:50:33|tosca_driver] Module SMATsoOdbToVtmMain has finished with exit code 0
(NOTICE  ) [13:50:33|tosca_driver] Starting Tosca Structure optimization module - design cycle 22
(INFO    ) [13:50:33|tosca_driver] Calling: /uufs/chpc.utah.edu/sys/installdir/abaqus/2025/linux_a64/code/bin/SMATsoToscaOpt --loglevel INFO
(INFO    ) [13:50:33|tosca_opt] SIMULIA Tosca Structure.tosca_opt - version 3DEXPERIENCE R2025x - build R427 - 20240925T190012Z 64 bit
(INFO    ) [13:50:33|tosca_opt]  --------------------------------------------------------------------------
(INFO    ) [13:50:33|tosca_opt] |                ___  ___  __  __  _   _  _     ___    _                   |
(INFO    ) [13:50:33|tosca_opt] |               / __||_ _||  \/  || | | || |   |_ _|  /_\                  |
(INFO    ) [13:50:33|tosca_opt] |               \__ \ | | | |\/| || |_| || |__  | |  / _ \                 |
(INFO    ) [13:50:33|tosca_opt] |               |___/|___||_|  |_| \___/ |____||___|/_/ \_\                |
(INFO    ) [13:50:33|tosca_opt] |                        _____                                             |
(INFO    ) [13:50:33|tosca_opt] |                       |_   _|___  ___ __  __ _                           |
(INFO    ) [13:50:33|tosca_opt] |                         | | / _ \(_-</ _|/ _` |                          |
(INFO    ) [13:50:33|tosca_opt] |                         |_| \___//__/\__|\__,_|                          |
(INFO    ) [13:50:33|tosca_opt] |              ___  _                   _                                  |
(INFO    ) [13:50:33|tosca_opt] |             / __|| |_  _ _  _  _  __ | |_  _  _  _ _  ___                |
(INFO    ) [13:50:33|tosca_opt] |             \__ \|  _|| `_|| || |/ _||  _|| || || `_|/ -_)               |
(INFO    ) [13:50:33|tosca_opt] |             |___/ \__||_|   \_,_|\__| \__| \_,_||_|  \___|               |
(INFO    ) [13:50:33|tosca_opt] |                                                                          |
(INFO    ) [13:50:33|tosca_opt]  --------------------------------------------------------------------------
(INFO    ) [13:50:33|tosca_opt] | Version 3DEXPERIENCE R2025x                                              |
(INFO    ) [13:50:33|tosca_opt] | DATE:   2026-02-19                                                       |
(INFO    ) [13:50:33|tosca_opt]  --------------------------------------------------------------------------
(INFO    ) [13:50:34|tosca_opt]  --------------------------------------------------------------------------
(INFO    ) [13:50:34|tosca_opt] | Begin of DESIGN CYCLE NUMBER: 22                                         |
(INFO    ) [13:50:34|tosca_opt]  --------------------------------------------------------------------------
(INFO    ) [13:50:34|tosca_opt] Checking for existence of results
(INFO    ) [13:50:34|tosca_opt]  --------------------------------------------------------------------------
(INFO    ) [13:50:34|tosca_opt] | ANALYZE VALUE OF VARIABLES before OPTIMIZATION                           |
(INFO    ) [13:50:34|tosca_opt]  --------------------------------------------------------------------------
(INFO    ) [13:50:34|tosca_opt]  --------------------------------------------------------------------------
(INFO    ) [13:50:34|tosca_opt] | Convergence Criteria in Design Cycle 22                                  |
(INFO    ) [13:50:34|tosca_opt]  --------------------------------------------------------------------------
(INFO    ) [13:50:34|tosca_opt] Optimization converged. Both criteria checked.
(INFO    ) [13:50:34|tosca_opt] Local objective function criterion : NOT_FULFILLED (Actual change / target:    0.00800/   0.00100)
(INFO    ) [13:50:34|tosca_opt] Local design variables criterion   : NOT_FULFILLED (Actual change / target:    0.02219/   0.00500)
(INFO    ) [13:50:34|tosca_opt] Global stop criterion              : NOT_FULFILLED (Max number of design cycles :  80)
(INFO    ) [13:50:34|tosca_opt] 
(INFO    ) [13:50:34|tosca_opt]  --------------------------------------------------------------------------
(INFO    ) [13:50:34|tosca_opt] | ANALYZE VALUE OF VARIABLES after OPTIMIZATION                            |
(INFO    ) [13:50:34|tosca_opt]  --------------------------------------------------------------------------
(INFO    ) [13:50:34|tosca_opt]  --------------------------------------------------------------------------
(INFO    ) [13:50:34|tosca_opt] | VARIABLES and DESIGN RESPONSES                                           |
(INFO    ) [13:50:34|tosca_opt]  --------------------------------------------------------------------------
(INFO    ) [13:50:34|tosca_opt]  DRESP_SUM_ENERGY                          :    2.3597
(INFO    ) [13:50:34|tosca_opt]  DRESP_VOL_TOPO                            :    1675.6
(INFO    ) [13:50:34|tosca_opt]  DRESP_DISP1_ABS_MAX                       :   0.59749E-01
(INFO    ) [13:50:34|tosca_opt]  --------------------------------------------------------------------------
(INFO    ) [13:50:34|tosca_opt]  --------------------------------------------------------------------------
(INFO    ) [13:50:34|tosca_opt] | Report of OPTIMIZATION Results                                           |
(INFO    ) [13:50:34|tosca_opt]  --------------------------------------------------------------------------
(INFO    ) [13:50:34|tosca_opt]  DESIGN CYCLE                :  22
(INFO    ) [13:50:34|tosca_opt]  OPTIMIZE name               : TOPOLOGY_OPTIMIZATION
(INFO    ) [13:50:34|tosca_opt]  OBJ_FUNC name               : MIN_VOL
(INFO    ) [13:50:34|tosca_opt]  OBJ_FUNC value              :     1675.65
(INFO    ) [13:50:34|tosca_opt]  ==========================================================================
(INFO    ) [13:50:34|tosca_opt] |     Name of OBJ_FUNC_TERM      |   Value    |   Weight   |   Reference   |
(INFO    ) [13:50:34|tosca_opt]  ==========================================================================
(INFO    ) [13:50:34|tosca_opt] | DRESP_VOL_TOPO                 | 1675.65    | 1.0        | 0.0           |
(INFO    ) [13:50:34|tosca_opt]  ==========================================================================
(INFO    ) [13:50:34|tosca_opt] * SIMULIA Tosca Structure INFORMATION *
(INFO    ) [13:50:34|tosca_opt] Writing CONSTRAINTs with default normalization.
(INFO    ) [13:50:34|tosca_opt] For NORM value  <= 1.0   -->    CONSTRAINT is OK ( For all CONSTRAINT types )
(INFO    ) [13:50:34|tosca_opt]  ==========================================================================
(INFO    ) [13:50:34|tosca_opt] |  Name of CONSTRAINT  |  Act. Value  | Op.  | Target  |   Norm   | Status |
(INFO    ) [13:50:34|tosca_opt]  ==========================================================================
(INFO    ) [13:50:34|tosca_opt] | DISP_CONSTRAINT      | 5.97491e-2   | <=   | 6.e-2   | 0.995819 | TRUE   |
(INFO    ) [13:50:34|tosca_opt]  ==========================================================================
(INFO    ) [13:50:35|tosca_opt]  --------------------------------------------------------------------------
(INFO    ) [13:50:35|tosca_opt] | Some STOP CRITERIA NOT satisfied this iteration                          |
(INFO    ) [13:50:35|tosca_opt]  --------------------------------------------------------------------------
(INFO    ) [13:50:36|tosca_opt]  --------------------------------------------------------------------------
(INFO    ) [13:50:36|tosca_opt] | End of DESIGN CYCLE NUMBER: 22                                           |
(INFO    ) [13:50:36|tosca_opt]  --------------------------------------------------------------------------
(INFO    ) [13:50:36|tosca_opt] Application finished successfully
(INFO    ) [13:50:36|tosca_driver] Module SMATsoToscaOpt has finished with exit code 0
(INFO    ) [13:50:36|tosca_driver] Calling: /uufs/chpc.utah.edu/sys/installdir/abaqus/2025/linux_a64/code/bin/SMATrtOptResExportTool --loglevel INFO --cycle 22 --onf_output ON
(INFO    ) [13:50:36|opt_res_export_tool] SIMULIA Tosca Structure.opt_res_export_tool - version 3DEXPERIENCE R2025x - build R427 - 20240925T190012Z 64 bit
(INFO    ) [13:50:36|opt_res_export_tool] Extracting results from opt_res_database
(INFO    ) [13:50:36|opt_res_export_tool] SIMULIA Tosca Structure.opt_res_export_tool finished successfully
(INFO    ) [13:50:36|tosca_driver] Module SMATrtOptResExportTool has finished with exit code 0
(NOTICE  ) [13:50:36|tosca_driver] Design cycle 23 started on 2026-02-19
(NOTICE  ) [13:50:36|tosca_driver] Starting Abaqus analysis - design cycle 23
(INFO    ) [13:50:36|tosca_driver] Activating the solver
(INFO    ) [13:50:36|tosca_driver] Calling hooks before module abaqus
(INFO    ) [13:50:36|tosca_driver] Calling: /uufs/chpc.utah.edu/sys/installdir/abaqus/2025/linux_a64/code/bin/SMATsoAbaqusTsProvider -j airbeam_vol --cycle 23
(INFO    ) [13:50:36|hook] Timestamp file written successfully
(INFO    ) [13:50:36|tosca_driver] Module hook has finished with exit code 0
(INFO    ) [13:50:37|tosca_driver] Fe-solver abaqus finished with job airbeam_vol.inp
(INFO    ) [13:50:37|tosca_driver] Elapsed time (inc. overhead): 0:00:00.801412
(INFO    ) [13:50:37|tosca_driver] Elapsed time of abaqus : 0:00:00.858037  -  current time : 13:50:37.771595
(INFO    ) [13:50:37|tosca_driver] Solution complete
(INFO    ) [13:50:37|tosca_driver] Checking solver output file: /uufs/chpc.utah.edu/common/home/u6074059/Abaqus/paper_reproduction/experiment7/run_7b/airbeam_abq/airbeam_vol.msg
(INFO    ) [13:50:37|tosca_driver] Searching for success check string: "THE ANALYSIS HAS BEEN COMPLETED"
(INFO    ) [13:50:37|tosca_driver] Calling: /uufs/chpc.utah.edu/sys/installdir/abaqus/2025/linux_a64/code/bin/SMATsoOdbToVtmMain --solver abaqus --loglevel INFO --format_matrices sim --cycle 23 --perturbation 0 /uufs/chpc.utah.edu/common/home/u6074059/Abaqus/paper_reproduction/experiment7/run_7b/airbeam_abq/airbeam_vol
(INFO    ) [13:50:37|odb_to_vtm] SIMULIA Tosca Structure.odb_to_vtm - version 3DEXPERIENCE R2025x - build R427 - 20240925T190012Z 64 bit
(INFO    ) [13:50:37|odb_to_vtm] Reading Abaqus ODB output file /uufs/chpc.utah.edu/common/home/u6074059/Abaqus/paper_reproduction/experiment7/run_7b/airbeam_abq/airbeam_vol
(INFO    ) [13:50:37|odb_to_vtm] Reading results from the Abaqus result database /uufs/chpc.utah.edu/common/home/u6074059/Abaqus/paper_reproduction/experiment7/run_7b/airbeam_abq/airbeam_vol.odb
(INFO    ) [13:50:38|odb_to_vtm] SIMULIA Tosca Structure.odb_to_vtm finished successfully
(INFO    ) [13:50:38|tosca_driver] Module SMATsoOdbToVtmMain has finished with exit code 0
(NOTICE  ) [13:50:38|tosca_driver] Starting Tosca Structure optimization module - design cycle 23
(INFO    ) [13:50:38|tosca_driver] Calling: /uufs/chpc.utah.edu/sys/installdir/abaqus/2025/linux_a64/code/bin/SMATsoToscaOpt --loglevel INFO
(INFO    ) [13:50:38|tosca_opt] SIMULIA Tosca Structure.tosca_opt - version 3DEXPERIENCE R2025x - build R427 - 20240925T190012Z 64 bit
(INFO    ) [13:50:38|tosca_opt]  --------------------------------------------------------------------------
(INFO    ) [13:50:38|tosca_opt] |                ___  ___  __  __  _   _  _     ___    _                   |
(INFO    ) [13:50:38|tosca_opt] |               / __||_ _||  \/  || | | || |   |_ _|  /_\                  |
(INFO    ) [13:50:38|tosca_opt] |               \__ \ | | | |\/| || |_| || |__  | |  / _ \                 |
(INFO    ) [13:50:38|tosca_opt] |               |___/|___||_|  |_| \___/ |____||___|/_/ \_\                |
(INFO    ) [13:50:38|tosca_opt] |                        _____                                             |
(INFO    ) [13:50:38|tosca_opt] |                       |_   _|___  ___ __  __ _                           |
(INFO    ) [13:50:38|tosca_opt] |                         | | / _ \(_-</ _|/ _` |                          |
(INFO    ) [13:50:38|tosca_opt] |                         |_| \___//__/\__|\__,_|                          |
(INFO    ) [13:50:38|tosca_opt] |              ___  _                   _                                  |
(INFO    ) [13:50:38|tosca_opt] |             / __|| |_  _ _  _  _  __ | |_  _  _  _ _  ___                |
(INFO    ) [13:50:38|tosca_opt] |             \__ \|  _|| `_|| || |/ _||  _|| || || `_|/ -_)               |
(INFO    ) [13:50:38|tosca_opt] |             |___/ \__||_|   \_,_|\__| \__| \_,_||_|  \___|               |
(INFO    ) [13:50:38|tosca_opt] |                                                                          |
(INFO    ) [13:50:38|tosca_opt]  --------------------------------------------------------------------------
(INFO    ) [13:50:38|tosca_opt] | Version 3DEXPERIENCE R2025x                                              |
(INFO    ) [13:50:38|tosca_opt] | DATE:   2026-02-19                                                       |
(INFO    ) [13:50:38|tosca_opt]  --------------------------------------------------------------------------
(INFO    ) [13:50:39|tosca_opt]  --------------------------------------------------------------------------
(INFO    ) [13:50:39|tosca_opt] | Begin of DESIGN CYCLE NUMBER: 23                                         |
(INFO    ) [13:50:39|tosca_opt]  --------------------------------------------------------------------------
(INFO    ) [13:50:39|tosca_opt] Checking for existence of results
(INFO    ) [13:50:39|tosca_opt]  --------------------------------------------------------------------------
(INFO    ) [13:50:39|tosca_opt] | ANALYZE VALUE OF VARIABLES before OPTIMIZATION                           |
(INFO    ) [13:50:39|tosca_opt]  --------------------------------------------------------------------------
(INFO    ) [13:50:39|tosca_opt]  --------------------------------------------------------------------------
(INFO    ) [13:50:39|tosca_opt] | Convergence Criteria in Design Cycle 23                                  |
(INFO    ) [13:50:39|tosca_opt]  --------------------------------------------------------------------------
(INFO    ) [13:50:39|tosca_opt] Optimization converged. Both criteria checked.
(INFO    ) [13:50:39|tosca_opt] Local objective function criterion : NOT_FULFILLED (Actual change / target:    0.00913/   0.00100)
(INFO    ) [13:50:39|tosca_opt] Local design variables criterion   : NOT_FULFILLED (Actual change / target:    0.02231/   0.00500)
(INFO    ) [13:50:39|tosca_opt] Global stop criterion              : NOT_FULFILLED (Max number of design cycles :  80)
(INFO    ) [13:50:39|tosca_opt] 
(INFO    ) [13:50:39|tosca_opt]  --------------------------------------------------------------------------
(INFO    ) [13:50:39|tosca_opt] | ANALYZE VALUE OF VARIABLES after OPTIMIZATION                            |
(INFO    ) [13:50:39|tosca_opt]  --------------------------------------------------------------------------
(INFO    ) [13:50:39|tosca_opt]  --------------------------------------------------------------------------
(INFO    ) [13:50:39|tosca_opt] | VARIABLES and DESIGN RESPONSES                                           |
(INFO    ) [13:50:39|tosca_opt]  --------------------------------------------------------------------------
(INFO    ) [13:50:39|tosca_opt]  DRESP_SUM_ENERGY                          :    2.3534
(INFO    ) [13:50:39|tosca_opt]  DRESP_VOL_TOPO                            :    1662.0
(INFO    ) [13:50:39|tosca_opt]  DRESP_DISP1_ABS_MAX                       :   0.59589E-01
(INFO    ) [13:50:39|tosca_opt]  --------------------------------------------------------------------------
(INFO    ) [13:50:39|tosca_opt]  --------------------------------------------------------------------------
(INFO    ) [13:50:39|tosca_opt] | Report of OPTIMIZATION Results                                           |
(INFO    ) [13:50:39|tosca_opt]  --------------------------------------------------------------------------
(INFO    ) [13:50:39|tosca_opt]  DESIGN CYCLE                :  23
(INFO    ) [13:50:39|tosca_opt]  OPTIMIZE name               : TOPOLOGY_OPTIMIZATION
(INFO    ) [13:50:39|tosca_opt]  OBJ_FUNC name               : MIN_VOL
(INFO    ) [13:50:39|tosca_opt]  OBJ_FUNC value              :     1661.95
(INFO    ) [13:50:39|tosca_opt]  ==========================================================================
(INFO    ) [13:50:39|tosca_opt] |     Name of OBJ_FUNC_TERM      |   Value    |   Weight   |   Reference   |
(INFO    ) [13:50:39|tosca_opt]  ==========================================================================
(INFO    ) [13:50:39|tosca_opt] | DRESP_VOL_TOPO                 | 1661.95    | 1.0        | 0.0           |
(INFO    ) [13:50:39|tosca_opt]  ==========================================================================
(INFO    ) [13:50:39|tosca_opt] * SIMULIA Tosca Structure INFORMATION *
(INFO    ) [13:50:39|tosca_opt] Writing CONSTRAINTs with default normalization.
(INFO    ) [13:50:39|tosca_opt] For NORM value  <= 1.0   -->    CONSTRAINT is OK ( For all CONSTRAINT types )
(INFO    ) [13:50:39|tosca_opt]  ==========================================================================
(INFO    ) [13:50:39|tosca_opt] |  Name of CONSTRAINT  |  Act. Value  | Op.  | Target  |   Norm   | Status |
(INFO    ) [13:50:39|tosca_opt]  ==========================================================================
(INFO    ) [13:50:39|tosca_opt] | DISP_CONSTRAINT      | 5.95894e-2   | <=   | 6.e-2   | 0.993156 | TRUE   |
(INFO    ) [13:50:39|tosca_opt]  ==========================================================================
(INFO    ) [13:50:40|tosca_opt]  --------------------------------------------------------------------------
(INFO    ) [13:50:40|tosca_opt] | Some STOP CRITERIA NOT satisfied this iteration                          |
(INFO    ) [13:50:40|tosca_opt]  --------------------------------------------------------------------------
(INFO    ) [13:50:41|tosca_opt]  --------------------------------------------------------------------------
(INFO    ) [13:50:41|tosca_opt] | End of DESIGN CYCLE NUMBER: 23                                           |
(INFO    ) [13:50:41|tosca_opt]  --------------------------------------------------------------------------
(INFO    ) [13:50:41|tosca_opt] Application finished successfully
(INFO    ) [13:50:41|tosca_driver] Module SMATsoToscaOpt has finished with exit code 0
(INFO    ) [13:50:41|tosca_driver] Calling: /uufs/chpc.utah.edu/sys/installdir/abaqus/2025/linux_a64/code/bin/SMATrtOptResExportTool --loglevel INFO --cycle 23 --onf_output ON
(INFO    ) [13:50:41|opt_res_export_tool] SIMULIA Tosca Structure.opt_res_export_tool - version 3DEXPERIENCE R2025x - build R427 - 20240925T190012Z 64 bit
(INFO    ) [13:50:41|opt_res_export_tool] Extracting results from opt_res_database
(INFO    ) [13:50:41|opt_res_export_tool] SIMULIA Tosca Structure.opt_res_export_tool finished successfully
(INFO    ) [13:50:41|tosca_driver] Module SMATrtOptResExportTool has finished with exit code 0
(NOTICE  ) [13:50:42|tosca_driver] Design cycle 24 started on 2026-02-19
(NOTICE  ) [13:50:42|tosca_driver] Starting Abaqus analysis - design cycle 24
(INFO    ) [13:50:42|tosca_driver] Activating the solver
(INFO    ) [13:50:42|tosca_driver] Calling hooks before module abaqus
(INFO    ) [13:50:42|tosca_driver] Calling: /uufs/chpc.utah.edu/sys/installdir/abaqus/2025/linux_a64/code/bin/SMATsoAbaqusTsProvider -j airbeam_vol --cycle 24
(INFO    ) [13:50:42|hook] Timestamp file written successfully
(INFO    ) [13:50:42|tosca_driver] Module hook has finished with exit code 0
(INFO    ) [13:50:43|tosca_driver] Fe-solver abaqus finished with job airbeam_vol.inp
(INFO    ) [13:50:43|tosca_driver] Elapsed time (inc. overhead): 0:00:01.101591
(INFO    ) [13:50:43|tosca_driver] Elapsed time of abaqus : 0:00:01.205958  -  current time : 13:50:43.433341
(INFO    ) [13:50:43|tosca_driver] Solution complete
(INFO    ) [13:50:43|tosca_driver] Checking solver output file: /uufs/chpc.utah.edu/common/home/u6074059/Abaqus/paper_reproduction/experiment7/run_7b/airbeam_abq/airbeam_vol.msg
(INFO    ) [13:50:43|tosca_driver] Searching for success check string: "THE ANALYSIS HAS BEEN COMPLETED"
(INFO    ) [13:50:43|tosca_driver] Calling: /uufs/chpc.utah.edu/sys/installdir/abaqus/2025/linux_a64/code/bin/SMATsoOdbToVtmMain --solver abaqus --loglevel INFO --format_matrices sim --cycle 24 --perturbation 0 /uufs/chpc.utah.edu/common/home/u6074059/Abaqus/paper_reproduction/experiment7/run_7b/airbeam_abq/airbeam_vol
(INFO    ) [13:50:43|odb_to_vtm] SIMULIA Tosca Structure.odb_to_vtm - version 3DEXPERIENCE R2025x - build R427 - 20240925T190012Z 64 bit
(INFO    ) [13:50:43|odb_to_vtm] Reading Abaqus ODB output file /uufs/chpc.utah.edu/common/home/u6074059/Abaqus/paper_reproduction/experiment7/run_7b/airbeam_abq/airbeam_vol
(INFO    ) [13:50:43|odb_to_vtm] Reading results from the Abaqus result database /uufs/chpc.utah.edu/common/home/u6074059/Abaqus/paper_reproduction/experiment7/run_7b/airbeam_abq/airbeam_vol.odb
(INFO    ) [13:50:43|odb_to_vtm] SIMULIA Tosca Structure.odb_to_vtm finished successfully
(INFO    ) [13:50:43|tosca_driver] Module SMATsoOdbToVtmMain has finished with exit code 0
(NOTICE  ) [13:50:43|tosca_driver] Starting Tosca Structure optimization module - design cycle 24
(INFO    ) [13:50:43|tosca_driver] Calling: /uufs/chpc.utah.edu/sys/installdir/abaqus/2025/linux_a64/code/bin/SMATsoToscaOpt --loglevel INFO
(INFO    ) [13:50:43|tosca_opt] SIMULIA Tosca Structure.tosca_opt - version 3DEXPERIENCE R2025x - build R427 - 20240925T190012Z 64 bit
(INFO    ) [13:50:43|tosca_opt]  --------------------------------------------------------------------------
(INFO    ) [13:50:43|tosca_opt] |                ___  ___  __  __  _   _  _     ___    _                   |
(INFO    ) [13:50:43|tosca_opt] |               / __||_ _||  \/  || | | || |   |_ _|  /_\                  |
(INFO    ) [13:50:43|tosca_opt] |               \__ \ | | | |\/| || |_| || |__  | |  / _ \                 |
(INFO    ) [13:50:43|tosca_opt] |               |___/|___||_|  |_| \___/ |____||___|/_/ \_\                |
(INFO    ) [13:50:43|tosca_opt] |                        _____                                             |
(INFO    ) [13:50:43|tosca_opt] |                       |_   _|___  ___ __  __ _                           |
(INFO    ) [13:50:43|tosca_opt] |                         | | / _ \(_-</ _|/ _` |                          |
(INFO    ) [13:50:43|tosca_opt] |                         |_| \___//__/\__|\__,_|                          |
(INFO    ) [13:50:43|tosca_opt] |              ___  _                   _                                  |
(INFO    ) [13:50:43|tosca_opt] |             / __|| |_  _ _  _  _  __ | |_  _  _  _ _  ___                |
(INFO    ) [13:50:43|tosca_opt] |             \__ \|  _|| `_|| || |/ _||  _|| || || `_|/ -_)               |
(INFO    ) [13:50:43|tosca_opt] |             |___/ \__||_|   \_,_|\__| \__| \_,_||_|  \___|               |
(INFO    ) [13:50:43|tosca_opt] |                                                                          |
(INFO    ) [13:50:43|tosca_opt]  --------------------------------------------------------------------------
(INFO    ) [13:50:43|tosca_opt] | Version 3DEXPERIENCE R2025x                                              |
(INFO    ) [13:50:43|tosca_opt] | DATE:   2026-02-19                                                       |
(INFO    ) [13:50:43|tosca_opt]  --------------------------------------------------------------------------
(INFO    ) [13:50:44|tosca_opt]  --------------------------------------------------------------------------
(INFO    ) [13:50:44|tosca_opt] | Begin of DESIGN CYCLE NUMBER: 24                                         |
(INFO    ) [13:50:44|tosca_opt]  --------------------------------------------------------------------------
(INFO    ) [13:50:44|tosca_opt] Checking for existence of results
(INFO    ) [13:50:44|tosca_opt]  --------------------------------------------------------------------------
(INFO    ) [13:50:44|tosca_opt] | ANALYZE VALUE OF VARIABLES before OPTIMIZATION                           |
(INFO    ) [13:50:44|tosca_opt]  --------------------------------------------------------------------------
(INFO    ) [13:50:44|tosca_opt]  --------------------------------------------------------------------------
(INFO    ) [13:50:44|tosca_opt] | Convergence Criteria in Design Cycle 24                                  |
(INFO    ) [13:50:44|tosca_opt]  --------------------------------------------------------------------------
(INFO    ) [13:50:44|tosca_opt] Local objective function criterion : NOT_FULFILLED (Actual change / target:    0.01185/   0.00100)
(INFO    ) [13:50:44|tosca_opt] Local design variables criterion   : NOT_FULFILLED (Actual change / target:    0.02395/   0.00500)
(INFO    ) [13:50:44|tosca_opt] Global stop criterion              : NOT_FULFILLED (Max number of design cycles :  80)
(INFO    ) [13:50:44|tosca_opt] 
(INFO    ) [13:50:44|tosca_opt]  --------------------------------------------------------------------------
(INFO    ) [13:50:44|tosca_opt] | ANALYZE VALUE OF VARIABLES after OPTIMIZATION                            |
(INFO    ) [13:50:44|tosca_opt]  --------------------------------------------------------------------------
(INFO    ) [13:50:44|tosca_opt]  --------------------------------------------------------------------------
(INFO    ) [13:50:44|tosca_opt] | VARIABLES and DESIGN RESPONSES                                           |
(INFO    ) [13:50:44|tosca_opt]  --------------------------------------------------------------------------
(INFO    ) [13:50:44|tosca_opt]  DRESP_SUM_ENERGY                          :    2.3478
(INFO    ) [13:50:44|tosca_opt]  DRESP_VOL_TOPO                            :    1644.4
(INFO    ) [13:50:44|tosca_opt]  DRESP_DISP1_ABS_MAX                       :   0.59451E-01
(INFO    ) [13:50:44|tosca_opt]  --------------------------------------------------------------------------
(INFO    ) [13:50:45|tosca_opt]  --------------------------------------------------------------------------
(INFO    ) [13:50:45|tosca_opt] | Report of OPTIMIZATION Results                                           |
(INFO    ) [13:50:45|tosca_opt]  --------------------------------------------------------------------------
(INFO    ) [13:50:45|tosca_opt]  DESIGN CYCLE                :  24
(INFO    ) [13:50:45|tosca_opt]  OPTIMIZE name               : TOPOLOGY_OPTIMIZATION
(INFO    ) [13:50:45|tosca_opt]  OBJ_FUNC name               : MIN_VOL
(INFO    ) [13:50:45|tosca_opt]  OBJ_FUNC value              :     1644.38
(INFO    ) [13:50:45|tosca_opt]  ==========================================================================
(INFO    ) [13:50:45|tosca_opt] |     Name of OBJ_FUNC_TERM      |   Value    |   Weight   |   Reference   |
(INFO    ) [13:50:45|tosca_opt]  ==========================================================================
(INFO    ) [13:50:45|tosca_opt] | DRESP_VOL_TOPO                 | 1644.38    | 1.0        | 0.0           |
(INFO    ) [13:50:45|tosca_opt]  ==========================================================================
(INFO    ) [13:50:45|tosca_opt] * SIMULIA Tosca Structure INFORMATION *
(INFO    ) [13:50:45|tosca_opt] Writing CONSTRAINTs with default normalization.
(INFO    ) [13:50:45|tosca_opt] For NORM value  <= 1.0   -->    CONSTRAINT is OK ( For all CONSTRAINT types )
(INFO    ) [13:50:45|tosca_opt]  ==========================================================================
(INFO    ) [13:50:45|tosca_opt] |  Name of CONSTRAINT  |  Act. Value  | Op.  | Target  |   Norm   | Status |
(INFO    ) [13:50:45|tosca_opt]  ==========================================================================
(INFO    ) [13:50:45|tosca_opt] | DISP_CONSTRAINT      | 5.94513e-2   | <=   | 6.e-2   | 0.990854 | TRUE   |
(INFO    ) [13:50:45|tosca_opt]  ==========================================================================
(INFO    ) [13:50:47|tosca_opt]  --------------------------------------------------------------------------
(INFO    ) [13:50:47|tosca_opt] | Some STOP CRITERIA NOT satisfied this iteration                          |
(INFO    ) [13:50:47|tosca_opt]  --------------------------------------------------------------------------
(INFO    ) [13:50:47|tosca_opt]  --------------------------------------------------------------------------
(INFO    ) [13:50:47|tosca_opt] | End of DESIGN CYCLE NUMBER: 24                                           |
(INFO    ) [13:50:47|tosca_opt]  --------------------------------------------------------------------------
(INFO    ) [13:50:47|tosca_opt] Application finished successfully
(INFO    ) [13:50:47|tosca_driver] Module SMATsoToscaOpt has finished with exit code 0
(INFO    ) [13:50:47|tosca_driver] Calling: /uufs/chpc.utah.edu/sys/installdir/abaqus/2025/linux_a64/code/bin/SMATrtOptResExportTool --loglevel INFO --cycle 24 --onf_output ON
(INFO    ) [13:50:47|opt_res_export_tool] SIMULIA Tosca Structure.opt_res_export_tool - version 3DEXPERIENCE R2025x - build R427 - 20240925T190012Z 64 bit
(INFO    ) [13:50:47|opt_res_export_tool] Extracting results from opt_res_database
(INFO    ) [13:50:47|opt_res_export_tool] SIMULIA Tosca Structure.opt_res_export_tool finished successfully
(INFO    ) [13:50:47|tosca_driver] Module SMATrtOptResExportTool has finished with exit code 0
(NOTICE  ) [13:50:48|tosca_driver] Design cycle 25 started on 2026-02-19
(NOTICE  ) [13:50:48|tosca_driver] Starting Abaqus analysis - design cycle 25
(INFO    ) [13:50:48|tosca_driver] Activating the solver
(INFO    ) [13:50:48|tosca_driver] Calling hooks before module abaqus
(INFO    ) [13:50:48|tosca_driver] Calling: /uufs/chpc.utah.edu/sys/installdir/abaqus/2025/linux_a64/code/bin/SMATsoAbaqusTsProvider -j airbeam_vol --cycle 25
(INFO    ) [13:50:48|hook] Timestamp file written successfully
(INFO    ) [13:50:48|tosca_driver] Module hook has finished with exit code 0
(INFO    ) [13:50:49|tosca_driver] Fe-solver abaqus finished with job airbeam_vol.inp
(INFO    ) [13:50:49|tosca_driver] Elapsed time (inc. overhead): 0:00:00.701090
(INFO    ) [13:50:49|tosca_driver] Elapsed time of abaqus : 0:00:00.751483  -  current time : 13:50:49.096708
(INFO    ) [13:50:49|tosca_driver] Solution complete
(INFO    ) [13:50:49|tosca_driver] Checking solver output file: /uufs/chpc.utah.edu/common/home/u6074059/Abaqus/paper_reproduction/experiment7/run_7b/airbeam_abq/airbeam_vol.msg
(INFO    ) [13:50:49|tosca_driver] Searching for success check string: "THE ANALYSIS HAS BEEN COMPLETED"
(INFO    ) [13:50:49|tosca_driver] Calling: /uufs/chpc.utah.edu/sys/installdir/abaqus/2025/linux_a64/code/bin/SMATsoOdbToVtmMain --solver abaqus --loglevel INFO --format_matrices sim --cycle 25 --perturbation 0 /uufs/chpc.utah.edu/common/home/u6074059/Abaqus/paper_reproduction/experiment7/run_7b/airbeam_abq/airbeam_vol
(INFO    ) [13:50:49|odb_to_vtm] SIMULIA Tosca Structure.odb_to_vtm - version 3DEXPERIENCE R2025x - build R427 - 20240925T190012Z 64 bit
(INFO    ) [13:50:49|odb_to_vtm] Reading Abaqus ODB output file /uufs/chpc.utah.edu/common/home/u6074059/Abaqus/paper_reproduction/experiment7/run_7b/airbeam_abq/airbeam_vol
(INFO    ) [13:50:49|odb_to_vtm] Reading results from the Abaqus result database /uufs/chpc.utah.edu/common/home/u6074059/Abaqus/paper_reproduction/experiment7/run_7b/airbeam_abq/airbeam_vol.odb
(INFO    ) [13:50:49|odb_to_vtm] SIMULIA Tosca Structure.odb_to_vtm finished successfully
(INFO    ) [13:50:49|tosca_driver] Module SMATsoOdbToVtmMain has finished with exit code 0
(NOTICE  ) [13:50:49|tosca_driver] Starting Tosca Structure optimization module - design cycle 25
(INFO    ) [13:50:49|tosca_driver] Calling: /uufs/chpc.utah.edu/sys/installdir/abaqus/2025/linux_a64/code/bin/SMATsoToscaOpt --loglevel INFO
(INFO    ) [13:50:49|tosca_opt] SIMULIA Tosca Structure.tosca_opt - version 3DEXPERIENCE R2025x - build R427 - 20240925T190012Z 64 bit
(INFO    ) [13:50:49|tosca_opt]  --------------------------------------------------------------------------
(INFO    ) [13:50:49|tosca_opt] |                ___  ___  __  __  _   _  _     ___    _                   |
(INFO    ) [13:50:49|tosca_opt] |               / __||_ _||  \/  || | | || |   |_ _|  /_\                  |
(INFO    ) [13:50:49|tosca_opt] |               \__ \ | | | |\/| || |_| || |__  | |  / _ \                 |
(INFO    ) [13:50:49|tosca_opt] |               |___/|___||_|  |_| \___/ |____||___|/_/ \_\                |
(INFO    ) [13:50:49|tosca_opt] |                        _____                                             |
(INFO    ) [13:50:49|tosca_opt] |                       |_   _|___  ___ __  __ _                           |
(INFO    ) [13:50:49|tosca_opt] |                         | | / _ \(_-</ _|/ _` |                          |
(INFO    ) [13:50:49|tosca_opt] |                         |_| \___//__/\__|\__,_|                          |
(INFO    ) [13:50:49|tosca_opt] |              ___  _                   _                                  |
(INFO    ) [13:50:49|tosca_opt] |             / __|| |_  _ _  _  _  __ | |_  _  _  _ _  ___                |
(INFO    ) [13:50:49|tosca_opt] |             \__ \|  _|| `_|| || |/ _||  _|| || || `_|/ -_)               |
(INFO    ) [13:50:49|tosca_opt] |             |___/ \__||_|   \_,_|\__| \__| \_,_||_|  \___|               |
(INFO    ) [13:50:49|tosca_opt] |                                                                          |
(INFO    ) [13:50:49|tosca_opt]  --------------------------------------------------------------------------
(INFO    ) [13:50:49|tosca_opt] | Version 3DEXPERIENCE R2025x                                              |
(INFO    ) [13:50:49|tosca_opt] | DATE:   2026-02-19                                                       |
(INFO    ) [13:50:49|tosca_opt]  --------------------------------------------------------------------------
(INFO    ) [13:50:50|tosca_opt]  --------------------------------------------------------------------------
(INFO    ) [13:50:50|tosca_opt] | Begin of DESIGN CYCLE NUMBER: 25                                         |
(INFO    ) [13:50:50|tosca_opt]  --------------------------------------------------------------------------
(INFO    ) [13:50:50|tosca_opt] Checking for existence of results
(INFO    ) [13:50:50|tosca_opt]  --------------------------------------------------------------------------
(INFO    ) [13:50:50|tosca_opt] | ANALYZE VALUE OF VARIABLES before OPTIMIZATION                           |
(INFO    ) [13:50:50|tosca_opt]  --------------------------------------------------------------------------
(INFO    ) [13:50:50|tosca_opt]  --------------------------------------------------------------------------
(INFO    ) [13:50:50|tosca_opt] | Convergence Criteria in Design Cycle 25                                  |
(INFO    ) [13:50:50|tosca_opt]  --------------------------------------------------------------------------
(INFO    ) [13:50:50|tosca_opt] Local objective function criterion : NOT_FULFILLED (Actual change / target:    0.01140/   0.00100)
(INFO    ) [13:50:50|tosca_opt] Local design variables criterion   : NOT_FULFILLED (Actual change / target:    0.02018/   0.00500)
(INFO    ) [13:50:50|tosca_opt] Global stop criterion              : NOT_FULFILLED (Max number of design cycles :  80)
(INFO    ) [13:50:50|tosca_opt] 
(INFO    ) [13:50:50|tosca_opt]  --------------------------------------------------------------------------
(INFO    ) [13:50:50|tosca_opt] | ANALYZE VALUE OF VARIABLES after OPTIMIZATION                            |
(INFO    ) [13:50:50|tosca_opt]  --------------------------------------------------------------------------
(INFO    ) [13:50:50|tosca_opt]  --------------------------------------------------------------------------
(INFO    ) [13:50:50|tosca_opt] | VARIABLES and DESIGN RESPONSES                                           |
(INFO    ) [13:50:50|tosca_opt]  --------------------------------------------------------------------------
(INFO    ) [13:50:50|tosca_opt]  DRESP_SUM_ENERGY                          :    2.3461
(INFO    ) [13:50:50|tosca_opt]  DRESP_VOL_TOPO                            :    1627.7
(INFO    ) [13:50:50|tosca_opt]  DRESP_DISP1_ABS_MAX                       :   0.59406E-01
(INFO    ) [13:50:50|tosca_opt]  --------------------------------------------------------------------------
(INFO    ) [13:50:50|tosca_opt]  --------------------------------------------------------------------------
(INFO    ) [13:50:50|tosca_opt] | Report of OPTIMIZATION Results                                           |
(INFO    ) [13:50:50|tosca_opt]  --------------------------------------------------------------------------
(INFO    ) [13:50:50|tosca_opt]  DESIGN CYCLE                :  25
(INFO    ) [13:50:50|tosca_opt]  OPTIMIZE name               : TOPOLOGY_OPTIMIZATION
(INFO    ) [13:50:50|tosca_opt]  OBJ_FUNC name               : MIN_VOL
(INFO    ) [13:50:50|tosca_opt]  OBJ_FUNC value              :     1627.68
(INFO    ) [13:50:50|tosca_opt]  ==========================================================================
(INFO    ) [13:50:50|tosca_opt] |     Name of OBJ_FUNC_TERM      |   Value    |   Weight   |   Reference   |
(INFO    ) [13:50:50|tosca_opt]  ==========================================================================
(INFO    ) [13:50:50|tosca_opt] | DRESP_VOL_TOPO                 | 1627.68    | 1.0        | 0.0           |
(INFO    ) [13:50:50|tosca_opt]  ==========================================================================
(INFO    ) [13:50:50|tosca_opt] * SIMULIA Tosca Structure INFORMATION *
(INFO    ) [13:50:50|tosca_opt] Writing CONSTRAINTs with default normalization.
(INFO    ) [13:50:50|tosca_opt] For NORM value  <= 1.0   -->    CONSTRAINT is OK ( For all CONSTRAINT types )
(INFO    ) [13:50:50|tosca_opt]  ==========================================================================
(INFO    ) [13:50:50|tosca_opt] |  Name of CONSTRAINT  |  Act. Value  | Op.  | Target  |   Norm   | Status |
(INFO    ) [13:50:50|tosca_opt]  ==========================================================================
(INFO    ) [13:50:50|tosca_opt] | DISP_CONSTRAINT      | 5.94065e-2   | <=   | 6.e-2   | 0.990108 | TRUE   |
(INFO    ) [13:50:50|tosca_opt]  ==========================================================================
(INFO    ) [13:50:51|tosca_opt]  --------------------------------------------------------------------------
(INFO    ) [13:50:51|tosca_opt] | Some STOP CRITERIA NOT satisfied this iteration                          |
(INFO    ) [13:50:51|tosca_opt]  --------------------------------------------------------------------------
(INFO    ) [13:50:51|tosca_opt]  --------------------------------------------------------------------------
(INFO    ) [13:50:51|tosca_opt] | End of DESIGN CYCLE NUMBER: 25                                           |
(INFO    ) [13:50:51|tosca_opt]  --------------------------------------------------------------------------
(INFO    ) [13:50:51|tosca_opt] Application finished successfully
(INFO    ) [13:50:51|tosca_driver] Module SMATsoToscaOpt has finished with exit code 0
(INFO    ) [13:50:51|tosca_driver] Calling: /uufs/chpc.utah.edu/sys/installdir/abaqus/2025/linux_a64/code/bin/SMATrtOptResExportTool --loglevel INFO --cycle 25 --onf_output ON
(INFO    ) [13:50:51|opt_res_export_tool] SIMULIA Tosca Structure.opt_res_export_tool - version 3DEXPERIENCE R2025x - build R427 - 20240925T190012Z 64 bit
(INFO    ) [13:50:52|opt_res_export_tool] Extracting results from opt_res_database
(INFO    ) [13:50:52|opt_res_export_tool] SIMULIA Tosca Structure.opt_res_export_tool finished successfully
(INFO    ) [13:50:52|tosca_driver] Module SMATrtOptResExportTool has finished with exit code 0
(NOTICE  ) [13:50:52|tosca_driver] Design cycle 26 started on 2026-02-19
(NOTICE  ) [13:50:52|tosca_driver] Starting Abaqus analysis - design cycle 26
(INFO    ) [13:50:52|tosca_driver] Activating the solver
(INFO    ) [13:50:52|tosca_driver] Calling hooks before module abaqus
(INFO    ) [13:50:52|tosca_driver] Calling: /uufs/chpc.utah.edu/sys/installdir/abaqus/2025/linux_a64/code/bin/SMATsoAbaqusTsProvider -j airbeam_vol --cycle 26
(INFO    ) [13:50:52|hook] Timestamp file written successfully
(INFO    ) [13:50:52|tosca_driver] Module hook has finished with exit code 0
(INFO    ) [13:50:53|tosca_driver] Fe-solver abaqus finished with job airbeam_vol.inp
(INFO    ) [13:50:53|tosca_driver] Elapsed time (inc. overhead): 0:00:00.801182
(INFO    ) [13:50:53|tosca_driver] Elapsed time of abaqus : 0:00:00.866335  -  current time : 13:50:53.399991
(INFO    ) [13:50:53|tosca_driver] Solution complete
(INFO    ) [13:50:53|tosca_driver] Checking solver output file: /uufs/chpc.utah.edu/common/home/u6074059/Abaqus/paper_reproduction/experiment7/run_7b/airbeam_abq/airbeam_vol.msg
(INFO    ) [13:50:53|tosca_driver] Searching for success check string: "THE ANALYSIS HAS BEEN COMPLETED"
(INFO    ) [13:50:53|tosca_driver] Calling: /uufs/chpc.utah.edu/sys/installdir/abaqus/2025/linux_a64/code/bin/SMATsoOdbToVtmMain --solver abaqus --loglevel INFO --format_matrices sim --cycle 26 --perturbation 0 /uufs/chpc.utah.edu/common/home/u6074059/Abaqus/paper_reproduction/experiment7/run_7b/airbeam_abq/airbeam_vol
(INFO    ) [13:50:53|odb_to_vtm] SIMULIA Tosca Structure.odb_to_vtm - version 3DEXPERIENCE R2025x - build R427 - 20240925T190012Z 64 bit
(INFO    ) [13:50:53|odb_to_vtm] Reading Abaqus ODB output file /uufs/chpc.utah.edu/common/home/u6074059/Abaqus/paper_reproduction/experiment7/run_7b/airbeam_abq/airbeam_vol
(INFO    ) [13:50:53|odb_to_vtm] Reading results from the Abaqus result database /uufs/chpc.utah.edu/common/home/u6074059/Abaqus/paper_reproduction/experiment7/run_7b/airbeam_abq/airbeam_vol.odb
(INFO    ) [13:50:53|odb_to_vtm] SIMULIA Tosca Structure.odb_to_vtm finished successfully
(INFO    ) [13:50:53|tosca_driver] Module SMATsoOdbToVtmMain has finished with exit code 0
(NOTICE  ) [13:50:53|tosca_driver] Starting Tosca Structure optimization module - design cycle 26
(INFO    ) [13:50:53|tosca_driver] Calling: /uufs/chpc.utah.edu/sys/installdir/abaqus/2025/linux_a64/code/bin/SMATsoToscaOpt --loglevel INFO
(INFO    ) [13:50:53|tosca_opt] SIMULIA Tosca Structure.tosca_opt - version 3DEXPERIENCE R2025x - build R427 - 20240925T190012Z 64 bit
(INFO    ) [13:50:53|tosca_opt]  --------------------------------------------------------------------------
(INFO    ) [13:50:53|tosca_opt] |                ___  ___  __  __  _   _  _     ___    _                   |
(INFO    ) [13:50:53|tosca_opt] |               / __||_ _||  \/  || | | || |   |_ _|  /_\                  |
(INFO    ) [13:50:53|tosca_opt] |               \__ \ | | | |\/| || |_| || |__  | |  / _ \                 |
(INFO    ) [13:50:53|tosca_opt] |               |___/|___||_|  |_| \___/ |____||___|/_/ \_\                |
(INFO    ) [13:50:53|tosca_opt] |                        _____                                             |
(INFO    ) [13:50:53|tosca_opt] |                       |_   _|___  ___ __  __ _                           |
(INFO    ) [13:50:53|tosca_opt] |                         | | / _ \(_-</ _|/ _` |                          |
(INFO    ) [13:50:53|tosca_opt] |                         |_| \___//__/\__|\__,_|                          |
(INFO    ) [13:50:53|tosca_opt] |              ___  _                   _                                  |
(INFO    ) [13:50:53|tosca_opt] |             / __|| |_  _ _  _  _  __ | |_  _  _  _ _  ___                |
(INFO    ) [13:50:53|tosca_opt] |             \__ \|  _|| `_|| || |/ _||  _|| || || `_|/ -_)               |
(INFO    ) [13:50:53|tosca_opt] |             |___/ \__||_|   \_,_|\__| \__| \_,_||_|  \___|               |
(INFO    ) [13:50:53|tosca_opt] |                                                                          |
(INFO    ) [13:50:53|tosca_opt]  --------------------------------------------------------------------------
(INFO    ) [13:50:53|tosca_opt] | Version 3DEXPERIENCE R2025x                                              |
(INFO    ) [13:50:53|tosca_opt] | DATE:   2026-02-19                                                       |
(INFO    ) [13:50:53|tosca_opt]  --------------------------------------------------------------------------
(INFO    ) [13:50:54|tosca_opt]  --------------------------------------------------------------------------
(INFO    ) [13:50:54|tosca_opt] | Begin of DESIGN CYCLE NUMBER: 26                                         |
(INFO    ) [13:50:54|tosca_opt]  --------------------------------------------------------------------------
(INFO    ) [13:50:54|tosca_opt] Checking for existence of results
(INFO    ) [13:50:54|tosca_opt]  --------------------------------------------------------------------------
(INFO    ) [13:50:54|tosca_opt] | ANALYZE VALUE OF VARIABLES before OPTIMIZATION                           |
(INFO    ) [13:50:54|tosca_opt]  --------------------------------------------------------------------------
(INFO    ) [13:50:54|tosca_opt]  --------------------------------------------------------------------------
(INFO    ) [13:50:54|tosca_opt] | Convergence Criteria in Design Cycle 26                                  |
(INFO    ) [13:50:54|tosca_opt]  --------------------------------------------------------------------------
(INFO    ) [13:50:54|tosca_opt] Local objective function criterion : NOT_FULFILLED (Actual change / target:    0.01115/   0.00100)
(INFO    ) [13:50:54|tosca_opt] Local design variables criterion   : NOT_FULFILLED (Actual change / target:    0.01786/   0.00500)
(INFO    ) [13:50:54|tosca_opt] Global stop criterion              : NOT_FULFILLED (Max number of design cycles :  80)
(INFO    ) [13:50:54|tosca_opt] 
(INFO    ) [13:50:54|tosca_opt]  --------------------------------------------------------------------------
(INFO    ) [13:50:54|tosca_opt] | ANALYZE VALUE OF VARIABLES after OPTIMIZATION                            |
(INFO    ) [13:50:54|tosca_opt]  --------------------------------------------------------------------------
(INFO    ) [13:50:54|tosca_opt]  --------------------------------------------------------------------------
(INFO    ) [13:50:54|tosca_opt] | VARIABLES and DESIGN RESPONSES                                           |
(INFO    ) [13:50:54|tosca_opt]  --------------------------------------------------------------------------
(INFO    ) [13:50:54|tosca_opt]  DRESP_SUM_ENERGY                          :    2.3456
(INFO    ) [13:50:54|tosca_opt]  DRESP_VOL_TOPO                            :    1611.5
(INFO    ) [13:50:54|tosca_opt]  DRESP_DISP1_ABS_MAX                       :   0.59393E-01
(INFO    ) [13:50:54|tosca_opt]  --------------------------------------------------------------------------
(INFO    ) [13:50:55|tosca_opt]  --------------------------------------------------------------------------
(INFO    ) [13:50:55|tosca_opt] | Report of OPTIMIZATION Results                                           |
(INFO    ) [13:50:55|tosca_opt]  --------------------------------------------------------------------------
(INFO    ) [13:50:55|tosca_opt]  DESIGN CYCLE                :  26
(INFO    ) [13:50:55|tosca_opt]  OPTIMIZE name               : TOPOLOGY_OPTIMIZATION
(INFO    ) [13:50:55|tosca_opt]  OBJ_FUNC name               : MIN_VOL
(INFO    ) [13:50:55|tosca_opt]  OBJ_FUNC value              :     1611.52
(INFO    ) [13:50:55|tosca_opt]  ==========================================================================
(INFO    ) [13:50:55|tosca_opt] |     Name of OBJ_FUNC_TERM      |   Value    |   Weight   |   Reference   |
(INFO    ) [13:50:55|tosca_opt]  ==========================================================================
(INFO    ) [13:50:55|tosca_opt] | DRESP_VOL_TOPO                 | 1611.52    | 1.0        | 0.0           |
(INFO    ) [13:50:55|tosca_opt]  ==========================================================================
(INFO    ) [13:50:55|tosca_opt] * SIMULIA Tosca Structure INFORMATION *
(INFO    ) [13:50:55|tosca_opt] Writing CONSTRAINTs with default normalization.
(INFO    ) [13:50:55|tosca_opt] For NORM value  <= 1.0   -->    CONSTRAINT is OK ( For all CONSTRAINT types )
(INFO    ) [13:50:55|tosca_opt]  ==========================================================================
(INFO    ) [13:50:55|tosca_opt] |  Name of CONSTRAINT  |  Act. Value  | Op.  | Target  |   Norm   | Status |
(INFO    ) [13:50:55|tosca_opt]  ==========================================================================
(INFO    ) [13:50:55|tosca_opt] | DISP_CONSTRAINT      | 5.93927e-2   | <=   | 6.e-2   | 0.989878 | TRUE   |
(INFO    ) [13:50:55|tosca_opt]  ==========================================================================
(INFO    ) [13:50:56|tosca_opt]  --------------------------------------------------------------------------
(INFO    ) [13:50:56|tosca_opt] | Some STOP CRITERIA NOT satisfied this iteration                          |
(INFO    ) [13:50:56|tosca_opt]  --------------------------------------------------------------------------
(INFO    ) [13:50:56|tosca_opt]  --------------------------------------------------------------------------
(INFO    ) [13:50:56|tosca_opt] | End of DESIGN CYCLE NUMBER: 26                                           |
(INFO    ) [13:50:56|tosca_opt]  --------------------------------------------------------------------------
(INFO    ) [13:50:57|tosca_opt] Application finished successfully
(INFO    ) [13:50:57|tosca_driver] Module SMATsoToscaOpt has finished with exit code 0
(INFO    ) [13:50:57|tosca_driver] Calling: /uufs/chpc.utah.edu/sys/installdir/abaqus/2025/linux_a64/code/bin/SMATrtOptResExportTool --loglevel INFO --cycle 26 --onf_output ON
(INFO    ) [13:50:57|opt_res_export_tool] SIMULIA Tosca Structure.opt_res_export_tool - version 3DEXPERIENCE R2025x - build R427 - 20240925T190012Z 64 bit
(INFO    ) [13:50:57|opt_res_export_tool] Extracting results from opt_res_database
(INFO    ) [13:50:57|opt_res_export_tool] SIMULIA Tosca Structure.opt_res_export_tool finished successfully
(INFO    ) [13:50:57|tosca_driver] Module SMATrtOptResExportTool has finished with exit code 0
(NOTICE  ) [13:50:57|tosca_driver] Design cycle 27 started on 2026-02-19
(NOTICE  ) [13:50:57|tosca_driver] Starting Abaqus analysis - design cycle 27
(INFO    ) [13:50:57|tosca_driver] Activating the solver
(INFO    ) [13:50:57|tosca_driver] Calling hooks before module abaqus
(INFO    ) [13:50:57|tosca_driver] Calling: /uufs/chpc.utah.edu/sys/installdir/abaqus/2025/linux_a64/code/bin/SMATsoAbaqusTsProvider -j airbeam_vol --cycle 27
(INFO    ) [13:50:57|hook] Timestamp file written successfully
(INFO    ) [13:50:57|tosca_driver] Module hook has finished with exit code 0
(INFO    ) [13:50:58|tosca_driver] Fe-solver abaqus finished with job airbeam_vol.inp
(INFO    ) [13:50:58|tosca_driver] Elapsed time (inc. overhead): 0:00:00.701060
(INFO    ) [13:50:58|tosca_driver] Elapsed time of abaqus : 0:00:00.759242  -  current time : 13:50:58.457264
(INFO    ) [13:50:58|tosca_driver] Solution complete
(INFO    ) [13:50:58|tosca_driver] Checking solver output file: /uufs/chpc.utah.edu/common/home/u6074059/Abaqus/paper_reproduction/experiment7/run_7b/airbeam_abq/airbeam_vol.msg
(INFO    ) [13:50:58|tosca_driver] Searching for success check string: "THE ANALYSIS HAS BEEN COMPLETED"
(INFO    ) [13:50:58|tosca_driver] Calling: /uufs/chpc.utah.edu/sys/installdir/abaqus/2025/linux_a64/code/bin/SMATsoOdbToVtmMain --solver abaqus --loglevel INFO --format_matrices sim --cycle 27 --perturbation 0 /uufs/chpc.utah.edu/common/home/u6074059/Abaqus/paper_reproduction/experiment7/run_7b/airbeam_abq/airbeam_vol
(INFO    ) [13:50:58|odb_to_vtm] SIMULIA Tosca Structure.odb_to_vtm - version 3DEXPERIENCE R2025x - build R427 - 20240925T190012Z 64 bit
(INFO    ) [13:50:58|odb_to_vtm] Reading Abaqus ODB output file /uufs/chpc.utah.edu/common/home/u6074059/Abaqus/paper_reproduction/experiment7/run_7b/airbeam_abq/airbeam_vol
(INFO    ) [13:50:58|odb_to_vtm] Reading results from the Abaqus result database /uufs/chpc.utah.edu/common/home/u6074059/Abaqus/paper_reproduction/experiment7/run_7b/airbeam_abq/airbeam_vol.odb
(INFO    ) [13:50:58|odb_to_vtm] SIMULIA Tosca Structure.odb_to_vtm finished successfully
(INFO    ) [13:50:58|tosca_driver] Module SMATsoOdbToVtmMain has finished with exit code 0
(NOTICE  ) [13:50:58|tosca_driver] Starting Tosca Structure optimization module - design cycle 27
(INFO    ) [13:50:58|tosca_driver] Calling: /uufs/chpc.utah.edu/sys/installdir/abaqus/2025/linux_a64/code/bin/SMATsoToscaOpt --loglevel INFO
(INFO    ) [13:50:58|tosca_opt] SIMULIA Tosca Structure.tosca_opt - version 3DEXPERIENCE R2025x - build R427 - 20240925T190012Z 64 bit
(INFO    ) [13:50:58|tosca_opt]  --------------------------------------------------------------------------
(INFO    ) [13:50:58|tosca_opt] |                ___  ___  __  __  _   _  _     ___    _                   |
(INFO    ) [13:50:58|tosca_opt] |               / __||_ _||  \/  || | | || |   |_ _|  /_\                  |
(INFO    ) [13:50:58|tosca_opt] |               \__ \ | | | |\/| || |_| || |__  | |  / _ \                 |
(INFO    ) [13:50:58|tosca_opt] |               |___/|___||_|  |_| \___/ |____||___|/_/ \_\                |
(INFO    ) [13:50:58|tosca_opt] |                        _____                                             |
(INFO    ) [13:50:58|tosca_opt] |                       |_   _|___  ___ __  __ _                           |
(INFO    ) [13:50:58|tosca_opt] |                         | | / _ \(_-</ _|/ _` |                          |
(INFO    ) [13:50:58|tosca_opt] |                         |_| \___//__/\__|\__,_|                          |
(INFO    ) [13:50:58|tosca_opt] |              ___  _                   _                                  |
(INFO    ) [13:50:58|tosca_opt] |             / __|| |_  _ _  _  _  __ | |_  _  _  _ _  ___                |
(INFO    ) [13:50:58|tosca_opt] |             \__ \|  _|| `_|| || |/ _||  _|| || || `_|/ -_)               |
(INFO    ) [13:50:58|tosca_opt] |             |___/ \__||_|   \_,_|\__| \__| \_,_||_|  \___|               |
(INFO    ) [13:50:58|tosca_opt] |                                                                          |
(INFO    ) [13:50:58|tosca_opt]  --------------------------------------------------------------------------
(INFO    ) [13:50:58|tosca_opt] | Version 3DEXPERIENCE R2025x                                              |
(INFO    ) [13:50:58|tosca_opt] | DATE:   2026-02-19                                                       |
(INFO    ) [13:50:58|tosca_opt]  --------------------------------------------------------------------------
(INFO    ) [13:50:59|tosca_opt]  --------------------------------------------------------------------------
(INFO    ) [13:50:59|tosca_opt] | Begin of DESIGN CYCLE NUMBER: 27                                         |
(INFO    ) [13:50:59|tosca_opt]  --------------------------------------------------------------------------
(INFO    ) [13:50:59|tosca_opt] Checking for existence of results
(INFO    ) [13:50:59|tosca_opt]  --------------------------------------------------------------------------
(INFO    ) [13:50:59|tosca_opt] | ANALYZE VALUE OF VARIABLES before OPTIMIZATION                           |
(INFO    ) [13:50:59|tosca_opt]  --------------------------------------------------------------------------
(INFO    ) [13:50:59|tosca_opt]  --------------------------------------------------------------------------
(INFO    ) [13:50:59|tosca_opt] | Convergence Criteria in Design Cycle 27                                  |
(INFO    ) [13:50:59|tosca_opt]  --------------------------------------------------------------------------
(INFO    ) [13:50:59|tosca_opt] Local objective function criterion : NOT_FULFILLED (Actual change / target:    0.01039/   0.00100)
(INFO    ) [13:50:59|tosca_opt] Local design variables criterion   : NOT_FULFILLED (Actual change / target:    0.01484/   0.00500)
(INFO    ) [13:50:59|tosca_opt] Global stop criterion              : NOT_FULFILLED (Max number of design cycles :  80)
(INFO    ) [13:50:59|tosca_opt] 
(INFO    ) [13:50:59|tosca_opt]  --------------------------------------------------------------------------
(INFO    ) [13:50:59|tosca_opt] | ANALYZE VALUE OF VARIABLES after OPTIMIZATION                            |
(INFO    ) [13:50:59|tosca_opt]  --------------------------------------------------------------------------
(INFO    ) [13:50:59|tosca_opt]  --------------------------------------------------------------------------
(INFO    ) [13:50:59|tosca_opt] | VARIABLES and DESIGN RESPONSES                                           |
(INFO    ) [13:50:59|tosca_opt]  --------------------------------------------------------------------------
(INFO    ) [13:50:59|tosca_opt]  DRESP_SUM_ENERGY                          :    2.3462
(INFO    ) [13:50:59|tosca_opt]  DRESP_VOL_TOPO                            :    1596.6
(INFO    ) [13:50:59|tosca_opt]  DRESP_DISP1_ABS_MAX                       :   0.59409E-01
(INFO    ) [13:50:59|tosca_opt]  --------------------------------------------------------------------------
(INFO    ) [13:50:59|tosca_opt]  --------------------------------------------------------------------------
(INFO    ) [13:50:59|tosca_opt] | Report of OPTIMIZATION Results                                           |
(INFO    ) [13:50:59|tosca_opt]  --------------------------------------------------------------------------
(INFO    ) [13:50:59|tosca_opt]  DESIGN CYCLE                :  27
(INFO    ) [13:50:59|tosca_opt]  OPTIMIZE name               : TOPOLOGY_OPTIMIZATION
(INFO    ) [13:50:59|tosca_opt]  OBJ_FUNC name               : MIN_VOL
(INFO    ) [13:50:59|tosca_opt]  OBJ_FUNC value              :     1596.61
(INFO    ) [13:50:59|tosca_opt]  ==========================================================================
(INFO    ) [13:50:59|tosca_opt] |     Name of OBJ_FUNC_TERM      |   Value    |   Weight   |   Reference   |
(INFO    ) [13:50:59|tosca_opt]  ==========================================================================
(INFO    ) [13:50:59|tosca_opt] | DRESP_VOL_TOPO                 | 1596.61    | 1.0        | 0.0           |
(INFO    ) [13:50:59|tosca_opt]  ==========================================================================
(INFO    ) [13:50:59|tosca_opt] * SIMULIA Tosca Structure INFORMATION *
(INFO    ) [13:50:59|tosca_opt] Writing CONSTRAINTs with default normalization.
(INFO    ) [13:50:59|tosca_opt] For NORM value  <= 1.0   -->    CONSTRAINT is OK ( For all CONSTRAINT types )
(INFO    ) [13:50:59|tosca_opt]  ==========================================================================
(INFO    ) [13:50:59|tosca_opt] |  Name of CONSTRAINT  |  Act. Value  | Op.  | Target  |   Norm   | Status |
(INFO    ) [13:50:59|tosca_opt]  ==========================================================================
(INFO    ) [13:50:59|tosca_opt] | DISP_CONSTRAINT      | 5.94086e-2   | <=   | 6.e-2   | 0.990143 | TRUE   |
(INFO    ) [13:50:59|tosca_opt]  ==========================================================================
(INFO    ) [13:51:03|tosca_opt]  --------------------------------------------------------------------------
(INFO    ) [13:51:03|tosca_opt] | Some STOP CRITERIA NOT satisfied this iteration                          |
(INFO    ) [13:51:03|tosca_opt]  --------------------------------------------------------------------------
(INFO    ) [13:51:03|tosca_opt]  --------------------------------------------------------------------------
(INFO    ) [13:51:03|tosca_opt] | End of DESIGN CYCLE NUMBER: 27                                           |
(INFO    ) [13:51:03|tosca_opt]  --------------------------------------------------------------------------
(INFO    ) [13:51:03|tosca_opt] Application finished successfully
(INFO    ) [13:51:03|tosca_driver] Module SMATsoToscaOpt has finished with exit code 0
(INFO    ) [13:51:03|tosca_driver] Calling: /uufs/chpc.utah.edu/sys/installdir/abaqus/2025/linux_a64/code/bin/SMATrtOptResExportTool --loglevel INFO --cycle 27 --onf_output ON
(INFO    ) [13:51:03|opt_res_export_tool] SIMULIA Tosca Structure.opt_res_export_tool - version 3DEXPERIENCE R2025x - build R427 - 20240925T190012Z 64 bit
(INFO    ) [13:51:03|opt_res_export_tool] Extracting results from opt_res_database
(INFO    ) [13:51:04|opt_res_export_tool] SIMULIA Tosca Structure.opt_res_export_tool finished successfully
(INFO    ) [13:51:04|tosca_driver] Module SMATrtOptResExportTool has finished with exit code 0
(NOTICE  ) [13:51:04|tosca_driver] Design cycle 28 started on 2026-02-19
(NOTICE  ) [13:51:04|tosca_driver] Starting Abaqus analysis - design cycle 28
(INFO    ) [13:51:04|tosca_driver] Activating the solver
(INFO    ) [13:51:04|tosca_driver] Calling hooks before module abaqus
(INFO    ) [13:51:04|tosca_driver] Calling: /uufs/chpc.utah.edu/sys/installdir/abaqus/2025/linux_a64/code/bin/SMATsoAbaqusTsProvider -j airbeam_vol --cycle 28
(INFO    ) [13:51:04|hook] Timestamp file written successfully
(INFO    ) [13:51:04|tosca_driver] Module hook has finished with exit code 0
(INFO    ) [13:51:04|tosca_driver] Fe-solver abaqus finished with job airbeam_vol.inp
(INFO    ) [13:51:04|tosca_driver] Elapsed time (inc. overhead): 0:00:00.701023
(INFO    ) [13:51:04|tosca_driver] Elapsed time of abaqus : 0:00:00.756572  -  current time : 13:51:04.921993
(INFO    ) [13:51:04|tosca_driver] Solution complete
(INFO    ) [13:51:04|tosca_driver] Checking solver output file: /uufs/chpc.utah.edu/common/home/u6074059/Abaqus/paper_reproduction/experiment7/run_7b/airbeam_abq/airbeam_vol.msg
(INFO    ) [13:51:04|tosca_driver] Searching for success check string: "THE ANALYSIS HAS BEEN COMPLETED"
(INFO    ) [13:51:04|tosca_driver] Calling: /uufs/chpc.utah.edu/sys/installdir/abaqus/2025/linux_a64/code/bin/SMATsoOdbToVtmMain --solver abaqus --loglevel INFO --format_matrices sim --cycle 28 --perturbation 0 /uufs/chpc.utah.edu/common/home/u6074059/Abaqus/paper_reproduction/experiment7/run_7b/airbeam_abq/airbeam_vol
(INFO    ) [13:51:05|odb_to_vtm] SIMULIA Tosca Structure.odb_to_vtm - version 3DEXPERIENCE R2025x - build R427 - 20240925T190012Z 64 bit
(INFO    ) [13:51:05|odb_to_vtm] Reading Abaqus ODB output file /uufs/chpc.utah.edu/common/home/u6074059/Abaqus/paper_reproduction/experiment7/run_7b/airbeam_abq/airbeam_vol
(INFO    ) [13:51:05|odb_to_vtm] Reading results from the Abaqus result database /uufs/chpc.utah.edu/common/home/u6074059/Abaqus/paper_reproduction/experiment7/run_7b/airbeam_abq/airbeam_vol.odb
(INFO    ) [13:51:05|odb_to_vtm] SIMULIA Tosca Structure.odb_to_vtm finished successfully
(INFO    ) [13:51:05|tosca_driver] Module SMATsoOdbToVtmMain has finished with exit code 0
(NOTICE  ) [13:51:05|tosca_driver] Starting Tosca Structure optimization module - design cycle 28
(INFO    ) [13:51:05|tosca_driver] Calling: /uufs/chpc.utah.edu/sys/installdir/abaqus/2025/linux_a64/code/bin/SMATsoToscaOpt --loglevel INFO
(INFO    ) [13:51:05|tosca_opt] SIMULIA Tosca Structure.tosca_opt - version 3DEXPERIENCE R2025x - build R427 - 20240925T190012Z 64 bit
(INFO    ) [13:51:05|tosca_opt]  --------------------------------------------------------------------------
(INFO    ) [13:51:05|tosca_opt] |                ___  ___  __  __  _   _  _     ___    _                   |
(INFO    ) [13:51:05|tosca_opt] |               / __||_ _||  \/  || | | || |   |_ _|  /_\                  |
(INFO    ) [13:51:05|tosca_opt] |               \__ \ | | | |\/| || |_| || |__  | |  / _ \                 |
(INFO    ) [13:51:05|tosca_opt] |               |___/|___||_|  |_| \___/ |____||___|/_/ \_\                |
(INFO    ) [13:51:05|tosca_opt] |                        _____                                             |
(INFO    ) [13:51:05|tosca_opt] |                       |_   _|___  ___ __  __ _                           |
(INFO    ) [13:51:05|tosca_opt] |                         | | / _ \(_-</ _|/ _` |                          |
(INFO    ) [13:51:05|tosca_opt] |                         |_| \___//__/\__|\__,_|                          |
(INFO    ) [13:51:05|tosca_opt] |              ___  _                   _                                  |
(INFO    ) [13:51:05|tosca_opt] |             / __|| |_  _ _  _  _  __ | |_  _  _  _ _  ___                |
(INFO    ) [13:51:05|tosca_opt] |             \__ \|  _|| `_|| || |/ _||  _|| || || `_|/ -_)               |
(INFO    ) [13:51:05|tosca_opt] |             |___/ \__||_|   \_,_|\__| \__| \_,_||_|  \___|               |
(INFO    ) [13:51:05|tosca_opt] |                                                                          |
(INFO    ) [13:51:05|tosca_opt]  --------------------------------------------------------------------------
(INFO    ) [13:51:05|tosca_opt] | Version 3DEXPERIENCE R2025x                                              |
(INFO    ) [13:51:05|tosca_opt] | DATE:   2026-02-19                                                       |
(INFO    ) [13:51:05|tosca_opt]  --------------------------------------------------------------------------
(INFO    ) [13:51:06|tosca_opt]  --------------------------------------------------------------------------
(INFO    ) [13:51:06|tosca_opt] | Begin of DESIGN CYCLE NUMBER: 28                                         |
(INFO    ) [13:51:06|tosca_opt]  --------------------------------------------------------------------------
(INFO    ) [13:51:06|tosca_opt] Checking for existence of results
(INFO    ) [13:51:06|tosca_opt]  --------------------------------------------------------------------------
(INFO    ) [13:51:06|tosca_opt] | ANALYZE VALUE OF VARIABLES before OPTIMIZATION                           |
(INFO    ) [13:51:06|tosca_opt]  --------------------------------------------------------------------------
(INFO    ) [13:51:06|tosca_opt]  --------------------------------------------------------------------------
(INFO    ) [13:51:06|tosca_opt] | Convergence Criteria in Design Cycle 28                                  |
(INFO    ) [13:51:06|tosca_opt]  --------------------------------------------------------------------------
(INFO    ) [13:51:06|tosca_opt] Optimization converged. Both criteria checked.
(INFO    ) [13:51:06|tosca_opt] Local objective function criterion : NOT_FULFILLED (Actual change / target:    0.00889/   0.00100)
(INFO    ) [13:51:06|tosca_opt] Local design variables criterion   : NOT_FULFILLED (Actual change / target:    0.01248/   0.00500)
(INFO    ) [13:51:06|tosca_opt] Global stop criterion              : NOT_FULFILLED (Max number of design cycles :  80)
(INFO    ) [13:51:06|tosca_opt] 
(INFO    ) [13:51:06|tosca_opt]  --------------------------------------------------------------------------
(INFO    ) [13:51:06|tosca_opt] | ANALYZE VALUE OF VARIABLES after OPTIMIZATION                            |
(INFO    ) [13:51:06|tosca_opt]  --------------------------------------------------------------------------
(INFO    ) [13:51:06|tosca_opt]  --------------------------------------------------------------------------
(INFO    ) [13:51:06|tosca_opt] | VARIABLES and DESIGN RESPONSES                                           |
(INFO    ) [13:51:06|tosca_opt]  --------------------------------------------------------------------------
(INFO    ) [13:51:06|tosca_opt]  DRESP_SUM_ENERGY                          :    2.3535
(INFO    ) [13:51:06|tosca_opt]  DRESP_VOL_TOPO                            :    1584.0
(INFO    ) [13:51:06|tosca_opt]  DRESP_DISP1_ABS_MAX                       :   0.59590E-01
(INFO    ) [13:51:06|tosca_opt]  --------------------------------------------------------------------------
(INFO    ) [13:51:06|tosca_opt]  --------------------------------------------------------------------------
(INFO    ) [13:51:06|tosca_opt] | Report of OPTIMIZATION Results                                           |
(INFO    ) [13:51:06|tosca_opt]  --------------------------------------------------------------------------
(INFO    ) [13:51:06|tosca_opt]  DESIGN CYCLE                :  28
(INFO    ) [13:51:06|tosca_opt]  OPTIMIZE name               : TOPOLOGY_OPTIMIZATION
(INFO    ) [13:51:06|tosca_opt]  OBJ_FUNC name               : MIN_VOL
(INFO    ) [13:51:06|tosca_opt]  OBJ_FUNC value              :     1583.98
(INFO    ) [13:51:06|tosca_opt]  ==========================================================================
(INFO    ) [13:51:06|tosca_opt] |     Name of OBJ_FUNC_TERM      |   Value    |   Weight   |   Reference   |
(INFO    ) [13:51:06|tosca_opt]  ==========================================================================
(INFO    ) [13:51:06|tosca_opt] | DRESP_VOL_TOPO                 | 1583.98    | 1.0        | 0.0           |
(INFO    ) [13:51:06|tosca_opt]  ==========================================================================
(INFO    ) [13:51:06|tosca_opt] * SIMULIA Tosca Structure INFORMATION *
(INFO    ) [13:51:06|tosca_opt] Writing CONSTRAINTs with default normalization.
(INFO    ) [13:51:06|tosca_opt] For NORM value  <= 1.0   -->    CONSTRAINT is OK ( For all CONSTRAINT types )
(INFO    ) [13:51:06|tosca_opt]  ==========================================================================
(INFO    ) [13:51:06|tosca_opt] |  Name of CONSTRAINT  |  Act. Value  | Op.  | Target  |   Norm   | Status |
(INFO    ) [13:51:06|tosca_opt]  ==========================================================================
(INFO    ) [13:51:06|tosca_opt] | DISP_CONSTRAINT      | 5.95898e-2   | <=   | 6.e-2   | 0.993163 | TRUE   |
(INFO    ) [13:51:06|tosca_opt]  ==========================================================================
(INFO    ) [13:51:08|tosca_opt]  --------------------------------------------------------------------------
(INFO    ) [13:51:08|tosca_opt] | Some STOP CRITERIA NOT satisfied this iteration                          |
(INFO    ) [13:51:08|tosca_opt]  --------------------------------------------------------------------------
(INFO    ) [13:51:08|tosca_opt]  --------------------------------------------------------------------------
(INFO    ) [13:51:08|tosca_opt] | End of DESIGN CYCLE NUMBER: 28                                           |
(INFO    ) [13:51:08|tosca_opt]  --------------------------------------------------------------------------
(INFO    ) [13:51:08|tosca_opt] Application finished successfully
(INFO    ) [13:51:08|tosca_driver] Module SMATsoToscaOpt has finished with exit code 0
(INFO    ) [13:51:08|tosca_driver] Calling: /uufs/chpc.utah.edu/sys/installdir/abaqus/2025/linux_a64/code/bin/SMATrtOptResExportTool --loglevel INFO --cycle 28 --onf_output ON
(INFO    ) [13:51:08|opt_res_export_tool] SIMULIA Tosca Structure.opt_res_export_tool - version 3DEXPERIENCE R2025x - build R427 - 20240925T190012Z 64 bit
(INFO    ) [13:51:08|opt_res_export_tool] Extracting results from opt_res_database
(INFO    ) [13:51:09|opt_res_export_tool] SIMULIA Tosca Structure.opt_res_export_tool finished successfully
(INFO    ) [13:51:09|tosca_driver] Module SMATrtOptResExportTool has finished with exit code 0
(NOTICE  ) [13:51:09|tosca_driver] Design cycle 29 started on 2026-02-19
(NOTICE  ) [13:51:09|tosca_driver] Starting Abaqus analysis - design cycle 29
(INFO    ) [13:51:09|tosca_driver] Activating the solver
(INFO    ) [13:51:09|tosca_driver] Calling hooks before module abaqus
(INFO    ) [13:51:09|tosca_driver] Calling: /uufs/chpc.utah.edu/sys/installdir/abaqus/2025/linux_a64/code/bin/SMATsoAbaqusTsProvider -j airbeam_vol --cycle 29
(INFO    ) [13:51:09|hook] Timestamp file written successfully
(INFO    ) [13:51:09|tosca_driver] Module hook has finished with exit code 0
(INFO    ) [13:51:10|tosca_driver] Fe-solver abaqus finished with job airbeam_vol.inp
(INFO    ) [13:51:10|tosca_driver] Elapsed time (inc. overhead): 0:00:00.801206
(INFO    ) [13:51:10|tosca_driver] Elapsed time of abaqus : 0:00:00.856177  -  current time : 13:51:10.027429
(INFO    ) [13:51:10|tosca_driver] Solution complete
(INFO    ) [13:51:10|tosca_driver] Checking solver output file: /uufs/chpc.utah.edu/common/home/u6074059/Abaqus/paper_reproduction/experiment7/run_7b/airbeam_abq/airbeam_vol.msg
(INFO    ) [13:51:10|tosca_driver] Searching for success check string: "THE ANALYSIS HAS BEEN COMPLETED"
(INFO    ) [13:51:10|tosca_driver] Calling: /uufs/chpc.utah.edu/sys/installdir/abaqus/2025/linux_a64/code/bin/SMATsoOdbToVtmMain --solver abaqus --loglevel INFO --format_matrices sim --cycle 29 --perturbation 0 /uufs/chpc.utah.edu/common/home/u6074059/Abaqus/paper_reproduction/experiment7/run_7b/airbeam_abq/airbeam_vol
(INFO    ) [13:51:10|odb_to_vtm] SIMULIA Tosca Structure.odb_to_vtm - version 3DEXPERIENCE R2025x - build R427 - 20240925T190012Z 64 bit
(INFO    ) [13:51:10|odb_to_vtm] Reading Abaqus ODB output file /uufs/chpc.utah.edu/common/home/u6074059/Abaqus/paper_reproduction/experiment7/run_7b/airbeam_abq/airbeam_vol
(INFO    ) [13:51:10|odb_to_vtm] Reading results from the Abaqus result database /uufs/chpc.utah.edu/common/home/u6074059/Abaqus/paper_reproduction/experiment7/run_7b/airbeam_abq/airbeam_vol.odb
(INFO    ) [13:51:10|odb_to_vtm] SIMULIA Tosca Structure.odb_to_vtm finished successfully
(INFO    ) [13:51:10|tosca_driver] Module SMATsoOdbToVtmMain has finished with exit code 0
(NOTICE  ) [13:51:10|tosca_driver] Starting Tosca Structure optimization module - design cycle 29
(INFO    ) [13:51:10|tosca_driver] Calling: /uufs/chpc.utah.edu/sys/installdir/abaqus/2025/linux_a64/code/bin/SMATsoToscaOpt --loglevel INFO
(INFO    ) [13:51:10|tosca_opt] SIMULIA Tosca Structure.tosca_opt - version 3DEXPERIENCE R2025x - build R427 - 20240925T190012Z 64 bit
(INFO    ) [13:51:10|tosca_opt]  --------------------------------------------------------------------------
(INFO    ) [13:51:10|tosca_opt] |                ___  ___  __  __  _   _  _     ___    _                   |
(INFO    ) [13:51:10|tosca_opt] |               / __||_ _||  \/  || | | || |   |_ _|  /_\                  |
(INFO    ) [13:51:10|tosca_opt] |               \__ \ | | | |\/| || |_| || |__  | |  / _ \                 |
(INFO    ) [13:51:10|tosca_opt] |               |___/|___||_|  |_| \___/ |____||___|/_/ \_\                |
(INFO    ) [13:51:10|tosca_opt] |                        _____                                             |
(INFO    ) [13:51:10|tosca_opt] |                       |_   _|___  ___ __  __ _                           |
(INFO    ) [13:51:10|tosca_opt] |                         | | / _ \(_-</ _|/ _` |                          |
(INFO    ) [13:51:10|tosca_opt] |                         |_| \___//__/\__|\__,_|                          |
(INFO    ) [13:51:10|tosca_opt] |              ___  _                   _                                  |
(INFO    ) [13:51:10|tosca_opt] |             / __|| |_  _ _  _  _  __ | |_  _  _  _ _  ___                |
(INFO    ) [13:51:10|tosca_opt] |             \__ \|  _|| `_|| || |/ _||  _|| || || `_|/ -_)               |
(INFO    ) [13:51:10|tosca_opt] |             |___/ \__||_|   \_,_|\__| \__| \_,_||_|  \___|               |
(INFO    ) [13:51:10|tosca_opt] |                                                                          |
(INFO    ) [13:51:10|tosca_opt]  --------------------------------------------------------------------------
(INFO    ) [13:51:10|tosca_opt] | Version 3DEXPERIENCE R2025x                                              |
(INFO    ) [13:51:10|tosca_opt] | DATE:   2026-02-19                                                       |
(INFO    ) [13:51:10|tosca_opt]  --------------------------------------------------------------------------
(INFO    ) [13:51:11|tosca_opt]  --------------------------------------------------------------------------
(INFO    ) [13:51:11|tosca_opt] | Begin of DESIGN CYCLE NUMBER: 29                                         |
(INFO    ) [13:51:11|tosca_opt]  --------------------------------------------------------------------------
(INFO    ) [13:51:11|tosca_opt] Checking for existence of results
(INFO    ) [13:51:11|tosca_opt]  --------------------------------------------------------------------------
(INFO    ) [13:51:11|tosca_opt] | ANALYZE VALUE OF VARIABLES before OPTIMIZATION                           |
(INFO    ) [13:51:11|tosca_opt]  --------------------------------------------------------------------------
(INFO    ) [13:51:11|tosca_opt]  --------------------------------------------------------------------------
(INFO    ) [13:51:11|tosca_opt] | Convergence Criteria in Design Cycle 29                                  |
(INFO    ) [13:51:11|tosca_opt]  --------------------------------------------------------------------------
(INFO    ) [13:51:11|tosca_opt] Optimization converged. Both criteria checked.
(INFO    ) [13:51:11|tosca_opt] Local objective function criterion : NOT_FULFILLED (Actual change / target:    0.00731/   0.00100)
(INFO    ) [13:51:11|tosca_opt] Local design variables criterion   : NOT_FULFILLED (Actual change / target:    0.01288/   0.00500)
(INFO    ) [13:51:11|tosca_opt] Global stop criterion              : NOT_FULFILLED (Max number of design cycles :  80)
(INFO    ) [13:51:11|tosca_opt] 
(INFO    ) [13:51:11|tosca_opt]  --------------------------------------------------------------------------
(INFO    ) [13:51:11|tosca_opt] | ANALYZE VALUE OF VARIABLES after OPTIMIZATION                            |
(INFO    ) [13:51:11|tosca_opt]  --------------------------------------------------------------------------
(INFO    ) [13:51:11|tosca_opt]  --------------------------------------------------------------------------
(INFO    ) [13:51:11|tosca_opt] | VARIABLES and DESIGN RESPONSES                                           |
(INFO    ) [13:51:11|tosca_opt]  --------------------------------------------------------------------------
(INFO    ) [13:51:11|tosca_opt]  DRESP_SUM_ENERGY                          :    2.3542
(INFO    ) [13:51:11|tosca_opt]  DRESP_VOL_TOPO                            :    1573.7
(INFO    ) [13:51:11|tosca_opt]  DRESP_DISP1_ABS_MAX                       :   0.59607E-01
(INFO    ) [13:51:11|tosca_opt]  --------------------------------------------------------------------------
(INFO    ) [13:51:12|tosca_opt]  --------------------------------------------------------------------------
(INFO    ) [13:51:12|tosca_opt] | Report of OPTIMIZATION Results                                           |
(INFO    ) [13:51:12|tosca_opt]  --------------------------------------------------------------------------
(INFO    ) [13:51:12|tosca_opt]  DESIGN CYCLE                :  29
(INFO    ) [13:51:12|tosca_opt]  OPTIMIZE name               : TOPOLOGY_OPTIMIZATION
(INFO    ) [13:51:12|tosca_opt]  OBJ_FUNC name               : MIN_VOL
(INFO    ) [13:51:12|tosca_opt]  OBJ_FUNC value              :     1573.66
(INFO    ) [13:51:12|tosca_opt]  ==========================================================================
(INFO    ) [13:51:12|tosca_opt] |     Name of OBJ_FUNC_TERM      |   Value    |   Weight   |   Reference   |
(INFO    ) [13:51:12|tosca_opt]  ==========================================================================
(INFO    ) [13:51:12|tosca_opt] | DRESP_VOL_TOPO                 | 1573.66    | 1.0        | 0.0           |
(INFO    ) [13:51:12|tosca_opt]  ==========================================================================
(INFO    ) [13:51:12|tosca_opt] * SIMULIA Tosca Structure INFORMATION *
(INFO    ) [13:51:12|tosca_opt] Writing CONSTRAINTs with default normalization.
(INFO    ) [13:51:12|tosca_opt] For NORM value  <= 1.0   -->    CONSTRAINT is OK ( For all CONSTRAINT types )
(INFO    ) [13:51:12|tosca_opt]  ==========================================================================
(INFO    ) [13:51:12|tosca_opt] |  Name of CONSTRAINT  |  Act. Value  | Op.  | Target  |   Norm   | Status |
(INFO    ) [13:51:12|tosca_opt]  ==========================================================================
(INFO    ) [13:51:12|tosca_opt] | DISP_CONSTRAINT      | 5.96065e-2   | <=   | 6.e-2   | 0.993442 | TRUE   |
(INFO    ) [13:51:12|tosca_opt]  ==========================================================================
(INFO    ) [13:51:14|tosca_opt]  --------------------------------------------------------------------------
(INFO    ) [13:51:14|tosca_opt] | Some STOP CRITERIA NOT satisfied this iteration                          |
(INFO    ) [13:51:14|tosca_opt]  --------------------------------------------------------------------------
(INFO    ) [13:51:14|tosca_opt]  --------------------------------------------------------------------------
(INFO    ) [13:51:14|tosca_opt] | End of DESIGN CYCLE NUMBER: 29                                           |
(INFO    ) [13:51:14|tosca_opt]  --------------------------------------------------------------------------
(INFO    ) [13:51:14|tosca_opt] Application finished successfully
(INFO    ) [13:51:14|tosca_driver] Module SMATsoToscaOpt has finished with exit code 0
(INFO    ) [13:51:14|tosca_driver] Calling: /uufs/chpc.utah.edu/sys/installdir/abaqus/2025/linux_a64/code/bin/SMATrtOptResExportTool --loglevel INFO --cycle 29 --onf_output ON
(INFO    ) [13:51:14|opt_res_export_tool] SIMULIA Tosca Structure.opt_res_export_tool - version 3DEXPERIENCE R2025x - build R427 - 20240925T190012Z 64 bit
(INFO    ) [13:51:14|opt_res_export_tool] Extracting results from opt_res_database
(INFO    ) [13:51:14|opt_res_export_tool] SIMULIA Tosca Structure.opt_res_export_tool finished successfully
(INFO    ) [13:51:14|tosca_driver] Module SMATrtOptResExportTool has finished with exit code 0
(NOTICE  ) [13:51:15|tosca_driver] Design cycle 30 started on 2026-02-19
(NOTICE  ) [13:51:15|tosca_driver] Starting Abaqus analysis - design cycle 30
(INFO    ) [13:51:15|tosca_driver] Activating the solver
(INFO    ) [13:51:15|tosca_driver] Calling hooks before module abaqus
(INFO    ) [13:51:15|tosca_driver] Calling: /uufs/chpc.utah.edu/sys/installdir/abaqus/2025/linux_a64/code/bin/SMATsoAbaqusTsProvider -j airbeam_vol --cycle 30
(INFO    ) [13:51:15|hook] Timestamp file written successfully
(INFO    ) [13:51:15|tosca_driver] Module hook has finished with exit code 0
(INFO    ) [13:51:16|tosca_driver] Fe-solver abaqus finished with job airbeam_vol.inp
(INFO    ) [13:51:16|tosca_driver] Elapsed time (inc. overhead): 0:00:00.801213
(INFO    ) [13:51:16|tosca_driver] Elapsed time of abaqus : 0:00:00.879891  -  current time : 13:51:16.149778
(INFO    ) [13:51:16|tosca_driver] Solution complete
(INFO    ) [13:51:16|tosca_driver] Checking solver output file: /uufs/chpc.utah.edu/common/home/u6074059/Abaqus/paper_reproduction/experiment7/run_7b/airbeam_abq/airbeam_vol.msg
(INFO    ) [13:51:16|tosca_driver] Searching for success check string: "THE ANALYSIS HAS BEEN COMPLETED"
(INFO    ) [13:51:16|tosca_driver] Calling: /uufs/chpc.utah.edu/sys/installdir/abaqus/2025/linux_a64/code/bin/SMATsoOdbToVtmMain --solver abaqus --loglevel INFO --format_matrices sim --cycle 30 --perturbation 0 /uufs/chpc.utah.edu/common/home/u6074059/Abaqus/paper_reproduction/experiment7/run_7b/airbeam_abq/airbeam_vol
(INFO    ) [13:51:16|odb_to_vtm] SIMULIA Tosca Structure.odb_to_vtm - version 3DEXPERIENCE R2025x - build R427 - 20240925T190012Z 64 bit
(INFO    ) [13:51:16|odb_to_vtm] Reading Abaqus ODB output file /uufs/chpc.utah.edu/common/home/u6074059/Abaqus/paper_reproduction/experiment7/run_7b/airbeam_abq/airbeam_vol
(INFO    ) [13:51:16|odb_to_vtm] Reading results from the Abaqus result database /uufs/chpc.utah.edu/common/home/u6074059/Abaqus/paper_reproduction/experiment7/run_7b/airbeam_abq/airbeam_vol.odb
(INFO    ) [13:51:16|odb_to_vtm] SIMULIA Tosca Structure.odb_to_vtm finished successfully
(INFO    ) [13:51:16|tosca_driver] Module SMATsoOdbToVtmMain has finished with exit code 0
(NOTICE  ) [13:51:16|tosca_driver] Starting Tosca Structure optimization module - design cycle 30
(INFO    ) [13:51:16|tosca_driver] Calling: /uufs/chpc.utah.edu/sys/installdir/abaqus/2025/linux_a64/code/bin/SMATsoToscaOpt --loglevel INFO
(INFO    ) [13:51:16|tosca_opt] SIMULIA Tosca Structure.tosca_opt - version 3DEXPERIENCE R2025x - build R427 - 20240925T190012Z 64 bit
(INFO    ) [13:51:16|tosca_opt]  --------------------------------------------------------------------------
(INFO    ) [13:51:16|tosca_opt] |                ___  ___  __  __  _   _  _     ___    _                   |
(INFO    ) [13:51:16|tosca_opt] |               / __||_ _||  \/  || | | || |   |_ _|  /_\                  |
(INFO    ) [13:51:16|tosca_opt] |               \__ \ | | | |\/| || |_| || |__  | |  / _ \                 |
(INFO    ) [13:51:16|tosca_opt] |               |___/|___||_|  |_| \___/ |____||___|/_/ \_\                |
(INFO    ) [13:51:16|tosca_opt] |                        _____                                             |
(INFO    ) [13:51:16|tosca_opt] |                       |_   _|___  ___ __  __ _                           |
(INFO    ) [13:51:16|tosca_opt] |                         | | / _ \(_-</ _|/ _` |                          |
(INFO    ) [13:51:16|tosca_opt] |                         |_| \___//__/\__|\__,_|                          |
(INFO    ) [13:51:16|tosca_opt] |              ___  _                   _                                  |
(INFO    ) [13:51:16|tosca_opt] |             / __|| |_  _ _  _  _  __ | |_  _  _  _ _  ___                |
(INFO    ) [13:51:16|tosca_opt] |             \__ \|  _|| `_|| || |/ _||  _|| || || `_|/ -_)               |
(INFO    ) [13:51:16|tosca_opt] |             |___/ \__||_|   \_,_|\__| \__| \_,_||_|  \___|               |
(INFO    ) [13:51:16|tosca_opt] |                                                                          |
(INFO    ) [13:51:16|tosca_opt]  --------------------------------------------------------------------------
(INFO    ) [13:51:16|tosca_opt] | Version 3DEXPERIENCE R2025x                                              |
(INFO    ) [13:51:16|tosca_opt] | DATE:   2026-02-19                                                       |
(INFO    ) [13:51:16|tosca_opt]  --------------------------------------------------------------------------
(INFO    ) [13:51:17|tosca_opt]  --------------------------------------------------------------------------
(INFO    ) [13:51:17|tosca_opt] | Begin of DESIGN CYCLE NUMBER: 30                                         |
(INFO    ) [13:51:17|tosca_opt]  --------------------------------------------------------------------------
(INFO    ) [13:51:17|tosca_opt] Checking for existence of results
(INFO    ) [13:51:17|tosca_opt]  --------------------------------------------------------------------------
(INFO    ) [13:51:17|tosca_opt] | ANALYZE VALUE OF VARIABLES before OPTIMIZATION                           |
(INFO    ) [13:51:17|tosca_opt]  --------------------------------------------------------------------------
(INFO    ) [13:51:17|tosca_opt]  --------------------------------------------------------------------------
(INFO    ) [13:51:17|tosca_opt] | Convergence Criteria in Design Cycle 30                                  |
(INFO    ) [13:51:17|tosca_opt]  --------------------------------------------------------------------------
(INFO    ) [13:51:17|tosca_opt] Optimization converged. Both criteria checked.
(INFO    ) [13:51:17|tosca_opt] Local objective function criterion : NOT_FULFILLED (Actual change / target:    0.00739/   0.00100)
(INFO    ) [13:51:17|tosca_opt] Local design variables criterion   : NOT_FULFILLED (Actual change / target:    0.01203/   0.00500)
(INFO    ) [13:51:17|tosca_opt] Global stop criterion              : NOT_FULFILLED (Max number of design cycles :  80)
(INFO    ) [13:51:17|tosca_opt] 
(INFO    ) [13:51:17|tosca_opt]  --------------------------------------------------------------------------
(INFO    ) [13:51:17|tosca_opt] | ANALYZE VALUE OF VARIABLES after OPTIMIZATION                            |
(INFO    ) [13:51:17|tosca_opt]  --------------------------------------------------------------------------
(INFO    ) [13:51:17|tosca_opt]  --------------------------------------------------------------------------
(INFO    ) [13:51:17|tosca_opt] | VARIABLES and DESIGN RESPONSES                                           |
(INFO    ) [13:51:17|tosca_opt]  --------------------------------------------------------------------------
(INFO    ) [13:51:17|tosca_opt]  DRESP_SUM_ENERGY                          :    2.3574
(INFO    ) [13:51:17|tosca_opt]  DRESP_VOL_TOPO                            :    1563.3
(INFO    ) [13:51:17|tosca_opt]  DRESP_DISP1_ABS_MAX                       :   0.59688E-01
(INFO    ) [13:51:17|tosca_opt]  --------------------------------------------------------------------------
(INFO    ) [13:51:17|tosca_opt]  --------------------------------------------------------------------------
(INFO    ) [13:51:17|tosca_opt] | Report of OPTIMIZATION Results                                           |
(INFO    ) [13:51:17|tosca_opt]  --------------------------------------------------------------------------
(INFO    ) [13:51:17|tosca_opt]  DESIGN CYCLE                :  30
(INFO    ) [13:51:17|tosca_opt]  OPTIMIZE name               : TOPOLOGY_OPTIMIZATION
(INFO    ) [13:51:17|tosca_opt]  OBJ_FUNC name               : MIN_VOL
(INFO    ) [13:51:17|tosca_opt]  OBJ_FUNC value              :     1563.30
(INFO    ) [13:51:17|tosca_opt]  ==========================================================================
(INFO    ) [13:51:17|tosca_opt] |     Name of OBJ_FUNC_TERM      |   Value    |  Weight   |   Reference    |
(INFO    ) [13:51:17|tosca_opt]  ==========================================================================
(INFO    ) [13:51:17|tosca_opt] | DRESP_VOL_TOPO                 | 1563.3     | 1.0       | 0.0            |
(INFO    ) [13:51:17|tosca_opt]  ==========================================================================
(INFO    ) [13:51:17|tosca_opt] * SIMULIA Tosca Structure INFORMATION *
(INFO    ) [13:51:17|tosca_opt] Writing CONSTRAINTs with default normalization.
(INFO    ) [13:51:17|tosca_opt] For NORM value  <= 1.0   -->    CONSTRAINT is OK ( For all CONSTRAINT types )
(INFO    ) [13:51:17|tosca_opt]  ==========================================================================
(INFO    ) [13:51:17|tosca_opt] |  Name of CONSTRAINT  |  Act. Value  | Op.  | Target  |   Norm   | Status |
(INFO    ) [13:51:17|tosca_opt]  ==========================================================================
(INFO    ) [13:51:17|tosca_opt] | DISP_CONSTRAINT      | 5.96883e-2   | <=   | 6.e-2   | 0.994806 | TRUE   |
(INFO    ) [13:51:17|tosca_opt]  ==========================================================================
(INFO    ) [13:51:19|tosca_opt]  --------------------------------------------------------------------------
(INFO    ) [13:51:19|tosca_opt] | Some STOP CRITERIA NOT satisfied this iteration                          |
(INFO    ) [13:51:19|tosca_opt]  --------------------------------------------------------------------------
(INFO    ) [13:51:19|tosca_opt]  --------------------------------------------------------------------------
(INFO    ) [13:51:19|tosca_opt] | End of DESIGN CYCLE NUMBER: 30                                           |
(INFO    ) [13:51:19|tosca_opt]  --------------------------------------------------------------------------
(INFO    ) [13:51:20|tosca_opt] Application finished successfully
(INFO    ) [13:51:20|tosca_driver] Module SMATsoToscaOpt has finished with exit code 0
(INFO    ) [13:51:20|tosca_driver] Calling: /uufs/chpc.utah.edu/sys/installdir/abaqus/2025/linux_a64/code/bin/SMATrtOptResExportTool --loglevel INFO --cycle 30 --onf_output ON
(INFO    ) [13:51:20|opt_res_export_tool] SIMULIA Tosca Structure.opt_res_export_tool - version 3DEXPERIENCE R2025x - build R427 - 20240925T190012Z 64 bit
(INFO    ) [13:51:20|opt_res_export_tool] Extracting results from opt_res_database
(INFO    ) [13:51:20|opt_res_export_tool] SIMULIA Tosca Structure.opt_res_export_tool finished successfully
(INFO    ) [13:51:20|tosca_driver] Module SMATrtOptResExportTool has finished with exit code 0
(NOTICE  ) [13:51:20|tosca_driver] Design cycle 31 started on 2026-02-19
(NOTICE  ) [13:51:20|tosca_driver] Starting Abaqus analysis - design cycle 31
(INFO    ) [13:51:20|tosca_driver] Activating the solver
(INFO    ) [13:51:20|tosca_driver] Calling hooks before module abaqus
(INFO    ) [13:51:20|tosca_driver] Calling: /uufs/chpc.utah.edu/sys/installdir/abaqus/2025/linux_a64/code/bin/SMATsoAbaqusTsProvider -j airbeam_vol --cycle 31
(INFO    ) [13:51:20|hook] Timestamp file written successfully
(INFO    ) [13:51:20|tosca_driver] Module hook has finished with exit code 0
(INFO    ) [13:51:21|tosca_driver] Fe-solver abaqus finished with job airbeam_vol.inp
(INFO    ) [13:51:21|tosca_driver] Elapsed time (inc. overhead): 0:00:00.701055
(INFO    ) [13:51:21|tosca_driver] Elapsed time of abaqus : 0:00:00.793273  -  current time : 13:51:21.376713
(INFO    ) [13:51:21|tosca_driver] Solution complete
(INFO    ) [13:51:21|tosca_driver] Checking solver output file: /uufs/chpc.utah.edu/common/home/u6074059/Abaqus/paper_reproduction/experiment7/run_7b/airbeam_abq/airbeam_vol.msg
(INFO    ) [13:51:21|tosca_driver] Searching for success check string: "THE ANALYSIS HAS BEEN COMPLETED"
(INFO    ) [13:51:21|tosca_driver] Calling: /uufs/chpc.utah.edu/sys/installdir/abaqus/2025/linux_a64/code/bin/SMATsoOdbToVtmMain --solver abaqus --loglevel INFO --format_matrices sim --cycle 31 --perturbation 0 /uufs/chpc.utah.edu/common/home/u6074059/Abaqus/paper_reproduction/experiment7/run_7b/airbeam_abq/airbeam_vol
(INFO    ) [13:51:21|odb_to_vtm] SIMULIA Tosca Structure.odb_to_vtm - version 3DEXPERIENCE R2025x - build R427 - 20240925T190012Z 64 bit
(INFO    ) [13:51:21|odb_to_vtm] Reading Abaqus ODB output file /uufs/chpc.utah.edu/common/home/u6074059/Abaqus/paper_reproduction/experiment7/run_7b/airbeam_abq/airbeam_vol
(INFO    ) [13:51:21|odb_to_vtm] Reading results from the Abaqus result database /uufs/chpc.utah.edu/common/home/u6074059/Abaqus/paper_reproduction/experiment7/run_7b/airbeam_abq/airbeam_vol.odb
(INFO    ) [13:51:21|odb_to_vtm] SIMULIA Tosca Structure.odb_to_vtm finished successfully
(INFO    ) [13:51:21|tosca_driver] Module SMATsoOdbToVtmMain has finished with exit code 0
(NOTICE  ) [13:51:21|tosca_driver] Starting Tosca Structure optimization module - design cycle 31
(INFO    ) [13:51:21|tosca_driver] Calling: /uufs/chpc.utah.edu/sys/installdir/abaqus/2025/linux_a64/code/bin/SMATsoToscaOpt --loglevel INFO
(INFO    ) [13:51:21|tosca_opt] SIMULIA Tosca Structure.tosca_opt - version 3DEXPERIENCE R2025x - build R427 - 20240925T190012Z 64 bit
(INFO    ) [13:51:21|tosca_opt]  --------------------------------------------------------------------------
(INFO    ) [13:51:21|tosca_opt] |                ___  ___  __  __  _   _  _     ___    _                   |
(INFO    ) [13:51:21|tosca_opt] |               / __||_ _||  \/  || | | || |   |_ _|  /_\                  |
(INFO    ) [13:51:21|tosca_opt] |               \__ \ | | | |\/| || |_| || |__  | |  / _ \                 |
(INFO    ) [13:51:21|tosca_opt] |               |___/|___||_|  |_| \___/ |____||___|/_/ \_\                |
(INFO    ) [13:51:21|tosca_opt] |                        _____                                             |
(INFO    ) [13:51:21|tosca_opt] |                       |_   _|___  ___ __  __ _                           |
(INFO    ) [13:51:21|tosca_opt] |                         | | / _ \(_-</ _|/ _` |                          |
(INFO    ) [13:51:21|tosca_opt] |                         |_| \___//__/\__|\__,_|                          |
(INFO    ) [13:51:21|tosca_opt] |              ___  _                   _                                  |
(INFO    ) [13:51:21|tosca_opt] |             / __|| |_  _ _  _  _  __ | |_  _  _  _ _  ___                |
(INFO    ) [13:51:21|tosca_opt] |             \__ \|  _|| `_|| || |/ _||  _|| || || `_|/ -_)               |
(INFO    ) [13:51:21|tosca_opt] |             |___/ \__||_|   \_,_|\__| \__| \_,_||_|  \___|               |
(INFO    ) [13:51:21|tosca_opt] |                                                                          |
(INFO    ) [13:51:21|tosca_opt]  --------------------------------------------------------------------------
(INFO    ) [13:51:21|tosca_opt] | Version 3DEXPERIENCE R2025x                                              |
(INFO    ) [13:51:21|tosca_opt] | DATE:   2026-02-19                                                       |
(INFO    ) [13:51:21|tosca_opt]  --------------------------------------------------------------------------
(INFO    ) [13:51:22|tosca_opt]  --------------------------------------------------------------------------
(INFO    ) [13:51:22|tosca_opt] | Begin of DESIGN CYCLE NUMBER: 31                                         |
(INFO    ) [13:51:22|tosca_opt]  --------------------------------------------------------------------------
(INFO    ) [13:51:22|tosca_opt] Checking for existence of results
(INFO    ) [13:51:22|tosca_opt]  --------------------------------------------------------------------------
(INFO    ) [13:51:22|tosca_opt] | ANALYZE VALUE OF VARIABLES before OPTIMIZATION                           |
(INFO    ) [13:51:22|tosca_opt]  --------------------------------------------------------------------------
(INFO    ) [13:51:22|tosca_opt]  --------------------------------------------------------------------------
(INFO    ) [13:51:22|tosca_opt] | Convergence Criteria in Design Cycle 31                                  |
(INFO    ) [13:51:22|tosca_opt]  --------------------------------------------------------------------------
(INFO    ) [13:51:22|tosca_opt] Optimization converged. Both criteria checked.
(INFO    ) [13:51:22|tosca_opt] Local objective function criterion : NOT_FULFILLED (Actual change / target:    0.00656/   0.00100)
(INFO    ) [13:51:22|tosca_opt] Local design variables criterion   : NOT_FULFILLED (Actual change / target:    0.01180/   0.00500)
(INFO    ) [13:51:22|tosca_opt] Global stop criterion              : NOT_FULFILLED (Max number of design cycles :  80)
(INFO    ) [13:51:22|tosca_opt] 
(INFO    ) [13:51:22|tosca_opt]  --------------------------------------------------------------------------
(INFO    ) [13:51:22|tosca_opt] | ANALYZE VALUE OF VARIABLES after OPTIMIZATION                            |
(INFO    ) [13:51:22|tosca_opt]  --------------------------------------------------------------------------
(INFO    ) [13:51:22|tosca_opt]  --------------------------------------------------------------------------
(INFO    ) [13:51:22|tosca_opt] | VARIABLES and DESIGN RESPONSES                                           |
(INFO    ) [13:51:22|tosca_opt]  --------------------------------------------------------------------------
(INFO    ) [13:51:22|tosca_opt]  DRESP_SUM_ENERGY                          :    2.3567
(INFO    ) [13:51:22|tosca_opt]  DRESP_VOL_TOPO                            :    1554.2
(INFO    ) [13:51:22|tosca_opt]  DRESP_DISP1_ABS_MAX                       :   0.59663E-01
(INFO    ) [13:51:22|tosca_opt]  --------------------------------------------------------------------------
(INFO    ) [13:51:22|tosca_opt]  --------------------------------------------------------------------------
(INFO    ) [13:51:22|tosca_opt] | Report of OPTIMIZATION Results                                           |
(INFO    ) [13:51:22|tosca_opt]  --------------------------------------------------------------------------
(INFO    ) [13:51:22|tosca_opt]  DESIGN CYCLE                :  31
(INFO    ) [13:51:22|tosca_opt]  OPTIMIZE name               : TOPOLOGY_OPTIMIZATION
(INFO    ) [13:51:22|tosca_opt]  OBJ_FUNC name               : MIN_VOL
(INFO    ) [13:51:22|tosca_opt]  OBJ_FUNC value              :     1554.16
(INFO    ) [13:51:22|tosca_opt]  ==========================================================================
(INFO    ) [13:51:22|tosca_opt] |     Name of OBJ_FUNC_TERM      |   Value    |   Weight   |   Reference   |
(INFO    ) [13:51:22|tosca_opt]  ==========================================================================
(INFO    ) [13:51:22|tosca_opt] | DRESP_VOL_TOPO                 | 1554.16    | 1.0        | 0.0           |
(INFO    ) [13:51:22|tosca_opt]  ==========================================================================
(INFO    ) [13:51:22|tosca_opt] * SIMULIA Tosca Structure INFORMATION *
(INFO    ) [13:51:22|tosca_opt] Writing CONSTRAINTs with default normalization.
(INFO    ) [13:51:22|tosca_opt] For NORM value  <= 1.0   -->    CONSTRAINT is OK ( For all CONSTRAINT types )
(INFO    ) [13:51:22|tosca_opt]  ==========================================================================
(INFO    ) [13:51:22|tosca_opt] |  Name of CONSTRAINT  |  Act. Value  | Op.  | Target  |   Norm   | Status |
(INFO    ) [13:51:22|tosca_opt]  ==========================================================================
(INFO    ) [13:51:22|tosca_opt] | DISP_CONSTRAINT      | 5.9663e-2    | <=   | 6.e-2   | 0.994383 | TRUE   |
(INFO    ) [13:51:22|tosca_opt]  ==========================================================================
(INFO    ) [13:51:24|tosca_opt]  --------------------------------------------------------------------------
(INFO    ) [13:51:24|tosca_opt] | Some STOP CRITERIA NOT satisfied this iteration                          |
(INFO    ) [13:51:24|tosca_opt]  --------------------------------------------------------------------------
(INFO    ) [13:51:25|tosca_opt]  --------------------------------------------------------------------------
(INFO    ) [13:51:25|tosca_opt] | End of DESIGN CYCLE NUMBER: 31                                           |
(INFO    ) [13:51:25|tosca_opt]  --------------------------------------------------------------------------
(INFO    ) [13:51:25|tosca_opt] Application finished successfully
(INFO    ) [13:51:25|tosca_driver] Module SMATsoToscaOpt has finished with exit code 0
(INFO    ) [13:51:25|tosca_driver] Calling: /uufs/chpc.utah.edu/sys/installdir/abaqus/2025/linux_a64/code/bin/SMATrtOptResExportTool --loglevel INFO --cycle 31 --onf_output ON
(INFO    ) [13:51:25|opt_res_export_tool] SIMULIA Tosca Structure.opt_res_export_tool - version 3DEXPERIENCE R2025x - build R427 - 20240925T190012Z 64 bit
(INFO    ) [13:51:25|opt_res_export_tool] Extracting results from opt_res_database
(INFO    ) [13:51:25|opt_res_export_tool] SIMULIA Tosca Structure.opt_res_export_tool finished successfully
(INFO    ) [13:51:25|tosca_driver] Module SMATrtOptResExportTool has finished with exit code 0
(NOTICE  ) [13:51:25|tosca_driver] Design cycle 32 started on 2026-02-19
(NOTICE  ) [13:51:25|tosca_driver] Starting Abaqus analysis - design cycle 32
(INFO    ) [13:51:25|tosca_driver] Activating the solver
(INFO    ) [13:51:25|tosca_driver] Calling hooks before module abaqus
(INFO    ) [13:51:25|tosca_driver] Calling: /uufs/chpc.utah.edu/sys/installdir/abaqus/2025/linux_a64/code/bin/SMATsoAbaqusTsProvider -j airbeam_vol --cycle 32
(INFO    ) [13:51:25|hook] Timestamp file written successfully
(INFO    ) [13:51:25|tosca_driver] Module hook has finished with exit code 0
(INFO    ) [13:51:26|tosca_driver] Fe-solver abaqus finished with job airbeam_vol.inp
(INFO    ) [13:51:26|tosca_driver] Elapsed time (inc. overhead): 0:00:00.701062
(INFO    ) [13:51:26|tosca_driver] Elapsed time of abaqus : 0:00:00.762988  -  current time : 13:51:26.611756
(INFO    ) [13:51:26|tosca_driver] Solution complete
(INFO    ) [13:51:26|tosca_driver] Checking solver output file: /uufs/chpc.utah.edu/common/home/u6074059/Abaqus/paper_reproduction/experiment7/run_7b/airbeam_abq/airbeam_vol.msg
(INFO    ) [13:51:26|tosca_driver] Searching for success check string: "THE ANALYSIS HAS BEEN COMPLETED"
(INFO    ) [13:51:26|tosca_driver] Calling: /uufs/chpc.utah.edu/sys/installdir/abaqus/2025/linux_a64/code/bin/SMATsoOdbToVtmMain --solver abaqus --loglevel INFO --format_matrices sim --cycle 32 --perturbation 0 /uufs/chpc.utah.edu/common/home/u6074059/Abaqus/paper_reproduction/experiment7/run_7b/airbeam_abq/airbeam_vol
(INFO    ) [13:51:26|odb_to_vtm] SIMULIA Tosca Structure.odb_to_vtm - version 3DEXPERIENCE R2025x - build R427 - 20240925T190012Z 64 bit
(INFO    ) [13:51:26|odb_to_vtm] Reading Abaqus ODB output file /uufs/chpc.utah.edu/common/home/u6074059/Abaqus/paper_reproduction/experiment7/run_7b/airbeam_abq/airbeam_vol
(INFO    ) [13:51:26|odb_to_vtm] Reading results from the Abaqus result database /uufs/chpc.utah.edu/common/home/u6074059/Abaqus/paper_reproduction/experiment7/run_7b/airbeam_abq/airbeam_vol.odb
(INFO    ) [13:51:26|odb_to_vtm] SIMULIA Tosca Structure.odb_to_vtm finished successfully
(INFO    ) [13:51:26|tosca_driver] Module SMATsoOdbToVtmMain has finished with exit code 0
(NOTICE  ) [13:51:26|tosca_driver] Starting Tosca Structure optimization module - design cycle 32
(INFO    ) [13:51:26|tosca_driver] Calling: /uufs/chpc.utah.edu/sys/installdir/abaqus/2025/linux_a64/code/bin/SMATsoToscaOpt --loglevel INFO
(INFO    ) [13:51:27|tosca_opt] SIMULIA Tosca Structure.tosca_opt - version 3DEXPERIENCE R2025x - build R427 - 20240925T190012Z 64 bit
(INFO    ) [13:51:27|tosca_opt]  --------------------------------------------------------------------------
(INFO    ) [13:51:27|tosca_opt] |                ___  ___  __  __  _   _  _     ___    _                   |
(INFO    ) [13:51:27|tosca_opt] |               / __||_ _||  \/  || | | || |   |_ _|  /_\                  |
(INFO    ) [13:51:27|tosca_opt] |               \__ \ | | | |\/| || |_| || |__  | |  / _ \                 |
(INFO    ) [13:51:27|tosca_opt] |               |___/|___||_|  |_| \___/ |____||___|/_/ \_\                |
(INFO    ) [13:51:27|tosca_opt] |                        _____                                             |
(INFO    ) [13:51:27|tosca_opt] |                       |_   _|___  ___ __  __ _                           |
(INFO    ) [13:51:27|tosca_opt] |                         | | / _ \(_-</ _|/ _` |                          |
(INFO    ) [13:51:27|tosca_opt] |                         |_| \___//__/\__|\__,_|                          |
(INFO    ) [13:51:27|tosca_opt] |              ___  _                   _                                  |
(INFO    ) [13:51:27|tosca_opt] |             / __|| |_  _ _  _  _  __ | |_  _  _  _ _  ___                |
(INFO    ) [13:51:27|tosca_opt] |             \__ \|  _|| `_|| || |/ _||  _|| || || `_|/ -_)               |
(INFO    ) [13:51:27|tosca_opt] |             |___/ \__||_|   \_,_|\__| \__| \_,_||_|  \___|               |
(INFO    ) [13:51:27|tosca_opt] |                                                                          |
(INFO    ) [13:51:27|tosca_opt]  --------------------------------------------------------------------------
(INFO    ) [13:51:27|tosca_opt] | Version 3DEXPERIENCE R2025x                                              |
(INFO    ) [13:51:27|tosca_opt] | DATE:   2026-02-19                                                       |
(INFO    ) [13:51:27|tosca_opt]  --------------------------------------------------------------------------
(INFO    ) [13:51:27|tosca_opt]  --------------------------------------------------------------------------
(INFO    ) [13:51:27|tosca_opt] | Begin of DESIGN CYCLE NUMBER: 32                                         |
(INFO    ) [13:51:27|tosca_opt]  --------------------------------------------------------------------------
(INFO    ) [13:51:27|tosca_opt] Checking for existence of results
(INFO    ) [13:51:27|tosca_opt]  --------------------------------------------------------------------------
(INFO    ) [13:51:27|tosca_opt] | ANALYZE VALUE OF VARIABLES before OPTIMIZATION                           |
(INFO    ) [13:51:27|tosca_opt]  --------------------------------------------------------------------------
(INFO    ) [13:51:27|tosca_opt]  --------------------------------------------------------------------------
(INFO    ) [13:51:27|tosca_opt] | Convergence Criteria in Design Cycle 32                                  |
(INFO    ) [13:51:27|tosca_opt]  --------------------------------------------------------------------------
(INFO    ) [13:51:27|tosca_opt] Optimization converged. Both criteria checked.
(INFO    ) [13:51:27|tosca_opt] Local objective function criterion : NOT_FULFILLED (Actual change / target:    0.00642/   0.00100)
(INFO    ) [13:51:27|tosca_opt] Local design variables criterion   : NOT_FULFILLED (Actual change / target:    0.01116/   0.00500)
(INFO    ) [13:51:27|tosca_opt] Global stop criterion              : NOT_FULFILLED (Max number of design cycles :  80)
(INFO    ) [13:51:27|tosca_opt] 
(INFO    ) [13:51:27|tosca_opt]  --------------------------------------------------------------------------
(INFO    ) [13:51:27|tosca_opt] | ANALYZE VALUE OF VARIABLES after OPTIMIZATION                            |
(INFO    ) [13:51:27|tosca_opt]  --------------------------------------------------------------------------
(INFO    ) [13:51:27|tosca_opt]  --------------------------------------------------------------------------
(INFO    ) [13:51:27|tosca_opt] | VARIABLES and DESIGN RESPONSES                                           |
(INFO    ) [13:51:27|tosca_opt]  --------------------------------------------------------------------------
(INFO    ) [13:51:27|tosca_opt]  DRESP_SUM_ENERGY                          :    2.3585
(INFO    ) [13:51:27|tosca_opt]  DRESP_VOL_TOPO                            :    1545.3
(INFO    ) [13:51:27|tosca_opt]  DRESP_DISP1_ABS_MAX                       :   0.59707E-01
(INFO    ) [13:51:27|tosca_opt]  --------------------------------------------------------------------------
(INFO    ) [13:51:27|tosca_opt]  --------------------------------------------------------------------------
(INFO    ) [13:51:27|tosca_opt] | Report of OPTIMIZATION Results                                           |
(INFO    ) [13:51:27|tosca_opt]  --------------------------------------------------------------------------
(INFO    ) [13:51:27|tosca_opt]  DESIGN CYCLE                :  32
(INFO    ) [13:51:27|tosca_opt]  OPTIMIZE name               : TOPOLOGY_OPTIMIZATION
(INFO    ) [13:51:27|tosca_opt]  OBJ_FUNC name               : MIN_VOL
(INFO    ) [13:51:27|tosca_opt]  OBJ_FUNC value              :     1545.28
(INFO    ) [13:51:27|tosca_opt]  ==========================================================================
(INFO    ) [13:51:27|tosca_opt] |     Name of OBJ_FUNC_TERM      |   Value    |   Weight   |   Reference   |
(INFO    ) [13:51:27|tosca_opt]  ==========================================================================
(INFO    ) [13:51:27|tosca_opt] | DRESP_VOL_TOPO                 | 1545.28    | 1.0        | 0.0           |
(INFO    ) [13:51:27|tosca_opt]  ==========================================================================
(INFO    ) [13:51:27|tosca_opt] * SIMULIA Tosca Structure INFORMATION *
(INFO    ) [13:51:27|tosca_opt] Writing CONSTRAINTs with default normalization.
(INFO    ) [13:51:27|tosca_opt] For NORM value  <= 1.0   -->    CONSTRAINT is OK ( For all CONSTRAINT types )
(INFO    ) [13:51:27|tosca_opt]  ==========================================================================
(INFO    ) [13:51:27|tosca_opt] |  Name of CONSTRAINT  |  Act. Value  | Op.  | Target  |   Norm   | Status |
(INFO    ) [13:51:27|tosca_opt]  ==========================================================================
(INFO    ) [13:51:27|tosca_opt] | DISP_CONSTRAINT      | 5.97068e-2   | <=   | 6.e-2   | 0.995113 | TRUE   |
(INFO    ) [13:51:27|tosca_opt]  ==========================================================================
(INFO    ) [13:51:29|tosca_opt]  --------------------------------------------------------------------------
(INFO    ) [13:51:29|tosca_opt] | Some STOP CRITERIA NOT satisfied this iteration                          |
(INFO    ) [13:51:29|tosca_opt]  --------------------------------------------------------------------------
(INFO    ) [13:51:29|tosca_opt]  --------------------------------------------------------------------------
(INFO    ) [13:51:29|tosca_opt] | End of DESIGN CYCLE NUMBER: 32                                           |
(INFO    ) [13:51:29|tosca_opt]  --------------------------------------------------------------------------
(INFO    ) [13:51:30|tosca_opt] Application finished successfully
(INFO    ) [13:51:30|tosca_driver] Module SMATsoToscaOpt has finished with exit code 0
(INFO    ) [13:51:30|tosca_driver] Calling: /uufs/chpc.utah.edu/sys/installdir/abaqus/2025/linux_a64/code/bin/SMATrtOptResExportTool --loglevel INFO --cycle 32 --onf_output ON
(INFO    ) [13:51:30|opt_res_export_tool] SIMULIA Tosca Structure.opt_res_export_tool - version 3DEXPERIENCE R2025x - build R427 - 20240925T190012Z 64 bit
(INFO    ) [13:51:30|opt_res_export_tool] Extracting results from opt_res_database
(INFO    ) [13:51:30|opt_res_export_tool] SIMULIA Tosca Structure.opt_res_export_tool finished successfully
(INFO    ) [13:51:30|tosca_driver] Module SMATrtOptResExportTool has finished with exit code 0
(NOTICE  ) [13:51:30|tosca_driver] Design cycle 33 started on 2026-02-19
(NOTICE  ) [13:51:30|tosca_driver] Starting Abaqus analysis - design cycle 33
(INFO    ) [13:51:30|tosca_driver] Activating the solver
(INFO    ) [13:51:30|tosca_driver] Calling hooks before module abaqus
(INFO    ) [13:51:30|tosca_driver] Calling: /uufs/chpc.utah.edu/sys/installdir/abaqus/2025/linux_a64/code/bin/SMATsoAbaqusTsProvider -j airbeam_vol --cycle 33
(INFO    ) [13:51:30|hook] Timestamp file written successfully
(INFO    ) [13:51:30|tosca_driver] Module hook has finished with exit code 0
(INFO    ) [13:51:31|tosca_driver] Fe-solver abaqus finished with job airbeam_vol.inp
(INFO    ) [13:51:31|tosca_driver] Elapsed time (inc. overhead): 0:00:00.801179
(INFO    ) [13:51:31|tosca_driver] Elapsed time of abaqus : 0:00:00.854451  -  current time : 13:51:31.591071
(INFO    ) [13:51:31|tosca_driver] Solution complete
(INFO    ) [13:51:31|tosca_driver] Checking solver output file: /uufs/chpc.utah.edu/common/home/u6074059/Abaqus/paper_reproduction/experiment7/run_7b/airbeam_abq/airbeam_vol.msg
(INFO    ) [13:51:31|tosca_driver] Searching for success check string: "THE ANALYSIS HAS BEEN COMPLETED"
(INFO    ) [13:51:31|tosca_driver] Calling: /uufs/chpc.utah.edu/sys/installdir/abaqus/2025/linux_a64/code/bin/SMATsoOdbToVtmMain --solver abaqus --loglevel INFO --format_matrices sim --cycle 33 --perturbation 0 /uufs/chpc.utah.edu/common/home/u6074059/Abaqus/paper_reproduction/experiment7/run_7b/airbeam_abq/airbeam_vol
(INFO    ) [13:51:31|odb_to_vtm] SIMULIA Tosca Structure.odb_to_vtm - version 3DEXPERIENCE R2025x - build R427 - 20240925T190012Z 64 bit
(INFO    ) [13:51:31|odb_to_vtm] Reading Abaqus ODB output file /uufs/chpc.utah.edu/common/home/u6074059/Abaqus/paper_reproduction/experiment7/run_7b/airbeam_abq/airbeam_vol
(INFO    ) [13:51:31|odb_to_vtm] Reading results from the Abaqus result database /uufs/chpc.utah.edu/common/home/u6074059/Abaqus/paper_reproduction/experiment7/run_7b/airbeam_abq/airbeam_vol.odb
(INFO    ) [13:51:31|odb_to_vtm] SIMULIA Tosca Structure.odb_to_vtm finished successfully
(INFO    ) [13:51:31|tosca_driver] Module SMATsoOdbToVtmMain has finished with exit code 0
(NOTICE  ) [13:51:31|tosca_driver] Starting Tosca Structure optimization module - design cycle 33
(INFO    ) [13:51:31|tosca_driver] Calling: /uufs/chpc.utah.edu/sys/installdir/abaqus/2025/linux_a64/code/bin/SMATsoToscaOpt --loglevel INFO
(INFO    ) [13:51:31|tosca_opt] SIMULIA Tosca Structure.tosca_opt - version 3DEXPERIENCE R2025x - build R427 - 20240925T190012Z 64 bit
(INFO    ) [13:51:31|tosca_opt]  --------------------------------------------------------------------------
(INFO    ) [13:51:31|tosca_opt] |                ___  ___  __  __  _   _  _     ___    _                   |
(INFO    ) [13:51:31|tosca_opt] |               / __||_ _||  \/  || | | || |   |_ _|  /_\                  |
(INFO    ) [13:51:31|tosca_opt] |               \__ \ | | | |\/| || |_| || |__  | |  / _ \                 |
(INFO    ) [13:51:31|tosca_opt] |               |___/|___||_|  |_| \___/ |____||___|/_/ \_\                |
(INFO    ) [13:51:31|tosca_opt] |                        _____                                             |
(INFO    ) [13:51:31|tosca_opt] |                       |_   _|___  ___ __  __ _                           |
(INFO    ) [13:51:31|tosca_opt] |                         | | / _ \(_-</ _|/ _` |                          |
(INFO    ) [13:51:31|tosca_opt] |                         |_| \___//__/\__|\__,_|                          |
(INFO    ) [13:51:31|tosca_opt] |              ___  _                   _                                  |
(INFO    ) [13:51:31|tosca_opt] |             / __|| |_  _ _  _  _  __ | |_  _  _  _ _  ___                |
(INFO    ) [13:51:31|tosca_opt] |             \__ \|  _|| `_|| || |/ _||  _|| || || `_|/ -_)               |
(INFO    ) [13:51:31|tosca_opt] |             |___/ \__||_|   \_,_|\__| \__| \_,_||_|  \___|               |
(INFO    ) [13:51:31|tosca_opt] |                                                                          |
(INFO    ) [13:51:31|tosca_opt]  --------------------------------------------------------------------------
(INFO    ) [13:51:31|tosca_opt] | Version 3DEXPERIENCE R2025x                                              |
(INFO    ) [13:51:31|tosca_opt] | DATE:   2026-02-19                                                       |
(INFO    ) [13:51:31|tosca_opt]  --------------------------------------------------------------------------
(INFO    ) [13:51:32|tosca_opt]  --------------------------------------------------------------------------
(INFO    ) [13:51:32|tosca_opt] | Begin of DESIGN CYCLE NUMBER: 33                                         |
(INFO    ) [13:51:32|tosca_opt]  --------------------------------------------------------------------------
(INFO    ) [13:51:32|tosca_opt] Checking for existence of results
(INFO    ) [13:51:32|tosca_opt]  --------------------------------------------------------------------------
(INFO    ) [13:51:32|tosca_opt] | ANALYZE VALUE OF VARIABLES before OPTIMIZATION                           |
(INFO    ) [13:51:32|tosca_opt]  --------------------------------------------------------------------------
(INFO    ) [13:51:32|tosca_opt]  --------------------------------------------------------------------------
(INFO    ) [13:51:32|tosca_opt] | Convergence Criteria in Design Cycle 33                                  |
(INFO    ) [13:51:32|tosca_opt]  --------------------------------------------------------------------------
(INFO    ) [13:51:32|tosca_opt] Optimization converged. Both criteria checked.
(INFO    ) [13:51:32|tosca_opt] Local objective function criterion : NOT_FULFILLED (Actual change / target:    0.00604/   0.00100)
(INFO    ) [13:51:32|tosca_opt] Local design variables criterion   : NOT_FULFILLED (Actual change / target:    0.01041/   0.00500)
(INFO    ) [13:51:32|tosca_opt] Global stop criterion              : NOT_FULFILLED (Max number of design cycles :  80)
(INFO    ) [13:51:32|tosca_opt] 
(INFO    ) [13:51:32|tosca_opt]  --------------------------------------------------------------------------
(INFO    ) [13:51:32|tosca_opt] | ANALYZE VALUE OF VARIABLES after OPTIMIZATION                            |
(INFO    ) [13:51:32|tosca_opt]  --------------------------------------------------------------------------
(INFO    ) [13:51:32|tosca_opt]  --------------------------------------------------------------------------
(INFO    ) [13:51:32|tosca_opt] | VARIABLES and DESIGN RESPONSES                                           |
(INFO    ) [13:51:32|tosca_opt]  --------------------------------------------------------------------------
(INFO    ) [13:51:32|tosca_opt]  DRESP_SUM_ENERGY                          :    2.3599
(INFO    ) [13:51:32|tosca_opt]  DRESP_VOL_TOPO                            :    1537.0
(INFO    ) [13:51:32|tosca_opt]  DRESP_DISP1_ABS_MAX                       :   0.59751E-01
(INFO    ) [13:51:32|tosca_opt]  --------------------------------------------------------------------------
(INFO    ) [13:51:33|tosca_opt]  --------------------------------------------------------------------------
(INFO    ) [13:51:33|tosca_opt] | Report of OPTIMIZATION Results                                           |
(INFO    ) [13:51:33|tosca_opt]  --------------------------------------------------------------------------
(INFO    ) [13:51:33|tosca_opt]  DESIGN CYCLE                :  33
(INFO    ) [13:51:33|tosca_opt]  OPTIMIZE name               : TOPOLOGY_OPTIMIZATION
(INFO    ) [13:51:33|tosca_opt]  OBJ_FUNC name               : MIN_VOL
(INFO    ) [13:51:33|tosca_opt]  OBJ_FUNC value              :     1536.98
(INFO    ) [13:51:33|tosca_opt]  ==========================================================================
(INFO    ) [13:51:33|tosca_opt] |     Name of OBJ_FUNC_TERM      |   Value    |   Weight   |   Reference   |
(INFO    ) [13:51:33|tosca_opt]  ==========================================================================
(INFO    ) [13:51:33|tosca_opt] | DRESP_VOL_TOPO                 | 1536.98    | 1.0        | 0.0           |
(INFO    ) [13:51:33|tosca_opt]  ==========================================================================
(INFO    ) [13:51:33|tosca_opt] * SIMULIA Tosca Structure INFORMATION *
(INFO    ) [13:51:33|tosca_opt] Writing CONSTRAINTs with default normalization.
(INFO    ) [13:51:33|tosca_opt] For NORM value  <= 1.0   -->    CONSTRAINT is OK ( For all CONSTRAINT types )
(INFO    ) [13:51:33|tosca_opt]  ==========================================================================
(INFO    ) [13:51:33|tosca_opt] |  Name of CONSTRAINT  |  Act. Value  | Op.  | Target  |   Norm   | Status |
(INFO    ) [13:51:33|tosca_opt]  ==========================================================================
(INFO    ) [13:51:33|tosca_opt] | DISP_CONSTRAINT      | 5.97511e-2   | <=   | 6.e-2   | 0.995851 | TRUE   |
(INFO    ) [13:51:33|tosca_opt]  ==========================================================================
(INFO    ) [13:51:35|tosca_opt]  --------------------------------------------------------------------------
(INFO    ) [13:51:35|tosca_opt] | Some STOP CRITERIA NOT satisfied this iteration                          |
(INFO    ) [13:51:35|tosca_opt]  --------------------------------------------------------------------------
(INFO    ) [13:51:36|tosca_opt]  --------------------------------------------------------------------------
(INFO    ) [13:51:36|tosca_opt] | End of DESIGN CYCLE NUMBER: 33                                           |
(INFO    ) [13:51:36|tosca_opt]  --------------------------------------------------------------------------
(INFO    ) [13:51:36|tosca_opt] Application finished successfully
(INFO    ) [13:51:36|tosca_driver] Module SMATsoToscaOpt has finished with exit code 0
(INFO    ) [13:51:36|tosca_driver] Calling: /uufs/chpc.utah.edu/sys/installdir/abaqus/2025/linux_a64/code/bin/SMATrtOptResExportTool --loglevel INFO --cycle 33 --onf_output ON
(INFO    ) [13:51:36|opt_res_export_tool] SIMULIA Tosca Structure.opt_res_export_tool - version 3DEXPERIENCE R2025x - build R427 - 20240925T190012Z 64 bit
(INFO    ) [13:51:36|opt_res_export_tool] Extracting results from opt_res_database
(INFO    ) [13:51:36|opt_res_export_tool] SIMULIA Tosca Structure.opt_res_export_tool finished successfully
(INFO    ) [13:51:36|tosca_driver] Module SMATrtOptResExportTool has finished with exit code 0
(NOTICE  ) [13:51:36|tosca_driver] Design cycle 34 started on 2026-02-19
(NOTICE  ) [13:51:36|tosca_driver] Starting Abaqus analysis - design cycle 34
(INFO    ) [13:51:36|tosca_driver] Activating the solver
(INFO    ) [13:51:36|tosca_driver] Calling hooks before module abaqus
(INFO    ) [13:51:36|tosca_driver] Calling: /uufs/chpc.utah.edu/sys/installdir/abaqus/2025/linux_a64/code/bin/SMATsoAbaqusTsProvider -j airbeam_vol --cycle 34
(INFO    ) [13:51:36|hook] Timestamp file written successfully
(INFO    ) [13:51:36|tosca_driver] Module hook has finished with exit code 0
(INFO    ) [13:51:37|tosca_driver] Fe-solver abaqus finished with job airbeam_vol.inp
(INFO    ) [13:51:37|tosca_driver] Elapsed time (inc. overhead): 0:00:00.701433
(INFO    ) [13:51:37|tosca_driver] Elapsed time of abaqus : 0:00:00.754417  -  current time : 13:51:37.598158
(INFO    ) [13:51:37|tosca_driver] Solution complete
(INFO    ) [13:51:37|tosca_driver] Checking solver output file: /uufs/chpc.utah.edu/common/home/u6074059/Abaqus/paper_reproduction/experiment7/run_7b/airbeam_abq/airbeam_vol.msg
(INFO    ) [13:51:37|tosca_driver] Searching for success check string: "THE ANALYSIS HAS BEEN COMPLETED"
(INFO    ) [13:51:37|tosca_driver] Calling: /uufs/chpc.utah.edu/sys/installdir/abaqus/2025/linux_a64/code/bin/SMATsoOdbToVtmMain --solver abaqus --loglevel INFO --format_matrices sim --cycle 34 --perturbation 0 /uufs/chpc.utah.edu/common/home/u6074059/Abaqus/paper_reproduction/experiment7/run_7b/airbeam_abq/airbeam_vol
(INFO    ) [13:51:37|odb_to_vtm] SIMULIA Tosca Structure.odb_to_vtm - version 3DEXPERIENCE R2025x - build R427 - 20240925T190012Z 64 bit
(INFO    ) [13:51:37|odb_to_vtm] Reading Abaqus ODB output file /uufs/chpc.utah.edu/common/home/u6074059/Abaqus/paper_reproduction/experiment7/run_7b/airbeam_abq/airbeam_vol
(INFO    ) [13:51:37|odb_to_vtm] Reading results from the Abaqus result database /uufs/chpc.utah.edu/common/home/u6074059/Abaqus/paper_reproduction/experiment7/run_7b/airbeam_abq/airbeam_vol.odb
(INFO    ) [13:51:37|odb_to_vtm] SIMULIA Tosca Structure.odb_to_vtm finished successfully
(INFO    ) [13:51:37|tosca_driver] Module SMATsoOdbToVtmMain has finished with exit code 0
(NOTICE  ) [13:51:37|tosca_driver] Starting Tosca Structure optimization module - design cycle 34
(INFO    ) [13:51:37|tosca_driver] Calling: /uufs/chpc.utah.edu/sys/installdir/abaqus/2025/linux_a64/code/bin/SMATsoToscaOpt --loglevel INFO
(INFO    ) [13:51:37|tosca_opt] SIMULIA Tosca Structure.tosca_opt - version 3DEXPERIENCE R2025x - build R427 - 20240925T190012Z 64 bit
(INFO    ) [13:51:37|tosca_opt]  --------------------------------------------------------------------------
(INFO    ) [13:51:37|tosca_opt] |                ___  ___  __  __  _   _  _     ___    _                   |
(INFO    ) [13:51:37|tosca_opt] |               / __||_ _||  \/  || | | || |   |_ _|  /_\                  |
(INFO    ) [13:51:37|tosca_opt] |               \__ \ | | | |\/| || |_| || |__  | |  / _ \                 |
(INFO    ) [13:51:37|tosca_opt] |               |___/|___||_|  |_| \___/ |____||___|/_/ \_\                |
(INFO    ) [13:51:37|tosca_opt] |                        _____                                             |
(INFO    ) [13:51:37|tosca_opt] |                       |_   _|___  ___ __  __ _                           |
(INFO    ) [13:51:37|tosca_opt] |                         | | / _ \(_-</ _|/ _` |                          |
(INFO    ) [13:51:37|tosca_opt] |                         |_| \___//__/\__|\__,_|                          |
(INFO    ) [13:51:37|tosca_opt] |              ___  _                   _                                  |
(INFO    ) [13:51:37|tosca_opt] |             / __|| |_  _ _  _  _  __ | |_  _  _  _ _  ___                |
(INFO    ) [13:51:37|tosca_opt] |             \__ \|  _|| `_|| || |/ _||  _|| || || `_|/ -_)               |
(INFO    ) [13:51:37|tosca_opt] |             |___/ \__||_|   \_,_|\__| \__| \_,_||_|  \___|               |
(INFO    ) [13:51:37|tosca_opt] |                                                                          |
(INFO    ) [13:51:37|tosca_opt]  --------------------------------------------------------------------------
(INFO    ) [13:51:37|tosca_opt] | Version 3DEXPERIENCE R2025x                                              |
(INFO    ) [13:51:37|tosca_opt] | DATE:   2026-02-19                                                       |
(INFO    ) [13:51:37|tosca_opt]  --------------------------------------------------------------------------
(INFO    ) [13:51:38|tosca_opt]  --------------------------------------------------------------------------
(INFO    ) [13:51:38|tosca_opt] | Begin of DESIGN CYCLE NUMBER: 34                                         |
(INFO    ) [13:51:38|tosca_opt]  --------------------------------------------------------------------------
(INFO    ) [13:51:38|tosca_opt] Checking for existence of results
(INFO    ) [13:51:38|tosca_opt]  --------------------------------------------------------------------------
(INFO    ) [13:51:38|tosca_opt] | ANALYZE VALUE OF VARIABLES before OPTIMIZATION                           |
(INFO    ) [13:51:38|tosca_opt]  --------------------------------------------------------------------------
(INFO    ) [13:51:38|tosca_opt]  --------------------------------------------------------------------------
(INFO    ) [13:51:38|tosca_opt] | Convergence Criteria in Design Cycle 34                                  |
(INFO    ) [13:51:38|tosca_opt]  --------------------------------------------------------------------------
(INFO    ) [13:51:38|tosca_opt] Optimization converged. Both criteria checked.
(INFO    ) [13:51:38|tosca_opt] Local objective function criterion : NOT_FULFILLED (Actual change / target:    0.00603/   0.00100)
(INFO    ) [13:51:38|tosca_opt] Local design variables criterion   : NOT_FULFILLED (Actual change / target:    0.01093/   0.00500)
(INFO    ) [13:51:38|tosca_opt] Global stop criterion              : NOT_FULFILLED (Max number of design cycles :  80)
(INFO    ) [13:51:38|tosca_opt] 
(INFO    ) [13:51:38|tosca_opt]  --------------------------------------------------------------------------
(INFO    ) [13:51:38|tosca_opt] | ANALYZE VALUE OF VARIABLES after OPTIMIZATION                            |
(INFO    ) [13:51:38|tosca_opt]  --------------------------------------------------------------------------
(INFO    ) [13:51:38|tosca_opt]  --------------------------------------------------------------------------
(INFO    ) [13:51:38|tosca_opt] | VARIABLES and DESIGN RESPONSES                                           |
(INFO    ) [13:51:38|tosca_opt]  --------------------------------------------------------------------------
(INFO    ) [13:51:38|tosca_opt]  DRESP_SUM_ENERGY                          :    2.3578
(INFO    ) [13:51:38|tosca_opt]  DRESP_VOL_TOPO                            :    1528.7
(INFO    ) [13:51:38|tosca_opt]  DRESP_DISP1_ABS_MAX                       :   0.59702E-01
(INFO    ) [13:51:38|tosca_opt]  --------------------------------------------------------------------------
(INFO    ) [13:51:39|tosca_opt]  --------------------------------------------------------------------------
(INFO    ) [13:51:39|tosca_opt] | Report of OPTIMIZATION Results                                           |
(INFO    ) [13:51:39|tosca_opt]  --------------------------------------------------------------------------
(INFO    ) [13:51:39|tosca_opt]  DESIGN CYCLE                :  34
(INFO    ) [13:51:39|tosca_opt]  OPTIMIZE name               : TOPOLOGY_OPTIMIZATION
(INFO    ) [13:51:39|tosca_opt]  OBJ_FUNC name               : MIN_VOL
(INFO    ) [13:51:39|tosca_opt]  OBJ_FUNC value              :     1528.74
(INFO    ) [13:51:39|tosca_opt]  ==========================================================================
(INFO    ) [13:51:39|tosca_opt] |     Name of OBJ_FUNC_TERM      |   Value    |   Weight   |   Reference   |
(INFO    ) [13:51:39|tosca_opt]  ==========================================================================
(INFO    ) [13:51:39|tosca_opt] | DRESP_VOL_TOPO                 | 1528.74    | 1.0        | 0.0           |
(INFO    ) [13:51:39|tosca_opt]  ==========================================================================
(INFO    ) [13:51:39|tosca_opt] * SIMULIA Tosca Structure INFORMATION *
(INFO    ) [13:51:39|tosca_opt] Writing CONSTRAINTs with default normalization.
(INFO    ) [13:51:39|tosca_opt] For NORM value  <= 1.0   -->    CONSTRAINT is OK ( For all CONSTRAINT types )
(INFO    ) [13:51:39|tosca_opt]  ==========================================================================
(INFO    ) [13:51:39|tosca_opt] |  Name of CONSTRAINT  |  Act. Value  | Op. | Target  |   Norm   | Status  |
(INFO    ) [13:51:39|tosca_opt]  ==========================================================================
(INFO    ) [13:51:39|tosca_opt] | DISP_CONSTRAINT      | 5.97024e-2   | <=  | 6.e-2   | 0.99504  | TRUE    |
(INFO    ) [13:51:39|tosca_opt]  ==========================================================================
(INFO    ) [13:51:41|tosca_opt]  --------------------------------------------------------------------------
(INFO    ) [13:51:41|tosca_opt] | Some STOP CRITERIA NOT satisfied this iteration                          |
(INFO    ) [13:51:41|tosca_opt]  --------------------------------------------------------------------------
(INFO    ) [13:51:41|tosca_opt]  --------------------------------------------------------------------------
(INFO    ) [13:51:41|tosca_opt] | End of DESIGN CYCLE NUMBER: 34                                           |
(INFO    ) [13:51:41|tosca_opt]  --------------------------------------------------------------------------
(INFO    ) [13:51:42|tosca_opt] Application finished successfully
(INFO    ) [13:51:42|tosca_driver] Module SMATsoToscaOpt has finished with exit code 0
(INFO    ) [13:51:42|tosca_driver] Calling: /uufs/chpc.utah.edu/sys/installdir/abaqus/2025/linux_a64/code/bin/SMATrtOptResExportTool --loglevel INFO --cycle 34 --onf_output ON
(INFO    ) [13:51:42|opt_res_export_tool] SIMULIA Tosca Structure.opt_res_export_tool - version 3DEXPERIENCE R2025x - build R427 - 20240925T190012Z 64 bit
(INFO    ) [13:51:42|opt_res_export_tool] Extracting results from opt_res_database
(INFO    ) [13:51:42|opt_res_export_tool] SIMULIA Tosca Structure.opt_res_export_tool finished successfully
(INFO    ) [13:51:42|tosca_driver] Module SMATrtOptResExportTool has finished with exit code 0
(NOTICE  ) [13:51:42|tosca_driver] Design cycle 35 started on 2026-02-19
(NOTICE  ) [13:51:42|tosca_driver] Starting Abaqus analysis - design cycle 35
(INFO    ) [13:51:42|tosca_driver] Activating the solver
(INFO    ) [13:51:42|tosca_driver] Calling hooks before module abaqus
(INFO    ) [13:51:42|tosca_driver] Calling: /uufs/chpc.utah.edu/sys/installdir/abaqus/2025/linux_a64/code/bin/SMATsoAbaqusTsProvider -j airbeam_vol --cycle 35
(INFO    ) [13:51:42|hook] Timestamp file written successfully
(INFO    ) [13:51:42|tosca_driver] Module hook has finished with exit code 0
(INFO    ) [13:51:43|tosca_driver] Fe-solver abaqus finished with job airbeam_vol.inp
(INFO    ) [13:51:43|tosca_driver] Elapsed time (inc. overhead): 0:00:01.101671
(INFO    ) [13:51:43|tosca_driver] Elapsed time of abaqus : 0:00:01.152441  -  current time : 13:51:43.559349
(INFO    ) [13:51:43|tosca_driver] Solution complete
(INFO    ) [13:51:43|tosca_driver] Checking solver output file: /uufs/chpc.utah.edu/common/home/u6074059/Abaqus/paper_reproduction/experiment7/run_7b/airbeam_abq/airbeam_vol.msg
(INFO    ) [13:51:43|tosca_driver] Searching for success check string: "THE ANALYSIS HAS BEEN COMPLETED"
(INFO    ) [13:51:43|tosca_driver] Calling: /uufs/chpc.utah.edu/sys/installdir/abaqus/2025/linux_a64/code/bin/SMATsoOdbToVtmMain --solver abaqus --loglevel INFO --format_matrices sim --cycle 35 --perturbation 0 /uufs/chpc.utah.edu/common/home/u6074059/Abaqus/paper_reproduction/experiment7/run_7b/airbeam_abq/airbeam_vol
(INFO    ) [13:51:43|odb_to_vtm] SIMULIA Tosca Structure.odb_to_vtm - version 3DEXPERIENCE R2025x - build R427 - 20240925T190012Z 64 bit
(INFO    ) [13:51:43|odb_to_vtm] Reading Abaqus ODB output file /uufs/chpc.utah.edu/common/home/u6074059/Abaqus/paper_reproduction/experiment7/run_7b/airbeam_abq/airbeam_vol
(INFO    ) [13:51:43|odb_to_vtm] Reading results from the Abaqus result database /uufs/chpc.utah.edu/common/home/u6074059/Abaqus/paper_reproduction/experiment7/run_7b/airbeam_abq/airbeam_vol.odb
(INFO    ) [13:51:43|odb_to_vtm] SIMULIA Tosca Structure.odb_to_vtm finished successfully
(INFO    ) [13:51:43|tosca_driver] Module SMATsoOdbToVtmMain has finished with exit code 0
(NOTICE  ) [13:51:43|tosca_driver] Starting Tosca Structure optimization module - design cycle 35
(INFO    ) [13:51:43|tosca_driver] Calling: /uufs/chpc.utah.edu/sys/installdir/abaqus/2025/linux_a64/code/bin/SMATsoToscaOpt --loglevel INFO
(INFO    ) [13:51:43|tosca_opt] SIMULIA Tosca Structure.tosca_opt - version 3DEXPERIENCE R2025x - build R427 - 20240925T190012Z 64 bit
(INFO    ) [13:51:43|tosca_opt]  --------------------------------------------------------------------------
(INFO    ) [13:51:43|tosca_opt] |                ___  ___  __  __  _   _  _     ___    _                   |
(INFO    ) [13:51:43|tosca_opt] |               / __||_ _||  \/  || | | || |   |_ _|  /_\                  |
(INFO    ) [13:51:43|tosca_opt] |               \__ \ | | | |\/| || |_| || |__  | |  / _ \                 |
(INFO    ) [13:51:43|tosca_opt] |               |___/|___||_|  |_| \___/ |____||___|/_/ \_\                |
(INFO    ) [13:51:43|tosca_opt] |                        _____                                             |
(INFO    ) [13:51:43|tosca_opt] |                       |_   _|___  ___ __  __ _                           |
(INFO    ) [13:51:43|tosca_opt] |                         | | / _ \(_-</ _|/ _` |                          |
(INFO    ) [13:51:43|tosca_opt] |                         |_| \___//__/\__|\__,_|                          |
(INFO    ) [13:51:43|tosca_opt] |              ___  _                   _                                  |
(INFO    ) [13:51:43|tosca_opt] |             / __|| |_  _ _  _  _  __ | |_  _  _  _ _  ___                |
(INFO    ) [13:51:43|tosca_opt] |             \__ \|  _|| `_|| || |/ _||  _|| || || `_|/ -_)               |
(INFO    ) [13:51:43|tosca_opt] |             |___/ \__||_|   \_,_|\__| \__| \_,_||_|  \___|               |
(INFO    ) [13:51:43|tosca_opt] |                                                                          |
(INFO    ) [13:51:43|tosca_opt]  --------------------------------------------------------------------------
(INFO    ) [13:51:43|tosca_opt] | Version 3DEXPERIENCE R2025x                                              |
(INFO    ) [13:51:43|tosca_opt] | DATE:   2026-02-19                                                       |
(INFO    ) [13:51:43|tosca_opt]  --------------------------------------------------------------------------
(INFO    ) [13:51:44|tosca_opt]  --------------------------------------------------------------------------
(INFO    ) [13:51:44|tosca_opt] | Begin of DESIGN CYCLE NUMBER: 35                                         |
(INFO    ) [13:51:44|tosca_opt]  --------------------------------------------------------------------------
(INFO    ) [13:51:44|tosca_opt] Checking for existence of results
(INFO    ) [13:51:44|tosca_opt]  --------------------------------------------------------------------------
(INFO    ) [13:51:44|tosca_opt] | ANALYZE VALUE OF VARIABLES before OPTIMIZATION                           |
(INFO    ) [13:51:44|tosca_opt]  --------------------------------------------------------------------------
(INFO    ) [13:51:44|tosca_opt]  --------------------------------------------------------------------------
(INFO    ) [13:51:44|tosca_opt] | Convergence Criteria in Design Cycle 35                                  |
(INFO    ) [13:51:44|tosca_opt]  --------------------------------------------------------------------------
(INFO    ) [13:51:44|tosca_opt] Optimization converged. Both criteria checked.
(INFO    ) [13:51:44|tosca_opt] Local objective function criterion : NOT_FULFILLED (Actual change / target:    0.00712/   0.00100)
(INFO    ) [13:51:44|tosca_opt] Local design variables criterion   : NOT_FULFILLED (Actual change / target:    0.00986/   0.00500)
(INFO    ) [13:51:44|tosca_opt] Global stop criterion              : NOT_FULFILLED (Max number of design cycles :  80)
(INFO    ) [13:51:44|tosca_opt] 
(INFO    ) [13:51:44|tosca_opt]  --------------------------------------------------------------------------
(INFO    ) [13:51:44|tosca_opt] | ANALYZE VALUE OF VARIABLES after OPTIMIZATION                            |
(INFO    ) [13:51:44|tosca_opt]  --------------------------------------------------------------------------
(INFO    ) [13:51:44|tosca_opt]  --------------------------------------------------------------------------
(INFO    ) [13:51:44|tosca_opt] | VARIABLES and DESIGN RESPONSES                                           |
(INFO    ) [13:51:44|tosca_opt]  --------------------------------------------------------------------------
(INFO    ) [13:51:44|tosca_opt]  DRESP_SUM_ENERGY                          :    2.3554
(INFO    ) [13:51:44|tosca_opt]  DRESP_VOL_TOPO                            :    1519.1
(INFO    ) [13:51:44|tosca_opt]  DRESP_DISP1_ABS_MAX                       :   0.59658E-01
(INFO    ) [13:51:44|tosca_opt]  --------------------------------------------------------------------------
(INFO    ) [13:51:44|tosca_opt]  --------------------------------------------------------------------------
(INFO    ) [13:51:44|tosca_opt] | Report of OPTIMIZATION Results                                           |
(INFO    ) [13:51:44|tosca_opt]  --------------------------------------------------------------------------
(INFO    ) [13:51:44|tosca_opt]  DESIGN CYCLE                :  35
(INFO    ) [13:51:44|tosca_opt]  OPTIMIZE name               : TOPOLOGY_OPTIMIZATION
(INFO    ) [13:51:44|tosca_opt]  OBJ_FUNC name               : MIN_VOL
(INFO    ) [13:51:44|tosca_opt]  OBJ_FUNC value              :     1519.08
(INFO    ) [13:51:44|tosca_opt]  ==========================================================================
(INFO    ) [13:51:44|tosca_opt] |     Name of OBJ_FUNC_TERM      |   Value    |   Weight   |   Reference   |
(INFO    ) [13:51:44|tosca_opt]  ==========================================================================
(INFO    ) [13:51:44|tosca_opt] | DRESP_VOL_TOPO                 | 1519.08    | 1.0        | 0.0           |
(INFO    ) [13:51:44|tosca_opt]  ==========================================================================
(INFO    ) [13:51:44|tosca_opt] * SIMULIA Tosca Structure INFORMATION *
(INFO    ) [13:51:44|tosca_opt] Writing CONSTRAINTs with default normalization.
(INFO    ) [13:51:44|tosca_opt] For NORM value  <= 1.0   -->    CONSTRAINT is OK ( For all CONSTRAINT types )
(INFO    ) [13:51:44|tosca_opt]  ==========================================================================
(INFO    ) [13:51:44|tosca_opt] |  Name of CONSTRAINT  |  Act. Value  | Op.  | Target  |   Norm   | Status |
(INFO    ) [13:51:44|tosca_opt]  ==========================================================================
(INFO    ) [13:51:44|tosca_opt] | DISP_CONSTRAINT      | 5.96585e-2   | <=   | 6.e-2   | 0.994308 | TRUE   |
(INFO    ) [13:51:44|tosca_opt]  ==========================================================================
(INFO    ) [13:51:47|tosca_opt]  --------------------------------------------------------------------------
(INFO    ) [13:51:47|tosca_opt] | Some STOP CRITERIA NOT satisfied this iteration                          |
(INFO    ) [13:51:47|tosca_opt]  --------------------------------------------------------------------------
(INFO    ) [13:51:47|tosca_opt]  --------------------------------------------------------------------------
(INFO    ) [13:51:47|tosca_opt] | End of DESIGN CYCLE NUMBER: 35                                           |
(INFO    ) [13:51:47|tosca_opt]  --------------------------------------------------------------------------
(INFO    ) [13:51:47|tosca_opt] Application finished successfully
(INFO    ) [13:51:47|tosca_driver] Module SMATsoToscaOpt has finished with exit code 0
(INFO    ) [13:51:47|tosca_driver] Calling: /uufs/chpc.utah.edu/sys/installdir/abaqus/2025/linux_a64/code/bin/SMATrtOptResExportTool --loglevel INFO --cycle 35 --onf_output ON
(INFO    ) [13:51:47|opt_res_export_tool] SIMULIA Tosca Structure.opt_res_export_tool - version 3DEXPERIENCE R2025x - build R427 - 20240925T190012Z 64 bit
(INFO    ) [13:51:47|opt_res_export_tool] Extracting results from opt_res_database
(INFO    ) [13:51:48|opt_res_export_tool] SIMULIA Tosca Structure.opt_res_export_tool finished successfully
(INFO    ) [13:51:48|tosca_driver] Module SMATrtOptResExportTool has finished with exit code 0
(NOTICE  ) [13:51:48|tosca_driver] Design cycle 36 started on 2026-02-19
(NOTICE  ) [13:51:48|tosca_driver] Starting Abaqus analysis - design cycle 36
(INFO    ) [13:51:48|tosca_driver] Activating the solver
(INFO    ) [13:51:48|tosca_driver] Calling hooks before module abaqus
(INFO    ) [13:51:48|tosca_driver] Calling: /uufs/chpc.utah.edu/sys/installdir/abaqus/2025/linux_a64/code/bin/SMATsoAbaqusTsProvider -j airbeam_vol --cycle 36
(INFO    ) [13:51:48|hook] Timestamp file written successfully
(INFO    ) [13:51:48|tosca_driver] Module hook has finished with exit code 0
(INFO    ) [13:51:49|tosca_driver] Fe-solver abaqus finished with job airbeam_vol.inp
(INFO    ) [13:51:49|tosca_driver] Elapsed time (inc. overhead): 0:00:00.801181
(INFO    ) [13:51:49|tosca_driver] Elapsed time of abaqus : 0:00:00.856893  -  current time : 13:51:49.544165
(INFO    ) [13:51:49|tosca_driver] Solution complete
(INFO    ) [13:51:49|tosca_driver] Checking solver output file: /uufs/chpc.utah.edu/common/home/u6074059/Abaqus/paper_reproduction/experiment7/run_7b/airbeam_abq/airbeam_vol.msg
(INFO    ) [13:51:49|tosca_driver] Searching for success check string: "THE ANALYSIS HAS BEEN COMPLETED"
(INFO    ) [13:51:49|tosca_driver] Calling: /uufs/chpc.utah.edu/sys/installdir/abaqus/2025/linux_a64/code/bin/SMATsoOdbToVtmMain --solver abaqus --loglevel INFO --format_matrices sim --cycle 36 --perturbation 0 /uufs/chpc.utah.edu/common/home/u6074059/Abaqus/paper_reproduction/experiment7/run_7b/airbeam_abq/airbeam_vol
(INFO    ) [13:51:49|odb_to_vtm] SIMULIA Tosca Structure.odb_to_vtm - version 3DEXPERIENCE R2025x - build R427 - 20240925T190012Z 64 bit
(INFO    ) [13:51:49|odb_to_vtm] Reading Abaqus ODB output file /uufs/chpc.utah.edu/common/home/u6074059/Abaqus/paper_reproduction/experiment7/run_7b/airbeam_abq/airbeam_vol
(INFO    ) [13:51:49|odb_to_vtm] Reading results from the Abaqus result database /uufs/chpc.utah.edu/common/home/u6074059/Abaqus/paper_reproduction/experiment7/run_7b/airbeam_abq/airbeam_vol.odb
(INFO    ) [13:51:49|odb_to_vtm] SIMULIA Tosca Structure.odb_to_vtm finished successfully
(INFO    ) [13:51:49|tosca_driver] Module SMATsoOdbToVtmMain has finished with exit code 0
(NOTICE  ) [13:51:49|tosca_driver] Starting Tosca Structure optimization module - design cycle 36
(INFO    ) [13:51:49|tosca_driver] Calling: /uufs/chpc.utah.edu/sys/installdir/abaqus/2025/linux_a64/code/bin/SMATsoToscaOpt --loglevel INFO
(INFO    ) [13:51:49|tosca_opt] SIMULIA Tosca Structure.tosca_opt - version 3DEXPERIENCE R2025x - build R427 - 20240925T190012Z 64 bit
(INFO    ) [13:51:49|tosca_opt]  --------------------------------------------------------------------------
(INFO    ) [13:51:49|tosca_opt] |                ___  ___  __  __  _   _  _     ___    _                   |
(INFO    ) [13:51:49|tosca_opt] |               / __||_ _||  \/  || | | || |   |_ _|  /_\                  |
(INFO    ) [13:51:49|tosca_opt] |               \__ \ | | | |\/| || |_| || |__  | |  / _ \                 |
(INFO    ) [13:51:49|tosca_opt] |               |___/|___||_|  |_| \___/ |____||___|/_/ \_\                |
(INFO    ) [13:51:49|tosca_opt] |                        _____                                             |
(INFO    ) [13:51:49|tosca_opt] |                       |_   _|___  ___ __  __ _                           |
(INFO    ) [13:51:49|tosca_opt] |                         | | / _ \(_-</ _|/ _` |                          |
(INFO    ) [13:51:49|tosca_opt] |                         |_| \___//__/\__|\__,_|                          |
(INFO    ) [13:51:49|tosca_opt] |              ___  _                   _                                  |
(INFO    ) [13:51:49|tosca_opt] |             / __|| |_  _ _  _  _  __ | |_  _  _  _ _  ___                |
(INFO    ) [13:51:49|tosca_opt] |             \__ \|  _|| `_|| || |/ _||  _|| || || `_|/ -_)               |
(INFO    ) [13:51:49|tosca_opt] |             |___/ \__||_|   \_,_|\__| \__| \_,_||_|  \___|               |
(INFO    ) [13:51:49|tosca_opt] |                                                                          |
(INFO    ) [13:51:49|tosca_opt]  --------------------------------------------------------------------------
(INFO    ) [13:51:49|tosca_opt] | Version 3DEXPERIENCE R2025x                                              |
(INFO    ) [13:51:49|tosca_opt] | DATE:   2026-02-19                                                       |
(INFO    ) [13:51:49|tosca_opt]  --------------------------------------------------------------------------
(INFO    ) [13:51:50|tosca_opt]  --------------------------------------------------------------------------
(INFO    ) [13:51:50|tosca_opt] | Begin of DESIGN CYCLE NUMBER: 36                                         |
(INFO    ) [13:51:50|tosca_opt]  --------------------------------------------------------------------------
(INFO    ) [13:51:50|tosca_opt] Checking for existence of results
(INFO    ) [13:51:50|tosca_opt]  --------------------------------------------------------------------------
(INFO    ) [13:51:50|tosca_opt] | ANALYZE VALUE OF VARIABLES before OPTIMIZATION                           |
(INFO    ) [13:51:50|tosca_opt]  --------------------------------------------------------------------------
(INFO    ) [13:51:50|tosca_opt]  --------------------------------------------------------------------------
(INFO    ) [13:51:50|tosca_opt] | Convergence Criteria in Design Cycle 36                                  |
(INFO    ) [13:51:50|tosca_opt]  --------------------------------------------------------------------------
(INFO    ) [13:51:50|tosca_opt] Optimization converged. Both criteria checked.
(INFO    ) [13:51:50|tosca_opt] Local objective function criterion : NOT_FULFILLED (Actual change / target:    0.00537/   0.00100)
(INFO    ) [13:51:50|tosca_opt] Local design variables criterion   : NOT_FULFILLED (Actual change / target:    0.00787/   0.00500)
(INFO    ) [13:51:50|tosca_opt] Global stop criterion              : NOT_FULFILLED (Max number of design cycles :  80)
(INFO    ) [13:51:50|tosca_opt] 
(INFO    ) [13:51:50|tosca_opt]  --------------------------------------------------------------------------
(INFO    ) [13:51:50|tosca_opt] | ANALYZE VALUE OF VARIABLES after OPTIMIZATION                            |
(INFO    ) [13:51:50|tosca_opt]  --------------------------------------------------------------------------
(INFO    ) [13:51:50|tosca_opt]  --------------------------------------------------------------------------
(INFO    ) [13:51:50|tosca_opt] | VARIABLES and DESIGN RESPONSES                                           |
(INFO    ) [13:51:50|tosca_opt]  --------------------------------------------------------------------------
(INFO    ) [13:51:50|tosca_opt]  DRESP_SUM_ENERGY                          :    2.3558
(INFO    ) [13:51:50|tosca_opt]  DRESP_VOL_TOPO                            :    1511.8
(INFO    ) [13:51:50|tosca_opt]  DRESP_DISP1_ABS_MAX                       :   0.59667E-01
(INFO    ) [13:51:50|tosca_opt]  --------------------------------------------------------------------------
(INFO    ) [13:51:51|tosca_opt]  --------------------------------------------------------------------------
(INFO    ) [13:51:51|tosca_opt] | Report of OPTIMIZATION Results                                           |
(INFO    ) [13:51:51|tosca_opt]  --------------------------------------------------------------------------
(INFO    ) [13:51:51|tosca_opt]  DESIGN CYCLE                :  36
(INFO    ) [13:51:51|tosca_opt]  OPTIMIZE name               : TOPOLOGY_OPTIMIZATION
(INFO    ) [13:51:51|tosca_opt]  OBJ_FUNC name               : MIN_VOL
(INFO    ) [13:51:51|tosca_opt]  OBJ_FUNC value              :     1511.83
(INFO    ) [13:51:51|tosca_opt]  ==========================================================================
(INFO    ) [13:51:51|tosca_opt] |     Name of OBJ_FUNC_TERM      |   Value    |   Weight   |   Reference   |
(INFO    ) [13:51:51|tosca_opt]  ==========================================================================
(INFO    ) [13:51:51|tosca_opt] | DRESP_VOL_TOPO                 | 1511.83    | 1.0        | 0.0           |
(INFO    ) [13:51:51|tosca_opt]  ==========================================================================
(INFO    ) [13:51:51|tosca_opt] * SIMULIA Tosca Structure INFORMATION *
(INFO    ) [13:51:51|tosca_opt] Writing CONSTRAINTs with default normalization.
(INFO    ) [13:51:51|tosca_opt] For NORM value  <= 1.0   -->    CONSTRAINT is OK ( For all CONSTRAINT types )
(INFO    ) [13:51:51|tosca_opt]  ==========================================================================
(INFO    ) [13:51:51|tosca_opt] |  Name of CONSTRAINT  |  Act. Value  | Op.  | Target  |   Norm   | Status |
(INFO    ) [13:51:51|tosca_opt]  ==========================================================================
(INFO    ) [13:51:51|tosca_opt] | DISP_CONSTRAINT      | 5.96669e-2   | <=   | 6.e-2   | 0.994448 | TRUE   |
(INFO    ) [13:51:51|tosca_opt]  ==========================================================================
(INFO    ) [13:51:53|tosca_opt]  --------------------------------------------------------------------------
(INFO    ) [13:51:53|tosca_opt] | Some STOP CRITERIA NOT satisfied this iteration                          |
(INFO    ) [13:51:53|tosca_opt]  --------------------------------------------------------------------------
(INFO    ) [13:51:53|tosca_opt]  --------------------------------------------------------------------------
(INFO    ) [13:51:53|tosca_opt] | End of DESIGN CYCLE NUMBER: 36                                           |
(INFO    ) [13:51:53|tosca_opt]  --------------------------------------------------------------------------
(INFO    ) [13:51:53|tosca_opt] Application finished successfully
(INFO    ) [13:51:53|tosca_driver] Module SMATsoToscaOpt has finished with exit code 0
(INFO    ) [13:51:53|tosca_driver] Calling: /uufs/chpc.utah.edu/sys/installdir/abaqus/2025/linux_a64/code/bin/SMATrtOptResExportTool --loglevel INFO --cycle 36 --onf_output ON
(INFO    ) [13:51:53|opt_res_export_tool] SIMULIA Tosca Structure.opt_res_export_tool - version 3DEXPERIENCE R2025x - build R427 - 20240925T190012Z 64 bit
(INFO    ) [13:51:53|opt_res_export_tool] Extracting results from opt_res_database
(INFO    ) [13:51:53|opt_res_export_tool] SIMULIA Tosca Structure.opt_res_export_tool finished successfully
(INFO    ) [13:51:53|tosca_driver] Module SMATrtOptResExportTool has finished with exit code 0
(NOTICE  ) [13:51:54|tosca_driver] Design cycle 37 started on 2026-02-19
(NOTICE  ) [13:51:54|tosca_driver] Starting Abaqus analysis - design cycle 37
(INFO    ) [13:51:54|tosca_driver] Activating the solver
(INFO    ) [13:51:54|tosca_driver] Calling hooks before module abaqus
(INFO    ) [13:51:54|tosca_driver] Calling: /uufs/chpc.utah.edu/sys/installdir/abaqus/2025/linux_a64/code/bin/SMATsoAbaqusTsProvider -j airbeam_vol --cycle 37
(INFO    ) [13:51:54|hook] Timestamp file written successfully
(INFO    ) [13:51:54|tosca_driver] Module hook has finished with exit code 0
(INFO    ) [13:51:54|tosca_driver] Fe-solver abaqus finished with job airbeam_vol.inp
(INFO    ) [13:51:54|tosca_driver] Elapsed time (inc. overhead): 0:00:00.801196
(INFO    ) [13:51:54|tosca_driver] Elapsed time of abaqus : 0:00:00.854146  -  current time : 13:51:54.985140
(INFO    ) [13:51:54|tosca_driver] Solution complete
(INFO    ) [13:51:54|tosca_driver] Checking solver output file: /uufs/chpc.utah.edu/common/home/u6074059/Abaqus/paper_reproduction/experiment7/run_7b/airbeam_abq/airbeam_vol.msg
(INFO    ) [13:51:54|tosca_driver] Searching for success check string: "THE ANALYSIS HAS BEEN COMPLETED"
(INFO    ) [13:51:54|tosca_driver] Calling: /uufs/chpc.utah.edu/sys/installdir/abaqus/2025/linux_a64/code/bin/SMATsoOdbToVtmMain --solver abaqus --loglevel INFO --format_matrices sim --cycle 37 --perturbation 0 /uufs/chpc.utah.edu/common/home/u6074059/Abaqus/paper_reproduction/experiment7/run_7b/airbeam_abq/airbeam_vol
(INFO    ) [13:51:55|odb_to_vtm] SIMULIA Tosca Structure.odb_to_vtm - version 3DEXPERIENCE R2025x - build R427 - 20240925T190012Z 64 bit
(INFO    ) [13:51:55|odb_to_vtm] Reading Abaqus ODB output file /uufs/chpc.utah.edu/common/home/u6074059/Abaqus/paper_reproduction/experiment7/run_7b/airbeam_abq/airbeam_vol
(INFO    ) [13:51:55|odb_to_vtm] Reading results from the Abaqus result database /uufs/chpc.utah.edu/common/home/u6074059/Abaqus/paper_reproduction/experiment7/run_7b/airbeam_abq/airbeam_vol.odb
(INFO    ) [13:51:55|odb_to_vtm] SIMULIA Tosca Structure.odb_to_vtm finished successfully
(INFO    ) [13:51:55|tosca_driver] Module SMATsoOdbToVtmMain has finished with exit code 0
(NOTICE  ) [13:51:55|tosca_driver] Starting Tosca Structure optimization module - design cycle 37
(INFO    ) [13:51:55|tosca_driver] Calling: /uufs/chpc.utah.edu/sys/installdir/abaqus/2025/linux_a64/code/bin/SMATsoToscaOpt --loglevel INFO
(INFO    ) [13:51:55|tosca_opt] SIMULIA Tosca Structure.tosca_opt - version 3DEXPERIENCE R2025x - build R427 - 20240925T190012Z 64 bit
(INFO    ) [13:51:55|tosca_opt]  --------------------------------------------------------------------------
(INFO    ) [13:51:55|tosca_opt] |                ___  ___  __  __  _   _  _     ___    _                   |
(INFO    ) [13:51:55|tosca_opt] |               / __||_ _||  \/  || | | || |   |_ _|  /_\                  |
(INFO    ) [13:51:55|tosca_opt] |               \__ \ | | | |\/| || |_| || |__  | |  / _ \                 |
(INFO    ) [13:51:55|tosca_opt] |               |___/|___||_|  |_| \___/ |____||___|/_/ \_\                |
(INFO    ) [13:51:55|tosca_opt] |                        _____                                             |
(INFO    ) [13:51:55|tosca_opt] |                       |_   _|___  ___ __  __ _                           |
(INFO    ) [13:51:55|tosca_opt] |                         | | / _ \(_-</ _|/ _` |                          |
(INFO    ) [13:51:55|tosca_opt] |                         |_| \___//__/\__|\__,_|                          |
(INFO    ) [13:51:55|tosca_opt] |              ___  _                   _                                  |
(INFO    ) [13:51:55|tosca_opt] |             / __|| |_  _ _  _  _  __ | |_  _  _  _ _  ___                |
(INFO    ) [13:51:55|tosca_opt] |             \__ \|  _|| `_|| || |/ _||  _|| || || `_|/ -_)               |
(INFO    ) [13:51:55|tosca_opt] |             |___/ \__||_|   \_,_|\__| \__| \_,_||_|  \___|               |
(INFO    ) [13:51:55|tosca_opt] |                                                                          |
(INFO    ) [13:51:55|tosca_opt]  --------------------------------------------------------------------------
(INFO    ) [13:51:55|tosca_opt] | Version 3DEXPERIENCE R2025x                                              |
(INFO    ) [13:51:55|tosca_opt] | DATE:   2026-02-19                                                       |
(INFO    ) [13:51:55|tosca_opt]  --------------------------------------------------------------------------
(INFO    ) [13:51:56|tosca_opt]  --------------------------------------------------------------------------
(INFO    ) [13:51:56|tosca_opt] | Begin of DESIGN CYCLE NUMBER: 37                                         |
(INFO    ) [13:51:56|tosca_opt]  --------------------------------------------------------------------------
(INFO    ) [13:51:56|tosca_opt] Checking for existence of results
(INFO    ) [13:51:56|tosca_opt]  --------------------------------------------------------------------------
(INFO    ) [13:51:56|tosca_opt] | ANALYZE VALUE OF VARIABLES before OPTIMIZATION                           |
(INFO    ) [13:51:56|tosca_opt]  --------------------------------------------------------------------------
(INFO    ) [13:51:56|tosca_opt]  --------------------------------------------------------------------------
(INFO    ) [13:51:56|tosca_opt] | Convergence Criteria in Design Cycle 37                                  |
(INFO    ) [13:51:56|tosca_opt]  --------------------------------------------------------------------------
(INFO    ) [13:51:56|tosca_opt] Optimization converged. Both criteria checked.
(INFO    ) [13:51:56|tosca_opt] Local objective function criterion : NOT_FULFILLED (Actual change / target:    0.00526/   0.00100)
(INFO    ) [13:51:56|tosca_opt] Local design variables criterion   : NOT_FULFILLED (Actual change / target:    0.00771/   0.00500)
(INFO    ) [13:51:56|tosca_opt] Global stop criterion              : NOT_FULFILLED (Max number of design cycles :  80)
(INFO    ) [13:51:56|tosca_opt] 
(INFO    ) [13:51:56|tosca_opt]  --------------------------------------------------------------------------
(INFO    ) [13:51:56|tosca_opt] | ANALYZE VALUE OF VARIABLES after OPTIMIZATION                            |
(INFO    ) [13:51:56|tosca_opt]  --------------------------------------------------------------------------
(INFO    ) [13:51:56|tosca_opt]  --------------------------------------------------------------------------
(INFO    ) [13:51:56|tosca_opt] | VARIABLES and DESIGN RESPONSES                                           |
(INFO    ) [13:51:56|tosca_opt]  --------------------------------------------------------------------------
(INFO    ) [13:51:56|tosca_opt]  DRESP_SUM_ENERGY                          :    2.3537
(INFO    ) [13:51:56|tosca_opt]  DRESP_VOL_TOPO                            :    1504.8
(INFO    ) [13:51:56|tosca_opt]  DRESP_DISP1_ABS_MAX                       :   0.59619E-01
(INFO    ) [13:51:56|tosca_opt]  --------------------------------------------------------------------------
(INFO    ) [13:51:56|tosca_opt]  --------------------------------------------------------------------------
(INFO    ) [13:51:56|tosca_opt] | Report of OPTIMIZATION Results                                           |
(INFO    ) [13:51:56|tosca_opt]  --------------------------------------------------------------------------
(INFO    ) [13:51:56|tosca_opt]  DESIGN CYCLE                :  37
(INFO    ) [13:51:56|tosca_opt]  OPTIMIZE name               : TOPOLOGY_OPTIMIZATION
(INFO    ) [13:51:56|tosca_opt]  OBJ_FUNC name               : MIN_VOL
(INFO    ) [13:51:56|tosca_opt]  OBJ_FUNC value              :     1504.76
(INFO    ) [13:51:56|tosca_opt]  ==========================================================================
(INFO    ) [13:51:56|tosca_opt] |     Name of OBJ_FUNC_TERM      |   Value    |   Weight   |   Reference   |
(INFO    ) [13:51:56|tosca_opt]  ==========================================================================
(INFO    ) [13:51:56|tosca_opt] | DRESP_VOL_TOPO                 | 1504.76    | 1.0        | 0.0           |
(INFO    ) [13:51:56|tosca_opt]  ==========================================================================
(INFO    ) [13:51:56|tosca_opt] * SIMULIA Tosca Structure INFORMATION *
(INFO    ) [13:51:56|tosca_opt] Writing CONSTRAINTs with default normalization.
(INFO    ) [13:51:56|tosca_opt] For NORM value  <= 1.0   -->    CONSTRAINT is OK ( For all CONSTRAINT types )
(INFO    ) [13:51:56|tosca_opt]  ==========================================================================
(INFO    ) [13:51:56|tosca_opt] |  Name of CONSTRAINT  |  Act. Value  | Op.  | Target  |   Norm   | Status |
(INFO    ) [13:51:56|tosca_opt]  ==========================================================================
(INFO    ) [13:51:56|tosca_opt] | DISP_CONSTRAINT      | 5.96191e-2   | <=   | 6.e-2   | 0.993652 | TRUE   |
(INFO    ) [13:51:56|tosca_opt]  ==========================================================================
(INFO    ) [13:51:58|tosca_opt]  --------------------------------------------------------------------------
(INFO    ) [13:51:58|tosca_opt] | Some STOP CRITERIA NOT satisfied this iteration                          |
(INFO    ) [13:51:58|tosca_opt]  --------------------------------------------------------------------------
(INFO    ) [13:51:58|tosca_opt]  --------------------------------------------------------------------------
(INFO    ) [13:51:58|tosca_opt] | End of DESIGN CYCLE NUMBER: 37                                           |
(INFO    ) [13:51:58|tosca_opt]  --------------------------------------------------------------------------
(INFO    ) [13:51:58|tosca_opt] Application finished successfully
(INFO    ) [13:51:58|tosca_driver] Module SMATsoToscaOpt has finished with exit code 0
(INFO    ) [13:51:58|tosca_driver] Calling: /uufs/chpc.utah.edu/sys/installdir/abaqus/2025/linux_a64/code/bin/SMATrtOptResExportTool --loglevel INFO --cycle 37 --onf_output ON
(INFO    ) [13:51:58|opt_res_export_tool] SIMULIA Tosca Structure.opt_res_export_tool - version 3DEXPERIENCE R2025x - build R427 - 20240925T190012Z 64 bit
(INFO    ) [13:51:58|opt_res_export_tool] Extracting results from opt_res_database
(INFO    ) [13:51:58|opt_res_export_tool] SIMULIA Tosca Structure.opt_res_export_tool finished successfully
(INFO    ) [13:51:58|tosca_driver] Module SMATrtOptResExportTool has finished with exit code 0
(NOTICE  ) [13:51:58|tosca_driver] Design cycle 38 started on 2026-02-19
(NOTICE  ) [13:51:58|tosca_driver] Starting Abaqus analysis - design cycle 38
(INFO    ) [13:51:58|tosca_driver] Activating the solver
(INFO    ) [13:51:58|tosca_driver] Calling hooks before module abaqus
(INFO    ) [13:51:58|tosca_driver] Calling: /uufs/chpc.utah.edu/sys/installdir/abaqus/2025/linux_a64/code/bin/SMATsoAbaqusTsProvider -j airbeam_vol --cycle 38
(INFO    ) [13:51:58|hook] Timestamp file written successfully
(INFO    ) [13:51:59|tosca_driver] Module hook has finished with exit code 0
(INFO    ) [13:51:59|tosca_driver] Fe-solver abaqus finished with job airbeam_vol.inp
(INFO    ) [13:51:59|tosca_driver] Elapsed time (inc. overhead): 0:00:00.801192
(INFO    ) [13:51:59|tosca_driver] Elapsed time of abaqus : 0:00:00.853289  -  current time : 13:51:59.826677
(INFO    ) [13:51:59|tosca_driver] Solution complete
(INFO    ) [13:51:59|tosca_driver] Checking solver output file: /uufs/chpc.utah.edu/common/home/u6074059/Abaqus/paper_reproduction/experiment7/run_7b/airbeam_abq/airbeam_vol.msg
(INFO    ) [13:51:59|tosca_driver] Searching for success check string: "THE ANALYSIS HAS BEEN COMPLETED"
(INFO    ) [13:51:59|tosca_driver] Calling: /uufs/chpc.utah.edu/sys/installdir/abaqus/2025/linux_a64/code/bin/SMATsoOdbToVtmMain --solver abaqus --loglevel INFO --format_matrices sim --cycle 38 --perturbation 0 /uufs/chpc.utah.edu/common/home/u6074059/Abaqus/paper_reproduction/experiment7/run_7b/airbeam_abq/airbeam_vol
(INFO    ) [13:51:59|odb_to_vtm] SIMULIA Tosca Structure.odb_to_vtm - version 3DEXPERIENCE R2025x - build R427 - 20240925T190012Z 64 bit
(INFO    ) [13:51:59|odb_to_vtm] Reading Abaqus ODB output file /uufs/chpc.utah.edu/common/home/u6074059/Abaqus/paper_reproduction/experiment7/run_7b/airbeam_abq/airbeam_vol
(INFO    ) [13:52:00|odb_to_vtm] Reading results from the Abaqus result database /uufs/chpc.utah.edu/common/home/u6074059/Abaqus/paper_reproduction/experiment7/run_7b/airbeam_abq/airbeam_vol.odb
(INFO    ) [13:52:00|odb_to_vtm] SIMULIA Tosca Structure.odb_to_vtm finished successfully
(INFO    ) [13:52:00|tosca_driver] Module SMATsoOdbToVtmMain has finished with exit code 0
(NOTICE  ) [13:52:00|tosca_driver] Starting Tosca Structure optimization module - design cycle 38
(INFO    ) [13:52:00|tosca_driver] Calling: /uufs/chpc.utah.edu/sys/installdir/abaqus/2025/linux_a64/code/bin/SMATsoToscaOpt --loglevel INFO
(INFO    ) [13:52:00|tosca_opt] SIMULIA Tosca Structure.tosca_opt - version 3DEXPERIENCE R2025x - build R427 - 20240925T190012Z 64 bit
(INFO    ) [13:52:00|tosca_opt]  --------------------------------------------------------------------------
(INFO    ) [13:52:00|tosca_opt] |                ___  ___  __  __  _   _  _     ___    _                   |
(INFO    ) [13:52:00|tosca_opt] |               / __||_ _||  \/  || | | || |   |_ _|  /_\                  |
(INFO    ) [13:52:00|tosca_opt] |               \__ \ | | | |\/| || |_| || |__  | |  / _ \                 |
(INFO    ) [13:52:00|tosca_opt] |               |___/|___||_|  |_| \___/ |____||___|/_/ \_\                |
(INFO    ) [13:52:00|tosca_opt] |                        _____                                             |
(INFO    ) [13:52:00|tosca_opt] |                       |_   _|___  ___ __  __ _                           |
(INFO    ) [13:52:00|tosca_opt] |                         | | / _ \(_-</ _|/ _` |                          |
(INFO    ) [13:52:00|tosca_opt] |                         |_| \___//__/\__|\__,_|                          |
(INFO    ) [13:52:00|tosca_opt] |              ___  _                   _                                  |
(INFO    ) [13:52:00|tosca_opt] |             / __|| |_  _ _  _  _  __ | |_  _  _  _ _  ___                |
(INFO    ) [13:52:00|tosca_opt] |             \__ \|  _|| `_|| || |/ _||  _|| || || `_|/ -_)               |
(INFO    ) [13:52:00|tosca_opt] |             |___/ \__||_|   \_,_|\__| \__| \_,_||_|  \___|               |
(INFO    ) [13:52:00|tosca_opt] |                                                                          |
(INFO    ) [13:52:00|tosca_opt]  --------------------------------------------------------------------------
(INFO    ) [13:52:00|tosca_opt] | Version 3DEXPERIENCE R2025x                                              |
(INFO    ) [13:52:00|tosca_opt] | DATE:   2026-02-19                                                       |
(INFO    ) [13:52:00|tosca_opt]  --------------------------------------------------------------------------
(INFO    ) [13:52:00|tosca_opt]  --------------------------------------------------------------------------
(INFO    ) [13:52:00|tosca_opt] | Begin of DESIGN CYCLE NUMBER: 38                                         |
(INFO    ) [13:52:00|tosca_opt]  --------------------------------------------------------------------------
(INFO    ) [13:52:00|tosca_opt] Checking for existence of results
(INFO    ) [13:52:00|tosca_opt]  --------------------------------------------------------------------------
(INFO    ) [13:52:00|tosca_opt] | ANALYZE VALUE OF VARIABLES before OPTIMIZATION                           |
(INFO    ) [13:52:00|tosca_opt]  --------------------------------------------------------------------------
(INFO    ) [13:52:00|tosca_opt]  --------------------------------------------------------------------------
(INFO    ) [13:52:00|tosca_opt] | Convergence Criteria in Design Cycle 38                                  |
(INFO    ) [13:52:00|tosca_opt]  --------------------------------------------------------------------------
(INFO    ) [13:52:00|tosca_opt] Optimization converged. Both criteria checked.
(INFO    ) [13:52:00|tosca_opt] Local objective function criterion : NOT_FULFILLED (Actual change / target:    0.00594/   0.00100)
(INFO    ) [13:52:00|tosca_opt] Local design variables criterion   : NOT_FULFILLED (Actual change / target:    0.00749/   0.00500)
(INFO    ) [13:52:00|tosca_opt] Global stop criterion              : NOT_FULFILLED (Max number of design cycles :  80)
(INFO    ) [13:52:00|tosca_opt] 
(INFO    ) [13:52:01|tosca_opt]  --------------------------------------------------------------------------
(INFO    ) [13:52:01|tosca_opt] | ANALYZE VALUE OF VARIABLES after OPTIMIZATION                            |
(INFO    ) [13:52:01|tosca_opt]  --------------------------------------------------------------------------
(INFO    ) [13:52:01|tosca_opt]  --------------------------------------------------------------------------
(INFO    ) [13:52:01|tosca_opt] | VARIABLES and DESIGN RESPONSES                                           |
(INFO    ) [13:52:01|tosca_opt]  --------------------------------------------------------------------------
(INFO    ) [13:52:01|tosca_opt]  DRESP_SUM_ENERGY                          :    2.3530
(INFO    ) [13:52:01|tosca_opt]  DRESP_VOL_TOPO                            :    1496.8
(INFO    ) [13:52:01|tosca_opt]  DRESP_DISP1_ABS_MAX                       :   0.59595E-01
(INFO    ) [13:52:01|tosca_opt]  --------------------------------------------------------------------------
(INFO    ) [13:52:01|tosca_opt]  --------------------------------------------------------------------------
(INFO    ) [13:52:01|tosca_opt] | Report of OPTIMIZATION Results                                           |
(INFO    ) [13:52:01|tosca_opt]  --------------------------------------------------------------------------
(INFO    ) [13:52:01|tosca_opt]  DESIGN CYCLE                :  38
(INFO    ) [13:52:01|tosca_opt]  OPTIMIZE name               : TOPOLOGY_OPTIMIZATION
(INFO    ) [13:52:01|tosca_opt]  OBJ_FUNC name               : MIN_VOL
(INFO    ) [13:52:01|tosca_opt]  OBJ_FUNC value              :     1496.83
(INFO    ) [13:52:01|tosca_opt]  ==========================================================================
(INFO    ) [13:52:01|tosca_opt] |     Name of OBJ_FUNC_TERM      |   Value    |   Weight   |   Reference   |
(INFO    ) [13:52:01|tosca_opt]  ==========================================================================
(INFO    ) [13:52:01|tosca_opt] | DRESP_VOL_TOPO                 | 1496.83    | 1.0        | 0.0           |
(INFO    ) [13:52:01|tosca_opt]  ==========================================================================
(INFO    ) [13:52:01|tosca_opt] * SIMULIA Tosca Structure INFORMATION *
(INFO    ) [13:52:01|tosca_opt] Writing CONSTRAINTs with default normalization.
(INFO    ) [13:52:01|tosca_opt] For NORM value  <= 1.0   -->    CONSTRAINT is OK ( For all CONSTRAINT types )
(INFO    ) [13:52:01|tosca_opt]  ==========================================================================
(INFO    ) [13:52:01|tosca_opt] |  Name of CONSTRAINT  |  Act. Value  | Op.  | Target  |   Norm   | Status |
(INFO    ) [13:52:01|tosca_opt]  ==========================================================================
(INFO    ) [13:52:01|tosca_opt] | DISP_CONSTRAINT      | 5.9595e-2    | <=   | 6.e-2   | 0.993249 | TRUE   |
(INFO    ) [13:52:01|tosca_opt]  ==========================================================================
(INFO    ) [13:52:03|tosca_opt]  --------------------------------------------------------------------------
(INFO    ) [13:52:03|tosca_opt] | Some STOP CRITERIA NOT satisfied this iteration                          |
(INFO    ) [13:52:03|tosca_opt]  --------------------------------------------------------------------------
(INFO    ) [13:52:03|tosca_opt]  --------------------------------------------------------------------------
(INFO    ) [13:52:03|tosca_opt] | End of DESIGN CYCLE NUMBER: 38                                           |
(INFO    ) [13:52:03|tosca_opt]  --------------------------------------------------------------------------
(INFO    ) [13:52:03|tosca_opt] Application finished successfully
(INFO    ) [13:52:03|tosca_driver] Module SMATsoToscaOpt has finished with exit code 0
(INFO    ) [13:52:03|tosca_driver] Calling: /uufs/chpc.utah.edu/sys/installdir/abaqus/2025/linux_a64/code/bin/SMATrtOptResExportTool --loglevel INFO --cycle 38 --onf_output ON
(INFO    ) [13:52:03|opt_res_export_tool] SIMULIA Tosca Structure.opt_res_export_tool - version 3DEXPERIENCE R2025x - build R427 - 20240925T190012Z 64 bit
(INFO    ) [13:52:03|opt_res_export_tool] Extracting results from opt_res_database
(INFO    ) [13:52:03|opt_res_export_tool] SIMULIA Tosca Structure.opt_res_export_tool finished successfully
(INFO    ) [13:52:03|tosca_driver] Module SMATrtOptResExportTool has finished with exit code 0
(NOTICE  ) [13:52:04|tosca_driver] Design cycle 39 started on 2026-02-19
(NOTICE  ) [13:52:04|tosca_driver] Starting Abaqus analysis - design cycle 39
(INFO    ) [13:52:04|tosca_driver] Activating the solver
(INFO    ) [13:52:04|tosca_driver] Calling hooks before module abaqus
(INFO    ) [13:52:04|tosca_driver] Calling: /uufs/chpc.utah.edu/sys/installdir/abaqus/2025/linux_a64/code/bin/SMATsoAbaqusTsProvider -j airbeam_vol --cycle 39
(INFO    ) [13:52:04|hook] Timestamp file written successfully
(INFO    ) [13:52:04|tosca_driver] Module hook has finished with exit code 0
(INFO    ) [13:52:04|tosca_driver] Fe-solver abaqus finished with job airbeam_vol.inp
(INFO    ) [13:52:04|tosca_driver] Elapsed time (inc. overhead): 0:00:00.801184
(INFO    ) [13:52:04|tosca_driver] Elapsed time of abaqus : 0:00:00.866422  -  current time : 13:52:04.914606
(INFO    ) [13:52:04|tosca_driver] Solution complete
(INFO    ) [13:52:04|tosca_driver] Checking solver output file: /uufs/chpc.utah.edu/common/home/u6074059/Abaqus/paper_reproduction/experiment7/run_7b/airbeam_abq/airbeam_vol.msg
(INFO    ) [13:52:04|tosca_driver] Searching for success check string: "THE ANALYSIS HAS BEEN COMPLETED"
(INFO    ) [13:52:04|tosca_driver] Calling: /uufs/chpc.utah.edu/sys/installdir/abaqus/2025/linux_a64/code/bin/SMATsoOdbToVtmMain --solver abaqus --loglevel INFO --format_matrices sim --cycle 39 --perturbation 0 /uufs/chpc.utah.edu/common/home/u6074059/Abaqus/paper_reproduction/experiment7/run_7b/airbeam_abq/airbeam_vol
(INFO    ) [13:52:05|odb_to_vtm] SIMULIA Tosca Structure.odb_to_vtm - version 3DEXPERIENCE R2025x - build R427 - 20240925T190012Z 64 bit
(INFO    ) [13:52:05|odb_to_vtm] Reading Abaqus ODB output file /uufs/chpc.utah.edu/common/home/u6074059/Abaqus/paper_reproduction/experiment7/run_7b/airbeam_abq/airbeam_vol
(INFO    ) [13:52:05|odb_to_vtm] Reading results from the Abaqus result database /uufs/chpc.utah.edu/common/home/u6074059/Abaqus/paper_reproduction/experiment7/run_7b/airbeam_abq/airbeam_vol.odb
(INFO    ) [13:52:05|odb_to_vtm] SIMULIA Tosca Structure.odb_to_vtm finished successfully
(INFO    ) [13:52:05|tosca_driver] Module SMATsoOdbToVtmMain has finished with exit code 0
(NOTICE  ) [13:52:05|tosca_driver] Starting Tosca Structure optimization module - design cycle 39
(INFO    ) [13:52:05|tosca_driver] Calling: /uufs/chpc.utah.edu/sys/installdir/abaqus/2025/linux_a64/code/bin/SMATsoToscaOpt --loglevel INFO
(INFO    ) [13:52:05|tosca_opt] SIMULIA Tosca Structure.tosca_opt - version 3DEXPERIENCE R2025x - build R427 - 20240925T190012Z 64 bit
(INFO    ) [13:52:05|tosca_opt]  --------------------------------------------------------------------------
(INFO    ) [13:52:05|tosca_opt] |                ___  ___  __  __  _   _  _     ___    _                   |
(INFO    ) [13:52:05|tosca_opt] |               / __||_ _||  \/  || | | || |   |_ _|  /_\                  |
(INFO    ) [13:52:05|tosca_opt] |               \__ \ | | | |\/| || |_| || |__  | |  / _ \                 |
(INFO    ) [13:52:05|tosca_opt] |               |___/|___||_|  |_| \___/ |____||___|/_/ \_\                |
(INFO    ) [13:52:05|tosca_opt] |                        _____                                             |
(INFO    ) [13:52:05|tosca_opt] |                       |_   _|___  ___ __  __ _                           |
(INFO    ) [13:52:05|tosca_opt] |                         | | / _ \(_-</ _|/ _` |                          |
(INFO    ) [13:52:05|tosca_opt] |                         |_| \___//__/\__|\__,_|                          |
(INFO    ) [13:52:05|tosca_opt] |              ___  _                   _                                  |
(INFO    ) [13:52:05|tosca_opt] |             / __|| |_  _ _  _  _  __ | |_  _  _  _ _  ___                |
(INFO    ) [13:52:05|tosca_opt] |             \__ \|  _|| `_|| || |/ _||  _|| || || `_|/ -_)               |
(INFO    ) [13:52:05|tosca_opt] |             |___/ \__||_|   \_,_|\__| \__| \_,_||_|  \___|               |
(INFO    ) [13:52:05|tosca_opt] |                                                                          |
(INFO    ) [13:52:05|tosca_opt]  --------------------------------------------------------------------------
(INFO    ) [13:52:05|tosca_opt] | Version 3DEXPERIENCE R2025x                                              |
(INFO    ) [13:52:05|tosca_opt] | DATE:   2026-02-19                                                       |
(INFO    ) [13:52:05|tosca_opt]  --------------------------------------------------------------------------
(INFO    ) [13:52:06|tosca_opt]  --------------------------------------------------------------------------
(INFO    ) [13:52:06|tosca_opt] | Begin of DESIGN CYCLE NUMBER: 39                                         |
(INFO    ) [13:52:06|tosca_opt]  --------------------------------------------------------------------------
(INFO    ) [13:52:06|tosca_opt] Checking for existence of results
(INFO    ) [13:52:06|tosca_opt]  --------------------------------------------------------------------------
(INFO    ) [13:52:06|tosca_opt] | ANALYZE VALUE OF VARIABLES before OPTIMIZATION                           |
(INFO    ) [13:52:06|tosca_opt]  --------------------------------------------------------------------------
(INFO    ) [13:52:06|tosca_opt]  --------------------------------------------------------------------------
(INFO    ) [13:52:06|tosca_opt] | Convergence Criteria in Design Cycle 39                                  |
(INFO    ) [13:52:06|tosca_opt]  --------------------------------------------------------------------------
(INFO    ) [13:52:06|tosca_opt] Optimization converged. Both criteria checked.
(INFO    ) [13:52:06|tosca_opt] Local objective function criterion : NOT_FULFILLED (Actual change / target:    0.00533/   0.00100)
(INFO    ) [13:52:06|tosca_opt] Local design variables criterion   : NOT_FULFILLED (Actual change / target:    0.00631/   0.00500)
(INFO    ) [13:52:06|tosca_opt] Global stop criterion              : NOT_FULFILLED (Max number of design cycles :  80)
(INFO    ) [13:52:06|tosca_opt] 
(INFO    ) [13:52:06|tosca_opt]  --------------------------------------------------------------------------
(INFO    ) [13:52:06|tosca_opt] | ANALYZE VALUE OF VARIABLES after OPTIMIZATION                            |
(INFO    ) [13:52:06|tosca_opt]  --------------------------------------------------------------------------
(INFO    ) [13:52:06|tosca_opt]  --------------------------------------------------------------------------
(INFO    ) [13:52:06|tosca_opt] | VARIABLES and DESIGN RESPONSES                                           |
(INFO    ) [13:52:06|tosca_opt]  --------------------------------------------------------------------------
(INFO    ) [13:52:06|tosca_opt]  DRESP_SUM_ENERGY                          :    2.3535
(INFO    ) [13:52:06|tosca_opt]  DRESP_VOL_TOPO                            :    1489.8
(INFO    ) [13:52:06|tosca_opt]  DRESP_DISP1_ABS_MAX                       :   0.59611E-01
(INFO    ) [13:52:06|tosca_opt]  --------------------------------------------------------------------------
(INFO    ) [13:52:06|tosca_opt]  --------------------------------------------------------------------------
(INFO    ) [13:52:06|tosca_opt] | Report of OPTIMIZATION Results                                           |
(INFO    ) [13:52:06|tosca_opt]  --------------------------------------------------------------------------
(INFO    ) [13:52:06|tosca_opt]  DESIGN CYCLE                :  39
(INFO    ) [13:52:06|tosca_opt]  OPTIMIZE name               : TOPOLOGY_OPTIMIZATION
(INFO    ) [13:52:06|tosca_opt]  OBJ_FUNC name               : MIN_VOL
(INFO    ) [13:52:06|tosca_opt]  OBJ_FUNC value              :     1489.76
(INFO    ) [13:52:06|tosca_opt]  ==========================================================================
(INFO    ) [13:52:06|tosca_opt] |     Name of OBJ_FUNC_TERM      |   Value    |   Weight   |   Reference   |
(INFO    ) [13:52:06|tosca_opt]  ==========================================================================
(INFO    ) [13:52:06|tosca_opt] | DRESP_VOL_TOPO                 | 1489.76    | 1.0        | 0.0           |
(INFO    ) [13:52:06|tosca_opt]  ==========================================================================
(INFO    ) [13:52:06|tosca_opt] * SIMULIA Tosca Structure INFORMATION *
(INFO    ) [13:52:06|tosca_opt] Writing CONSTRAINTs with default normalization.
(INFO    ) [13:52:06|tosca_opt] For NORM value  <= 1.0   -->    CONSTRAINT is OK ( For all CONSTRAINT types )
(INFO    ) [13:52:06|tosca_opt]  ==========================================================================
(INFO    ) [13:52:06|tosca_opt] |  Name of CONSTRAINT  |  Act. Value  | Op.  | Target  |   Norm   | Status |
(INFO    ) [13:52:06|tosca_opt]  ==========================================================================
(INFO    ) [13:52:06|tosca_opt] | DISP_CONSTRAINT      | 5.96108e-2   | <=   | 6.e-2   | 0.993514 | TRUE   |
(INFO    ) [13:52:06|tosca_opt]  ==========================================================================
(INFO    ) [13:52:08|tosca_opt]  --------------------------------------------------------------------------
(INFO    ) [13:52:08|tosca_opt] | Some STOP CRITERIA NOT satisfied this iteration                          |
(INFO    ) [13:52:08|tosca_opt]  --------------------------------------------------------------------------
(INFO    ) [13:52:08|tosca_opt]  --------------------------------------------------------------------------
(INFO    ) [13:52:08|tosca_opt] | End of DESIGN CYCLE NUMBER: 39                                           |
(INFO    ) [13:52:08|tosca_opt]  --------------------------------------------------------------------------
(INFO    ) [13:52:08|tosca_opt] Application finished successfully
(INFO    ) [13:52:08|tosca_driver] Module SMATsoToscaOpt has finished with exit code 0
(INFO    ) [13:52:08|tosca_driver] Calling: /uufs/chpc.utah.edu/sys/installdir/abaqus/2025/linux_a64/code/bin/SMATrtOptResExportTool --loglevel INFO --cycle 39 --onf_output ON
(INFO    ) [13:52:08|opt_res_export_tool] SIMULIA Tosca Structure.opt_res_export_tool - version 3DEXPERIENCE R2025x - build R427 - 20240925T190012Z 64 bit
(INFO    ) [13:52:08|opt_res_export_tool] Extracting results from opt_res_database
(INFO    ) [13:52:08|opt_res_export_tool] SIMULIA Tosca Structure.opt_res_export_tool finished successfully
(INFO    ) [13:52:08|tosca_driver] Module SMATrtOptResExportTool has finished with exit code 0
(NOTICE  ) [13:52:08|tosca_driver] Design cycle 40 started on 2026-02-19
(NOTICE  ) [13:52:08|tosca_driver] Starting Abaqus analysis - design cycle 40
(INFO    ) [13:52:08|tosca_driver] Activating the solver
(INFO    ) [13:52:08|tosca_driver] Calling hooks before module abaqus
(INFO    ) [13:52:08|tosca_driver] Calling: /uufs/chpc.utah.edu/sys/installdir/abaqus/2025/linux_a64/code/bin/SMATsoAbaqusTsProvider -j airbeam_vol --cycle 40
(INFO    ) [13:52:08|hook] Timestamp file written successfully
(INFO    ) [13:52:09|tosca_driver] Module hook has finished with exit code 0
(INFO    ) [13:52:09|tosca_driver] Fe-solver abaqus finished with job airbeam_vol.inp
(INFO    ) [13:52:09|tosca_driver] Elapsed time (inc. overhead): 0:00:00.701090
(INFO    ) [13:52:09|tosca_driver] Elapsed time of abaqus : 0:00:00.772494  -  current time : 13:52:09.718804
(INFO    ) [13:52:09|tosca_driver] Solution complete
(INFO    ) [13:52:09|tosca_driver] Checking solver output file: /uufs/chpc.utah.edu/common/home/u6074059/Abaqus/paper_reproduction/experiment7/run_7b/airbeam_abq/airbeam_vol.msg
(INFO    ) [13:52:09|tosca_driver] Searching for success check string: "THE ANALYSIS HAS BEEN COMPLETED"
(INFO    ) [13:52:09|tosca_driver] Calling: /uufs/chpc.utah.edu/sys/installdir/abaqus/2025/linux_a64/code/bin/SMATsoOdbToVtmMain --solver abaqus --loglevel INFO --format_matrices sim --cycle 40 --perturbation 0 /uufs/chpc.utah.edu/common/home/u6074059/Abaqus/paper_reproduction/experiment7/run_7b/airbeam_abq/airbeam_vol
(INFO    ) [13:52:09|odb_to_vtm] SIMULIA Tosca Structure.odb_to_vtm - version 3DEXPERIENCE R2025x - build R427 - 20240925T190012Z 64 bit
(INFO    ) [13:52:09|odb_to_vtm] Reading Abaqus ODB output file /uufs/chpc.utah.edu/common/home/u6074059/Abaqus/paper_reproduction/experiment7/run_7b/airbeam_abq/airbeam_vol
(INFO    ) [13:52:09|odb_to_vtm] Reading results from the Abaqus result database /uufs/chpc.utah.edu/common/home/u6074059/Abaqus/paper_reproduction/experiment7/run_7b/airbeam_abq/airbeam_vol.odb
(INFO    ) [13:52:10|odb_to_vtm] SIMULIA Tosca Structure.odb_to_vtm finished successfully
(INFO    ) [13:52:10|tosca_driver] Module SMATsoOdbToVtmMain has finished with exit code 0
(NOTICE  ) [13:52:10|tosca_driver] Starting Tosca Structure optimization module - design cycle 40
(INFO    ) [13:52:10|tosca_driver] Calling: /uufs/chpc.utah.edu/sys/installdir/abaqus/2025/linux_a64/code/bin/SMATsoToscaOpt --loglevel INFO
(INFO    ) [13:52:10|tosca_opt] SIMULIA Tosca Structure.tosca_opt - version 3DEXPERIENCE R2025x - build R427 - 20240925T190012Z 64 bit
(INFO    ) [13:52:10|tosca_opt]  --------------------------------------------------------------------------
(INFO    ) [13:52:10|tosca_opt] |                ___  ___  __  __  _   _  _     ___    _                   |
(INFO    ) [13:52:10|tosca_opt] |               / __||_ _||  \/  || | | || |   |_ _|  /_\                  |
(INFO    ) [13:52:10|tosca_opt] |               \__ \ | | | |\/| || |_| || |__  | |  / _ \                 |
(INFO    ) [13:52:10|tosca_opt] |               |___/|___||_|  |_| \___/ |____||___|/_/ \_\                |
(INFO    ) [13:52:10|tosca_opt] |                        _____                                             |
(INFO    ) [13:52:10|tosca_opt] |                       |_   _|___  ___ __  __ _                           |
(INFO    ) [13:52:10|tosca_opt] |                         | | / _ \(_-</ _|/ _` |                          |
(INFO    ) [13:52:10|tosca_opt] |                         |_| \___//__/\__|\__,_|                          |
(INFO    ) [13:52:10|tosca_opt] |              ___  _                   _                                  |
(INFO    ) [13:52:10|tosca_opt] |             / __|| |_  _ _  _  _  __ | |_  _  _  _ _  ___                |
(INFO    ) [13:52:10|tosca_opt] |             \__ \|  _|| `_|| || |/ _||  _|| || || `_|/ -_)               |
(INFO    ) [13:52:10|tosca_opt] |             |___/ \__||_|   \_,_|\__| \__| \_,_||_|  \___|               |
(INFO    ) [13:52:10|tosca_opt] |                                                                          |
(INFO    ) [13:52:10|tosca_opt]  --------------------------------------------------------------------------
(INFO    ) [13:52:10|tosca_opt] | Version 3DEXPERIENCE R2025x                                              |
(INFO    ) [13:52:10|tosca_opt] | DATE:   2026-02-19                                                       |
(INFO    ) [13:52:10|tosca_opt]  --------------------------------------------------------------------------
(INFO    ) [13:52:11|tosca_opt]  --------------------------------------------------------------------------
(INFO    ) [13:52:11|tosca_opt] | Begin of DESIGN CYCLE NUMBER: 40                                         |
(INFO    ) [13:52:11|tosca_opt]  --------------------------------------------------------------------------
(INFO    ) [13:52:11|tosca_opt] Checking for existence of results
(INFO    ) [13:52:11|tosca_opt]  --------------------------------------------------------------------------
(INFO    ) [13:52:11|tosca_opt] | ANALYZE VALUE OF VARIABLES before OPTIMIZATION                           |
(INFO    ) [13:52:11|tosca_opt]  --------------------------------------------------------------------------
(INFO    ) [13:52:11|tosca_opt]  --------------------------------------------------------------------------
(INFO    ) [13:52:11|tosca_opt] | Convergence Criteria in Design Cycle 40                                  |
(INFO    ) [13:52:11|tosca_opt]  --------------------------------------------------------------------------
(INFO    ) [13:52:11|tosca_opt] Optimization converged. Both criteria checked.
(INFO    ) [13:52:11|tosca_opt] Local objective function criterion : NOT_FULFILLED (Actual change / target:    0.00476/   0.00100)
(INFO    ) [13:52:11|tosca_opt] Local design variables criterion   : NOT_FULFILLED (Actual change / target:    0.00566/   0.00500)
(INFO    ) [13:52:11|tosca_opt] Global stop criterion              : NOT_FULFILLED (Max number of design cycles :  80)
(INFO    ) [13:52:11|tosca_opt] 
(INFO    ) [13:52:11|tosca_opt]  --------------------------------------------------------------------------
(INFO    ) [13:52:11|tosca_opt] | ANALYZE VALUE OF VARIABLES after OPTIMIZATION                            |
(INFO    ) [13:52:11|tosca_opt]  --------------------------------------------------------------------------
(INFO    ) [13:52:11|tosca_opt]  --------------------------------------------------------------------------
(INFO    ) [13:52:11|tosca_opt] | VARIABLES and DESIGN RESPONSES                                           |
(INFO    ) [13:52:11|tosca_opt]  --------------------------------------------------------------------------
(INFO    ) [13:52:11|tosca_opt]  DRESP_SUM_ENERGY                          :    2.3553
(INFO    ) [13:52:11|tosca_opt]  DRESP_VOL_TOPO                            :    1483.5
(INFO    ) [13:52:11|tosca_opt]  DRESP_DISP1_ABS_MAX                       :   0.59653E-01
(INFO    ) [13:52:11|tosca_opt]  --------------------------------------------------------------------------
(INFO    ) [13:52:11|tosca_opt]  --------------------------------------------------------------------------
(INFO    ) [13:52:11|tosca_opt] | Report of OPTIMIZATION Results                                           |
(INFO    ) [13:52:11|tosca_opt]  --------------------------------------------------------------------------
(INFO    ) [13:52:11|tosca_opt]  DESIGN CYCLE                :  40
(INFO    ) [13:52:11|tosca_opt]  OPTIMIZE name               : TOPOLOGY_OPTIMIZATION
(INFO    ) [13:52:11|tosca_opt]  OBJ_FUNC name               : MIN_VOL
(INFO    ) [13:52:11|tosca_opt]  OBJ_FUNC value              :     1483.46
(INFO    ) [13:52:11|tosca_opt]  ==========================================================================
(INFO    ) [13:52:11|tosca_opt] |     Name of OBJ_FUNC_TERM      |   Value    |   Weight   |   Reference   |
(INFO    ) [13:52:11|tosca_opt]  ==========================================================================
(INFO    ) [13:52:11|tosca_opt] | DRESP_VOL_TOPO                 | 1483.46    | 1.0        | 0.0           |
(INFO    ) [13:52:11|tosca_opt]  ==========================================================================
(INFO    ) [13:52:11|tosca_opt] * SIMULIA Tosca Structure INFORMATION *
(INFO    ) [13:52:11|tosca_opt] Writing CONSTRAINTs with default normalization.
(INFO    ) [13:52:11|tosca_opt] For NORM value  <= 1.0   -->    CONSTRAINT is OK ( For all CONSTRAINT types )
(INFO    ) [13:52:11|tosca_opt]  ==========================================================================
(INFO    ) [13:52:11|tosca_opt] |  Name of CONSTRAINT  |  Act. Value  | Op.  | Target  |   Norm   | Status |
(INFO    ) [13:52:11|tosca_opt]  ==========================================================================
(INFO    ) [13:52:11|tosca_opt] | DISP_CONSTRAINT      | 5.96528e-2   | <=   | 6.e-2   | 0.994213 | TRUE   |
(INFO    ) [13:52:11|tosca_opt]  ==========================================================================
(INFO    ) [13:52:13|tosca_opt]  --------------------------------------------------------------------------
(INFO    ) [13:52:13|tosca_opt] | Some STOP CRITERIA NOT satisfied this iteration                          |
(INFO    ) [13:52:13|tosca_opt]  --------------------------------------------------------------------------
(INFO    ) [13:52:13|tosca_opt]  --------------------------------------------------------------------------
(INFO    ) [13:52:13|tosca_opt] | End of DESIGN CYCLE NUMBER: 40                                           |
(INFO    ) [13:52:13|tosca_opt]  --------------------------------------------------------------------------
(INFO    ) [13:52:13|tosca_opt] Application finished successfully
(INFO    ) [13:52:13|tosca_driver] Module SMATsoToscaOpt has finished with exit code 0
(INFO    ) [13:52:13|tosca_driver] Calling: /uufs/chpc.utah.edu/sys/installdir/abaqus/2025/linux_a64/code/bin/SMATrtOptResExportTool --loglevel INFO --cycle 40 --onf_output ON
(INFO    ) [13:52:13|opt_res_export_tool] SIMULIA Tosca Structure.opt_res_export_tool - version 3DEXPERIENCE R2025x - build R427 - 20240925T190012Z 64 bit
(INFO    ) [13:52:13|opt_res_export_tool] Extracting results from opt_res_database
(INFO    ) [13:52:14|opt_res_export_tool] SIMULIA Tosca Structure.opt_res_export_tool finished successfully
(INFO    ) [13:52:14|tosca_driver] Module SMATrtOptResExportTool has finished with exit code 0
(NOTICE  ) [13:52:14|tosca_driver] Design cycle 41 started on 2026-02-19
(NOTICE  ) [13:52:14|tosca_driver] Starting Abaqus analysis - design cycle 41
(INFO    ) [13:52:14|tosca_driver] Activating the solver
(INFO    ) [13:52:14|tosca_driver] Calling hooks before module abaqus
(INFO    ) [13:52:14|tosca_driver] Calling: /uufs/chpc.utah.edu/sys/installdir/abaqus/2025/linux_a64/code/bin/SMATsoAbaqusTsProvider -j airbeam_vol --cycle 41
(INFO    ) [13:52:14|hook] Timestamp file written successfully
(INFO    ) [13:52:14|tosca_driver] Module hook has finished with exit code 0
(INFO    ) [13:52:14|tosca_driver] Fe-solver abaqus finished with job airbeam_vol.inp
(INFO    ) [13:52:14|tosca_driver] Elapsed time (inc. overhead): 0:00:00.701097
(INFO    ) [13:52:14|tosca_driver] Elapsed time of abaqus : 0:00:00.751006  -  current time : 13:52:14.898526
(INFO    ) [13:52:14|tosca_driver] Solution complete
(INFO    ) [13:52:14|tosca_driver] Checking solver output file: /uufs/chpc.utah.edu/common/home/u6074059/Abaqus/paper_reproduction/experiment7/run_7b/airbeam_abq/airbeam_vol.msg
(INFO    ) [13:52:14|tosca_driver] Searching for success check string: "THE ANALYSIS HAS BEEN COMPLETED"
(INFO    ) [13:52:14|tosca_driver] Calling: /uufs/chpc.utah.edu/sys/installdir/abaqus/2025/linux_a64/code/bin/SMATsoOdbToVtmMain --solver abaqus --loglevel INFO --format_matrices sim --cycle 41 --perturbation 0 /uufs/chpc.utah.edu/common/home/u6074059/Abaqus/paper_reproduction/experiment7/run_7b/airbeam_abq/airbeam_vol
(INFO    ) [13:52:14|odb_to_vtm] SIMULIA Tosca Structure.odb_to_vtm - version 3DEXPERIENCE R2025x - build R427 - 20240925T190012Z 64 bit
(INFO    ) [13:52:15|odb_to_vtm] Reading Abaqus ODB output file /uufs/chpc.utah.edu/common/home/u6074059/Abaqus/paper_reproduction/experiment7/run_7b/airbeam_abq/airbeam_vol
(INFO    ) [13:52:15|odb_to_vtm] Reading results from the Abaqus result database /uufs/chpc.utah.edu/common/home/u6074059/Abaqus/paper_reproduction/experiment7/run_7b/airbeam_abq/airbeam_vol.odb
(INFO    ) [13:52:15|odb_to_vtm] SIMULIA Tosca Structure.odb_to_vtm finished successfully
(INFO    ) [13:52:15|tosca_driver] Module SMATsoOdbToVtmMain has finished with exit code 0
(NOTICE  ) [13:52:15|tosca_driver] Starting Tosca Structure optimization module - design cycle 41
(INFO    ) [13:52:15|tosca_driver] Calling: /uufs/chpc.utah.edu/sys/installdir/abaqus/2025/linux_a64/code/bin/SMATsoToscaOpt --loglevel INFO
(INFO    ) [13:52:15|tosca_opt] SIMULIA Tosca Structure.tosca_opt - version 3DEXPERIENCE R2025x - build R427 - 20240925T190012Z 64 bit
(INFO    ) [13:52:15|tosca_opt]  --------------------------------------------------------------------------
(INFO    ) [13:52:15|tosca_opt] |                ___  ___  __  __  _   _  _     ___    _                   |
(INFO    ) [13:52:15|tosca_opt] |               / __||_ _||  \/  || | | || |   |_ _|  /_\                  |
(INFO    ) [13:52:15|tosca_opt] |               \__ \ | | | |\/| || |_| || |__  | |  / _ \                 |
(INFO    ) [13:52:15|tosca_opt] |               |___/|___||_|  |_| \___/ |____||___|/_/ \_\                |
(INFO    ) [13:52:15|tosca_opt] |                        _____                                             |
(INFO    ) [13:52:15|tosca_opt] |                       |_   _|___  ___ __  __ _                           |
(INFO    ) [13:52:15|tosca_opt] |                         | | / _ \(_-</ _|/ _` |                          |
(INFO    ) [13:52:15|tosca_opt] |                         |_| \___//__/\__|\__,_|                          |
(INFO    ) [13:52:15|tosca_opt] |              ___  _                   _                                  |
(INFO    ) [13:52:15|tosca_opt] |             / __|| |_  _ _  _  _  __ | |_  _  _  _ _  ___                |
(INFO    ) [13:52:15|tosca_opt] |             \__ \|  _|| `_|| || |/ _||  _|| || || `_|/ -_)               |
(INFO    ) [13:52:15|tosca_opt] |             |___/ \__||_|   \_,_|\__| \__| \_,_||_|  \___|               |
(INFO    ) [13:52:15|tosca_opt] |                                                                          |
(INFO    ) [13:52:15|tosca_opt]  --------------------------------------------------------------------------
(INFO    ) [13:52:15|tosca_opt] | Version 3DEXPERIENCE R2025x                                              |
(INFO    ) [13:52:15|tosca_opt] | DATE:   2026-02-19                                                       |
(INFO    ) [13:52:15|tosca_opt]  --------------------------------------------------------------------------
(INFO    ) [13:52:15|tosca_opt]  --------------------------------------------------------------------------
(INFO    ) [13:52:15|tosca_opt] | Begin of DESIGN CYCLE NUMBER: 41                                         |
(INFO    ) [13:52:15|tosca_opt]  --------------------------------------------------------------------------
(INFO    ) [13:52:15|tosca_opt] Checking for existence of results
(INFO    ) [13:52:15|tosca_opt]  --------------------------------------------------------------------------
(INFO    ) [13:52:15|tosca_opt] | ANALYZE VALUE OF VARIABLES before OPTIMIZATION                           |
(INFO    ) [13:52:15|tosca_opt]  --------------------------------------------------------------------------
(INFO    ) [13:52:15|tosca_opt]  --------------------------------------------------------------------------
(INFO    ) [13:52:15|tosca_opt] | Convergence Criteria in Design Cycle 41                                  |
(INFO    ) [13:52:15|tosca_opt]  --------------------------------------------------------------------------
(INFO    ) [13:52:15|tosca_opt] Optimization converged. Both criteria checked.
(INFO    ) [13:52:15|tosca_opt] Local objective function criterion : NOT_FULFILLED (Actual change / target:    0.00418/   0.00100)
(INFO    ) [13:52:15|tosca_opt] Local design variables criterion   : NOT_FULFILLED (Actual change / target:    0.00553/   0.00500)
(INFO    ) [13:52:15|tosca_opt] Global stop criterion              : NOT_FULFILLED (Max number of design cycles :  80)
(INFO    ) [13:52:15|tosca_opt] 
(INFO    ) [13:52:16|tosca_opt]  --------------------------------------------------------------------------
(INFO    ) [13:52:16|tosca_opt] | ANALYZE VALUE OF VARIABLES after OPTIMIZATION                            |
(INFO    ) [13:52:16|tosca_opt]  --------------------------------------------------------------------------
(INFO    ) [13:52:16|tosca_opt]  --------------------------------------------------------------------------
(INFO    ) [13:52:16|tosca_opt] | VARIABLES and DESIGN RESPONSES                                           |
(INFO    ) [13:52:16|tosca_opt]  --------------------------------------------------------------------------
(INFO    ) [13:52:16|tosca_opt]  DRESP_SUM_ENERGY                          :    2.3571
(INFO    ) [13:52:16|tosca_opt]  DRESP_VOL_TOPO                            :    1478.0
(INFO    ) [13:52:16|tosca_opt]  DRESP_DISP1_ABS_MAX                       :   0.59702E-01
(INFO    ) [13:52:16|tosca_opt]  --------------------------------------------------------------------------
(INFO    ) [13:52:16|tosca_opt]  --------------------------------------------------------------------------
(INFO    ) [13:52:16|tosca_opt] | Report of OPTIMIZATION Results                                           |
(INFO    ) [13:52:16|tosca_opt]  --------------------------------------------------------------------------
(INFO    ) [13:52:16|tosca_opt]  DESIGN CYCLE                :  41
(INFO    ) [13:52:16|tosca_opt]  OPTIMIZE name               : TOPOLOGY_OPTIMIZATION
(INFO    ) [13:52:16|tosca_opt]  OBJ_FUNC name               : MIN_VOL
(INFO    ) [13:52:16|tosca_opt]  OBJ_FUNC value              :     1477.96
(INFO    ) [13:52:16|tosca_opt]  ==========================================================================
(INFO    ) [13:52:16|tosca_opt] |     Name of OBJ_FUNC_TERM      |   Value    |   Weight   |   Reference   |
(INFO    ) [13:52:16|tosca_opt]  ==========================================================================
(INFO    ) [13:52:16|tosca_opt] | DRESP_VOL_TOPO                 | 1477.96    | 1.0        | 0.0           |
(INFO    ) [13:52:16|tosca_opt]  ==========================================================================
(INFO    ) [13:52:16|tosca_opt] * SIMULIA Tosca Structure INFORMATION *
(INFO    ) [13:52:16|tosca_opt] Writing CONSTRAINTs with default normalization.
(INFO    ) [13:52:16|tosca_opt] For NORM value  <= 1.0   -->    CONSTRAINT is OK ( For all CONSTRAINT types )
(INFO    ) [13:52:16|tosca_opt]  ==========================================================================
(INFO    ) [13:52:16|tosca_opt] |  Name of CONSTRAINT  |  Act. Value  | Op.  | Target  |   Norm   | Status |
(INFO    ) [13:52:16|tosca_opt]  ==========================================================================
(INFO    ) [13:52:16|tosca_opt] | DISP_CONSTRAINT      | 5.97015e-2   | <=   | 6.e-2   | 0.995025 | TRUE   |
(INFO    ) [13:52:16|tosca_opt]  ==========================================================================
(INFO    ) [13:52:18|tosca_opt]  --------------------------------------------------------------------------
(INFO    ) [13:52:18|tosca_opt] | Some STOP CRITERIA NOT satisfied this iteration                          |
(INFO    ) [13:52:18|tosca_opt]  --------------------------------------------------------------------------
(INFO    ) [13:52:18|tosca_opt]  --------------------------------------------------------------------------
(INFO    ) [13:52:18|tosca_opt] | End of DESIGN CYCLE NUMBER: 41                                           |
(INFO    ) [13:52:18|tosca_opt]  --------------------------------------------------------------------------
(INFO    ) [13:52:18|tosca_opt] Application finished successfully
(INFO    ) [13:52:18|tosca_driver] Module SMATsoToscaOpt has finished with exit code 0
(INFO    ) [13:52:18|tosca_driver] Calling: /uufs/chpc.utah.edu/sys/installdir/abaqus/2025/linux_a64/code/bin/SMATrtOptResExportTool --loglevel INFO --cycle 41 --onf_output ON
(INFO    ) [13:52:18|opt_res_export_tool] SIMULIA Tosca Structure.opt_res_export_tool - version 3DEXPERIENCE R2025x - build R427 - 20240925T190012Z 64 bit
(INFO    ) [13:52:18|opt_res_export_tool] Extracting results from opt_res_database
(INFO    ) [13:52:19|opt_res_export_tool] SIMULIA Tosca Structure.opt_res_export_tool finished successfully
(INFO    ) [13:52:19|tosca_driver] Module SMATrtOptResExportTool has finished with exit code 0
(NOTICE  ) [13:52:19|tosca_driver] Design cycle 42 started on 2026-02-19
(NOTICE  ) [13:52:19|tosca_driver] Starting Abaqus analysis - design cycle 42
(INFO    ) [13:52:19|tosca_driver] Activating the solver
(INFO    ) [13:52:19|tosca_driver] Calling hooks before module abaqus
(INFO    ) [13:52:19|tosca_driver] Calling: /uufs/chpc.utah.edu/sys/installdir/abaqus/2025/linux_a64/code/bin/SMATsoAbaqusTsProvider -j airbeam_vol --cycle 42
(INFO    ) [13:52:19|hook] Timestamp file written successfully
(INFO    ) [13:52:19|tosca_driver] Module hook has finished with exit code 0
(INFO    ) [13:52:20|tosca_driver] Fe-solver abaqus finished with job airbeam_vol.inp
(INFO    ) [13:52:20|tosca_driver] Elapsed time (inc. overhead): 0:00:00.801285
(INFO    ) [13:52:20|tosca_driver] Elapsed time of abaqus : 0:00:00.853596  -  current time : 13:52:20.072704
(INFO    ) [13:52:20|tosca_driver] Solution complete
(INFO    ) [13:52:20|tosca_driver] Checking solver output file: /uufs/chpc.utah.edu/common/home/u6074059/Abaqus/paper_reproduction/experiment7/run_7b/airbeam_abq/airbeam_vol.msg
(INFO    ) [13:52:20|tosca_driver] Searching for success check string: "THE ANALYSIS HAS BEEN COMPLETED"
(INFO    ) [13:52:20|tosca_driver] Calling: /uufs/chpc.utah.edu/sys/installdir/abaqus/2025/linux_a64/code/bin/SMATsoOdbToVtmMain --solver abaqus --loglevel INFO --format_matrices sim --cycle 42 --perturbation 0 /uufs/chpc.utah.edu/common/home/u6074059/Abaqus/paper_reproduction/experiment7/run_7b/airbeam_abq/airbeam_vol
(INFO    ) [13:52:20|odb_to_vtm] SIMULIA Tosca Structure.odb_to_vtm - version 3DEXPERIENCE R2025x - build R427 - 20240925T190012Z 64 bit
(INFO    ) [13:52:20|odb_to_vtm] Reading Abaqus ODB output file /uufs/chpc.utah.edu/common/home/u6074059/Abaqus/paper_reproduction/experiment7/run_7b/airbeam_abq/airbeam_vol
(INFO    ) [13:52:20|odb_to_vtm] Reading results from the Abaqus result database /uufs/chpc.utah.edu/common/home/u6074059/Abaqus/paper_reproduction/experiment7/run_7b/airbeam_abq/airbeam_vol.odb
(INFO    ) [13:52:20|odb_to_vtm] SIMULIA Tosca Structure.odb_to_vtm finished successfully
(INFO    ) [13:52:20|tosca_driver] Module SMATsoOdbToVtmMain has finished with exit code 0
(NOTICE  ) [13:52:20|tosca_driver] Starting Tosca Structure optimization module - design cycle 42
(INFO    ) [13:52:20|tosca_driver] Calling: /uufs/chpc.utah.edu/sys/installdir/abaqus/2025/linux_a64/code/bin/SMATsoToscaOpt --loglevel INFO
(INFO    ) [13:52:20|tosca_opt] SIMULIA Tosca Structure.tosca_opt - version 3DEXPERIENCE R2025x - build R427 - 20240925T190012Z 64 bit
(INFO    ) [13:52:20|tosca_opt]  --------------------------------------------------------------------------
(INFO    ) [13:52:20|tosca_opt] |                ___  ___  __  __  _   _  _     ___    _                   |
(INFO    ) [13:52:20|tosca_opt] |               / __||_ _||  \/  || | | || |   |_ _|  /_\                  |
(INFO    ) [13:52:20|tosca_opt] |               \__ \ | | | |\/| || |_| || |__  | |  / _ \                 |
(INFO    ) [13:52:20|tosca_opt] |               |___/|___||_|  |_| \___/ |____||___|/_/ \_\                |
(INFO    ) [13:52:20|tosca_opt] |                        _____                                             |
(INFO    ) [13:52:20|tosca_opt] |                       |_   _|___  ___ __  __ _                           |
(INFO    ) [13:52:20|tosca_opt] |                         | | / _ \(_-</ _|/ _` |                          |
(INFO    ) [13:52:20|tosca_opt] |                         |_| \___//__/\__|\__,_|                          |
(INFO    ) [13:52:20|tosca_opt] |              ___  _                   _                                  |
(INFO    ) [13:52:20|tosca_opt] |             / __|| |_  _ _  _  _  __ | |_  _  _  _ _  ___                |
(INFO    ) [13:52:20|tosca_opt] |             \__ \|  _|| `_|| || |/ _||  _|| || || `_|/ -_)               |
(INFO    ) [13:52:20|tosca_opt] |             |___/ \__||_|   \_,_|\__| \__| \_,_||_|  \___|               |
(INFO    ) [13:52:20|tosca_opt] |                                                                          |
(INFO    ) [13:52:20|tosca_opt]  --------------------------------------------------------------------------
(INFO    ) [13:52:20|tosca_opt] | Version 3DEXPERIENCE R2025x                                              |
(INFO    ) [13:52:20|tosca_opt] | DATE:   2026-02-19                                                       |
(INFO    ) [13:52:20|tosca_opt]  --------------------------------------------------------------------------
(INFO    ) [13:52:21|tosca_opt]  --------------------------------------------------------------------------
(INFO    ) [13:52:21|tosca_opt] | Begin of DESIGN CYCLE NUMBER: 42                                         |
(INFO    ) [13:52:21|tosca_opt]  --------------------------------------------------------------------------
(INFO    ) [13:52:21|tosca_opt] Checking for existence of results
(INFO    ) [13:52:21|tosca_opt]  --------------------------------------------------------------------------
(INFO    ) [13:52:21|tosca_opt] | ANALYZE VALUE OF VARIABLES before OPTIMIZATION                           |
(INFO    ) [13:52:21|tosca_opt]  --------------------------------------------------------------------------
(INFO    ) [13:52:21|tosca_opt]  --------------------------------------------------------------------------
(INFO    ) [13:52:21|tosca_opt] | Convergence Criteria in Design Cycle 42                                  |
(INFO    ) [13:52:21|tosca_opt]  --------------------------------------------------------------------------
(INFO    ) [13:52:21|tosca_opt] Optimization converged. Both criteria checked.
(INFO    ) [13:52:21|tosca_opt] Local objective function criterion : NOT_FULFILLED (Actual change / target:    0.00363/   0.00100)
(INFO    ) [13:52:21|tosca_opt] Local design variables criterion   : NOT_FULFILLED (Actual change / target:    0.00537/   0.00500)
(INFO    ) [13:52:21|tosca_opt] Global stop criterion              : NOT_FULFILLED (Max number of design cycles :  80)
(INFO    ) [13:52:21|tosca_opt] 
(INFO    ) [13:52:21|tosca_opt]  --------------------------------------------------------------------------
(INFO    ) [13:52:21|tosca_opt] | ANALYZE VALUE OF VARIABLES after OPTIMIZATION                            |
(INFO    ) [13:52:21|tosca_opt]  --------------------------------------------------------------------------
(INFO    ) [13:52:21|tosca_opt]  --------------------------------------------------------------------------
(INFO    ) [13:52:21|tosca_opt] | VARIABLES and DESIGN RESPONSES                                           |
(INFO    ) [13:52:21|tosca_opt]  --------------------------------------------------------------------------
(INFO    ) [13:52:21|tosca_opt]  DRESP_SUM_ENERGY                          :    2.3581
(INFO    ) [13:52:21|tosca_opt]  DRESP_VOL_TOPO                            :    1473.2
(INFO    ) [13:52:21|tosca_opt]  DRESP_DISP1_ABS_MAX                       :   0.59725E-01
(INFO    ) [13:52:21|tosca_opt]  --------------------------------------------------------------------------
(INFO    ) [13:52:21|tosca_opt]  --------------------------------------------------------------------------
(INFO    ) [13:52:21|tosca_opt] | Report of OPTIMIZATION Results                                           |
(INFO    ) [13:52:21|tosca_opt]  --------------------------------------------------------------------------
(INFO    ) [13:52:21|tosca_opt]  DESIGN CYCLE                :  42
(INFO    ) [13:52:21|tosca_opt]  OPTIMIZE name               : TOPOLOGY_OPTIMIZATION
(INFO    ) [13:52:21|tosca_opt]  OBJ_FUNC name               : MIN_VOL
(INFO    ) [13:52:21|tosca_opt]  OBJ_FUNC value              :     1473.20
(INFO    ) [13:52:21|tosca_opt]  ==========================================================================
(INFO    ) [13:52:21|tosca_opt] |     Name of OBJ_FUNC_TERM      |   Value    |  Weight   |   Reference    |
(INFO    ) [13:52:21|tosca_opt]  ==========================================================================
(INFO    ) [13:52:21|tosca_opt] | DRESP_VOL_TOPO                 | 1473.2     | 1.0       | 0.0            |
(INFO    ) [13:52:21|tosca_opt]  ==========================================================================
(INFO    ) [13:52:21|tosca_opt] * SIMULIA Tosca Structure INFORMATION *
(INFO    ) [13:52:21|tosca_opt] Writing CONSTRAINTs with default normalization.
(INFO    ) [13:52:21|tosca_opt] For NORM value  <= 1.0   -->    CONSTRAINT is OK ( For all CONSTRAINT types )
(INFO    ) [13:52:21|tosca_opt]  ==========================================================================
(INFO    ) [13:52:21|tosca_opt] |  Name of CONSTRAINT  |  Act. Value  | Op.  | Target  |   Norm   | Status |
(INFO    ) [13:52:21|tosca_opt]  ==========================================================================
(INFO    ) [13:52:21|tosca_opt] | DISP_CONSTRAINT      | 5.9725e-2    | <=   | 6.e-2   | 0.995417 | TRUE   |
(INFO    ) [13:52:21|tosca_opt]  ==========================================================================
(INFO    ) [13:52:24|tosca_opt]  --------------------------------------------------------------------------
(INFO    ) [13:52:24|tosca_opt] | Some STOP CRITERIA NOT satisfied this iteration                          |
(INFO    ) [13:52:24|tosca_opt]  --------------------------------------------------------------------------
(INFO    ) [13:52:24|tosca_opt]  --------------------------------------------------------------------------
(INFO    ) [13:52:24|tosca_opt] | End of DESIGN CYCLE NUMBER: 42                                           |
(INFO    ) [13:52:24|tosca_opt]  --------------------------------------------------------------------------
(INFO    ) [13:52:24|tosca_opt] Application finished successfully
(INFO    ) [13:52:24|tosca_driver] Module SMATsoToscaOpt has finished with exit code 0
(INFO    ) [13:52:24|tosca_driver] Calling: /uufs/chpc.utah.edu/sys/installdir/abaqus/2025/linux_a64/code/bin/SMATrtOptResExportTool --loglevel INFO --cycle 42 --onf_output ON
(INFO    ) [13:52:25|opt_res_export_tool] SIMULIA Tosca Structure.opt_res_export_tool - version 3DEXPERIENCE R2025x - build R427 - 20240925T190012Z 64 bit
(INFO    ) [13:52:25|opt_res_export_tool] Extracting results from opt_res_database
(INFO    ) [13:52:25|opt_res_export_tool] SIMULIA Tosca Structure.opt_res_export_tool finished successfully
(INFO    ) [13:52:25|tosca_driver] Module SMATrtOptResExportTool has finished with exit code 0
(NOTICE  ) [13:52:25|tosca_driver] Design cycle 43 started on 2026-02-19
(NOTICE  ) [13:52:25|tosca_driver] Starting Abaqus analysis - design cycle 43
(INFO    ) [13:52:25|tosca_driver] Activating the solver
(INFO    ) [13:52:25|tosca_driver] Calling hooks before module abaqus
(INFO    ) [13:52:25|tosca_driver] Calling: /uufs/chpc.utah.edu/sys/installdir/abaqus/2025/linux_a64/code/bin/SMATsoAbaqusTsProvider -j airbeam_vol --cycle 43
(INFO    ) [13:52:25|hook] Timestamp file written successfully
(INFO    ) [13:52:25|tosca_driver] Module hook has finished with exit code 0
(INFO    ) [13:52:26|tosca_driver] Fe-solver abaqus finished with job airbeam_vol.inp
(INFO    ) [13:52:26|tosca_driver] Elapsed time (inc. overhead): 0:00:00.701175
(INFO    ) [13:52:26|tosca_driver] Elapsed time of abaqus : 0:00:00.766648  -  current time : 13:52:26.077276
(INFO    ) [13:52:26|tosca_driver] Solution complete
(INFO    ) [13:52:26|tosca_driver] Checking solver output file: /uufs/chpc.utah.edu/common/home/u6074059/Abaqus/paper_reproduction/experiment7/run_7b/airbeam_abq/airbeam_vol.msg
(INFO    ) [13:52:26|tosca_driver] Searching for success check string: "THE ANALYSIS HAS BEEN COMPLETED"
(INFO    ) [13:52:26|tosca_driver] Calling: /uufs/chpc.utah.edu/sys/installdir/abaqus/2025/linux_a64/code/bin/SMATsoOdbToVtmMain --solver abaqus --loglevel INFO --format_matrices sim --cycle 43 --perturbation 0 /uufs/chpc.utah.edu/common/home/u6074059/Abaqus/paper_reproduction/experiment7/run_7b/airbeam_abq/airbeam_vol
(INFO    ) [13:52:26|odb_to_vtm] SIMULIA Tosca Structure.odb_to_vtm - version 3DEXPERIENCE R2025x - build R427 - 20240925T190012Z 64 bit
(INFO    ) [13:52:26|odb_to_vtm] Reading Abaqus ODB output file /uufs/chpc.utah.edu/common/home/u6074059/Abaqus/paper_reproduction/experiment7/run_7b/airbeam_abq/airbeam_vol
(INFO    ) [13:52:26|odb_to_vtm] Reading results from the Abaqus result database /uufs/chpc.utah.edu/common/home/u6074059/Abaqus/paper_reproduction/experiment7/run_7b/airbeam_abq/airbeam_vol.odb
(INFO    ) [13:52:26|odb_to_vtm] SIMULIA Tosca Structure.odb_to_vtm finished successfully
(INFO    ) [13:52:26|tosca_driver] Module SMATsoOdbToVtmMain has finished with exit code 0
(NOTICE  ) [13:52:26|tosca_driver] Starting Tosca Structure optimization module - design cycle 43
(INFO    ) [13:52:26|tosca_driver] Calling: /uufs/chpc.utah.edu/sys/installdir/abaqus/2025/linux_a64/code/bin/SMATsoToscaOpt --loglevel INFO
(INFO    ) [13:52:26|tosca_opt] SIMULIA Tosca Structure.tosca_opt - version 3DEXPERIENCE R2025x - build R427 - 20240925T190012Z 64 bit
(INFO    ) [13:52:26|tosca_opt]  --------------------------------------------------------------------------
(INFO    ) [13:52:26|tosca_opt] |                ___  ___  __  __  _   _  _     ___    _                   |
(INFO    ) [13:52:26|tosca_opt] |               / __||_ _||  \/  || | | || |   |_ _|  /_\                  |
(INFO    ) [13:52:26|tosca_opt] |               \__ \ | | | |\/| || |_| || |__  | |  / _ \                 |
(INFO    ) [13:52:26|tosca_opt] |               |___/|___||_|  |_| \___/ |____||___|/_/ \_\                |
(INFO    ) [13:52:26|tosca_opt] |                        _____                                             |
(INFO    ) [13:52:26|tosca_opt] |                       |_   _|___  ___ __  __ _                           |
(INFO    ) [13:52:26|tosca_opt] |                         | | / _ \(_-</ _|/ _` |                          |
(INFO    ) [13:52:26|tosca_opt] |                         |_| \___//__/\__|\__,_|                          |
(INFO    ) [13:52:26|tosca_opt] |              ___  _                   _                                  |
(INFO    ) [13:52:26|tosca_opt] |             / __|| |_  _ _  _  _  __ | |_  _  _  _ _  ___                |
(INFO    ) [13:52:26|tosca_opt] |             \__ \|  _|| `_|| || |/ _||  _|| || || `_|/ -_)               |
(INFO    ) [13:52:26|tosca_opt] |             |___/ \__||_|   \_,_|\__| \__| \_,_||_|  \___|               |
(INFO    ) [13:52:26|tosca_opt] |                                                                          |
(INFO    ) [13:52:26|tosca_opt]  --------------------------------------------------------------------------
(INFO    ) [13:52:26|tosca_opt] | Version 3DEXPERIENCE R2025x                                              |
(INFO    ) [13:52:26|tosca_opt] | DATE:   2026-02-19                                                       |
(INFO    ) [13:52:26|tosca_opt]  --------------------------------------------------------------------------
(INFO    ) [13:52:27|tosca_opt]  --------------------------------------------------------------------------
(INFO    ) [13:52:27|tosca_opt] | Begin of DESIGN CYCLE NUMBER: 43                                         |
(INFO    ) [13:52:27|tosca_opt]  --------------------------------------------------------------------------
(INFO    ) [13:52:27|tosca_opt] Checking for existence of results
(INFO    ) [13:52:27|tosca_opt]  --------------------------------------------------------------------------
(INFO    ) [13:52:27|tosca_opt] | ANALYZE VALUE OF VARIABLES before OPTIMIZATION                           |
(INFO    ) [13:52:27|tosca_opt]  --------------------------------------------------------------------------
(INFO    ) [13:52:27|tosca_opt]  --------------------------------------------------------------------------
(INFO    ) [13:52:27|tosca_opt] | Convergence Criteria in Design Cycle 43                                  |
(INFO    ) [13:52:27|tosca_opt]  --------------------------------------------------------------------------
(INFO    ) [13:52:27|tosca_opt] Optimization converged. Both criteria checked.
(INFO    ) [13:52:27|tosca_opt] Local objective function criterion : NOT_FULFILLED (Actual change / target:    0.00334/   0.00100)
(INFO    ) [13:52:27|tosca_opt] Local design variables criterion   : NOT_FULFILLED (Actual change / target:    0.00511/   0.00500)
(INFO    ) [13:52:27|tosca_opt] Global stop criterion              : NOT_FULFILLED (Max number of design cycles :  80)
(INFO    ) [13:52:27|tosca_opt] 
(INFO    ) [13:52:27|tosca_opt]  --------------------------------------------------------------------------
(INFO    ) [13:52:27|tosca_opt] | ANALYZE VALUE OF VARIABLES after OPTIMIZATION                            |
(INFO    ) [13:52:27|tosca_opt]  --------------------------------------------------------------------------
(INFO    ) [13:52:27|tosca_opt]  --------------------------------------------------------------------------
(INFO    ) [13:52:27|tosca_opt] | VARIABLES and DESIGN RESPONSES                                           |
(INFO    ) [13:52:27|tosca_opt]  --------------------------------------------------------------------------
(INFO    ) [13:52:27|tosca_opt]  DRESP_SUM_ENERGY                          :    2.3601
(INFO    ) [13:52:27|tosca_opt]  DRESP_VOL_TOPO                            :    1468.8
(INFO    ) [13:52:27|tosca_opt]  DRESP_DISP1_ABS_MAX                       :   0.59777E-01
(INFO    ) [13:52:27|tosca_opt]  --------------------------------------------------------------------------
(INFO    ) [13:52:27|tosca_opt]  --------------------------------------------------------------------------
(INFO    ) [13:52:27|tosca_opt] | Report of OPTIMIZATION Results                                           |
(INFO    ) [13:52:27|tosca_opt]  --------------------------------------------------------------------------
(INFO    ) [13:52:27|tosca_opt]  DESIGN CYCLE                :  43
(INFO    ) [13:52:27|tosca_opt]  OPTIMIZE name               : TOPOLOGY_OPTIMIZATION
(INFO    ) [13:52:27|tosca_opt]  OBJ_FUNC name               : MIN_VOL
(INFO    ) [13:52:27|tosca_opt]  OBJ_FUNC value              :     1468.84
(INFO    ) [13:52:27|tosca_opt]  ==========================================================================
(INFO    ) [13:52:27|tosca_opt] |     Name of OBJ_FUNC_TERM      |   Value    |   Weight   |   Reference   |
(INFO    ) [13:52:27|tosca_opt]  ==========================================================================
(INFO    ) [13:52:27|tosca_opt] | DRESP_VOL_TOPO                 | 1468.84    | 1.0        | 0.0           |
(INFO    ) [13:52:27|tosca_opt]  ==========================================================================
(INFO    ) [13:52:27|tosca_opt] * SIMULIA Tosca Structure INFORMATION *
(INFO    ) [13:52:27|tosca_opt] Writing CONSTRAINTs with default normalization.
(INFO    ) [13:52:27|tosca_opt] For NORM value  <= 1.0   -->    CONSTRAINT is OK ( For all CONSTRAINT types )
(INFO    ) [13:52:27|tosca_opt]  ==========================================================================
(INFO    ) [13:52:27|tosca_opt] |  Name of CONSTRAINT  |  Act. Value  | Op.  | Target  |   Norm   | Status |
(INFO    ) [13:52:27|tosca_opt]  ==========================================================================
(INFO    ) [13:52:27|tosca_opt] | DISP_CONSTRAINT      | 5.97766e-2   | <=   | 6.e-2   | 0.996276 | TRUE   |
(INFO    ) [13:52:27|tosca_opt]  ==========================================================================
(INFO    ) [13:52:29|tosca_opt]  --------------------------------------------------------------------------
(INFO    ) [13:52:29|tosca_opt] | Some STOP CRITERIA NOT satisfied this iteration                          |
(INFO    ) [13:52:29|tosca_opt]  --------------------------------------------------------------------------
(INFO    ) [13:52:29|tosca_opt]  --------------------------------------------------------------------------
(INFO    ) [13:52:29|tosca_opt] | End of DESIGN CYCLE NUMBER: 43                                           |
(INFO    ) [13:52:29|tosca_opt]  --------------------------------------------------------------------------
(INFO    ) [13:52:29|tosca_opt] Application finished successfully
(INFO    ) [13:52:29|tosca_driver] Module SMATsoToscaOpt has finished with exit code 0
(INFO    ) [13:52:29|tosca_driver] Calling: /uufs/chpc.utah.edu/sys/installdir/abaqus/2025/linux_a64/code/bin/SMATrtOptResExportTool --loglevel INFO --cycle 43 --onf_output ON
(INFO    ) [13:52:29|opt_res_export_tool] SIMULIA Tosca Structure.opt_res_export_tool - version 3DEXPERIENCE R2025x - build R427 - 20240925T190012Z 64 bit
(INFO    ) [13:52:29|opt_res_export_tool] Extracting results from opt_res_database
(INFO    ) [13:52:30|opt_res_export_tool] SIMULIA Tosca Structure.opt_res_export_tool finished successfully
(INFO    ) [13:52:30|tosca_driver] Module SMATrtOptResExportTool has finished with exit code 0
(NOTICE  ) [13:52:30|tosca_driver] Design cycle 44 started on 2026-02-19
(NOTICE  ) [13:52:30|tosca_driver] Starting Abaqus analysis - design cycle 44
(INFO    ) [13:52:30|tosca_driver] Activating the solver
(INFO    ) [13:52:30|tosca_driver] Calling hooks before module abaqus
(INFO    ) [13:52:30|tosca_driver] Calling: /uufs/chpc.utah.edu/sys/installdir/abaqus/2025/linux_a64/code/bin/SMATsoAbaqusTsProvider -j airbeam_vol --cycle 44
(INFO    ) [13:52:30|hook] Timestamp file written successfully
(INFO    ) [13:52:30|tosca_driver] Module hook has finished with exit code 0
(INFO    ) [13:52:31|tosca_driver] Fe-solver abaqus finished with job airbeam_vol.inp
(INFO    ) [13:52:31|tosca_driver] Elapsed time (inc. overhead): 0:00:00.801224
(INFO    ) [13:52:31|tosca_driver] Elapsed time of abaqus : 0:00:00.861653  -  current time : 13:52:31.110083
(INFO    ) [13:52:31|tosca_driver] Solution complete
(INFO    ) [13:52:31|tosca_driver] Checking solver output file: /uufs/chpc.utah.edu/common/home/u6074059/Abaqus/paper_reproduction/experiment7/run_7b/airbeam_abq/airbeam_vol.msg
(INFO    ) [13:52:31|tosca_driver] Searching for success check string: "THE ANALYSIS HAS BEEN COMPLETED"
(INFO    ) [13:52:31|tosca_driver] Calling: /uufs/chpc.utah.edu/sys/installdir/abaqus/2025/linux_a64/code/bin/SMATsoOdbToVtmMain --solver abaqus --loglevel INFO --format_matrices sim --cycle 44 --perturbation 0 /uufs/chpc.utah.edu/common/home/u6074059/Abaqus/paper_reproduction/experiment7/run_7b/airbeam_abq/airbeam_vol
(INFO    ) [13:52:31|odb_to_vtm] SIMULIA Tosca Structure.odb_to_vtm - version 3DEXPERIENCE R2025x - build R427 - 20240925T190012Z 64 bit
(INFO    ) [13:52:31|odb_to_vtm] Reading Abaqus ODB output file /uufs/chpc.utah.edu/common/home/u6074059/Abaqus/paper_reproduction/experiment7/run_7b/airbeam_abq/airbeam_vol
(INFO    ) [13:52:31|odb_to_vtm] Reading results from the Abaqus result database /uufs/chpc.utah.edu/common/home/u6074059/Abaqus/paper_reproduction/experiment7/run_7b/airbeam_abq/airbeam_vol.odb
(INFO    ) [13:52:31|odb_to_vtm] SIMULIA Tosca Structure.odb_to_vtm finished successfully
(INFO    ) [13:52:31|tosca_driver] Module SMATsoOdbToVtmMain has finished with exit code 0
(NOTICE  ) [13:52:31|tosca_driver] Starting Tosca Structure optimization module - design cycle 44
(INFO    ) [13:52:31|tosca_driver] Calling: /uufs/chpc.utah.edu/sys/installdir/abaqus/2025/linux_a64/code/bin/SMATsoToscaOpt --loglevel INFO
(INFO    ) [13:52:31|tosca_opt] SIMULIA Tosca Structure.tosca_opt - version 3DEXPERIENCE R2025x - build R427 - 20240925T190012Z 64 bit
(INFO    ) [13:52:31|tosca_opt]  --------------------------------------------------------------------------
(INFO    ) [13:52:31|tosca_opt] |                ___  ___  __  __  _   _  _     ___    _                   |
(INFO    ) [13:52:31|tosca_opt] |               / __||_ _||  \/  || | | || |   |_ _|  /_\                  |
(INFO    ) [13:52:31|tosca_opt] |               \__ \ | | | |\/| || |_| || |__  | |  / _ \                 |
(INFO    ) [13:52:31|tosca_opt] |               |___/|___||_|  |_| \___/ |____||___|/_/ \_\                |
(INFO    ) [13:52:31|tosca_opt] |                        _____                                             |
(INFO    ) [13:52:31|tosca_opt] |                       |_   _|___  ___ __  __ _                           |
(INFO    ) [13:52:31|tosca_opt] |                         | | / _ \(_-</ _|/ _` |                          |
(INFO    ) [13:52:31|tosca_opt] |                         |_| \___//__/\__|\__,_|                          |
(INFO    ) [13:52:31|tosca_opt] |              ___  _                   _                                  |
(INFO    ) [13:52:31|tosca_opt] |             / __|| |_  _ _  _  _  __ | |_  _  _  _ _  ___                |
(INFO    ) [13:52:31|tosca_opt] |             \__ \|  _|| `_|| || |/ _||  _|| || || `_|/ -_)               |
(INFO    ) [13:52:31|tosca_opt] |             |___/ \__||_|   \_,_|\__| \__| \_,_||_|  \___|               |
(INFO    ) [13:52:31|tosca_opt] |                                                                          |
(INFO    ) [13:52:31|tosca_opt]  --------------------------------------------------------------------------
(INFO    ) [13:52:31|tosca_opt] | Version 3DEXPERIENCE R2025x                                              |
(INFO    ) [13:52:31|tosca_opt] | DATE:   2026-02-19                                                       |
(INFO    ) [13:52:31|tosca_opt]  --------------------------------------------------------------------------
(INFO    ) [13:52:32|tosca_opt]  --------------------------------------------------------------------------
(INFO    ) [13:52:32|tosca_opt] | Begin of DESIGN CYCLE NUMBER: 44                                         |
(INFO    ) [13:52:32|tosca_opt]  --------------------------------------------------------------------------
(INFO    ) [13:52:32|tosca_opt] Checking for existence of results
(INFO    ) [13:52:32|tosca_opt]  --------------------------------------------------------------------------
(INFO    ) [13:52:32|tosca_opt] | ANALYZE VALUE OF VARIABLES before OPTIMIZATION                           |
(INFO    ) [13:52:32|tosca_opt]  --------------------------------------------------------------------------
(INFO    ) [13:52:32|tosca_opt]  --------------------------------------------------------------------------
(INFO    ) [13:52:32|tosca_opt] | Convergence Criteria in Design Cycle 44                                  |
(INFO    ) [13:52:32|tosca_opt]  --------------------------------------------------------------------------
(INFO    ) [13:52:32|tosca_opt] Optimization converged. Both criteria checked.
(INFO    ) [13:52:32|tosca_opt] Local objective function criterion : NOT_FULFILLED (Actual change / target:    0.00274/   0.00100)
(INFO    ) [13:52:32|tosca_opt] Local design variables criterion   : FULFILLED     (Actual change / target:    0.00478/   0.00500)
(INFO    ) [13:52:32|tosca_opt] Global stop criterion              : NOT_FULFILLED (Max number of design cycles :  80)
(INFO    ) [13:52:32|tosca_opt] 
(INFO    ) [13:52:32|tosca_opt]  --------------------------------------------------------------------------
(INFO    ) [13:52:32|tosca_opt] | ANALYZE VALUE OF VARIABLES after OPTIMIZATION                            |
(INFO    ) [13:52:32|tosca_opt]  --------------------------------------------------------------------------
(INFO    ) [13:52:32|tosca_opt]  --------------------------------------------------------------------------
(INFO    ) [13:52:32|tosca_opt] | VARIABLES and DESIGN RESPONSES                                           |
(INFO    ) [13:52:32|tosca_opt]  --------------------------------------------------------------------------
(INFO    ) [13:52:32|tosca_opt]  DRESP_SUM_ENERGY                          :    2.3616
(INFO    ) [13:52:32|tosca_opt]  DRESP_VOL_TOPO                            :    1465.3
(INFO    ) [13:52:32|tosca_opt]  DRESP_DISP1_ABS_MAX                       :   0.59814E-01
(INFO    ) [13:52:32|tosca_opt]  --------------------------------------------------------------------------
(INFO    ) [13:52:32|tosca_opt]  --------------------------------------------------------------------------
(INFO    ) [13:52:32|tosca_opt] | Report of OPTIMIZATION Results                                           |
(INFO    ) [13:52:32|tosca_opt]  --------------------------------------------------------------------------
(INFO    ) [13:52:32|tosca_opt]  DESIGN CYCLE                :  44
(INFO    ) [13:52:32|tosca_opt]  OPTIMIZE name               : TOPOLOGY_OPTIMIZATION
(INFO    ) [13:52:32|tosca_opt]  OBJ_FUNC name               : MIN_VOL
(INFO    ) [13:52:32|tosca_opt]  OBJ_FUNC value              :     1465.26
(INFO    ) [13:52:32|tosca_opt]  ==========================================================================
(INFO    ) [13:52:32|tosca_opt] |     Name of OBJ_FUNC_TERM      |   Value    |   Weight   |   Reference   |
(INFO    ) [13:52:32|tosca_opt]  ==========================================================================
(INFO    ) [13:52:32|tosca_opt] | DRESP_VOL_TOPO                 | 1465.26    | 1.0        | 0.0           |
(INFO    ) [13:52:32|tosca_opt]  ==========================================================================
(INFO    ) [13:52:32|tosca_opt] * SIMULIA Tosca Structure INFORMATION *
(INFO    ) [13:52:32|tosca_opt] Writing CONSTRAINTs with default normalization.
(INFO    ) [13:52:32|tosca_opt] For NORM value  <= 1.0   -->    CONSTRAINT is OK ( For all CONSTRAINT types )
(INFO    ) [13:52:32|tosca_opt]  ==========================================================================
(INFO    ) [13:52:32|tosca_opt] |  Name of CONSTRAINT  |  Act. Value  | Op.  | Target  |   Norm   | Status |
(INFO    ) [13:52:32|tosca_opt]  ==========================================================================
(INFO    ) [13:52:32|tosca_opt] | DISP_CONSTRAINT      | 5.98143e-2   | <=   | 6.e-2   | 0.996906 | TRUE   |
(INFO    ) [13:52:32|tosca_opt]  ==========================================================================
(INFO    ) [13:52:34|tosca_opt]  --------------------------------------------------------------------------
(INFO    ) [13:52:34|tosca_opt] | Some STOP CRITERIA NOT satisfied this iteration                          |
(INFO    ) [13:52:34|tosca_opt]  --------------------------------------------------------------------------
(INFO    ) [13:52:34|tosca_opt]  --------------------------------------------------------------------------
(INFO    ) [13:52:34|tosca_opt] | End of DESIGN CYCLE NUMBER: 44                                           |
(INFO    ) [13:52:34|tosca_opt]  --------------------------------------------------------------------------
(INFO    ) [13:52:35|tosca_opt] Application finished successfully
(INFO    ) [13:52:35|tosca_driver] Module SMATsoToscaOpt has finished with exit code 0
(INFO    ) [13:52:35|tosca_driver] Calling: /uufs/chpc.utah.edu/sys/installdir/abaqus/2025/linux_a64/code/bin/SMATrtOptResExportTool --loglevel INFO --cycle 44 --onf_output ON
(INFO    ) [13:52:35|opt_res_export_tool] SIMULIA Tosca Structure.opt_res_export_tool - version 3DEXPERIENCE R2025x - build R427 - 20240925T190012Z 64 bit
(INFO    ) [13:52:35|opt_res_export_tool] Extracting results from opt_res_database
(INFO    ) [13:52:35|opt_res_export_tool] SIMULIA Tosca Structure.opt_res_export_tool finished successfully
(INFO    ) [13:52:35|tosca_driver] Module SMATrtOptResExportTool has finished with exit code 0
(NOTICE  ) [13:52:35|tosca_driver] Design cycle 45 started on 2026-02-19
(NOTICE  ) [13:52:35|tosca_driver] Starting Abaqus analysis - design cycle 45
(INFO    ) [13:52:35|tosca_driver] Activating the solver
(INFO    ) [13:52:35|tosca_driver] Calling hooks before module abaqus
(INFO    ) [13:52:35|tosca_driver] Calling: /uufs/chpc.utah.edu/sys/installdir/abaqus/2025/linux_a64/code/bin/SMATsoAbaqusTsProvider -j airbeam_vol --cycle 45
(INFO    ) [13:52:35|hook] Timestamp file written successfully
(INFO    ) [13:52:35|tosca_driver] Module hook has finished with exit code 0
(INFO    ) [13:52:36|tosca_driver] Fe-solver abaqus finished with job airbeam_vol.inp
(INFO    ) [13:52:36|tosca_driver] Elapsed time (inc. overhead): 0:00:00.801281
(INFO    ) [13:52:36|tosca_driver] Elapsed time of abaqus : 0:00:00.862586  -  current time : 13:52:36.366975
(INFO    ) [13:52:36|tosca_driver] Solution complete
(INFO    ) [13:52:36|tosca_driver] Checking solver output file: /uufs/chpc.utah.edu/common/home/u6074059/Abaqus/paper_reproduction/experiment7/run_7b/airbeam_abq/airbeam_vol.msg
(INFO    ) [13:52:36|tosca_driver] Searching for success check string: "THE ANALYSIS HAS BEEN COMPLETED"
(INFO    ) [13:52:36|tosca_driver] Calling: /uufs/chpc.utah.edu/sys/installdir/abaqus/2025/linux_a64/code/bin/SMATsoOdbToVtmMain --solver abaqus --loglevel INFO --format_matrices sim --cycle 45 --perturbation 0 /uufs/chpc.utah.edu/common/home/u6074059/Abaqus/paper_reproduction/experiment7/run_7b/airbeam_abq/airbeam_vol
(INFO    ) [13:52:36|odb_to_vtm] SIMULIA Tosca Structure.odb_to_vtm - version 3DEXPERIENCE R2025x - build R427 - 20240925T190012Z 64 bit
(INFO    ) [13:52:36|odb_to_vtm] Reading Abaqus ODB output file /uufs/chpc.utah.edu/common/home/u6074059/Abaqus/paper_reproduction/experiment7/run_7b/airbeam_abq/airbeam_vol
(INFO    ) [13:52:36|odb_to_vtm] Reading results from the Abaqus result database /uufs/chpc.utah.edu/common/home/u6074059/Abaqus/paper_reproduction/experiment7/run_7b/airbeam_abq/airbeam_vol.odb
(INFO    ) [13:52:36|odb_to_vtm] SIMULIA Tosca Structure.odb_to_vtm finished successfully
(INFO    ) [13:52:36|tosca_driver] Module SMATsoOdbToVtmMain has finished with exit code 0
(NOTICE  ) [13:52:36|tosca_driver] Starting Tosca Structure optimization module - design cycle 45
(INFO    ) [13:52:36|tosca_driver] Calling: /uufs/chpc.utah.edu/sys/installdir/abaqus/2025/linux_a64/code/bin/SMATsoToscaOpt --loglevel INFO
(INFO    ) [13:52:36|tosca_opt] SIMULIA Tosca Structure.tosca_opt - version 3DEXPERIENCE R2025x - build R427 - 20240925T190012Z 64 bit
(INFO    ) [13:52:36|tosca_opt]  --------------------------------------------------------------------------
(INFO    ) [13:52:36|tosca_opt] |                ___  ___  __  __  _   _  _     ___    _                   |
(INFO    ) [13:52:36|tosca_opt] |               / __||_ _||  \/  || | | || |   |_ _|  /_\                  |
(INFO    ) [13:52:36|tosca_opt] |               \__ \ | | | |\/| || |_| || |__  | |  / _ \                 |
(INFO    ) [13:52:36|tosca_opt] |               |___/|___||_|  |_| \___/ |____||___|/_/ \_\                |
(INFO    ) [13:52:36|tosca_opt] |                        _____                                             |
(INFO    ) [13:52:36|tosca_opt] |                       |_   _|___  ___ __  __ _                           |
(INFO    ) [13:52:36|tosca_opt] |                         | | / _ \(_-</ _|/ _` |                          |
(INFO    ) [13:52:36|tosca_opt] |                         |_| \___//__/\__|\__,_|                          |
(INFO    ) [13:52:36|tosca_opt] |              ___  _                   _                                  |
(INFO    ) [13:52:36|tosca_opt] |             / __|| |_  _ _  _  _  __ | |_  _  _  _ _  ___                |
(INFO    ) [13:52:36|tosca_opt] |             \__ \|  _|| `_|| || |/ _||  _|| || || `_|/ -_)               |
(INFO    ) [13:52:36|tosca_opt] |             |___/ \__||_|   \_,_|\__| \__| \_,_||_|  \___|               |
(INFO    ) [13:52:36|tosca_opt] |                                                                          |
(INFO    ) [13:52:36|tosca_opt]  --------------------------------------------------------------------------
(INFO    ) [13:52:36|tosca_opt] | Version 3DEXPERIENCE R2025x                                              |
(INFO    ) [13:52:36|tosca_opt] | DATE:   2026-02-19                                                       |
(INFO    ) [13:52:36|tosca_opt]  --------------------------------------------------------------------------
(INFO    ) [13:52:37|tosca_opt]  --------------------------------------------------------------------------
(INFO    ) [13:52:37|tosca_opt] | Begin of DESIGN CYCLE NUMBER: 45                                         |
(INFO    ) [13:52:37|tosca_opt]  --------------------------------------------------------------------------
(INFO    ) [13:52:37|tosca_opt] Checking for existence of results
(INFO    ) [13:52:37|tosca_opt]  --------------------------------------------------------------------------
(INFO    ) [13:52:37|tosca_opt] | ANALYZE VALUE OF VARIABLES before OPTIMIZATION                           |
(INFO    ) [13:52:37|tosca_opt]  --------------------------------------------------------------------------
(INFO    ) [13:52:37|tosca_opt]  --------------------------------------------------------------------------
(INFO    ) [13:52:37|tosca_opt] | Convergence Criteria in Design Cycle 45                                  |
(INFO    ) [13:52:37|tosca_opt]  --------------------------------------------------------------------------
(INFO    ) [13:52:37|tosca_opt] Optimization converged. Both criteria checked.
(INFO    ) [13:52:37|tosca_opt] Local objective function criterion : NOT_FULFILLED (Actual change / target:    0.00236/   0.00100)
(INFO    ) [13:52:37|tosca_opt] Local design variables criterion   : FULFILLED     (Actual change / target:    0.00494/   0.00500)
(INFO    ) [13:52:37|tosca_opt] Global stop criterion              : NOT_FULFILLED (Max number of design cycles :  80)
(INFO    ) [13:52:37|tosca_opt] 
(INFO    ) [13:52:37|tosca_opt]  --------------------------------------------------------------------------
(INFO    ) [13:52:37|tosca_opt] | ANALYZE VALUE OF VARIABLES after OPTIMIZATION                            |
(INFO    ) [13:52:37|tosca_opt]  --------------------------------------------------------------------------
(INFO    ) [13:52:37|tosca_opt]  --------------------------------------------------------------------------
(INFO    ) [13:52:37|tosca_opt] | VARIABLES and DESIGN RESPONSES                                           |
(INFO    ) [13:52:37|tosca_opt]  --------------------------------------------------------------------------
(INFO    ) [13:52:37|tosca_opt]  DRESP_SUM_ENERGY                          :    2.3615
(INFO    ) [13:52:37|tosca_opt]  DRESP_VOL_TOPO                            :    1462.2
(INFO    ) [13:52:37|tosca_opt]  DRESP_DISP1_ABS_MAX                       :   0.59814E-01
(INFO    ) [13:52:37|tosca_opt]  --------------------------------------------------------------------------
(INFO    ) [13:52:37|tosca_opt]  --------------------------------------------------------------------------
(INFO    ) [13:52:37|tosca_opt] | Report of OPTIMIZATION Results                                           |
(INFO    ) [13:52:37|tosca_opt]  --------------------------------------------------------------------------
(INFO    ) [13:52:37|tosca_opt]  DESIGN CYCLE                :  45
(INFO    ) [13:52:37|tosca_opt]  OPTIMIZE name               : TOPOLOGY_OPTIMIZATION
(INFO    ) [13:52:37|tosca_opt]  OBJ_FUNC name               : MIN_VOL
(INFO    ) [13:52:37|tosca_opt]  OBJ_FUNC value              :     1462.19
(INFO    ) [13:52:37|tosca_opt]  ==========================================================================
(INFO    ) [13:52:37|tosca_opt] |     Name of OBJ_FUNC_TERM      |   Value    |   Weight   |   Reference   |
(INFO    ) [13:52:37|tosca_opt]  ==========================================================================
(INFO    ) [13:52:37|tosca_opt] | DRESP_VOL_TOPO                 | 1462.19    | 1.0        | 0.0           |
(INFO    ) [13:52:37|tosca_opt]  ==========================================================================
(INFO    ) [13:52:37|tosca_opt] * SIMULIA Tosca Structure INFORMATION *
(INFO    ) [13:52:37|tosca_opt] Writing CONSTRAINTs with default normalization.
(INFO    ) [13:52:37|tosca_opt] For NORM value  <= 1.0   -->    CONSTRAINT is OK ( For all CONSTRAINT types )
(INFO    ) [13:52:37|tosca_opt]  ==========================================================================
(INFO    ) [13:52:37|tosca_opt] |  Name of CONSTRAINT  |  Act. Value  | Op.  | Target  |   Norm   | Status |
(INFO    ) [13:52:37|tosca_opt]  ==========================================================================
(INFO    ) [13:52:37|tosca_opt] | DISP_CONSTRAINT      | 5.98138e-2   | <=   | 6.e-2   | 0.996896 | TRUE   |
(INFO    ) [13:52:37|tosca_opt]  ==========================================================================
(INFO    ) [13:52:40|tosca_opt]  --------------------------------------------------------------------------
(INFO    ) [13:52:40|tosca_opt] | Some STOP CRITERIA NOT satisfied this iteration                          |
(INFO    ) [13:52:40|tosca_opt]  --------------------------------------------------------------------------
(INFO    ) [13:52:40|tosca_opt]  --------------------------------------------------------------------------
(INFO    ) [13:52:40|tosca_opt] | End of DESIGN CYCLE NUMBER: 45                                           |
(INFO    ) [13:52:40|tosca_opt]  --------------------------------------------------------------------------
(INFO    ) [13:52:40|tosca_opt] Application finished successfully
(INFO    ) [13:52:40|tosca_driver] Module SMATsoToscaOpt has finished with exit code 0
(INFO    ) [13:52:40|tosca_driver] Calling: /uufs/chpc.utah.edu/sys/installdir/abaqus/2025/linux_a64/code/bin/SMATrtOptResExportTool --loglevel INFO --cycle 45 --onf_output ON
(INFO    ) [13:52:41|opt_res_export_tool] SIMULIA Tosca Structure.opt_res_export_tool - version 3DEXPERIENCE R2025x - build R427 - 20240925T190012Z 64 bit
(INFO    ) [13:52:41|opt_res_export_tool] Extracting results from opt_res_database
(INFO    ) [13:52:41|opt_res_export_tool] SIMULIA Tosca Structure.opt_res_export_tool finished successfully
(INFO    ) [13:52:41|tosca_driver] Module SMATrtOptResExportTool has finished with exit code 0
(NOTICE  ) [13:52:41|tosca_driver] Design cycle 46 started on 2026-02-19
(NOTICE  ) [13:52:41|tosca_driver] Starting Abaqus analysis - design cycle 46
(INFO    ) [13:52:41|tosca_driver] Activating the solver
(INFO    ) [13:52:41|tosca_driver] Calling hooks before module abaqus
(INFO    ) [13:52:41|tosca_driver] Calling: /uufs/chpc.utah.edu/sys/installdir/abaqus/2025/linux_a64/code/bin/SMATsoAbaqusTsProvider -j airbeam_vol --cycle 46
(INFO    ) [13:52:41|hook] Timestamp file written successfully
(INFO    ) [13:52:41|tosca_driver] Module hook has finished with exit code 0
(INFO    ) [13:52:42|tosca_driver] Fe-solver abaqus finished with job airbeam_vol.inp
(INFO    ) [13:52:42|tosca_driver] Elapsed time (inc. overhead): 0:00:00.801155
(INFO    ) [13:52:42|tosca_driver] Elapsed time of abaqus : 0:00:00.864529  -  current time : 13:52:42.158155
(INFO    ) [13:52:42|tosca_driver] Solution complete
(INFO    ) [13:52:42|tosca_driver] Checking solver output file: /uufs/chpc.utah.edu/common/home/u6074059/Abaqus/paper_reproduction/experiment7/run_7b/airbeam_abq/airbeam_vol.msg
(INFO    ) [13:52:42|tosca_driver] Searching for success check string: "THE ANALYSIS HAS BEEN COMPLETED"
(INFO    ) [13:52:42|tosca_driver] Calling: /uufs/chpc.utah.edu/sys/installdir/abaqus/2025/linux_a64/code/bin/SMATsoOdbToVtmMain --solver abaqus --loglevel INFO --format_matrices sim --cycle 46 --perturbation 0 /uufs/chpc.utah.edu/common/home/u6074059/Abaqus/paper_reproduction/experiment7/run_7b/airbeam_abq/airbeam_vol
(INFO    ) [13:52:42|odb_to_vtm] SIMULIA Tosca Structure.odb_to_vtm - version 3DEXPERIENCE R2025x - build R427 - 20240925T190012Z 64 bit
(INFO    ) [13:52:42|odb_to_vtm] Reading Abaqus ODB output file /uufs/chpc.utah.edu/common/home/u6074059/Abaqus/paper_reproduction/experiment7/run_7b/airbeam_abq/airbeam_vol
(INFO    ) [13:52:42|odb_to_vtm] Reading results from the Abaqus result database /uufs/chpc.utah.edu/common/home/u6074059/Abaqus/paper_reproduction/experiment7/run_7b/airbeam_abq/airbeam_vol.odb
(INFO    ) [13:52:42|odb_to_vtm] SIMULIA Tosca Structure.odb_to_vtm finished successfully
(INFO    ) [13:52:42|tosca_driver] Module SMATsoOdbToVtmMain has finished with exit code 0
(NOTICE  ) [13:52:42|tosca_driver] Starting Tosca Structure optimization module - design cycle 46
(INFO    ) [13:52:42|tosca_driver] Calling: /uufs/chpc.utah.edu/sys/installdir/abaqus/2025/linux_a64/code/bin/SMATsoToscaOpt --loglevel INFO
(INFO    ) [13:52:42|tosca_opt] SIMULIA Tosca Structure.tosca_opt - version 3DEXPERIENCE R2025x - build R427 - 20240925T190012Z 64 bit
(INFO    ) [13:52:42|tosca_opt]  --------------------------------------------------------------------------
(INFO    ) [13:52:42|tosca_opt] |                ___  ___  __  __  _   _  _     ___    _                   |
(INFO    ) [13:52:42|tosca_opt] |               / __||_ _||  \/  || | | || |   |_ _|  /_\                  |
(INFO    ) [13:52:42|tosca_opt] |               \__ \ | | | |\/| || |_| || |__  | |  / _ \                 |
(INFO    ) [13:52:42|tosca_opt] |               |___/|___||_|  |_| \___/ |____||___|/_/ \_\                |
(INFO    ) [13:52:42|tosca_opt] |                        _____                                             |
(INFO    ) [13:52:42|tosca_opt] |                       |_   _|___  ___ __  __ _                           |
(INFO    ) [13:52:42|tosca_opt] |                         | | / _ \(_-</ _|/ _` |                          |
(INFO    ) [13:52:42|tosca_opt] |                         |_| \___//__/\__|\__,_|                          |
(INFO    ) [13:52:42|tosca_opt] |              ___  _                   _                                  |
(INFO    ) [13:52:42|tosca_opt] |             / __|| |_  _ _  _  _  __ | |_  _  _  _ _  ___                |
(INFO    ) [13:52:42|tosca_opt] |             \__ \|  _|| `_|| || |/ _||  _|| || || `_|/ -_)               |
(INFO    ) [13:52:42|tosca_opt] |             |___/ \__||_|   \_,_|\__| \__| \_,_||_|  \___|               |
(INFO    ) [13:52:42|tosca_opt] |                                                                          |
(INFO    ) [13:52:42|tosca_opt]  --------------------------------------------------------------------------
(INFO    ) [13:52:42|tosca_opt] | Version 3DEXPERIENCE R2025x                                              |
(INFO    ) [13:52:42|tosca_opt] | DATE:   2026-02-19                                                       |
(INFO    ) [13:52:42|tosca_opt]  --------------------------------------------------------------------------
(INFO    ) [13:52:43|tosca_opt]  --------------------------------------------------------------------------
(INFO    ) [13:52:43|tosca_opt] | Begin of DESIGN CYCLE NUMBER: 46                                         |
(INFO    ) [13:52:43|tosca_opt]  --------------------------------------------------------------------------
(INFO    ) [13:52:43|tosca_opt] Checking for existence of results
(INFO    ) [13:52:43|tosca_opt]  --------------------------------------------------------------------------
(INFO    ) [13:52:43|tosca_opt] | ANALYZE VALUE OF VARIABLES before OPTIMIZATION                           |
(INFO    ) [13:52:43|tosca_opt]  --------------------------------------------------------------------------
(INFO    ) [13:52:43|tosca_opt]  --------------------------------------------------------------------------
(INFO    ) [13:52:43|tosca_opt] | Convergence Criteria in Design Cycle 46                                  |
(INFO    ) [13:52:43|tosca_opt]  --------------------------------------------------------------------------
(INFO    ) [13:52:43|tosca_opt] Optimization converged. Both criteria checked.
(INFO    ) [13:52:43|tosca_opt] Local objective function criterion : NOT_FULFILLED (Actual change / target:    0.00243/   0.00100)
(INFO    ) [13:52:43|tosca_opt] Local design variables criterion   : NOT_FULFILLED (Actual change / target:    0.00510/   0.00500)
(INFO    ) [13:52:43|tosca_opt] Global stop criterion              : NOT_FULFILLED (Max number of design cycles :  80)
(INFO    ) [13:52:43|tosca_opt] 
(INFO    ) [13:52:43|tosca_opt]  --------------------------------------------------------------------------
(INFO    ) [13:52:43|tosca_opt] | ANALYZE VALUE OF VARIABLES after OPTIMIZATION                            |
(INFO    ) [13:52:43|tosca_opt]  --------------------------------------------------------------------------
(INFO    ) [13:52:43|tosca_opt]  --------------------------------------------------------------------------
(INFO    ) [13:52:43|tosca_opt] | VARIABLES and DESIGN RESPONSES                                           |
(INFO    ) [13:52:43|tosca_opt]  --------------------------------------------------------------------------
(INFO    ) [13:52:43|tosca_opt]  DRESP_SUM_ENERGY                          :    2.3647
(INFO    ) [13:52:43|tosca_opt]  DRESP_VOL_TOPO                            :    1459.0
(INFO    ) [13:52:43|tosca_opt]  DRESP_DISP1_ABS_MAX                       :   0.59895E-01
(INFO    ) [13:52:43|tosca_opt]  --------------------------------------------------------------------------
(INFO    ) [13:52:43|tosca_opt]  --------------------------------------------------------------------------
(INFO    ) [13:52:43|tosca_opt] | Report of OPTIMIZATION Results                                           |
(INFO    ) [13:52:43|tosca_opt]  --------------------------------------------------------------------------
(INFO    ) [13:52:43|tosca_opt]  DESIGN CYCLE                :  46
(INFO    ) [13:52:43|tosca_opt]  OPTIMIZE name               : TOPOLOGY_OPTIMIZATION
(INFO    ) [13:52:43|tosca_opt]  OBJ_FUNC name               : MIN_VOL
(INFO    ) [13:52:43|tosca_opt]  OBJ_FUNC value              :     1459.04
(INFO    ) [13:52:43|tosca_opt]  ==========================================================================
(INFO    ) [13:52:43|tosca_opt] |     Name of OBJ_FUNC_TERM      |   Value    |   Weight   |   Reference   |
(INFO    ) [13:52:43|tosca_opt]  ==========================================================================
(INFO    ) [13:52:43|tosca_opt] | DRESP_VOL_TOPO                 | 1459.04    | 1.0        | 0.0           |
(INFO    ) [13:52:43|tosca_opt]  ==========================================================================
(INFO    ) [13:52:43|tosca_opt] * SIMULIA Tosca Structure INFORMATION *
(INFO    ) [13:52:43|tosca_opt] Writing CONSTRAINTs with default normalization.
(INFO    ) [13:52:43|tosca_opt] For NORM value  <= 1.0   -->    CONSTRAINT is OK ( For all CONSTRAINT types )
(INFO    ) [13:52:43|tosca_opt]  ==========================================================================
(INFO    ) [13:52:43|tosca_opt] |  Name of CONSTRAINT  |  Act. Value  | Op.  | Target  |   Norm   | Status |
(INFO    ) [13:52:43|tosca_opt]  ==========================================================================
(INFO    ) [13:52:43|tosca_opt] | DISP_CONSTRAINT      | 5.9895e-2    | <=   | 6.e-2   | 0.998251 | TRUE   |
(INFO    ) [13:52:43|tosca_opt]  ==========================================================================
(INFO    ) [13:52:45|tosca_opt]  --------------------------------------------------------------------------
(INFO    ) [13:52:45|tosca_opt] | Some STOP CRITERIA NOT satisfied this iteration                          |
(INFO    ) [13:52:45|tosca_opt]  --------------------------------------------------------------------------
(INFO    ) [13:52:46|tosca_opt]  --------------------------------------------------------------------------
(INFO    ) [13:52:46|tosca_opt] | End of DESIGN CYCLE NUMBER: 46                                           |
(INFO    ) [13:52:46|tosca_opt]  --------------------------------------------------------------------------
(INFO    ) [13:52:46|tosca_opt] Application finished successfully
(INFO    ) [13:52:46|tosca_driver] Module SMATsoToscaOpt has finished with exit code 0
(INFO    ) [13:52:46|tosca_driver] Calling: /uufs/chpc.utah.edu/sys/installdir/abaqus/2025/linux_a64/code/bin/SMATrtOptResExportTool --loglevel INFO --cycle 46 --onf_output ON
(INFO    ) [13:52:46|opt_res_export_tool] SIMULIA Tosca Structure.opt_res_export_tool - version 3DEXPERIENCE R2025x - build R427 - 20240925T190012Z 64 bit
(INFO    ) [13:52:46|opt_res_export_tool] Extracting results from opt_res_database
(INFO    ) [13:52:46|opt_res_export_tool] SIMULIA Tosca Structure.opt_res_export_tool finished successfully
(INFO    ) [13:52:46|tosca_driver] Module SMATrtOptResExportTool has finished with exit code 0
(NOTICE  ) [13:52:46|tosca_driver] Design cycle 47 started on 2026-02-19
(NOTICE  ) [13:52:46|tosca_driver] Starting Abaqus analysis - design cycle 47
(INFO    ) [13:52:46|tosca_driver] Activating the solver
(INFO    ) [13:52:46|tosca_driver] Calling hooks before module abaqus
(INFO    ) [13:52:46|tosca_driver] Calling: /uufs/chpc.utah.edu/sys/installdir/abaqus/2025/linux_a64/code/bin/SMATsoAbaqusTsProvider -j airbeam_vol --cycle 47
(INFO    ) [13:52:46|hook] Timestamp file written successfully
(INFO    ) [13:52:46|tosca_driver] Module hook has finished with exit code 0
(INFO    ) [13:52:47|tosca_driver] Fe-solver abaqus finished with job airbeam_vol.inp
(INFO    ) [13:52:47|tosca_driver] Elapsed time (inc. overhead): 0:00:00.901306
(INFO    ) [13:52:47|tosca_driver] Elapsed time of abaqus : 0:00:00.960911  -  current time : 13:52:47.615020
(INFO    ) [13:52:47|tosca_driver] Solution complete
(INFO    ) [13:52:47|tosca_driver] Checking solver output file: /uufs/chpc.utah.edu/common/home/u6074059/Abaqus/paper_reproduction/experiment7/run_7b/airbeam_abq/airbeam_vol.msg
(INFO    ) [13:52:47|tosca_driver] Searching for success check string: "THE ANALYSIS HAS BEEN COMPLETED"
(INFO    ) [13:52:47|tosca_driver] Calling: /uufs/chpc.utah.edu/sys/installdir/abaqus/2025/linux_a64/code/bin/SMATsoOdbToVtmMain --solver abaqus --loglevel INFO --format_matrices sim --cycle 47 --perturbation 0 /uufs/chpc.utah.edu/common/home/u6074059/Abaqus/paper_reproduction/experiment7/run_7b/airbeam_abq/airbeam_vol
(INFO    ) [13:52:47|odb_to_vtm] SIMULIA Tosca Structure.odb_to_vtm - version 3DEXPERIENCE R2025x - build R427 - 20240925T190012Z 64 bit
(INFO    ) [13:52:47|odb_to_vtm] Reading Abaqus ODB output file /uufs/chpc.utah.edu/common/home/u6074059/Abaqus/paper_reproduction/experiment7/run_7b/airbeam_abq/airbeam_vol
(INFO    ) [13:52:47|odb_to_vtm] Reading results from the Abaqus result database /uufs/chpc.utah.edu/common/home/u6074059/Abaqus/paper_reproduction/experiment7/run_7b/airbeam_abq/airbeam_vol.odb
(INFO    ) [13:52:47|odb_to_vtm] SIMULIA Tosca Structure.odb_to_vtm finished successfully
(INFO    ) [13:52:47|tosca_driver] Module SMATsoOdbToVtmMain has finished with exit code 0
(NOTICE  ) [13:52:47|tosca_driver] Starting Tosca Structure optimization module - design cycle 47
(INFO    ) [13:52:47|tosca_driver] Calling: /uufs/chpc.utah.edu/sys/installdir/abaqus/2025/linux_a64/code/bin/SMATsoToscaOpt --loglevel INFO
(INFO    ) [13:52:48|tosca_opt] SIMULIA Tosca Structure.tosca_opt - version 3DEXPERIENCE R2025x - build R427 - 20240925T190012Z 64 bit
(INFO    ) [13:52:48|tosca_opt]  --------------------------------------------------------------------------
(INFO    ) [13:52:48|tosca_opt] |                ___  ___  __  __  _   _  _     ___    _                   |
(INFO    ) [13:52:48|tosca_opt] |               / __||_ _||  \/  || | | || |   |_ _|  /_\                  |
(INFO    ) [13:52:48|tosca_opt] |               \__ \ | | | |\/| || |_| || |__  | |  / _ \                 |
(INFO    ) [13:52:48|tosca_opt] |               |___/|___||_|  |_| \___/ |____||___|/_/ \_\                |
(INFO    ) [13:52:48|tosca_opt] |                        _____                                             |
(INFO    ) [13:52:48|tosca_opt] |                       |_   _|___  ___ __  __ _                           |
(INFO    ) [13:52:48|tosca_opt] |                         | | / _ \(_-</ _|/ _` |                          |
(INFO    ) [13:52:48|tosca_opt] |                         |_| \___//__/\__|\__,_|                          |
(INFO    ) [13:52:48|tosca_opt] |              ___  _                   _                                  |
(INFO    ) [13:52:48|tosca_opt] |             / __|| |_  _ _  _  _  __ | |_  _  _  _ _  ___                |
(INFO    ) [13:52:48|tosca_opt] |             \__ \|  _|| `_|| || |/ _||  _|| || || `_|/ -_)               |
(INFO    ) [13:52:48|tosca_opt] |             |___/ \__||_|   \_,_|\__| \__| \_,_||_|  \___|               |
(INFO    ) [13:52:48|tosca_opt] |                                                                          |
(INFO    ) [13:52:48|tosca_opt]  --------------------------------------------------------------------------
(INFO    ) [13:52:48|tosca_opt] | Version 3DEXPERIENCE R2025x                                              |
(INFO    ) [13:52:48|tosca_opt] | DATE:   2026-02-19                                                       |
(INFO    ) [13:52:48|tosca_opt]  --------------------------------------------------------------------------
(INFO    ) [13:52:48|tosca_opt]  --------------------------------------------------------------------------
(INFO    ) [13:52:48|tosca_opt] | Begin of DESIGN CYCLE NUMBER: 47                                         |
(INFO    ) [13:52:48|tosca_opt]  --------------------------------------------------------------------------
(INFO    ) [13:52:48|tosca_opt] Checking for existence of results
(INFO    ) [13:52:48|tosca_opt]  --------------------------------------------------------------------------
(INFO    ) [13:52:48|tosca_opt] | ANALYZE VALUE OF VARIABLES before OPTIMIZATION                           |
(INFO    ) [13:52:48|tosca_opt]  --------------------------------------------------------------------------
(INFO    ) [13:52:48|tosca_opt]  --------------------------------------------------------------------------
(INFO    ) [13:52:48|tosca_opt] | Convergence Criteria in Design Cycle 47                                  |
(INFO    ) [13:52:48|tosca_opt]  --------------------------------------------------------------------------
(INFO    ) [13:52:48|tosca_opt] Optimization converged. Both criteria checked.
(INFO    ) [13:52:48|tosca_opt] Local objective function criterion : NOT_FULFILLED (Actual change / target:    0.00170/   0.00100)
(INFO    ) [13:52:48|tosca_opt] Local design variables criterion   : NOT_FULFILLED (Actual change / target:    0.00526/   0.00500)
(INFO    ) [13:52:48|tosca_opt] Global stop criterion              : NOT_FULFILLED (Max number of design cycles :  80)
(INFO    ) [13:52:48|tosca_opt] 
(INFO    ) [13:52:48|tosca_opt]  --------------------------------------------------------------------------
(INFO    ) [13:52:48|tosca_opt] | ANALYZE VALUE OF VARIABLES after OPTIMIZATION                            |
(INFO    ) [13:52:48|tosca_opt]  --------------------------------------------------------------------------
(INFO    ) [13:52:48|tosca_opt]  --------------------------------------------------------------------------
(INFO    ) [13:52:48|tosca_opt] | VARIABLES and DESIGN RESPONSES                                           |
(INFO    ) [13:52:48|tosca_opt]  --------------------------------------------------------------------------
(INFO    ) [13:52:48|tosca_opt]  DRESP_SUM_ENERGY                          :    2.3642
(INFO    ) [13:52:48|tosca_opt]  DRESP_VOL_TOPO                            :    1456.8
(INFO    ) [13:52:48|tosca_opt]  DRESP_DISP1_ABS_MAX                       :   0.59882E-01
(INFO    ) [13:52:48|tosca_opt]  --------------------------------------------------------------------------
(INFO    ) [13:52:49|tosca_opt]  --------------------------------------------------------------------------
(INFO    ) [13:52:49|tosca_opt] | Report of OPTIMIZATION Results                                           |
(INFO    ) [13:52:49|tosca_opt]  --------------------------------------------------------------------------
(INFO    ) [13:52:49|tosca_opt]  DESIGN CYCLE                :  47
(INFO    ) [13:52:49|tosca_opt]  OPTIMIZE name               : TOPOLOGY_OPTIMIZATION
(INFO    ) [13:52:49|tosca_opt]  OBJ_FUNC name               : MIN_VOL
(INFO    ) [13:52:49|tosca_opt]  OBJ_FUNC value              :     1456.84
(INFO    ) [13:52:49|tosca_opt]  ==========================================================================
(INFO    ) [13:52:49|tosca_opt] |     Name of OBJ_FUNC_TERM      |   Value    |   Weight   |   Reference   |
(INFO    ) [13:52:49|tosca_opt]  ==========================================================================
(INFO    ) [13:52:49|tosca_opt] | DRESP_VOL_TOPO                 | 1456.84    | 1.0        | 0.0           |
(INFO    ) [13:52:49|tosca_opt]  ==========================================================================
(INFO    ) [13:52:49|tosca_opt] * SIMULIA Tosca Structure INFORMATION *
(INFO    ) [13:52:49|tosca_opt] Writing CONSTRAINTs with default normalization.
(INFO    ) [13:52:49|tosca_opt] For NORM value  <= 1.0   -->    CONSTRAINT is OK ( For all CONSTRAINT types )
(INFO    ) [13:52:49|tosca_opt]  ==========================================================================
(INFO    ) [13:52:49|tosca_opt] |  Name of CONSTRAINT  |  Act. Value  | Op.  | Target  |   Norm   | Status |
(INFO    ) [13:52:49|tosca_opt]  ==========================================================================
(INFO    ) [13:52:49|tosca_opt] | DISP_CONSTRAINT      | 5.98822e-2   | <=   | 6.e-2   | 0.998037 | TRUE   |
(INFO    ) [13:52:49|tosca_opt]  ==========================================================================
(INFO    ) [13:52:52|tosca_opt]  --------------------------------------------------------------------------
(INFO    ) [13:52:52|tosca_opt] | Some STOP CRITERIA NOT satisfied this iteration                          |
(INFO    ) [13:52:52|tosca_opt]  --------------------------------------------------------------------------
(INFO    ) [13:52:52|tosca_opt]  --------------------------------------------------------------------------
(INFO    ) [13:52:52|tosca_opt] | End of DESIGN CYCLE NUMBER: 47                                           |
(INFO    ) [13:52:52|tosca_opt]  --------------------------------------------------------------------------
(INFO    ) [13:52:53|tosca_opt] Application finished successfully
(INFO    ) [13:52:53|tosca_driver] Module SMATsoToscaOpt has finished with exit code 0
(INFO    ) [13:52:53|tosca_driver] Calling: /uufs/chpc.utah.edu/sys/installdir/abaqus/2025/linux_a64/code/bin/SMATrtOptResExportTool --loglevel INFO --cycle 47 --onf_output ON
(INFO    ) [13:52:53|opt_res_export_tool] SIMULIA Tosca Structure.opt_res_export_tool - version 3DEXPERIENCE R2025x - build R427 - 20240925T190012Z 64 bit
(INFO    ) [13:52:53|opt_res_export_tool] Extracting results from opt_res_database
(INFO    ) [13:52:53|opt_res_export_tool] SIMULIA Tosca Structure.opt_res_export_tool finished successfully
(INFO    ) [13:52:53|tosca_driver] Module SMATrtOptResExportTool has finished with exit code 0
(NOTICE  ) [13:52:53|tosca_driver] Design cycle 48 started on 2026-02-19
(NOTICE  ) [13:52:53|tosca_driver] Starting Abaqus analysis - design cycle 48
(INFO    ) [13:52:53|tosca_driver] Activating the solver
(INFO    ) [13:52:53|tosca_driver] Calling hooks before module abaqus
(INFO    ) [13:52:53|tosca_driver] Calling: /uufs/chpc.utah.edu/sys/installdir/abaqus/2025/linux_a64/code/bin/SMATsoAbaqusTsProvider -j airbeam_vol --cycle 48
(INFO    ) [13:52:53|hook] Timestamp file written successfully
(INFO    ) [13:52:53|tosca_driver] Module hook has finished with exit code 0
(INFO    ) [13:52:54|tosca_driver] Fe-solver abaqus finished with job airbeam_vol.inp
(INFO    ) [13:52:54|tosca_driver] Elapsed time (inc. overhead): 0:00:00.801196
(INFO    ) [13:52:54|tosca_driver] Elapsed time of abaqus : 0:00:00.852197  -  current time : 13:52:54.623552
(INFO    ) [13:52:54|tosca_driver] Solution complete
(INFO    ) [13:52:54|tosca_driver] Checking solver output file: /uufs/chpc.utah.edu/common/home/u6074059/Abaqus/paper_reproduction/experiment7/run_7b/airbeam_abq/airbeam_vol.msg
(INFO    ) [13:52:54|tosca_driver] Searching for success check string: "THE ANALYSIS HAS BEEN COMPLETED"
(INFO    ) [13:52:54|tosca_driver] Calling: /uufs/chpc.utah.edu/sys/installdir/abaqus/2025/linux_a64/code/bin/SMATsoOdbToVtmMain --solver abaqus --loglevel INFO --format_matrices sim --cycle 48 --perturbation 0 /uufs/chpc.utah.edu/common/home/u6074059/Abaqus/paper_reproduction/experiment7/run_7b/airbeam_abq/airbeam_vol
(INFO    ) [13:52:54|odb_to_vtm] SIMULIA Tosca Structure.odb_to_vtm - version 3DEXPERIENCE R2025x - build R427 - 20240925T190012Z 64 bit
(INFO    ) [13:52:54|odb_to_vtm] Reading Abaqus ODB output file /uufs/chpc.utah.edu/common/home/u6074059/Abaqus/paper_reproduction/experiment7/run_7b/airbeam_abq/airbeam_vol
(INFO    ) [13:52:54|odb_to_vtm] Reading results from the Abaqus result database /uufs/chpc.utah.edu/common/home/u6074059/Abaqus/paper_reproduction/experiment7/run_7b/airbeam_abq/airbeam_vol.odb
(INFO    ) [13:52:54|odb_to_vtm] SIMULIA Tosca Structure.odb_to_vtm finished successfully
(INFO    ) [13:52:54|tosca_driver] Module SMATsoOdbToVtmMain has finished with exit code 0
(NOTICE  ) [13:52:54|tosca_driver] Starting Tosca Structure optimization module - design cycle 48
(INFO    ) [13:52:54|tosca_driver] Calling: /uufs/chpc.utah.edu/sys/installdir/abaqus/2025/linux_a64/code/bin/SMATsoToscaOpt --loglevel INFO
(INFO    ) [13:52:55|tosca_opt] SIMULIA Tosca Structure.tosca_opt - version 3DEXPERIENCE R2025x - build R427 - 20240925T190012Z 64 bit
(INFO    ) [13:52:55|tosca_opt]  --------------------------------------------------------------------------
(INFO    ) [13:52:55|tosca_opt] |                ___  ___  __  __  _   _  _     ___    _                   |
(INFO    ) [13:52:55|tosca_opt] |               / __||_ _||  \/  || | | || |   |_ _|  /_\                  |
(INFO    ) [13:52:55|tosca_opt] |               \__ \ | | | |\/| || |_| || |__  | |  / _ \                 |
(INFO    ) [13:52:55|tosca_opt] |               |___/|___||_|  |_| \___/ |____||___|/_/ \_\                |
(INFO    ) [13:52:55|tosca_opt] |                        _____                                             |
(INFO    ) [13:52:55|tosca_opt] |                       |_   _|___  ___ __  __ _                           |
(INFO    ) [13:52:55|tosca_opt] |                         | | / _ \(_-</ _|/ _` |                          |
(INFO    ) [13:52:55|tosca_opt] |                         |_| \___//__/\__|\__,_|                          |
(INFO    ) [13:52:55|tosca_opt] |              ___  _                   _                                  |
(INFO    ) [13:52:55|tosca_opt] |             / __|| |_  _ _  _  _  __ | |_  _  _  _ _  ___                |
(INFO    ) [13:52:55|tosca_opt] |             \__ \|  _|| `_|| || |/ _||  _|| || || `_|/ -_)               |
(INFO    ) [13:52:55|tosca_opt] |             |___/ \__||_|   \_,_|\__| \__| \_,_||_|  \___|               |
(INFO    ) [13:52:55|tosca_opt] |                                                                          |
(INFO    ) [13:52:55|tosca_opt]  --------------------------------------------------------------------------
(INFO    ) [13:52:55|tosca_opt] | Version 3DEXPERIENCE R2025x                                              |
(INFO    ) [13:52:55|tosca_opt] | DATE:   2026-02-19                                                       |
(INFO    ) [13:52:55|tosca_opt]  --------------------------------------------------------------------------
(INFO    ) [13:52:55|tosca_opt]  --------------------------------------------------------------------------
(INFO    ) [13:52:55|tosca_opt] | Begin of DESIGN CYCLE NUMBER: 48                                         |
(INFO    ) [13:52:55|tosca_opt]  --------------------------------------------------------------------------
(INFO    ) [13:52:55|tosca_opt] Checking for existence of results
(INFO    ) [13:52:55|tosca_opt]  --------------------------------------------------------------------------
(INFO    ) [13:52:55|tosca_opt] | ANALYZE VALUE OF VARIABLES before OPTIMIZATION                           |
(INFO    ) [13:52:55|tosca_opt]  --------------------------------------------------------------------------
(INFO    ) [13:52:55|tosca_opt]  --------------------------------------------------------------------------
(INFO    ) [13:52:55|tosca_opt] | Convergence Criteria in Design Cycle 48                                  |
(INFO    ) [13:52:55|tosca_opt]  --------------------------------------------------------------------------
(INFO    ) [13:52:55|tosca_opt] Optimization converged. Both criteria checked.
(INFO    ) [13:52:55|tosca_opt] Local objective function criterion : NOT_FULFILLED (Actual change / target:    0.00187/   0.00100)
(INFO    ) [13:52:55|tosca_opt] Local design variables criterion   : NOT_FULFILLED (Actual change / target:    0.00532/   0.00500)
(INFO    ) [13:52:55|tosca_opt] Global stop criterion              : NOT_FULFILLED (Max number of design cycles :  80)
(INFO    ) [13:52:55|tosca_opt] 
(INFO    ) [13:52:55|tosca_opt]  --------------------------------------------------------------------------
(INFO    ) [13:52:55|tosca_opt] | ANALYZE VALUE OF VARIABLES after OPTIMIZATION                            |
(INFO    ) [13:52:55|tosca_opt]  --------------------------------------------------------------------------
(INFO    ) [13:52:55|tosca_opt]  --------------------------------------------------------------------------
(INFO    ) [13:52:55|tosca_opt] | VARIABLES and DESIGN RESPONSES                                           |
(INFO    ) [13:52:55|tosca_opt]  --------------------------------------------------------------------------
(INFO    ) [13:52:55|tosca_opt]  DRESP_SUM_ENERGY                          :    2.3649
(INFO    ) [13:52:55|tosca_opt]  DRESP_VOL_TOPO                            :    1454.4
(INFO    ) [13:52:55|tosca_opt]  DRESP_DISP1_ABS_MAX                       :   0.59901E-01
(INFO    ) [13:52:55|tosca_opt]  --------------------------------------------------------------------------
(INFO    ) [13:52:56|tosca_opt]  --------------------------------------------------------------------------
(INFO    ) [13:52:56|tosca_opt] | Report of OPTIMIZATION Results                                           |
(INFO    ) [13:52:56|tosca_opt]  --------------------------------------------------------------------------
(INFO    ) [13:52:56|tosca_opt]  DESIGN CYCLE                :  48
(INFO    ) [13:52:56|tosca_opt]  OPTIMIZE name               : TOPOLOGY_OPTIMIZATION
(INFO    ) [13:52:56|tosca_opt]  OBJ_FUNC name               : MIN_VOL
(INFO    ) [13:52:56|tosca_opt]  OBJ_FUNC value              :     1454.43
(INFO    ) [13:52:56|tosca_opt]  ==========================================================================
(INFO    ) [13:52:56|tosca_opt] |     Name of OBJ_FUNC_TERM      |   Value    |   Weight   |   Reference   |
(INFO    ) [13:52:56|tosca_opt]  ==========================================================================
(INFO    ) [13:52:56|tosca_opt] | DRESP_VOL_TOPO                 | 1454.43    | 1.0        | 0.0           |
(INFO    ) [13:52:56|tosca_opt]  ==========================================================================
(INFO    ) [13:52:56|tosca_opt] * SIMULIA Tosca Structure INFORMATION *
(INFO    ) [13:52:56|tosca_opt] Writing CONSTRAINTs with default normalization.
(INFO    ) [13:52:56|tosca_opt] For NORM value  <= 1.0   -->    CONSTRAINT is OK ( For all CONSTRAINT types )
(INFO    ) [13:52:56|tosca_opt]  ==========================================================================
(INFO    ) [13:52:56|tosca_opt] |  Name of CONSTRAINT  |  Act. Value  | Op.  | Target  |   Norm   | Status |
(INFO    ) [13:52:56|tosca_opt]  ==========================================================================
(INFO    ) [13:52:56|tosca_opt] | DISP_CONSTRAINT      | 5.99012e-2   | <=   | 6.e-2   | 0.998354 | TRUE   |
(INFO    ) [13:52:56|tosca_opt]  ==========================================================================
(INFO    ) [13:52:58|tosca_opt]  --------------------------------------------------------------------------
(INFO    ) [13:52:58|tosca_opt] | Some STOP CRITERIA NOT satisfied this iteration                          |
(INFO    ) [13:52:58|tosca_opt]  --------------------------------------------------------------------------
(INFO    ) [13:52:59|tosca_opt]  --------------------------------------------------------------------------
(INFO    ) [13:52:59|tosca_opt] | End of DESIGN CYCLE NUMBER: 48                                           |
(INFO    ) [13:52:59|tosca_opt]  --------------------------------------------------------------------------
(INFO    ) [13:52:59|tosca_opt] Application finished successfully
(INFO    ) [13:52:59|tosca_driver] Module SMATsoToscaOpt has finished with exit code 0
(INFO    ) [13:52:59|tosca_driver] Calling: /uufs/chpc.utah.edu/sys/installdir/abaqus/2025/linux_a64/code/bin/SMATrtOptResExportTool --loglevel INFO --cycle 48 --onf_output ON
(INFO    ) [13:52:59|opt_res_export_tool] SIMULIA Tosca Structure.opt_res_export_tool - version 3DEXPERIENCE R2025x - build R427 - 20240925T190012Z 64 bit
(INFO    ) [13:52:59|opt_res_export_tool] Extracting results from opt_res_database
(INFO    ) [13:52:59|opt_res_export_tool] SIMULIA Tosca Structure.opt_res_export_tool finished successfully
(INFO    ) [13:52:59|tosca_driver] Module SMATrtOptResExportTool has finished with exit code 0
(NOTICE  ) [13:52:59|tosca_driver] Design cycle 49 started on 2026-02-19
(NOTICE  ) [13:52:59|tosca_driver] Starting Abaqus analysis - design cycle 49
(INFO    ) [13:52:59|tosca_driver] Activating the solver
(INFO    ) [13:52:59|tosca_driver] Calling hooks before module abaqus
(INFO    ) [13:52:59|tosca_driver] Calling: /uufs/chpc.utah.edu/sys/installdir/abaqus/2025/linux_a64/code/bin/SMATsoAbaqusTsProvider -j airbeam_vol --cycle 49
(INFO    ) [13:52:59|hook] Timestamp file written successfully
(INFO    ) [13:52:59|tosca_driver] Module hook has finished with exit code 0
(INFO    ) [13:53:00|tosca_driver] Fe-solver abaqus finished with job airbeam_vol.inp
(INFO    ) [13:53:00|tosca_driver] Elapsed time (inc. overhead): 0:00:00.801230
(INFO    ) [13:53:00|tosca_driver] Elapsed time of abaqus : 0:00:00.854925  -  current time : 13:53:00.529999
(INFO    ) [13:53:00|tosca_driver] Solution complete
(INFO    ) [13:53:00|tosca_driver] Checking solver output file: /uufs/chpc.utah.edu/common/home/u6074059/Abaqus/paper_reproduction/experiment7/run_7b/airbeam_abq/airbeam_vol.msg
(INFO    ) [13:53:00|tosca_driver] Searching for success check string: "THE ANALYSIS HAS BEEN COMPLETED"
(INFO    ) [13:53:00|tosca_driver] Calling: /uufs/chpc.utah.edu/sys/installdir/abaqus/2025/linux_a64/code/bin/SMATsoOdbToVtmMain --solver abaqus --loglevel INFO --format_matrices sim --cycle 49 --perturbation 0 /uufs/chpc.utah.edu/common/home/u6074059/Abaqus/paper_reproduction/experiment7/run_7b/airbeam_abq/airbeam_vol
(INFO    ) [13:53:00|odb_to_vtm] SIMULIA Tosca Structure.odb_to_vtm - version 3DEXPERIENCE R2025x - build R427 - 20240925T190012Z 64 bit
(INFO    ) [13:53:00|odb_to_vtm] Reading Abaqus ODB output file /uufs/chpc.utah.edu/common/home/u6074059/Abaqus/paper_reproduction/experiment7/run_7b/airbeam_abq/airbeam_vol
(INFO    ) [13:53:00|odb_to_vtm] Reading results from the Abaqus result database /uufs/chpc.utah.edu/common/home/u6074059/Abaqus/paper_reproduction/experiment7/run_7b/airbeam_abq/airbeam_vol.odb
(INFO    ) [13:53:00|odb_to_vtm] SIMULIA Tosca Structure.odb_to_vtm finished successfully
(INFO    ) [13:53:00|tosca_driver] Module SMATsoOdbToVtmMain has finished with exit code 0
(NOTICE  ) [13:53:00|tosca_driver] Starting Tosca Structure optimization module - design cycle 49
(INFO    ) [13:53:00|tosca_driver] Calling: /uufs/chpc.utah.edu/sys/installdir/abaqus/2025/linux_a64/code/bin/SMATsoToscaOpt --loglevel INFO
(INFO    ) [13:53:00|tosca_opt] SIMULIA Tosca Structure.tosca_opt - version 3DEXPERIENCE R2025x - build R427 - 20240925T190012Z 64 bit
(INFO    ) [13:53:00|tosca_opt]  --------------------------------------------------------------------------
(INFO    ) [13:53:00|tosca_opt] |                ___  ___  __  __  _   _  _     ___    _                   |
(INFO    ) [13:53:00|tosca_opt] |               / __||_ _||  \/  || | | || |   |_ _|  /_\                  |
(INFO    ) [13:53:00|tosca_opt] |               \__ \ | | | |\/| || |_| || |__  | |  / _ \                 |
(INFO    ) [13:53:00|tosca_opt] |               |___/|___||_|  |_| \___/ |____||___|/_/ \_\                |
(INFO    ) [13:53:00|tosca_opt] |                        _____                                             |
(INFO    ) [13:53:00|tosca_opt] |                       |_   _|___  ___ __  __ _                           |
(INFO    ) [13:53:00|tosca_opt] |                         | | / _ \(_-</ _|/ _` |                          |
(INFO    ) [13:53:00|tosca_opt] |                         |_| \___//__/\__|\__,_|                          |
(INFO    ) [13:53:00|tosca_opt] |              ___  _                   _                                  |
(INFO    ) [13:53:00|tosca_opt] |             / __|| |_  _ _  _  _  __ | |_  _  _  _ _  ___                |
(INFO    ) [13:53:00|tosca_opt] |             \__ \|  _|| `_|| || |/ _||  _|| || || `_|/ -_)               |
(INFO    ) [13:53:00|tosca_opt] |             |___/ \__||_|   \_,_|\__| \__| \_,_||_|  \___|               |
(INFO    ) [13:53:00|tosca_opt] |                                                                          |
(INFO    ) [13:53:00|tosca_opt]  --------------------------------------------------------------------------
(INFO    ) [13:53:00|tosca_opt] | Version 3DEXPERIENCE R2025x                                              |
(INFO    ) [13:53:00|tosca_opt] | DATE:   2026-02-19                                                       |
(INFO    ) [13:53:00|tosca_opt]  --------------------------------------------------------------------------
(INFO    ) [13:53:01|tosca_opt]  --------------------------------------------------------------------------
(INFO    ) [13:53:01|tosca_opt] | Begin of DESIGN CYCLE NUMBER: 49                                         |
(INFO    ) [13:53:01|tosca_opt]  --------------------------------------------------------------------------
(INFO    ) [13:53:01|tosca_opt] Checking for existence of results
(INFO    ) [13:53:01|tosca_opt]  --------------------------------------------------------------------------
(INFO    ) [13:53:01|tosca_opt] | ANALYZE VALUE OF VARIABLES before OPTIMIZATION                           |
(INFO    ) [13:53:01|tosca_opt]  --------------------------------------------------------------------------
(INFO    ) [13:53:01|tosca_opt]  --------------------------------------------------------------------------
(INFO    ) [13:53:01|tosca_opt] | Convergence Criteria in Design Cycle 49                                  |
(INFO    ) [13:53:01|tosca_opt]  --------------------------------------------------------------------------
(INFO    ) [13:53:01|tosca_opt] Optimization converged. Both criteria checked.
(INFO    ) [13:53:01|tosca_opt] Local objective function criterion : NOT_FULFILLED (Actual change / target:    0.00152/   0.00100)
(INFO    ) [13:53:01|tosca_opt] Local design variables criterion   : NOT_FULFILLED (Actual change / target:    0.00507/   0.00500)
(INFO    ) [13:53:01|tosca_opt] Global stop criterion              : NOT_FULFILLED (Max number of design cycles :  80)
(INFO    ) [13:53:01|tosca_opt] 
(INFO    ) [13:53:01|tosca_opt]  --------------------------------------------------------------------------
(INFO    ) [13:53:01|tosca_opt] | ANALYZE VALUE OF VARIABLES after OPTIMIZATION                            |
(INFO    ) [13:53:01|tosca_opt]  --------------------------------------------------------------------------
(INFO    ) [13:53:01|tosca_opt]  --------------------------------------------------------------------------
(INFO    ) [13:53:01|tosca_opt] | VARIABLES and DESIGN RESPONSES                                           |
(INFO    ) [13:53:01|tosca_opt]  --------------------------------------------------------------------------
(INFO    ) [13:53:01|tosca_opt]  DRESP_SUM_ENERGY                          :    2.3653
(INFO    ) [13:53:01|tosca_opt]  DRESP_VOL_TOPO                            :    1452.5
(INFO    ) [13:53:01|tosca_opt]  DRESP_DISP1_ABS_MAX                       :   0.59913E-01
(INFO    ) [13:53:01|tosca_opt]  --------------------------------------------------------------------------
(INFO    ) [13:53:02|tosca_opt]  --------------------------------------------------------------------------
(INFO    ) [13:53:02|tosca_opt] | Report of OPTIMIZATION Results                                           |
(INFO    ) [13:53:02|tosca_opt]  --------------------------------------------------------------------------
(INFO    ) [13:53:02|tosca_opt]  DESIGN CYCLE                :  49
(INFO    ) [13:53:02|tosca_opt]  OPTIMIZE name               : TOPOLOGY_OPTIMIZATION
(INFO    ) [13:53:02|tosca_opt]  OBJ_FUNC name               : MIN_VOL
(INFO    ) [13:53:02|tosca_opt]  OBJ_FUNC value              :     1452.47
(INFO    ) [13:53:02|tosca_opt]  ==========================================================================
(INFO    ) [13:53:02|tosca_opt] |     Name of OBJ_FUNC_TERM      |   Value    |   Weight   |   Reference   |
(INFO    ) [13:53:02|tosca_opt]  ==========================================================================
(INFO    ) [13:53:02|tosca_opt] | DRESP_VOL_TOPO                 | 1452.47    | 1.0        | 0.0           |
(INFO    ) [13:53:02|tosca_opt]  ==========================================================================
(INFO    ) [13:53:02|tosca_opt] * SIMULIA Tosca Structure INFORMATION *
(INFO    ) [13:53:02|tosca_opt] Writing CONSTRAINTs with default normalization.
(INFO    ) [13:53:02|tosca_opt] For NORM value  <= 1.0   -->    CONSTRAINT is OK ( For all CONSTRAINT types )
(INFO    ) [13:53:02|tosca_opt]  ==========================================================================
(INFO    ) [13:53:02|tosca_opt] |  Name of CONSTRAINT  |  Act. Value  | Op.  | Target  |   Norm   | Status |
(INFO    ) [13:53:02|tosca_opt]  ==========================================================================
(INFO    ) [13:53:02|tosca_opt] | DISP_CONSTRAINT      | 5.99134e-2   | <=   | 6.e-2   | 0.998556 | TRUE   |
(INFO    ) [13:53:02|tosca_opt]  ==========================================================================
(INFO    ) [13:53:05|tosca_opt]  --------------------------------------------------------------------------
(INFO    ) [13:53:05|tosca_opt] | Some STOP CRITERIA NOT satisfied this iteration                          |
(INFO    ) [13:53:05|tosca_opt]  --------------------------------------------------------------------------
(INFO    ) [13:53:05|tosca_opt]  --------------------------------------------------------------------------
(INFO    ) [13:53:05|tosca_opt] | End of DESIGN CYCLE NUMBER: 49                                           |
(INFO    ) [13:53:05|tosca_opt]  --------------------------------------------------------------------------
(INFO    ) [13:53:05|tosca_opt] Application finished successfully
(INFO    ) [13:53:05|tosca_driver] Module SMATsoToscaOpt has finished with exit code 0
(INFO    ) [13:53:05|tosca_driver] Calling: /uufs/chpc.utah.edu/sys/installdir/abaqus/2025/linux_a64/code/bin/SMATrtOptResExportTool --loglevel INFO --cycle 49 --onf_output ON
(INFO    ) [13:53:05|opt_res_export_tool] SIMULIA Tosca Structure.opt_res_export_tool - version 3DEXPERIENCE R2025x - build R427 - 20240925T190012Z 64 bit
(INFO    ) [13:53:05|opt_res_export_tool] Extracting results from opt_res_database
(INFO    ) [13:53:05|opt_res_export_tool] SIMULIA Tosca Structure.opt_res_export_tool finished successfully
(INFO    ) [13:53:05|tosca_driver] Module SMATrtOptResExportTool has finished with exit code 0
(NOTICE  ) [13:53:05|tosca_driver] Design cycle 50 started on 2026-02-19
(NOTICE  ) [13:53:05|tosca_driver] Starting Abaqus analysis - design cycle 50
(INFO    ) [13:53:05|tosca_driver] Activating the solver
(INFO    ) [13:53:05|tosca_driver] Calling hooks before module abaqus
(INFO    ) [13:53:05|tosca_driver] Calling: /uufs/chpc.utah.edu/sys/installdir/abaqus/2025/linux_a64/code/bin/SMATsoAbaqusTsProvider -j airbeam_vol --cycle 50
(INFO    ) [13:53:05|hook] Timestamp file written successfully
(INFO    ) [13:53:05|tosca_driver] Module hook has finished with exit code 0
(INFO    ) [13:53:06|tosca_driver] Fe-solver abaqus finished with job airbeam_vol.inp
(INFO    ) [13:53:06|tosca_driver] Elapsed time (inc. overhead): 0:00:00.801268
(INFO    ) [13:53:06|tosca_driver] Elapsed time of abaqus : 0:00:00.856489  -  current time : 13:53:06.614412
(INFO    ) [13:53:06|tosca_driver] Solution complete
(INFO    ) [13:53:06|tosca_driver] Checking solver output file: /uufs/chpc.utah.edu/common/home/u6074059/Abaqus/paper_reproduction/experiment7/run_7b/airbeam_abq/airbeam_vol.msg
(INFO    ) [13:53:06|tosca_driver] Searching for success check string: "THE ANALYSIS HAS BEEN COMPLETED"
(INFO    ) [13:53:06|tosca_driver] Calling: /uufs/chpc.utah.edu/sys/installdir/abaqus/2025/linux_a64/code/bin/SMATsoOdbToVtmMain --solver abaqus --loglevel INFO --format_matrices sim --cycle 50 --perturbation 0 /uufs/chpc.utah.edu/common/home/u6074059/Abaqus/paper_reproduction/experiment7/run_7b/airbeam_abq/airbeam_vol
(INFO    ) [13:53:06|odb_to_vtm] SIMULIA Tosca Structure.odb_to_vtm - version 3DEXPERIENCE R2025x - build R427 - 20240925T190012Z 64 bit
(INFO    ) [13:53:06|odb_to_vtm] Reading Abaqus ODB output file /uufs/chpc.utah.edu/common/home/u6074059/Abaqus/paper_reproduction/experiment7/run_7b/airbeam_abq/airbeam_vol
(INFO    ) [13:53:06|odb_to_vtm] Reading results from the Abaqus result database /uufs/chpc.utah.edu/common/home/u6074059/Abaqus/paper_reproduction/experiment7/run_7b/airbeam_abq/airbeam_vol.odb
(INFO    ) [13:53:06|odb_to_vtm] SIMULIA Tosca Structure.odb_to_vtm finished successfully
(INFO    ) [13:53:06|tosca_driver] Module SMATsoOdbToVtmMain has finished with exit code 0
(NOTICE  ) [13:53:06|tosca_driver] Starting Tosca Structure optimization module - design cycle 50
(INFO    ) [13:53:06|tosca_driver] Calling: /uufs/chpc.utah.edu/sys/installdir/abaqus/2025/linux_a64/code/bin/SMATsoToscaOpt --loglevel INFO
(INFO    ) [13:53:07|tosca_opt] SIMULIA Tosca Structure.tosca_opt - version 3DEXPERIENCE R2025x - build R427 - 20240925T190012Z 64 bit
(INFO    ) [13:53:07|tosca_opt]  --------------------------------------------------------------------------
(INFO    ) [13:53:07|tosca_opt] |                ___  ___  __  __  _   _  _     ___    _                   |
(INFO    ) [13:53:07|tosca_opt] |               / __||_ _||  \/  || | | || |   |_ _|  /_\                  |
(INFO    ) [13:53:07|tosca_opt] |               \__ \ | | | |\/| || |_| || |__  | |  / _ \                 |
(INFO    ) [13:53:07|tosca_opt] |               |___/|___||_|  |_| \___/ |____||___|/_/ \_\                |
(INFO    ) [13:53:07|tosca_opt] |                        _____                                             |
(INFO    ) [13:53:07|tosca_opt] |                       |_   _|___  ___ __  __ _                           |
(INFO    ) [13:53:07|tosca_opt] |                         | | / _ \(_-</ _|/ _` |                          |
(INFO    ) [13:53:07|tosca_opt] |                         |_| \___//__/\__|\__,_|                          |
(INFO    ) [13:53:07|tosca_opt] |              ___  _                   _                                  |
(INFO    ) [13:53:07|tosca_opt] |             / __|| |_  _ _  _  _  __ | |_  _  _  _ _  ___                |
(INFO    ) [13:53:07|tosca_opt] |             \__ \|  _|| `_|| || |/ _||  _|| || || `_|/ -_)               |
(INFO    ) [13:53:07|tosca_opt] |             |___/ \__||_|   \_,_|\__| \__| \_,_||_|  \___|               |
(INFO    ) [13:53:07|tosca_opt] |                                                                          |
(INFO    ) [13:53:07|tosca_opt]  --------------------------------------------------------------------------
(INFO    ) [13:53:07|tosca_opt] | Version 3DEXPERIENCE R2025x                                              |
(INFO    ) [13:53:07|tosca_opt] | DATE:   2026-02-19                                                       |
(INFO    ) [13:53:07|tosca_opt]  --------------------------------------------------------------------------
(INFO    ) [13:53:07|tosca_opt]  --------------------------------------------------------------------------
(INFO    ) [13:53:07|tosca_opt] | Begin of DESIGN CYCLE NUMBER: 50                                         |
(INFO    ) [13:53:07|tosca_opt]  --------------------------------------------------------------------------
(INFO    ) [13:53:07|tosca_opt] Checking for existence of results
(INFO    ) [13:53:07|tosca_opt]  --------------------------------------------------------------------------
(INFO    ) [13:53:07|tosca_opt] | ANALYZE VALUE OF VARIABLES before OPTIMIZATION                           |
(INFO    ) [13:53:07|tosca_opt]  --------------------------------------------------------------------------
(INFO    ) [13:53:07|tosca_opt]  --------------------------------------------------------------------------
(INFO    ) [13:53:07|tosca_opt] | Convergence Criteria in Design Cycle 50                                  |
(INFO    ) [13:53:07|tosca_opt]  --------------------------------------------------------------------------
(INFO    ) [13:53:07|tosca_opt] Optimization converged. Both criteria checked.
(INFO    ) [13:53:07|tosca_opt] Local objective function criterion : NOT_FULFILLED (Actual change / target:    0.00138/   0.00100)
(INFO    ) [13:53:07|tosca_opt] Local design variables criterion   : FULFILLED     (Actual change / target:    0.00481/   0.00500)
(INFO    ) [13:53:07|tosca_opt] Global stop criterion              : NOT_FULFILLED (Max number of design cycles :  80)
(INFO    ) [13:53:07|tosca_opt] 
(INFO    ) [13:53:07|tosca_opt]  --------------------------------------------------------------------------
(INFO    ) [13:53:07|tosca_opt] | ANALYZE VALUE OF VARIABLES after OPTIMIZATION                            |
(INFO    ) [13:53:07|tosca_opt]  --------------------------------------------------------------------------
(INFO    ) [13:53:07|tosca_opt]  --------------------------------------------------------------------------
(INFO    ) [13:53:07|tosca_opt] | VARIABLES and DESIGN RESPONSES                                           |
(INFO    ) [13:53:07|tosca_opt]  --------------------------------------------------------------------------
(INFO    ) [13:53:07|tosca_opt]  DRESP_SUM_ENERGY                          :    2.3633
(INFO    ) [13:53:07|tosca_opt]  DRESP_VOL_TOPO                            :    1450.7
(INFO    ) [13:53:07|tosca_opt]  DRESP_DISP1_ABS_MAX                       :   0.59863E-01
(INFO    ) [13:53:07|tosca_opt]  --------------------------------------------------------------------------
(INFO    ) [13:53:08|tosca_opt]  --------------------------------------------------------------------------
(INFO    ) [13:53:08|tosca_opt] | Report of OPTIMIZATION Results                                           |
(INFO    ) [13:53:08|tosca_opt]  --------------------------------------------------------------------------
(INFO    ) [13:53:08|tosca_opt]  DESIGN CYCLE                :  50
(INFO    ) [13:53:08|tosca_opt]  OPTIMIZE name               : TOPOLOGY_OPTIMIZATION
(INFO    ) [13:53:08|tosca_opt]  OBJ_FUNC name               : MIN_VOL
(INFO    ) [13:53:08|tosca_opt]  OBJ_FUNC value              :     1450.70
(INFO    ) [13:53:08|tosca_opt]  ==========================================================================
(INFO    ) [13:53:08|tosca_opt] |     Name of OBJ_FUNC_TERM      |   Value    |  Weight   |   Reference    |
(INFO    ) [13:53:08|tosca_opt]  ==========================================================================
(INFO    ) [13:53:08|tosca_opt] | DRESP_VOL_TOPO                 | 1450.7     | 1.0       | 0.0            |
(INFO    ) [13:53:08|tosca_opt]  ==========================================================================
(INFO    ) [13:53:08|tosca_opt] * SIMULIA Tosca Structure INFORMATION *
(INFO    ) [13:53:08|tosca_opt] Writing CONSTRAINTs with default normalization.
(INFO    ) [13:53:08|tosca_opt] For NORM value  <= 1.0   -->    CONSTRAINT is OK ( For all CONSTRAINT types )
(INFO    ) [13:53:08|tosca_opt]  ==========================================================================
(INFO    ) [13:53:08|tosca_opt] |  Name of CONSTRAINT  |  Act. Value  | Op.  | Target  |   Norm   | Status |
(INFO    ) [13:53:08|tosca_opt]  ==========================================================================
(INFO    ) [13:53:08|tosca_opt] | DISP_CONSTRAINT      | 5.98635e-2   | <=   | 6.e-2   | 0.997724 | TRUE   |
(INFO    ) [13:53:08|tosca_opt]  ==========================================================================
(INFO    ) [13:53:10|tosca_opt]  --------------------------------------------------------------------------
(INFO    ) [13:53:10|tosca_opt] | Some STOP CRITERIA NOT satisfied this iteration                          |
(INFO    ) [13:53:10|tosca_opt]  --------------------------------------------------------------------------
(INFO    ) [13:53:10|tosca_opt]  --------------------------------------------------------------------------
(INFO    ) [13:53:10|tosca_opt] | End of DESIGN CYCLE NUMBER: 50                                           |
(INFO    ) [13:53:10|tosca_opt]  --------------------------------------------------------------------------
(INFO    ) [13:53:11|tosca_opt] Application finished successfully
(INFO    ) [13:53:11|tosca_driver] Module SMATsoToscaOpt has finished with exit code 0
(INFO    ) [13:53:11|tosca_driver] Calling: /uufs/chpc.utah.edu/sys/installdir/abaqus/2025/linux_a64/code/bin/SMATrtOptResExportTool --loglevel INFO --cycle 50 --onf_output ON
(INFO    ) [13:53:11|opt_res_export_tool] SIMULIA Tosca Structure.opt_res_export_tool - version 3DEXPERIENCE R2025x - build R427 - 20240925T190012Z 64 bit
(INFO    ) [13:53:11|opt_res_export_tool] Extracting results from opt_res_database
(INFO    ) [13:53:11|opt_res_export_tool] SIMULIA Tosca Structure.opt_res_export_tool finished successfully
(INFO    ) [13:53:11|tosca_driver] Module SMATrtOptResExportTool has finished with exit code 0
(NOTICE  ) [13:53:11|tosca_driver] Design cycle 51 started on 2026-02-19
(NOTICE  ) [13:53:11|tosca_driver] Starting Abaqus analysis - design cycle 51
(INFO    ) [13:53:11|tosca_driver] Activating the solver
(INFO    ) [13:53:11|tosca_driver] Calling hooks before module abaqus
(INFO    ) [13:53:11|tosca_driver] Calling: /uufs/chpc.utah.edu/sys/installdir/abaqus/2025/linux_a64/code/bin/SMATsoAbaqusTsProvider -j airbeam_vol --cycle 51
(INFO    ) [13:53:11|hook] Timestamp file written successfully
(INFO    ) [13:53:11|tosca_driver] Module hook has finished with exit code 0
(INFO    ) [13:53:12|tosca_driver] Fe-solver abaqus finished with job airbeam_vol.inp
(INFO    ) [13:53:12|tosca_driver] Elapsed time (inc. overhead): 0:00:00.702385
(INFO    ) [13:53:12|tosca_driver] Elapsed time of abaqus : 0:00:00.756481  -  current time : 13:53:12.107297
(INFO    ) [13:53:12|tosca_driver] Solution complete
(INFO    ) [13:53:12|tosca_driver] Checking solver output file: /uufs/chpc.utah.edu/common/home/u6074059/Abaqus/paper_reproduction/experiment7/run_7b/airbeam_abq/airbeam_vol.msg
(INFO    ) [13:53:12|tosca_driver] Searching for success check string: "THE ANALYSIS HAS BEEN COMPLETED"
(INFO    ) [13:53:12|tosca_driver] Calling: /uufs/chpc.utah.edu/sys/installdir/abaqus/2025/linux_a64/code/bin/SMATsoOdbToVtmMain --solver abaqus --loglevel INFO --format_matrices sim --cycle 51 --perturbation 0 /uufs/chpc.utah.edu/common/home/u6074059/Abaqus/paper_reproduction/experiment7/run_7b/airbeam_abq/airbeam_vol
(INFO    ) [13:53:12|odb_to_vtm] SIMULIA Tosca Structure.odb_to_vtm - version 3DEXPERIENCE R2025x - build R427 - 20240925T190012Z 64 bit
(INFO    ) [13:53:12|odb_to_vtm] Reading Abaqus ODB output file /uufs/chpc.utah.edu/common/home/u6074059/Abaqus/paper_reproduction/experiment7/run_7b/airbeam_abq/airbeam_vol
(INFO    ) [13:53:12|odb_to_vtm] Reading results from the Abaqus result database /uufs/chpc.utah.edu/common/home/u6074059/Abaqus/paper_reproduction/experiment7/run_7b/airbeam_abq/airbeam_vol.odb
(INFO    ) [13:53:12|odb_to_vtm] SIMULIA Tosca Structure.odb_to_vtm finished successfully
(INFO    ) [13:53:12|tosca_driver] Module SMATsoOdbToVtmMain has finished with exit code 0
(NOTICE  ) [13:53:12|tosca_driver] Starting Tosca Structure optimization module - design cycle 51
(INFO    ) [13:53:12|tosca_driver] Calling: /uufs/chpc.utah.edu/sys/installdir/abaqus/2025/linux_a64/code/bin/SMATsoToscaOpt --loglevel INFO
(INFO    ) [13:53:12|tosca_opt] SIMULIA Tosca Structure.tosca_opt - version 3DEXPERIENCE R2025x - build R427 - 20240925T190012Z 64 bit
(INFO    ) [13:53:12|tosca_opt]  --------------------------------------------------------------------------
(INFO    ) [13:53:12|tosca_opt] |                ___  ___  __  __  _   _  _     ___    _                   |
(INFO    ) [13:53:12|tosca_opt] |               / __||_ _||  \/  || | | || |   |_ _|  /_\                  |
(INFO    ) [13:53:12|tosca_opt] |               \__ \ | | | |\/| || |_| || |__  | |  / _ \                 |
(INFO    ) [13:53:12|tosca_opt] |               |___/|___||_|  |_| \___/ |____||___|/_/ \_\                |
(INFO    ) [13:53:12|tosca_opt] |                        _____                                             |
(INFO    ) [13:53:12|tosca_opt] |                       |_   _|___  ___ __  __ _                           |
(INFO    ) [13:53:12|tosca_opt] |                         | | / _ \(_-</ _|/ _` |                          |
(INFO    ) [13:53:12|tosca_opt] |                         |_| \___//__/\__|\__,_|                          |
(INFO    ) [13:53:12|tosca_opt] |              ___  _                   _                                  |
(INFO    ) [13:53:12|tosca_opt] |             / __|| |_  _ _  _  _  __ | |_  _  _  _ _  ___                |
(INFO    ) [13:53:12|tosca_opt] |             \__ \|  _|| `_|| || |/ _||  _|| || || `_|/ -_)               |
(INFO    ) [13:53:12|tosca_opt] |             |___/ \__||_|   \_,_|\__| \__| \_,_||_|  \___|               |
(INFO    ) [13:53:12|tosca_opt] |                                                                          |
(INFO    ) [13:53:12|tosca_opt]  --------------------------------------------------------------------------
(INFO    ) [13:53:12|tosca_opt] | Version 3DEXPERIENCE R2025x                                              |
(INFO    ) [13:53:12|tosca_opt] | DATE:   2026-02-19                                                       |
(INFO    ) [13:53:12|tosca_opt]  --------------------------------------------------------------------------
(INFO    ) [13:53:13|tosca_opt]  --------------------------------------------------------------------------
(INFO    ) [13:53:13|tosca_opt] | Begin of DESIGN CYCLE NUMBER: 51                                         |
(INFO    ) [13:53:13|tosca_opt]  --------------------------------------------------------------------------
(INFO    ) [13:53:13|tosca_opt] Checking for existence of results
(INFO    ) [13:53:13|tosca_opt]  --------------------------------------------------------------------------
(INFO    ) [13:53:13|tosca_opt] | ANALYZE VALUE OF VARIABLES before OPTIMIZATION                           |
(INFO    ) [13:53:13|tosca_opt]  --------------------------------------------------------------------------
(INFO    ) [13:53:13|tosca_opt]  --------------------------------------------------------------------------
(INFO    ) [13:53:13|tosca_opt] | Convergence Criteria in Design Cycle 51                                  |
(INFO    ) [13:53:13|tosca_opt]  --------------------------------------------------------------------------
(INFO    ) [13:53:13|tosca_opt] Optimization converged. Both criteria checked.
(INFO    ) [13:53:13|tosca_opt] Local objective function criterion : NOT_FULFILLED (Actual change / target:    0.00174/   0.00100)
(INFO    ) [13:53:13|tosca_opt] Local design variables criterion   : FULFILLED     (Actual change / target:    0.00410/   0.00500)
(INFO    ) [13:53:13|tosca_opt] Global stop criterion              : NOT_FULFILLED (Max number of design cycles :  80)
(INFO    ) [13:53:13|tosca_opt] 
(INFO    ) [13:53:13|tosca_opt]  --------------------------------------------------------------------------
(INFO    ) [13:53:13|tosca_opt] | ANALYZE VALUE OF VARIABLES after OPTIMIZATION                            |
(INFO    ) [13:53:13|tosca_opt]  --------------------------------------------------------------------------
(INFO    ) [13:53:13|tosca_opt]  --------------------------------------------------------------------------
(INFO    ) [13:53:13|tosca_opt] | VARIABLES and DESIGN RESPONSES                                           |
(INFO    ) [13:53:13|tosca_opt]  --------------------------------------------------------------------------
(INFO    ) [13:53:13|tosca_opt]  DRESP_SUM_ENERGY                          :    2.3645
(INFO    ) [13:53:13|tosca_opt]  DRESP_VOL_TOPO                            :    1448.5
(INFO    ) [13:53:13|tosca_opt]  DRESP_DISP1_ABS_MAX                       :   0.59894E-01
(INFO    ) [13:53:13|tosca_opt]  --------------------------------------------------------------------------
(INFO    ) [13:53:13|tosca_opt]  --------------------------------------------------------------------------
(INFO    ) [13:53:13|tosca_opt] | Report of OPTIMIZATION Results                                           |
(INFO    ) [13:53:13|tosca_opt]  --------------------------------------------------------------------------
(INFO    ) [13:53:13|tosca_opt]  DESIGN CYCLE                :  51
(INFO    ) [13:53:13|tosca_opt]  OPTIMIZE name               : TOPOLOGY_OPTIMIZATION
(INFO    ) [13:53:13|tosca_opt]  OBJ_FUNC name               : MIN_VOL
(INFO    ) [13:53:13|tosca_opt]  OBJ_FUNC value              :     1448.46
(INFO    ) [13:53:13|tosca_opt]  ==========================================================================
(INFO    ) [13:53:13|tosca_opt] |     Name of OBJ_FUNC_TERM      |   Value    |   Weight   |   Reference   |
(INFO    ) [13:53:13|tosca_opt]  ==========================================================================
(INFO    ) [13:53:13|tosca_opt] | DRESP_VOL_TOPO                 | 1448.46    | 1.0        | 0.0           |
(INFO    ) [13:53:13|tosca_opt]  ==========================================================================
(INFO    ) [13:53:13|tosca_opt] * SIMULIA Tosca Structure INFORMATION *
(INFO    ) [13:53:13|tosca_opt] Writing CONSTRAINTs with default normalization.
(INFO    ) [13:53:13|tosca_opt] For NORM value  <= 1.0   -->    CONSTRAINT is OK ( For all CONSTRAINT types )
(INFO    ) [13:53:13|tosca_opt]  ==========================================================================
(INFO    ) [13:53:13|tosca_opt] |  Name of CONSTRAINT  |  Act. Value  | Op.  | Target  |   Norm   | Status |
(INFO    ) [13:53:13|tosca_opt]  ==========================================================================
(INFO    ) [13:53:13|tosca_opt] | DISP_CONSTRAINT      | 5.98944e-2   | <=   | 6.e-2   | 0.998239 | TRUE   |
(INFO    ) [13:53:13|tosca_opt]  ==========================================================================
(INFO    ) [13:53:16|tosca_opt]  --------------------------------------------------------------------------
(INFO    ) [13:53:16|tosca_opt] | Some STOP CRITERIA NOT satisfied this iteration                          |
(INFO    ) [13:53:16|tosca_opt]  --------------------------------------------------------------------------
(INFO    ) [13:53:16|tosca_opt]  --------------------------------------------------------------------------
(INFO    ) [13:53:16|tosca_opt] | End of DESIGN CYCLE NUMBER: 51                                           |
(INFO    ) [13:53:16|tosca_opt]  --------------------------------------------------------------------------
(INFO    ) [13:53:16|tosca_opt] Application finished successfully
(INFO    ) [13:53:16|tosca_driver] Module SMATsoToscaOpt has finished with exit code 0
(INFO    ) [13:53:16|tosca_driver] Calling: /uufs/chpc.utah.edu/sys/installdir/abaqus/2025/linux_a64/code/bin/SMATrtOptResExportTool --loglevel INFO --cycle 51 --onf_output ON
(INFO    ) [13:53:16|opt_res_export_tool] SIMULIA Tosca Structure.opt_res_export_tool - version 3DEXPERIENCE R2025x - build R427 - 20240925T190012Z 64 bit
(INFO    ) [13:53:16|opt_res_export_tool] Extracting results from opt_res_database
(INFO    ) [13:53:16|opt_res_export_tool] SIMULIA Tosca Structure.opt_res_export_tool finished successfully
(INFO    ) [13:53:16|tosca_driver] Module SMATrtOptResExportTool has finished with exit code 0
(NOTICE  ) [13:53:16|tosca_driver] Design cycle 52 started on 2026-02-19
(NOTICE  ) [13:53:16|tosca_driver] Starting Abaqus analysis - design cycle 52
(INFO    ) [13:53:16|tosca_driver] Activating the solver
(INFO    ) [13:53:16|tosca_driver] Calling hooks before module abaqus
(INFO    ) [13:53:16|tosca_driver] Calling: /uufs/chpc.utah.edu/sys/installdir/abaqus/2025/linux_a64/code/bin/SMATsoAbaqusTsProvider -j airbeam_vol --cycle 52
(INFO    ) [13:53:16|hook] Timestamp file written successfully
(INFO    ) [13:53:16|tosca_driver] Module hook has finished with exit code 0
(INFO    ) [13:53:17|tosca_driver] Fe-solver abaqus finished with job airbeam_vol.inp
(INFO    ) [13:53:17|tosca_driver] Elapsed time (inc. overhead): 0:00:00.901364
(INFO    ) [13:53:17|tosca_driver] Elapsed time of abaqus : 0:00:00.954458  -  current time : 13:53:17.801728
(INFO    ) [13:53:17|tosca_driver] Solution complete
(INFO    ) [13:53:17|tosca_driver] Checking solver output file: /uufs/chpc.utah.edu/common/home/u6074059/Abaqus/paper_reproduction/experiment7/run_7b/airbeam_abq/airbeam_vol.msg
(INFO    ) [13:53:17|tosca_driver] Searching for success check string: "THE ANALYSIS HAS BEEN COMPLETED"
(INFO    ) [13:53:17|tosca_driver] Calling: /uufs/chpc.utah.edu/sys/installdir/abaqus/2025/linux_a64/code/bin/SMATsoOdbToVtmMain --solver abaqus --loglevel INFO --format_matrices sim --cycle 52 --perturbation 0 /uufs/chpc.utah.edu/common/home/u6074059/Abaqus/paper_reproduction/experiment7/run_7b/airbeam_abq/airbeam_vol
(INFO    ) [13:53:17|odb_to_vtm] SIMULIA Tosca Structure.odb_to_vtm - version 3DEXPERIENCE R2025x - build R427 - 20240925T190012Z 64 bit
(INFO    ) [13:53:17|odb_to_vtm] Reading Abaqus ODB output file /uufs/chpc.utah.edu/common/home/u6074059/Abaqus/paper_reproduction/experiment7/run_7b/airbeam_abq/airbeam_vol
(INFO    ) [13:53:18|odb_to_vtm] Reading results from the Abaqus result database /uufs/chpc.utah.edu/common/home/u6074059/Abaqus/paper_reproduction/experiment7/run_7b/airbeam_abq/airbeam_vol.odb
(INFO    ) [13:53:18|odb_to_vtm] SIMULIA Tosca Structure.odb_to_vtm finished successfully
(INFO    ) [13:53:18|tosca_driver] Module SMATsoOdbToVtmMain has finished with exit code 0
(NOTICE  ) [13:53:18|tosca_driver] Starting Tosca Structure optimization module - design cycle 52
(INFO    ) [13:53:18|tosca_driver] Calling: /uufs/chpc.utah.edu/sys/installdir/abaqus/2025/linux_a64/code/bin/SMATsoToscaOpt --loglevel INFO
(INFO    ) [13:53:18|tosca_opt] SIMULIA Tosca Structure.tosca_opt - version 3DEXPERIENCE R2025x - build R427 - 20240925T190012Z 64 bit
(INFO    ) [13:53:18|tosca_opt]  --------------------------------------------------------------------------
(INFO    ) [13:53:18|tosca_opt] |                ___  ___  __  __  _   _  _     ___    _                   |
(INFO    ) [13:53:18|tosca_opt] |               / __||_ _||  \/  || | | || |   |_ _|  /_\                  |
(INFO    ) [13:53:18|tosca_opt] |               \__ \ | | | |\/| || |_| || |__  | |  / _ \                 |
(INFO    ) [13:53:18|tosca_opt] |               |___/|___||_|  |_| \___/ |____||___|/_/ \_\                |
(INFO    ) [13:53:18|tosca_opt] |                        _____                                             |
(INFO    ) [13:53:18|tosca_opt] |                       |_   _|___  ___ __  __ _                           |
(INFO    ) [13:53:18|tosca_opt] |                         | | / _ \(_-</ _|/ _` |                          |
(INFO    ) [13:53:18|tosca_opt] |                         |_| \___//__/\__|\__,_|                          |
(INFO    ) [13:53:18|tosca_opt] |              ___  _                   _                                  |
(INFO    ) [13:53:18|tosca_opt] |             / __|| |_  _ _  _  _  __ | |_  _  _  _ _  ___                |
(INFO    ) [13:53:18|tosca_opt] |             \__ \|  _|| `_|| || |/ _||  _|| || || `_|/ -_)               |
(INFO    ) [13:53:18|tosca_opt] |             |___/ \__||_|   \_,_|\__| \__| \_,_||_|  \___|               |
(INFO    ) [13:53:18|tosca_opt] |                                                                          |
(INFO    ) [13:53:18|tosca_opt]  --------------------------------------------------------------------------
(INFO    ) [13:53:18|tosca_opt] | Version 3DEXPERIENCE R2025x                                              |
(INFO    ) [13:53:18|tosca_opt] | DATE:   2026-02-19                                                       |
(INFO    ) [13:53:18|tosca_opt]  --------------------------------------------------------------------------
(INFO    ) [13:53:18|tosca_opt]  --------------------------------------------------------------------------
(INFO    ) [13:53:18|tosca_opt] | Begin of DESIGN CYCLE NUMBER: 52                                         |
(INFO    ) [13:53:18|tosca_opt]  --------------------------------------------------------------------------
(INFO    ) [13:53:18|tosca_opt] Checking for existence of results
(INFO    ) [13:53:18|tosca_opt]  --------------------------------------------------------------------------
(INFO    ) [13:53:18|tosca_opt] | ANALYZE VALUE OF VARIABLES before OPTIMIZATION                           |
(INFO    ) [13:53:18|tosca_opt]  --------------------------------------------------------------------------
(INFO    ) [13:53:18|tosca_opt]  --------------------------------------------------------------------------
(INFO    ) [13:53:18|tosca_opt] | Convergence Criteria in Design Cycle 52                                  |
(INFO    ) [13:53:18|tosca_opt]  --------------------------------------------------------------------------
(INFO    ) [13:53:18|tosca_opt] Optimization converged. Both criteria checked.
(INFO    ) [13:53:18|tosca_opt] Local objective function criterion : NOT_FULFILLED (Actual change / target:    0.00136/   0.00100)
(INFO    ) [13:53:18|tosca_opt] Local design variables criterion   : FULFILLED     (Actual change / target:    0.00365/   0.00500)
(INFO    ) [13:53:18|tosca_opt] Global stop criterion              : NOT_FULFILLED (Max number of design cycles :  80)
(INFO    ) [13:53:18|tosca_opt] 
(INFO    ) [13:53:19|tosca_opt]  --------------------------------------------------------------------------
(INFO    ) [13:53:19|tosca_opt] | ANALYZE VALUE OF VARIABLES after OPTIMIZATION                            |
(INFO    ) [13:53:19|tosca_opt]  --------------------------------------------------------------------------
(INFO    ) [13:53:19|tosca_opt]  --------------------------------------------------------------------------
(INFO    ) [13:53:19|tosca_opt] | VARIABLES and DESIGN RESPONSES                                           |
(INFO    ) [13:53:19|tosca_opt]  --------------------------------------------------------------------------
(INFO    ) [13:53:19|tosca_opt]  DRESP_SUM_ENERGY                          :    2.3634
(INFO    ) [13:53:19|tosca_opt]  DRESP_VOL_TOPO                            :    1446.7
(INFO    ) [13:53:19|tosca_opt]  DRESP_DISP1_ABS_MAX                       :   0.59867E-01
(INFO    ) [13:53:19|tosca_opt]  --------------------------------------------------------------------------
(INFO    ) [13:53:19|tosca_opt]  --------------------------------------------------------------------------
(INFO    ) [13:53:19|tosca_opt] | Report of OPTIMIZATION Results                                           |
(INFO    ) [13:53:19|tosca_opt]  --------------------------------------------------------------------------
(INFO    ) [13:53:19|tosca_opt]  DESIGN CYCLE                :  52
(INFO    ) [13:53:19|tosca_opt]  OPTIMIZE name               : TOPOLOGY_OPTIMIZATION
(INFO    ) [13:53:19|tosca_opt]  OBJ_FUNC name               : MIN_VOL
(INFO    ) [13:53:19|tosca_opt]  OBJ_FUNC value              :     1446.71
(INFO    ) [13:53:19|tosca_opt]  ==========================================================================
(INFO    ) [13:53:19|tosca_opt] |     Name of OBJ_FUNC_TERM      |   Value    |   Weight   |   Reference   |
(INFO    ) [13:53:19|tosca_opt]  ==========================================================================
(INFO    ) [13:53:19|tosca_opt] | DRESP_VOL_TOPO                 | 1446.71    | 1.0        | 0.0           |
(INFO    ) [13:53:19|tosca_opt]  ==========================================================================
(INFO    ) [13:53:19|tosca_opt] * SIMULIA Tosca Structure INFORMATION *
(INFO    ) [13:53:19|tosca_opt] Writing CONSTRAINTs with default normalization.
(INFO    ) [13:53:19|tosca_opt] For NORM value  <= 1.0   -->    CONSTRAINT is OK ( For all CONSTRAINT types )
(INFO    ) [13:53:19|tosca_opt]  ==========================================================================
(INFO    ) [13:53:19|tosca_opt] |  Name of CONSTRAINT  |  Act. Value  | Op.  | Target  |   Norm   | Status |
(INFO    ) [13:53:19|tosca_opt]  ==========================================================================
(INFO    ) [13:53:19|tosca_opt] | DISP_CONSTRAINT      | 5.98672e-2   | <=   | 6.e-2   | 0.997787 | TRUE   |
(INFO    ) [13:53:19|tosca_opt]  ==========================================================================
(INFO    ) [13:53:22|tosca_opt]  --------------------------------------------------------------------------
(INFO    ) [13:53:22|tosca_opt] | Some STOP CRITERIA NOT satisfied this iteration                          |
(INFO    ) [13:53:22|tosca_opt]  --------------------------------------------------------------------------
(INFO    ) [13:53:22|tosca_opt]  --------------------------------------------------------------------------
(INFO    ) [13:53:22|tosca_opt] | End of DESIGN CYCLE NUMBER: 52                                           |
(INFO    ) [13:53:22|tosca_opt]  --------------------------------------------------------------------------
(INFO    ) [13:53:22|tosca_opt] Application finished successfully
(INFO    ) [13:53:22|tosca_driver] Module SMATsoToscaOpt has finished with exit code 0
(INFO    ) [13:53:22|tosca_driver] Calling: /uufs/chpc.utah.edu/sys/installdir/abaqus/2025/linux_a64/code/bin/SMATrtOptResExportTool --loglevel INFO --cycle 52 --onf_output ON
(INFO    ) [13:53:22|opt_res_export_tool] SIMULIA Tosca Structure.opt_res_export_tool - version 3DEXPERIENCE R2025x - build R427 - 20240925T190012Z 64 bit
(INFO    ) [13:53:22|opt_res_export_tool] Extracting results from opt_res_database
(INFO    ) [13:53:22|opt_res_export_tool] SIMULIA Tosca Structure.opt_res_export_tool finished successfully
(INFO    ) [13:53:22|tosca_driver] Module SMATrtOptResExportTool has finished with exit code 0
(NOTICE  ) [13:53:23|tosca_driver] Design cycle 53 started on 2026-02-19
(NOTICE  ) [13:53:23|tosca_driver] Starting Abaqus analysis - design cycle 53
(INFO    ) [13:53:23|tosca_driver] Activating the solver
(INFO    ) [13:53:23|tosca_driver] Calling hooks before module abaqus
(INFO    ) [13:53:23|tosca_driver] Calling: /uufs/chpc.utah.edu/sys/installdir/abaqus/2025/linux_a64/code/bin/SMATsoAbaqusTsProvider -j airbeam_vol --cycle 53
(INFO    ) [13:53:23|hook] Timestamp file written successfully
(INFO    ) [13:53:23|tosca_driver] Module hook has finished with exit code 0
(INFO    ) [13:53:24|tosca_driver] Fe-solver abaqus finished with job airbeam_vol.inp
(INFO    ) [13:53:24|tosca_driver] Elapsed time (inc. overhead): 0:00:00.801332
(INFO    ) [13:53:24|tosca_driver] Elapsed time of abaqus : 0:00:00.874864  -  current time : 13:53:24.148500
(INFO    ) [13:53:24|tosca_driver] Solution complete
(INFO    ) [13:53:24|tosca_driver] Checking solver output file: /uufs/chpc.utah.edu/common/home/u6074059/Abaqus/paper_reproduction/experiment7/run_7b/airbeam_abq/airbeam_vol.msg
(INFO    ) [13:53:24|tosca_driver] Searching for success check string: "THE ANALYSIS HAS BEEN COMPLETED"
(INFO    ) [13:53:24|tosca_driver] Calling: /uufs/chpc.utah.edu/sys/installdir/abaqus/2025/linux_a64/code/bin/SMATsoOdbToVtmMain --solver abaqus --loglevel INFO --format_matrices sim --cycle 53 --perturbation 0 /uufs/chpc.utah.edu/common/home/u6074059/Abaqus/paper_reproduction/experiment7/run_7b/airbeam_abq/airbeam_vol
(INFO    ) [13:53:24|odb_to_vtm] SIMULIA Tosca Structure.odb_to_vtm - version 3DEXPERIENCE R2025x - build R427 - 20240925T190012Z 64 bit
(INFO    ) [13:53:24|odb_to_vtm] Reading Abaqus ODB output file /uufs/chpc.utah.edu/common/home/u6074059/Abaqus/paper_reproduction/experiment7/run_7b/airbeam_abq/airbeam_vol
(INFO    ) [13:53:24|odb_to_vtm] Reading results from the Abaqus result database /uufs/chpc.utah.edu/common/home/u6074059/Abaqus/paper_reproduction/experiment7/run_7b/airbeam_abq/airbeam_vol.odb
(INFO    ) [13:53:24|odb_to_vtm] SIMULIA Tosca Structure.odb_to_vtm finished successfully
(INFO    ) [13:53:24|tosca_driver] Module SMATsoOdbToVtmMain has finished with exit code 0
(NOTICE  ) [13:53:24|tosca_driver] Starting Tosca Structure optimization module - design cycle 53
(INFO    ) [13:53:24|tosca_driver] Calling: /uufs/chpc.utah.edu/sys/installdir/abaqus/2025/linux_a64/code/bin/SMATsoToscaOpt --loglevel INFO
(INFO    ) [13:53:24|tosca_opt] SIMULIA Tosca Structure.tosca_opt - version 3DEXPERIENCE R2025x - build R427 - 20240925T190012Z 64 bit
(INFO    ) [13:53:24|tosca_opt]  --------------------------------------------------------------------------
(INFO    ) [13:53:24|tosca_opt] |                ___  ___  __  __  _   _  _     ___    _                   |
(INFO    ) [13:53:24|tosca_opt] |               / __||_ _||  \/  || | | || |   |_ _|  /_\                  |
(INFO    ) [13:53:24|tosca_opt] |               \__ \ | | | |\/| || |_| || |__  | |  / _ \                 |
(INFO    ) [13:53:24|tosca_opt] |               |___/|___||_|  |_| \___/ |____||___|/_/ \_\                |
(INFO    ) [13:53:24|tosca_opt] |                        _____                                             |
(INFO    ) [13:53:24|tosca_opt] |                       |_   _|___  ___ __  __ _                           |
(INFO    ) [13:53:24|tosca_opt] |                         | | / _ \(_-</ _|/ _` |                          |
(INFO    ) [13:53:24|tosca_opt] |                         |_| \___//__/\__|\__,_|                          |
(INFO    ) [13:53:24|tosca_opt] |              ___  _                   _                                  |
(INFO    ) [13:53:24|tosca_opt] |             / __|| |_  _ _  _  _  __ | |_  _  _  _ _  ___                |
(INFO    ) [13:53:24|tosca_opt] |             \__ \|  _|| `_|| || |/ _||  _|| || || `_|/ -_)               |
(INFO    ) [13:53:24|tosca_opt] |             |___/ \__||_|   \_,_|\__| \__| \_,_||_|  \___|               |
(INFO    ) [13:53:24|tosca_opt] |                                                                          |
(INFO    ) [13:53:24|tosca_opt]  --------------------------------------------------------------------------
(INFO    ) [13:53:24|tosca_opt] | Version 3DEXPERIENCE R2025x                                              |
(INFO    ) [13:53:24|tosca_opt] | DATE:   2026-02-19                                                       |
(INFO    ) [13:53:24|tosca_opt]  --------------------------------------------------------------------------
(INFO    ) [13:53:25|tosca_opt]  --------------------------------------------------------------------------
(INFO    ) [13:53:25|tosca_opt] | Begin of DESIGN CYCLE NUMBER: 53                                         |
(INFO    ) [13:53:25|tosca_opt]  --------------------------------------------------------------------------
(INFO    ) [13:53:25|tosca_opt] Checking for existence of results
(INFO    ) [13:53:25|tosca_opt]  --------------------------------------------------------------------------
(INFO    ) [13:53:25|tosca_opt] | ANALYZE VALUE OF VARIABLES before OPTIMIZATION                           |
(INFO    ) [13:53:25|tosca_opt]  --------------------------------------------------------------------------
(INFO    ) [13:53:25|tosca_opt]  --------------------------------------------------------------------------
(INFO    ) [13:53:25|tosca_opt] | Convergence Criteria in Design Cycle 53                                  |
(INFO    ) [13:53:25|tosca_opt]  --------------------------------------------------------------------------
(INFO    ) [13:53:25|tosca_opt] Optimization converged. Both criteria checked.
(INFO    ) [13:53:25|tosca_opt] Local objective function criterion : NOT_FULFILLED (Actual change / target:    0.00157/   0.00100)
(INFO    ) [13:53:25|tosca_opt] Local design variables criterion   : FULFILLED     (Actual change / target:    0.00293/   0.00500)
(INFO    ) [13:53:25|tosca_opt] Global stop criterion              : NOT_FULFILLED (Max number of design cycles :  80)
(INFO    ) [13:53:25|tosca_opt] 
(INFO    ) [13:53:25|tosca_opt]  --------------------------------------------------------------------------
(INFO    ) [13:53:25|tosca_opt] | ANALYZE VALUE OF VARIABLES after OPTIMIZATION                            |
(INFO    ) [13:53:25|tosca_opt]  --------------------------------------------------------------------------
(INFO    ) [13:53:25|tosca_opt]  --------------------------------------------------------------------------
(INFO    ) [13:53:25|tosca_opt] | VARIABLES and DESIGN RESPONSES                                           |
(INFO    ) [13:53:25|tosca_opt]  --------------------------------------------------------------------------
(INFO    ) [13:53:25|tosca_opt]  DRESP_SUM_ENERGY                          :    2.3660
(INFO    ) [13:53:25|tosca_opt]  DRESP_VOL_TOPO                            :    1444.7
(INFO    ) [13:53:25|tosca_opt]  DRESP_DISP1_ABS_MAX                       :   0.59936E-01
(INFO    ) [13:53:25|tosca_opt]  --------------------------------------------------------------------------
(INFO    ) [13:53:25|tosca_opt]  --------------------------------------------------------------------------
(INFO    ) [13:53:25|tosca_opt] | Report of OPTIMIZATION Results                                           |
(INFO    ) [13:53:25|tosca_opt]  --------------------------------------------------------------------------
(INFO    ) [13:53:25|tosca_opt]  DESIGN CYCLE                :  53
(INFO    ) [13:53:25|tosca_opt]  OPTIMIZE name               : TOPOLOGY_OPTIMIZATION
(INFO    ) [13:53:25|tosca_opt]  OBJ_FUNC name               : MIN_VOL
(INFO    ) [13:53:25|tosca_opt]  OBJ_FUNC value              :     1444.70
(INFO    ) [13:53:25|tosca_opt]  ==========================================================================
(INFO    ) [13:53:25|tosca_opt] |     Name of OBJ_FUNC_TERM      |   Value    |  Weight   |   Reference    |
(INFO    ) [13:53:25|tosca_opt]  ==========================================================================
(INFO    ) [13:53:25|tosca_opt] | DRESP_VOL_TOPO                 | 1444.7     | 1.0       | 0.0            |
(INFO    ) [13:53:25|tosca_opt]  ==========================================================================
(INFO    ) [13:53:25|tosca_opt] * SIMULIA Tosca Structure INFORMATION *
(INFO    ) [13:53:25|tosca_opt] Writing CONSTRAINTs with default normalization.
(INFO    ) [13:53:25|tosca_opt] For NORM value  <= 1.0   -->    CONSTRAINT is OK ( For all CONSTRAINT types )
(INFO    ) [13:53:25|tosca_opt]  ==========================================================================
(INFO    ) [13:53:25|tosca_opt] |  Name of CONSTRAINT  |  Act. Value  | Op. | Target  |   Norm   | Status  |
(INFO    ) [13:53:25|tosca_opt]  ==========================================================================
(INFO    ) [13:53:25|tosca_opt] | DISP_CONSTRAINT      | 5.99358e-2   | <=  | 6.e-2   | 0.99893  | TRUE    |
(INFO    ) [13:53:25|tosca_opt]  ==========================================================================
(INFO    ) [13:53:28|tosca_opt]  --------------------------------------------------------------------------
(INFO    ) [13:53:28|tosca_opt] | Some STOP CRITERIA NOT satisfied this iteration                          |
(INFO    ) [13:53:28|tosca_opt]  --------------------------------------------------------------------------
(INFO    ) [13:53:28|tosca_opt]  --------------------------------------------------------------------------
(INFO    ) [13:53:28|tosca_opt] | End of DESIGN CYCLE NUMBER: 53                                           |
(INFO    ) [13:53:28|tosca_opt]  --------------------------------------------------------------------------
(INFO    ) [13:53:28|tosca_opt] Application finished successfully
(INFO    ) [13:53:28|tosca_driver] Module SMATsoToscaOpt has finished with exit code 0
(INFO    ) [13:53:28|tosca_driver] Calling: /uufs/chpc.utah.edu/sys/installdir/abaqus/2025/linux_a64/code/bin/SMATrtOptResExportTool --loglevel INFO --cycle 53 --onf_output ON
(INFO    ) [13:53:28|opt_res_export_tool] SIMULIA Tosca Structure.opt_res_export_tool - version 3DEXPERIENCE R2025x - build R427 - 20240925T190012Z 64 bit
(INFO    ) [13:53:28|opt_res_export_tool] Extracting results from opt_res_database
(INFO    ) [13:53:28|opt_res_export_tool] SIMULIA Tosca Structure.opt_res_export_tool finished successfully
(INFO    ) [13:53:28|tosca_driver] Module SMATrtOptResExportTool has finished with exit code 0
(NOTICE  ) [13:53:29|tosca_driver] Design cycle 54 started on 2026-02-19
(NOTICE  ) [13:53:29|tosca_driver] Starting Abaqus analysis - design cycle 54
(INFO    ) [13:53:29|tosca_driver] Activating the solver
(INFO    ) [13:53:29|tosca_driver] Calling hooks before module abaqus
(INFO    ) [13:53:29|tosca_driver] Calling: /uufs/chpc.utah.edu/sys/installdir/abaqus/2025/linux_a64/code/bin/SMATsoAbaqusTsProvider -j airbeam_vol --cycle 54
(INFO    ) [13:53:29|hook] Timestamp file written successfully
(INFO    ) [13:53:29|tosca_driver] Module hook has finished with exit code 0
(INFO    ) [13:53:29|tosca_driver] Fe-solver abaqus finished with job airbeam_vol.inp
(INFO    ) [13:53:29|tosca_driver] Elapsed time (inc. overhead): 0:00:00.801314
(INFO    ) [13:53:29|tosca_driver] Elapsed time of abaqus : 0:00:00.851031  -  current time : 13:53:29.906257
(INFO    ) [13:53:29|tosca_driver] Solution complete
(INFO    ) [13:53:29|tosca_driver] Checking solver output file: /uufs/chpc.utah.edu/common/home/u6074059/Abaqus/paper_reproduction/experiment7/run_7b/airbeam_abq/airbeam_vol.msg
(INFO    ) [13:53:29|tosca_driver] Searching for success check string: "THE ANALYSIS HAS BEEN COMPLETED"
(INFO    ) [13:53:29|tosca_driver] Calling: /uufs/chpc.utah.edu/sys/installdir/abaqus/2025/linux_a64/code/bin/SMATsoOdbToVtmMain --solver abaqus --loglevel INFO --format_matrices sim --cycle 54 --perturbation 0 /uufs/chpc.utah.edu/common/home/u6074059/Abaqus/paper_reproduction/experiment7/run_7b/airbeam_abq/airbeam_vol
(INFO    ) [13:53:29|odb_to_vtm] SIMULIA Tosca Structure.odb_to_vtm - version 3DEXPERIENCE R2025x - build R427 - 20240925T190012Z 64 bit
(INFO    ) [13:53:30|odb_to_vtm] Reading Abaqus ODB output file /uufs/chpc.utah.edu/common/home/u6074059/Abaqus/paper_reproduction/experiment7/run_7b/airbeam_abq/airbeam_vol
(INFO    ) [13:53:30|odb_to_vtm] Reading results from the Abaqus result database /uufs/chpc.utah.edu/common/home/u6074059/Abaqus/paper_reproduction/experiment7/run_7b/airbeam_abq/airbeam_vol.odb
(INFO    ) [13:53:30|odb_to_vtm] SIMULIA Tosca Structure.odb_to_vtm finished successfully
(INFO    ) [13:53:30|tosca_driver] Module SMATsoOdbToVtmMain has finished with exit code 0
(NOTICE  ) [13:53:30|tosca_driver] Starting Tosca Structure optimization module - design cycle 54
(INFO    ) [13:53:30|tosca_driver] Calling: /uufs/chpc.utah.edu/sys/installdir/abaqus/2025/linux_a64/code/bin/SMATsoToscaOpt --loglevel INFO
(INFO    ) [13:53:30|tosca_opt] SIMULIA Tosca Structure.tosca_opt - version 3DEXPERIENCE R2025x - build R427 - 20240925T190012Z 64 bit
(INFO    ) [13:53:30|tosca_opt]  --------------------------------------------------------------------------
(INFO    ) [13:53:30|tosca_opt] |                ___  ___  __  __  _   _  _     ___    _                   |
(INFO    ) [13:53:30|tosca_opt] |               / __||_ _||  \/  || | | || |   |_ _|  /_\                  |
(INFO    ) [13:53:30|tosca_opt] |               \__ \ | | | |\/| || |_| || |__  | |  / _ \                 |
(INFO    ) [13:53:30|tosca_opt] |               |___/|___||_|  |_| \___/ |____||___|/_/ \_\                |
(INFO    ) [13:53:30|tosca_opt] |                        _____                                             |
(INFO    ) [13:53:30|tosca_opt] |                       |_   _|___  ___ __  __ _                           |
(INFO    ) [13:53:30|tosca_opt] |                         | | / _ \(_-</ _|/ _` |                          |
(INFO    ) [13:53:30|tosca_opt] |                         |_| \___//__/\__|\__,_|                          |
(INFO    ) [13:53:30|tosca_opt] |              ___  _                   _                                  |
(INFO    ) [13:53:30|tosca_opt] |             / __|| |_  _ _  _  _  __ | |_  _  _  _ _  ___                |
(INFO    ) [13:53:30|tosca_opt] |             \__ \|  _|| `_|| || |/ _||  _|| || || `_|/ -_)               |
(INFO    ) [13:53:30|tosca_opt] |             |___/ \__||_|   \_,_|\__| \__| \_,_||_|  \___|               |
(INFO    ) [13:53:30|tosca_opt] |                                                                          |
(INFO    ) [13:53:30|tosca_opt]  --------------------------------------------------------------------------
(INFO    ) [13:53:30|tosca_opt] | Version 3DEXPERIENCE R2025x                                              |
(INFO    ) [13:53:30|tosca_opt] | DATE:   2026-02-19                                                       |
(INFO    ) [13:53:30|tosca_opt]  --------------------------------------------------------------------------
(INFO    ) [13:53:30|tosca_opt]  --------------------------------------------------------------------------
(INFO    ) [13:53:30|tosca_opt] | Begin of DESIGN CYCLE NUMBER: 54                                         |
(INFO    ) [13:53:30|tosca_opt]  --------------------------------------------------------------------------
(INFO    ) [13:53:30|tosca_opt] Checking for existence of results
(INFO    ) [13:53:30|tosca_opt]  --------------------------------------------------------------------------
(INFO    ) [13:53:30|tosca_opt] | ANALYZE VALUE OF VARIABLES before OPTIMIZATION                           |
(INFO    ) [13:53:30|tosca_opt]  --------------------------------------------------------------------------
(INFO    ) [13:53:31|tosca_opt]  --------------------------------------------------------------------------
(INFO    ) [13:53:31|tosca_opt] | Convergence Criteria in Design Cycle 54                                  |
(INFO    ) [13:53:31|tosca_opt]  --------------------------------------------------------------------------
(INFO    ) [13:53:31|tosca_opt] Optimization converged. Both criteria checked.
(INFO    ) [13:53:31|tosca_opt] Local objective function criterion : FULFILLED     (Actual change / target:    0.00086/   0.00100)
(INFO    ) [13:53:31|tosca_opt] Local design variables criterion   : FULFILLED     (Actual change / target:    0.00282/   0.00500)
(INFO    ) [13:53:31|tosca_opt] Global stop criterion              : NOT_FULFILLED (Max number of design cycles :  80)
(INFO    ) [13:53:31|tosca_opt] 
(INFO    ) [13:53:31|tosca_opt]  --------------------------------------------------------------------------
(INFO    ) [13:53:31|tosca_opt] | ANALYZE VALUE OF VARIABLES after OPTIMIZATION                            |
(INFO    ) [13:53:31|tosca_opt]  --------------------------------------------------------------------------
(INFO    ) [13:53:31|tosca_opt]  --------------------------------------------------------------------------
(INFO    ) [13:53:31|tosca_opt] | VARIABLES and DESIGN RESPONSES                                           |
(INFO    ) [13:53:31|tosca_opt]  --------------------------------------------------------------------------
(INFO    ) [13:53:31|tosca_opt]  DRESP_SUM_ENERGY                          :    2.3661
(INFO    ) [13:53:31|tosca_opt]  DRESP_VOL_TOPO                            :    1443.6
(INFO    ) [13:53:31|tosca_opt]  DRESP_DISP1_ABS_MAX                       :   0.59935E-01
(INFO    ) [13:53:31|tosca_opt]  --------------------------------------------------------------------------
(INFO    ) [13:53:31|tosca_opt]  --------------------------------------------------------------------------
(INFO    ) [13:53:31|tosca_opt] | Report of OPTIMIZATION Results                                           |
(INFO    ) [13:53:31|tosca_opt]  --------------------------------------------------------------------------
(INFO    ) [13:53:31|tosca_opt]  DESIGN CYCLE                :  54
(INFO    ) [13:53:31|tosca_opt]  OPTIMIZE name               : TOPOLOGY_OPTIMIZATION
(INFO    ) [13:53:31|tosca_opt]  OBJ_FUNC name               : MIN_VOL
(INFO    ) [13:53:31|tosca_opt]  OBJ_FUNC value              :     1443.60
(INFO    ) [13:53:31|tosca_opt]  ==========================================================================
(INFO    ) [13:53:31|tosca_opt] |     Name of OBJ_FUNC_TERM      |   Value    |  Weight   |   Reference    |
(INFO    ) [13:53:31|tosca_opt]  ==========================================================================
(INFO    ) [13:53:31|tosca_opt] | DRESP_VOL_TOPO                 | 1443.6     | 1.0       | 0.0            |
(INFO    ) [13:53:31|tosca_opt]  ==========================================================================
(INFO    ) [13:53:31|tosca_opt] * SIMULIA Tosca Structure INFORMATION *
(INFO    ) [13:53:31|tosca_opt] Writing CONSTRAINTs with default normalization.
(INFO    ) [13:53:31|tosca_opt] For NORM value  <= 1.0   -->    CONSTRAINT is OK ( For all CONSTRAINT types )
(INFO    ) [13:53:31|tosca_opt]  ==========================================================================
(INFO    ) [13:53:31|tosca_opt] |  Name of CONSTRAINT  |  Act. Value  | Op. | Target  |   Norm   | Status  |
(INFO    ) [13:53:31|tosca_opt]  ==========================================================================
(INFO    ) [13:53:31|tosca_opt] | DISP_CONSTRAINT      | 5.99352e-2   | <=  | 6.e-2   | 0.99892  | TRUE    |
(INFO    ) [13:53:31|tosca_opt]  ==========================================================================
(INFO    ) [13:53:35|tosca_opt]  --------------------------------------------------------------------------
(INFO    ) [13:53:35|tosca_opt] | STOP CONDITION satisfied for all OPTIMIZATION_AREA(s)                    |
(INFO    ) [13:53:35|tosca_opt]  --------------------------------------------------------------------------
(INFO    ) [13:53:35|tosca_opt]  --------------------------------------------------------------------------
(INFO    ) [13:53:35|tosca_opt] | End of DESIGN CYCLE NUMBER: 54                                           |
(INFO    ) [13:53:35|tosca_opt]  --------------------------------------------------------------------------
(INFO    ) [13:53:35|tosca_opt] Application finished successfully
(INFO    ) [13:53:35|tosca_driver] Module SMATsoToscaOpt has finished with exit code 0
(INFO    ) [13:53:35|tosca_driver] Calling: /uufs/chpc.utah.edu/sys/installdir/abaqus/2025/linux_a64/code/bin/SMATrtOptResExportTool --loglevel INFO --cycle 54 --onf_output ON
(INFO    ) [13:53:35|opt_res_export_tool] SIMULIA Tosca Structure.opt_res_export_tool - version 3DEXPERIENCE R2025x - build R427 - 20240925T190012Z 64 bit
(INFO    ) [13:53:35|opt_res_export_tool] Extracting results from opt_res_database
(INFO    ) [13:53:35|opt_res_export_tool] SIMULIA Tosca Structure.opt_res_export_tool finished successfully
(INFO    ) [13:53:35|tosca_driver] Module SMATrtOptResExportTool has finished with exit code 0
(NOTICE  ) [13:53:35|tosca_driver] Last design cycle completed
(NOTICE  ) [13:53:35|tosca_driver] Stopping solver process
(INFO    ) [13:53:36|abaqus] Thu 19 Feb 2026 01:53:35 PM MST
(INFO    ) [13:53:36|abaqus] End Abaqus/Standard Analysis
(INFO    ) [13:53:36|abaqus] Begin SIM Wrap-up
(INFO    ) [13:53:36|abaqus] Thu 19 Feb 2026 01:53:36 PM MST
(INFO    ) [13:53:36|abaqus] Run SMASimUtility
(INFO    ) [13:53:36|abaqus] Thu 19 Feb 2026 01:53:36 PM MST
(INFO    ) [13:53:36|abaqus] End SIM Wrap-up
(INFO    ) [13:53:36|abaqus] Abaqus JOB airbeam_vol COMPLETED
(INFO    ) [13:53:36|tosca_driver]  -------------------------------------------------------------------------- 
(INFO    ) [13:53:36|tosca_driver] | Solver standard output                                                   |
(INFO    ) [13:53:36|tosca_driver]  -------------------------------------------------------------------------- 
(INFO    ) [13:53:36|abaqus] Analysis initiated from SIMULIA established products
(INFO    ) [13:53:36|abaqus] Abaqus JOB airbeam_vol
(INFO    ) [13:53:36|abaqus] Abaqus 2025
(INFO    ) [13:53:36|abaqus] Abaqus License Manager checked out the following licenses:
(INFO    ) [13:53:36|abaqus] Abaqus/Foundation checked out 3 tokens from Flexnet server ls1.chpc.utah.edu.
(INFO    ) [13:53:36|abaqus] <218 out of 237 licenses remain available>.
(INFO    ) [13:53:36|abaqus] Begin Abaqus/Standard Analysis
(INFO    ) [13:53:36|abaqus] Thu 19 Feb 2026 01:49:10 PM MST
(INFO    ) [13:53:36|abaqus] Run abaqusstd
(INFO    ) [13:53:36|abaqus] Thu 19 Feb 2026 01:53:35 PM MST
(INFO    ) [13:53:36|abaqus] End Abaqus/Standard Analysis
(INFO    ) [13:53:36|abaqus] Begin SIM Wrap-up
(INFO    ) [13:53:36|abaqus] Thu 19 Feb 2026 01:53:36 PM MST
(INFO    ) [13:53:36|abaqus] Run SMASimUtility
(INFO    ) [13:53:36|abaqus] Thu 19 Feb 2026 01:53:36 PM MST
(INFO    ) [13:53:36|abaqus] End SIM Wrap-up
(INFO    ) [13:53:36|abaqus] Abaqus JOB airbeam_vol COMPLETED
(NOTICE  ) [13:53:36|tosca_driver] Starting Tosca Structure report module
(INFO    ) [13:53:36|tosca_driver] Calling: /uufs/chpc.utah.edu/sys/installdir/abaqus/2025/linux_a64/code/bin/SMATrtReportMain --loglevel INFO --add_user_data 001_OBJ_FUNC_REPORT_1.conf,001_OBJ_FUNC_REPORT_1.tab,002_CONSTR_VAL_REPORT_1.conf,002_CONSTR_VAL_REPORT_1.tab,003_CONSTR_VAL_NORM_REPORT_1.conf,003_CONSTR_VAL_NORM_REPORT_1.tab,004_VAR_DRESP_VAL_REPORT.conf,004_VAR_DRESP_VAL_REPORT.tab,005_VAR_DRESP_VAL_REPORT.conf,005_VAR_DRESP_VAL_REPORT.tab,006_VAR_DRESP_VAL_REPORT.conf,006_VAR_DRESP_VAL_REPORT.tab,007_VAR_DRESP_VAL_REPORT.conf,007_VAR_DRESP_VAL_REPORT.tab --input_file /uufs/chpc.utah.edu/common/home/u6074059/Abaqus/paper_reproduction/experiment7/run_7b/airbeam_abq/TOSCA_POST/airbeam_abq_ALL_ELEMENTS_report.par
(INFO    ) [13:53:36|report] SIMULIA Tosca Structure.report - version 3DEXPERIENCE R2025x - build R427 - 20240925T190012Z 64 bit
(INFO    ) [13:53:36|report] Checked out 2 tokens tosca_report from 27004@ls1.chpc.utah.edu,27004@ls2.chpc.utah.edu,27004@ls3.chpc.utah.edu
(INFO    ) [13:53:36|report] Creating vtfx file "TOSCA_POST/airbeam_abq_ALL_ELEMENTS_report.vtfx"
(INFO    ) [13:53:36|report] VTFx file "TOSCA_POST/airbeam_abq_ALL_ELEMENTS_report.vtfx" with results has been successfully created
(INFO    ) [13:53:36|report] SIMULIA Tosca Structure.report finished successfully
(INFO    ) [13:53:36|tosca_driver] Module SMATrtReportMain has finished with exit code 0
(INFO    ) [13:53:36|tosca_driver] Number of smooth commands found: 2
(NOTICE  ) [13:53:36|tosca_driver] Starting Tosca Structure smooth module
(INFO    ) [13:53:36|tosca_driver] Calling: /uufs/chpc.utah.edu/sys/installdir/abaqus/2025/linux_a64/code/bin/SMATrtTStructSmoothMain --loglevel INFO /uufs/chpc.utah.edu/common/home/u6074059/Abaqus/paper_reproduction/experiment7/run_7b/airbeam_abq/TOSCA_POST/VOLUME_SMOOTHING_0_4
(INFO    ) [13:53:36|smooth] SIMULIA Tosca Structure.smooth - version 3DEXPERIENCE R2025x - build R427 - 20240925T190012Z 64 bit
(INFO    ) [13:53:37|smooth] Checked out 2 tokens tosca_smooth from 27004@ls1.chpc.utah.edu,27004@ls2.chpc.utah.edu,27004@ls3.chpc.utah.edu
(INFO    ) [13:53:37|smooth] Processing SMOOTH task: VOLUME_SMOOTHING_0_4
(INFO    ) [13:53:37|smooth] Preparations for isocut finished
(INFO    ) [13:53:37|smooth] Surface generation finished
(INFO    ) [13:53:37|smooth] -- Iteration 1: iso_value = 0.000, rel. volume = 1.000
(INFO    ) [13:53:37|smooth] Surface generation finished
(INFO    ) [13:53:37|smooth] -- Iteration 2: iso_value = 1.000, rel. volume = 0.373
(INFO    ) [13:53:37|smooth] Surface generation finished
(INFO    ) [13:53:37|smooth] -- Iteration 3: iso_value = 0.957, rel. volume = 0.412
(INFO    ) [13:53:37|smooth] Surface generation finished
(INFO    ) [13:53:37|smooth] -- Iteration 4 (final): iso_value = 0.970
(INFO    ) [13:53:37|smooth] Relative volume 0.405 attained, target value was 0.400 (rel. error is 1.294%)
(INFO    ) [13:53:37|smooth] Writing to TOSCA_POST/VOLUME_SMOOTHING_0_4_groups.onf
(INFO    ) [13:53:37|smooth] Preparations for isocut finished
(INFO    ) [13:53:37|smooth] Result filtering finished
(INFO    ) [13:53:37|smooth] ISO cut surface generation finished
(INFO    ) [13:53:37|smooth] Surface generation finished
(INFO    ) [13:53:37|smooth] Model data released
(INFO    ) [13:53:37|smooth] Surface is disconnected; the number of components is 6
(INFO    ) [13:53:37|smooth] Surface orientation test finished
(INFO    ) [13:53:37|smooth] Performing 10 cycles of smoothing (type=OpenSurfaceBorder), 701 nodes are checked...
(INFO    ) [13:53:37|smooth] Smoothing finished
(INFO    ) [13:53:37|smooth] Reduction finished
(INFO    ) [13:53:37|smooth] Isosurface successfully generated:
(INFO    ) [13:53:37|smooth] - isovalue: 0.970
(INFO    ) [13:53:37|smooth] - relative volume: 40.5%
(INFO    ) [13:53:37|smooth] Writing to TOSCA_POST/VOLUME_SMOOTHING_0_4.stl
(INFO    ) [13:53:37|smooth] VTFx file to be appended is not found; new file created
(INFO    ) [13:53:37|smooth] Writing to TOSCA_POST/VOLUME_SMOOTHING_0_4.vtfx
(INFO    ) [13:53:37|smooth] Writing to TOSCA_POST/VOLUME_SMOOTHING_0_4.onf
(INFO    ) [13:53:37|smooth] Writing to TOSCA_POST/VOLUME_SMOOTHING_0_4_groups.onf (appended)
(INFO    ) [13:53:37|smooth] SMOOTH task with ID_NAME = "VOLUME_SMOOTHING_0_4" finished successfully.
(INFO    ) [13:53:37|smooth] SIMULIA Tosca Structure.smooth finished
(INFO    ) [13:53:37|tosca_driver] Module SMATrtTStructSmoothMain has finished with exit code 0
(INFO    ) [13:53:37|tosca_driver] Calling: /uufs/chpc.utah.edu/sys/installdir/abaqus/2025/linux_a64/code/bin/SMATrtTStructSmoothMain --loglevel INFO /uufs/chpc.utah.edu/common/home/u6074059/Abaqus/paper_reproduction/experiment7/run_7b/airbeam_abq/TOSCA_POST/ISO_SMOOTHING_0_3
(INFO    ) [13:53:37|smooth] SIMULIA Tosca Structure.smooth - version 3DEXPERIENCE R2025x - build R427 - 20240925T190012Z 64 bit
(INFO    ) [13:53:37|smooth] 
(INFO    ) [13:53:37|smooth] Processing SMOOTH task: ISO_SMOOTHING_0_3
(INFO    ) [13:53:37|smooth] Writing to TOSCA_POST/ISO_SMOOTHING_0_3_groups.onf
(INFO    ) [13:53:37|smooth] Preparations for isocut finished
(INFO    ) [13:53:37|smooth] Result filtering finished
(INFO    ) [13:53:37|smooth] ISO cut surface generation finished
(INFO    ) [13:53:37|smooth] Surface generation finished
(INFO    ) [13:53:37|smooth] Model data released
(INFO    ) [13:53:37|smooth] Surface orientation test finished
(INFO    ) [13:53:37|smooth] Surface contains 1 self-intersections before smoothing.
(INFO    ) [13:53:37|smooth] The runtime cell raster check can only prevent new self-intersections
(INFO    ) [13:53:37|smooth] Performing 10 cycles of smoothing (type=OpenSurfaceBorder), 625 nodes are checked...
(INFO    ) [13:53:37|smooth] Smoothing finished
(INFO    ) [13:53:37|smooth] Reduction finished
(INFO    ) [13:53:37|smooth] Isosurface successfully generated:
(INFO    ) [13:53:37|smooth] - isovalue: 0.300
(INFO    ) [13:53:37|smooth] - relative volume: 62.3%
(INFO    ) [13:53:37|smooth] Writing to TOSCA_POST/ISO_SMOOTHING_0_3.stl
(INFO    ) [13:53:37|smooth] VTFx file to be appended is not found; new file created
(INFO    ) [13:53:37|smooth] Writing to TOSCA_POST/ISO_SMOOTHING_0_3.vtfx
(INFO    ) [13:53:37|smooth] Writing to TOSCA_POST/ISO_SMOOTHING_0_3.onf
(INFO    ) [13:53:37|smooth] Writing to TOSCA_POST/ISO_SMOOTHING_0_3_groups.onf (appended)
(INFO    ) [13:53:37|smooth] SMOOTH task with ID_NAME = "ISO_SMOOTHING_0_3" finished successfully.
(INFO    ) [13:53:37|smooth] SIMULIA Tosca Structure.smooth finished
(INFO    ) [13:53:37|tosca_driver] Module SMATrtTStructSmoothMain has finished with exit code 0
(NOTICE  ) [13:53:38|tosca_driver] Application finished successfully
(INFO    ) [13:53:38|tosca_driver] --------------------------------------------------------------------------------------------------------------
(INFO    ) [13:53:38|tosca_driver] Time consumption overview table
(INFO    ) [13:53:38|tosca_driver] --------------------------------------------------------------------------------------------------------------
(INFO    ) [13:53:38|tosca_driver] Cumulative elapsed time for module       opt_res_export_tool: 0:00:11.012678 - 4.054% (56 calls)
(INFO    ) [13:53:38|tosca_driver] Cumulative elapsed time for module                    smooth: 0:00:01.078782 - 0.397% (2 calls)
(INFO    ) [13:53:38|tosca_driver] Cumulative elapsed time for module                    report: 0:00:00.504966 - 0.186% (1 calls)
(INFO    ) [13:53:38|tosca_driver] Cumulative elapsed time for module                odb_to_vtm: 0:00:18.179915 - 6.693% (55 calls)
(INFO    ) [13:53:38|tosca_driver] Cumulative elapsed time for module                 tosca_opt: 0:02:54.070511 - 64.085% (55 calls)
(INFO    ) [13:53:38|tosca_driver] Cumulative elapsed time for module                tosca_prep: 0:00:01.124635 - 0.414% (1 calls)
(INFO    ) [13:53:38|tosca_driver] Cumulative elapsed time for module                 fem_modif: 0:00:00.103066 - 0.038% (1 calls)
(INFO    ) [13:53:38|tosca_driver] Cumulative elapsed time for module                fem_to_onf: 0:00:00.089377 - 0.033% (1 calls)
(INFO    ) [13:53:38|tosca_driver] Cumulative elapsed time for module               fem_include: 0:00:00.056339 - 0.021% (1 calls)
(INFO    ) [13:53:38|tosca_driver] Cumulative elapsed time for fe-solver                 Abaqus: 0:00:52.271868 - 19.244% (1 calls)
(INFO    ) [13:53:38|tosca_driver] Total elapsed time for this script                          : 0:00:13.131646 - 4.834%
(INFO    ) [13:53:38|tosca_driver] Total elapsed time of Tosca Structure                       : 0:04:31.623783 - Current time 13:53:38.126649
(INFO    ) [13:53:38|tosca_driver] --------------------------------------------------------------------------------------------------------------
