solid TSTRUCT.smooth
facet normal 0.0 0.0 0.9999999999999999
 outer loop
  vertex 0.0 0.8055559992790222 0.0
  vertex 0.0 0.0 0.0
  vertex 0.7981659770011902 0.0 0.0
 endloop
endfacet
facet normal 0.0 0.0 1.0
 outer loop
  vertex 1.5963300466537476 0.8055559992790222 0.0
  vertex 1.5963300466537476 0.0 0.0
  vertex 2.3944900035858154 0.0 0.0
 endloop
endfacet
facet normal 0.0 0.0 0.9999999999999999
 outer loop
  vertex 3.192660093307495 0.8055559992790222 0.0
  vertex 3.192660093307495 0.0 0.0
  vertex 3.9908199310302734 0.0 0.0
 endloop
endfacet
facet normal 0.0 0.0 1.0
 outer loop
  vertex 4.788990020751953 0.8055559992790222 0.0
  vertex 4.788990020751953 0.0 0.0
  vertex 5.5871500968933105 0.0 0.0
 endloop
endfacet
facet normal 0.0 0.0 1.0
 outer loop
  vertex 6.38532018661499 0.8055559992790222 0.0
  vertex 6.38532018661499 0.0 0.0
  vertex 7.1834797859191895 0.0 0.0
 endloop
endfacet
facet normal 0.0 0.0 1.0
 outer loop
  vertex 7.981649875640869 0.8055559992790222 0.0
  vertex 7.981649875640869 0.0 0.0
  vertex 8.779809951782227 0.0 0.0
 endloop
endfacet
facet normal 0.0 0.0 0.9999999999999999
 outer loop
  vertex 9.577980041503906 0.8055559992790222 0.0
  vertex 9.577980041503906 0.0 0.0
  vertex 10.376099586486816 0.0 0.0
 endloop
endfacet
facet normal 0.0 0.0 1.0
 outer loop
  vertex 11.174300193786621 0.8055559992790222 0.0
  vertex 11.174300193786621 0.0 0.0
  vertex 11.972399711608887 0.0 0.0
 endloop
endfacet
facet normal 0.0 0.0 1.0
 outer loop
  vertex 12.770600318908691 0.8055559992790222 0.0
  vertex 12.770600318908691 0.0 0.0
  vertex 13.56879997253418 0.0 0.0
 endloop
endfacet
facet normal 0.0 0.0 1.0
 outer loop
  vertex 14.366900444030762 0.8055559992790222 0.0
  vertex 14.366900444030762 0.0 0.0
  vertex 15.16510009765625 0.0 0.0
 endloop
endfacet
facet normal 0.0 0.0 1.0
 outer loop
  vertex 15.963199615478516 0.8055559992790222 0.0
  vertex 15.963199615478516 0.0 0.0
  vertex 16.76140022277832 0.0 0.0
 endloop
endfacet
facet normal 0.0 0.0 1.0
 outer loop
  vertex 17.559600830078125 0.8055559992790222 0.0
  vertex 17.559600830078125 0.0 0.0
  vertex 18.35770034790039 0.0 0.0
 endloop
endfacet
facet normal 0.0 0.0 1.0
 outer loop
  vertex 19.155899047851563 0.8055559992790222 0.0
  vertex 19.155899047851563 0.0 0.0
  vertex 19.954099655151367 0.0 0.0
 endloop
endfacet
facet normal 0.0 0.0 1.0
 outer loop
  vertex 20.752199172973633 0.8055559992790222 0.0
  vertex 20.752199172973633 0.0 0.0
  vertex 21.550399780273438 0.0 0.0
 endloop
endfacet
facet normal 0.0 0.0 1.0
 outer loop
  vertex 22.348600387573242 0.8055559992790222 0.0
  vertex 22.348600387573242 0.0 0.0
  vertex 23.146699905395508 0.0 0.0
 endloop
endfacet
facet normal 0.0 0.0 1.0
 outer loop
  vertex 23.944900512695313 0.8055559992790222 0.0
  vertex 23.944900512695313 0.0 0.0
  vertex 24.743099212646484 0.0 0.0
 endloop
endfacet
facet normal 0.0 0.0 1.0
 outer loop
  vertex 25.541200637817383 0.8055559992790222 0.0
  vertex 25.541200637817383 0.0 0.0
  vertex 26.339399337768555 0.0 0.0
 endloop
endfacet
facet normal 0.0 0.0 1.0
 outer loop
  vertex 27.13759994506836 0.8055559992790222 0.0
  vertex 27.13759994506836 0.0 0.0
  vertex 27.935699462890625 0.0 0.0
 endloop
endfacet
facet normal 0.0 0.0 1.0
 outer loop
  vertex 28.73390007019043 0.8055559992790222 0.0
  vertex 28.73390007019043 0.0 0.0
  vertex 29.531999588012695 0.0 0.0
 endloop
endfacet
facet normal 0.0 0.0 1.0
 outer loop
  vertex 30.3302001953125 0.8055559992790222 0.0
  vertex 30.3302001953125 0.0 0.0
  vertex 31.128400802612305 0.0 0.0
 endloop
endfacet
facet normal 0.0 0.0 1.0
 outer loop
  vertex 31.92650032043457 0.8055559992790222 0.0
  vertex 31.92650032043457 0.0 0.0
  vertex 32.724700927734375 0.0 0.0
 endloop
endfacet
facet normal 0.0 0.0 1.0
 outer loop
  vertex 33.52289962768555 0.8055559992790222 0.0
  vertex 33.52289962768555 0.0 0.0
  vertex 34.32099914550781 0.0 0.0
 endloop
endfacet
facet normal 0.0 0.0 1.0
 outer loop
  vertex 35.11920166015625 0.8055559992790222 0.0
  vertex 35.11920166015625 0.0 0.0
  vertex 35.91740036010742 0.0 0.0
 endloop
endfacet
facet normal 0.0 0.0 1.0
 outer loop
  vertex 36.71549987792969 0.8055559992790222 0.0
  vertex 36.71549987792969 0.0 0.0
  vertex 37.51369857788086 0.0 0.0
 endloop
endfacet
facet normal 0.0 0.0 1.0
 outer loop
  vertex 38.3119010925293 0.8055559992790222 0.0
  vertex 38.3119010925293 0.0 0.0
  vertex 39.11000061035156 0.0 0.0
 endloop
endfacet
facet normal 0.0 0.0 1.0
 outer loop
  vertex 39.908199310302734 0.8055559992790222 0.0
  vertex 39.908199310302734 0.0 0.0
  vertex 40.70640182495117 0.0 0.0
 endloop
endfacet
facet normal 0.0 0.0 1.0
 outer loop
  vertex 41.50450134277344 0.8055559992790222 0.0
  vertex 41.50450134277344 0.0 0.0
  vertex 42.30270004272461 0.0 0.0
 endloop
endfacet
facet normal 0.0 0.0 1.0
 outer loop
  vertex 43.10089874267578 0.8055559992790222 0.0
  vertex 43.10089874267578 0.0 0.0
  vertex 43.89899826049805 0.0 0.0
 endloop
endfacet
facet normal 0.0 0.0 1.0
 outer loop
  vertex 44.697200775146484 0.8055559992790222 0.0
  vertex 44.697200775146484 0.0 0.0
  vertex 45.49530029296875 0.0 0.0
 endloop
endfacet
facet normal 0.0 0.0 1.0
 outer loop
  vertex 46.29349899291992 0.8055559992790222 0.0
  vertex 46.29349899291992 0.0 0.0
  vertex 47.09170150756836 0.0 0.0
 endloop
endfacet
facet normal 0.0 0.0 1.0
 outer loop
  vertex 47.889801025390625 0.8055559992790222 0.0
  vertex 47.889801025390625 0.0 0.0
  vertex 48.6879997253418 0.0 0.0
 endloop
endfacet
facet normal 0.0 0.0 1.0
 outer loop
  vertex 49.48619842529297 0.8055559992790222 0.0
  vertex 49.48619842529297 0.0 0.0
  vertex 50.2843017578125 0.0 0.0
 endloop
endfacet
facet normal 0.0 0.0 1.0
 outer loop
  vertex 51.08250045776367 0.8055559992790222 0.0
  vertex 51.08250045776367 0.0 0.0
  vertex 51.880699157714844 0.0 0.0
 endloop
endfacet
facet normal 0.0 0.0 1.0
 outer loop
  vertex 52.67879867553711 0.8055559992790222 0.0
  vertex 52.67879867553711 0.0 0.0
  vertex 53.47700119018555 0.0 0.0
 endloop
endfacet
facet normal 0.0 0.0 1.0
 outer loop
  vertex 54.27519989013672 0.8055559992790222 0.0
  vertex 54.27519989013672 0.0 0.0
  vertex 55.073299407958984 0.0 0.0
 endloop
endfacet
facet normal 0.0 0.0 1.0
 outer loop
  vertex 55.871498107910156 0.8055559992790222 0.0
  vertex 55.871498107910156 0.0 0.0
  vertex 56.669700622558594 0.0 0.0
 endloop
endfacet
facet normal 0.0 0.0 1.0
 outer loop
  vertex 57.46780014038086 0.8055559992790222 0.0
  vertex 57.46780014038086 0.0 0.0
  vertex 58.26599884033203 0.0 0.0
 endloop
endfacet
facet normal 0.0 0.0 1.0
 outer loop
  vertex 59.06420135498047 0.8055559992790222 0.0
  vertex 59.06420135498047 0.0 0.0
  vertex 59.862300872802734 0.0 0.0
 endloop
endfacet
facet normal 0.0 0.0 1.0
 outer loop
  vertex 60.660499572753906 0.8055559992790222 0.0
  vertex 60.660499572753906 0.0 0.0
  vertex 61.45869827270508 0.0 0.0
 endloop
endfacet
facet normal 0.0 0.0 1.0
 outer loop
  vertex 62.25680160522461 0.8055559992790222 0.0
  vertex 62.25680160522461 0.0 0.0
  vertex 63.05500030517578 0.0 0.0
 endloop
endfacet
facet normal 0.0 0.0 1.0
 outer loop
  vertex 63.85309982299805 0.8055559992790222 0.0
  vertex 63.85309982299805 0.0 0.0
  vertex 64.65129852294922 0.0 0.0
 endloop
endfacet
facet normal 0.0 0.0 1.0
 outer loop
  vertex 65.44950103759766 0.8055559992790222 0.0
  vertex 65.44950103759766 0.0 0.0
  vertex 66.24759674072266 0.0 0.0
 endloop
endfacet
facet normal 0.0 0.0 1.0
 outer loop
  vertex 67.0457992553711 0.8055559992790222 0.0
  vertex 67.0457992553711 0.0 0.0
  vertex 67.84400177001953 0.0 0.0
 endloop
endfacet
facet normal 0.0 0.0 1.0
 outer loop
  vertex 68.64209747314453 0.8055559992790222 0.0
  vertex 68.64209747314453 0.0 0.0
  vertex 69.44029998779297 0.0 0.0
 endloop
endfacet
facet normal 0.0 0.0 1.0
 outer loop
  vertex 70.2385025024414 0.8055559992790222 0.0
  vertex 70.2385025024414 0.0 0.0
  vertex 71.0365982055664 0.0 0.0
 endloop
endfacet
facet normal 0.0 0.0 1.0
 outer loop
  vertex 71.83480072021484 0.8055559992790222 0.0
  vertex 71.83480072021484 0.0 0.0
  vertex 72.63300323486328 0.0 0.0
 endloop
endfacet
facet normal 0.0 0.0 1.0
 outer loop
  vertex 73.43109893798828 0.8055559992790222 0.0
  vertex 73.43109893798828 0.0 0.0
  vertex 74.22930145263672 0.0 0.0
 endloop
endfacet
facet normal 0.0 0.0 1.0
 outer loop
  vertex 75.02749633789063 0.8055559992790222 0.0
  vertex 75.02749633789063 0.0 0.0
  vertex 75.82559967041016 0.0 0.0
 endloop
endfacet
facet normal 0.0 0.0 1.0
 outer loop
  vertex 76.6238021850586 0.8055559992790222 0.0
  vertex 76.6238021850586 0.0 0.0
  vertex 77.4219970703125 0.0 0.0
 endloop
endfacet
facet normal 0.0 0.0 1.0
 outer loop
  vertex 84.60540008544922 0.8055559992790222 0.0
  vertex 84.60540008544922 0.0 0.0
  vertex 85.40360260009766 0.0 0.0
 endloop
endfacet
facet normal 0.0 0.0 1.0
 outer loop
  vertex 0.0 2.4166600704193115 0.0
  vertex 0.0 1.611109972000122 0.0
  vertex 0.7981659770011902 1.611109972000122 0.0
 endloop
endfacet
facet normal -0.0 0.0 1.0
 outer loop
  vertex 86.20179748535156 2.4166600704193115 0.0
  vertex 87.0 1.611109972000122 0.0
  vertex 87.0 2.4166600704193115 0.0
 endloop
endfacet
facet normal 0.0 0.0 1.0
 outer loop
  vertex 0.0 4.027780055999756 0.0
  vertex 0.0 3.222219944000244 0.0
  vertex 0.7981659770011902 3.222219944000244 0.0
 endloop
endfacet
facet normal 0.0 0.0 1.0
 outer loop
  vertex 0.0 5.638889789581299 0.0
  vertex 0.0 4.833330154418945 0.0
  vertex 0.7981659770011902 4.833330154418945 0.0
 endloop
endfacet
facet normal 0.0 0.0 1.0
 outer loop
  vertex 0.0 26.58329963684082 0.0
  vertex 0.0 25.777700424194336 0.0
  vertex 0.7981659770011902 25.777700424194336 0.0
 endloop
endfacet
facet normal -0.0 0.0 1.0
 outer loop
  vertex 0.7981659770011902 29.0 0.0
  vertex 1.5963300466537476 28.194400787353516 0.0
  vertex 1.5963300466537476 29.0 0.0
 endloop
endfacet
facet normal -0.0 0.0 1.0
 outer loop
  vertex 2.3944900035858154 29.0 0.0
  vertex 3.192660093307495 28.194400787353516 0.0
  vertex 3.192660093307495 29.0 0.0
 endloop
endfacet
facet normal -0.0 0.0 1.0
 outer loop
  vertex 3.9908199310302734 29.0 0.0
  vertex 4.788990020751953 28.194400787353516 0.0
  vertex 4.788990020751953 29.0 0.0
 endloop
endfacet
facet normal -0.0 0.0 1.0
 outer loop
  vertex 5.5871500968933105 29.0 0.0
  vertex 6.38532018661499 28.194400787353516 0.0
  vertex 6.38532018661499 29.0 0.0
 endloop
endfacet
facet normal -0.0 0.0 1.0
 outer loop
  vertex 7.1834797859191895 29.0 0.0
  vertex 7.981649875640869 28.194400787353516 0.0
  vertex 7.981649875640869 29.0 0.0
 endloop
endfacet
facet normal -0.0 0.0 1.0
 outer loop
  vertex 8.779809951782227 29.0 0.0
  vertex 9.577980041503906 28.194400787353516 0.0
  vertex 9.577980041503906 29.0 0.0
 endloop
endfacet
facet normal -0.0 0.0 1.0
 outer loop
  vertex 10.376099586486816 29.0 0.0
  vertex 11.174300193786621 28.194400787353516 0.0
  vertex 11.174300193786621 29.0 0.0
 endloop
endfacet
facet normal -0.0 0.0 1.0
 outer loop
  vertex 11.972399711608887 29.0 0.0
  vertex 12.770600318908691 28.194400787353516 0.0
  vertex 12.770600318908691 29.0 0.0
 endloop
endfacet
facet normal -0.0 0.0 1.0
 outer loop
  vertex 13.56879997253418 29.0 0.0
  vertex 14.366900444030762 28.194400787353516 0.0
  vertex 14.366900444030762 29.0 0.0
 endloop
endfacet
facet normal -0.0 0.0 1.0
 outer loop
  vertex 15.16510009765625 29.0 0.0
  vertex 15.963199615478516 28.194400787353516 0.0
  vertex 15.963199615478516 29.0 0.0
 endloop
endfacet
facet normal -0.0 0.0 1.0
 outer loop
  vertex 16.76140022277832 29.0 0.0
  vertex 17.559600830078125 28.194400787353516 0.0
  vertex 17.559600830078125 29.0 0.0
 endloop
endfacet
facet normal -0.0 0.0 1.0
 outer loop
  vertex 18.35770034790039 29.0 0.0
  vertex 19.155899047851563 28.194400787353516 0.0
  vertex 19.155899047851563 29.0 0.0
 endloop
endfacet
facet normal -0.0 0.0 1.0
 outer loop
  vertex 19.954099655151367 29.0 0.0
  vertex 20.752199172973633 28.194400787353516 0.0
  vertex 20.752199172973633 29.0 0.0
 endloop
endfacet
facet normal -0.0 0.0 1.0
 outer loop
  vertex 21.550399780273438 29.0 0.0
  vertex 22.348600387573242 28.194400787353516 0.0
  vertex 22.348600387573242 29.0 0.0
 endloop
endfacet
facet normal -0.0 0.0 1.0
 outer loop
  vertex 23.146699905395508 29.0 0.0
  vertex 23.944900512695313 28.194400787353516 0.0
  vertex 23.944900512695313 29.0 0.0
 endloop
endfacet
facet normal -0.0 0.0 0.9999999999999999
 outer loop
  vertex 24.743099212646484 29.0 0.0
  vertex 25.541200637817383 28.194400787353516 0.0
  vertex 25.541200637817383 29.0 0.0
 endloop
endfacet
facet normal -0.0 0.0 1.0
 outer loop
  vertex 26.339399337768555 29.0 0.0
  vertex 27.13759994506836 28.194400787353516 0.0
  vertex 27.13759994506836 29.0 0.0
 endloop
endfacet
facet normal -0.0 0.0 1.0
 outer loop
  vertex 27.935699462890625 29.0 0.0
  vertex 28.73390007019043 28.194400787353516 0.0
  vertex 28.73390007019043 29.0 0.0
 endloop
endfacet
facet normal -0.0 0.0 1.0
 outer loop
  vertex 29.531999588012695 29.0 0.0
  vertex 30.3302001953125 28.194400787353516 0.0
  vertex 30.3302001953125 29.0 0.0
 endloop
endfacet
facet normal -0.0 0.0 1.0
 outer loop
  vertex 31.128400802612305 29.0 0.0
  vertex 31.92650032043457 28.194400787353516 0.0
  vertex 31.92650032043457 29.0 0.0
 endloop
endfacet
facet normal -0.0 0.0 1.0
 outer loop
  vertex 32.724700927734375 29.0 0.0
  vertex 33.52289962768555 28.194400787353516 0.0
  vertex 33.52289962768555 29.0 0.0
 endloop
endfacet
facet normal -0.0 0.0 1.0
 outer loop
  vertex 34.32099914550781 29.0 0.0
  vertex 35.11920166015625 28.194400787353516 0.0
  vertex 35.11920166015625 29.0 0.0
 endloop
endfacet
facet normal -0.0 0.0 1.0
 outer loop
  vertex 35.91740036010742 29.0 0.0
  vertex 36.71549987792969 28.194400787353516 0.0
  vertex 36.71549987792969 29.0 0.0
 endloop
endfacet
facet normal -0.0 0.0 1.0
 outer loop
  vertex 37.51369857788086 29.0 0.0
  vertex 38.3119010925293 28.194400787353516 0.0
  vertex 38.3119010925293 29.0 0.0
 endloop
endfacet
facet normal -0.0 0.0 1.0
 outer loop
  vertex 39.11000061035156 29.0 0.0
  vertex 39.908199310302734 28.194400787353516 0.0
  vertex 39.908199310302734 29.0 0.0
 endloop
endfacet
facet normal -0.0 0.0 1.0
 outer loop
  vertex 40.70640182495117 29.0 0.0
  vertex 41.50450134277344 28.194400787353516 0.0
  vertex 41.50450134277344 29.0 0.0
 endloop
endfacet
facet normal -0.0 0.0 1.0
 outer loop
  vertex 42.30270004272461 29.0 0.0
  vertex 43.10089874267578 28.194400787353516 0.0
  vertex 43.10089874267578 29.0 0.0
 endloop
endfacet
facet normal -0.0 0.0 1.0
 outer loop
  vertex 43.89899826049805 29.0 0.0
  vertex 44.697200775146484 28.194400787353516 0.0
  vertex 44.697200775146484 29.0 0.0
 endloop
endfacet
facet normal -0.0 0.0 1.0
 outer loop
  vertex 45.49530029296875 29.0 0.0
  vertex 46.29349899291992 28.194400787353516 0.0
  vertex 46.29349899291992 29.0 0.0
 endloop
endfacet
facet normal -0.0 0.0 1.0
 outer loop
  vertex 47.09170150756836 29.0 0.0
  vertex 47.889801025390625 28.194400787353516 0.0
  vertex 47.889801025390625 29.0 0.0
 endloop
endfacet
facet normal 0.0 0.0 1.0
 outer loop
  vertex 79.01830291748047 0.0 0.0
  vertex 79.81639862060547 0.0 0.0
  vertex 79.81639862060547 0.5638891994953155 0.0
 endloop
endfacet
facet normal 0.0 0.0 1.0
 outer loop
  vertex 79.81639862060547 0.5638891994953155 0.0
  vertex 79.81639862060547 0.0 0.0
  vertex 80.6146011352539 0.0 0.0
 endloop
endfacet
facet normal 0.0 0.0 1.0
 outer loop
  vertex 43.61967887878418 4.712497639656067 0.0
  vertex 43.10089874267578 4.833330154418945 0.0
  vertex 43.10089874267578 4.591665124893188 0.0
 endloop
endfacet
facet normal -0.0 0.0 1.0
 outer loop
  vertex 31.92650032043457 5.341804155611082 0.0
  vertex 32.724700927734375 4.833330154418945 0.0
  vertex 32.47276856303215 5.583810689829006 0.0
 endloop
endfacet
facet normal 0.0 0.0 1.0
 outer loop
  vertex 45.27888237575525 5.5454063721868065 0.0
  vertex 44.697200775146484 5.638889789581299 0.0
  vertex 44.697200775146484 5.397221899032592 0.0
 endloop
endfacet
facet normal 0.0 -0.0 1.0
 outer loop
  vertex 81.94709102814636 4.833330154418945 0.0
  vertex 82.21089935302734 5.638889789581299 0.0
  vertex 81.56021696182708 5.236109972000122 0.0
 endloop
endfacet
facet normal 0.0 0.0 0.9999999999999999
 outer loop
  vertex 85.40360260009766 5.316617375411662 0.0
  vertex 85.08427347762967 5.638889789581299 0.0
  vertex 84.60540008544922 5.638889789581299 0.0
 endloop
endfacet
facet normal 0.0 0.0 0.9999999999999999
 outer loop
  vertex 87.0 5.638889789581299 0.0
  vertex 86.52112660781955 5.638889789581299 0.0
  vertex 86.20179748535156 5.316617375411662 0.0
 endloop
endfacet
facet normal -0.0 0.0 1.0
 outer loop
  vertex 86.20179748535156 5.316617375411662 0.0
  vertex 87.0 4.833330154418945 0.0
  vertex 87.0 5.638889789581299 0.0
 endloop
endfacet
facet normal 0.0 -0.0 1.0
 outer loop
  vertex 81.17334289550782 5.638889789581299 0.0
  vertex 81.41280364990234 6.444439888000488 0.0
  vertex 80.7343355178833 6.081943595409394 0.0
 endloop
endfacet
facet normal 0.0 0.0 1.0
 outer loop
  vertex 84.60540008544922 5.638889789581299 0.0
  vertex 85.08427347762967 5.638889789581299 0.0
  vertex 84.84483678153944 6.162498855590821 0.0
 endloop
endfacet
facet normal 0.0 0.0 1.0
 outer loop
  vertex 86.52112660781955 5.638889789581299 0.0
  vertex 87.0 5.638889789581299 0.0
  vertex 86.76053924560547 6.444439888000488 0.0
 endloop
endfacet
facet normal 0.0 -0.0 1.0
 outer loop
  vertex 87.0 5.638889789581299 0.0
  vertex 87.0 6.444439888000488 0.0
  vertex 86.76053924560547 6.444439888000488 0.0
 endloop
endfacet
facet normal 0.0 0.0 1.0
 outer loop
  vertex 16.76140022277832 6.444439888000488 0.0
  vertex 17.39994554519653 6.847219944000244 0.0
  vertex 17.00086040496826 7.25 0.0
 endloop
endfacet
facet normal -0.0 0.0 1.0
 outer loop
  vertex 38.3769315948613 6.754963623590149 0.0
  vertex 39.11000061035156 6.444439888000488 0.0
  vertex 38.681422851587826 7.06548735917981 0.0
 endloop
endfacet
facet normal 0.0 0.0 1.0
 outer loop
  vertex 39.11000061035156 6.444439888000488 0.0
  vertex 39.908199310302734 6.686107921600342 0.0
  vertex 39.349460220336915 7.25 0.0
 endloop
endfacet
facet normal 0.0 0.0 1.0
 outer loop
  vertex 48.6879997253418 7.25 0.0
  vertex 47.889801025390625 7.25 0.0
  vertex 48.6879997253418 7.008331966400146 0.0
 endloop
endfacet
facet normal 0.0 0.0 0.9999999999999999
 outer loop
  vertex 48.6879997253418 7.008331966400146 0.0
  vertex 47.889801025390625 7.25 0.0
  vertex 47.889801025390625 6.762051074679132 0.0
 endloop
endfacet
facet normal 0.0 0.0 1.0
 outer loop
  vertex 49.20681457519531 7.129165983200073 0.0
  vertex 48.6879997253418 7.25 0.0
  vertex 48.6879997253418 7.008331966400146 0.0
 endloop
endfacet
facet normal 0.0 -0.0 0.9999999999999999
 outer loop
  vertex 80.35519533157348 6.464581769704819 0.0
  vertex 80.6146011352539 7.25 0.0
  vertex 79.97605514526367 6.847219944000244 0.0
 endloop
endfacet
facet normal 0.0 0.0 1.0
 outer loop
  vertex 86.76053924560547 6.444439888000488 0.0
  vertex 87.0 6.444439888000488 0.0
  vertex 86.76053924560547 7.249999999999999 0.0
 endloop
endfacet
facet normal 0.0 -0.0 0.9999999999999999
 outer loop
  vertex 87.0 6.444439888000488 0.0
  vertex 87.0 7.25 0.0
  vertex 86.76053924560547 7.249999999999999 0.0
 endloop
endfacet
facet normal 0.0 0.0 0.9999999999999999
 outer loop
  vertex 0.0 7.491668033599853 0.0
  vertex 0.0 7.25 0.0
  vertex 0.7981659770011902 7.4916680335998524 0.0
 endloop
endfacet
facet normal -0.0 0.0 1.0
 outer loop
  vertex 43.38021869659424 7.370834016799925 0.0
  vertex 43.89899826049805 7.25 0.0
  vertex 43.89899826049805 7.4916680335998524 0.0
 endloop
endfacet
facet normal 0.0 0.0 1.0
 outer loop
  vertex 50.80313091278076 7.934726095199585 0.0
  vertex 50.2843017578125 8.055560111999512 0.0
  vertex 50.2843017578125 7.8138920783996575 0.0
 endloop
endfacet
facet normal 0.0 0.0 1.0
 outer loop
  vertex 86.76053924560547 7.249999999999999 0.0
  vertex 87.0 7.25 0.0
  vertex 86.76053924560547 8.055560111999512 0.0
 endloop
endfacet
facet normal 0.0 -0.0 0.9999999999999999
 outer loop
  vertex 87.0 7.25 0.0
  vertex 87.0 8.055560111999512 0.0
  vertex 86.76053924560547 8.055560111999512 0.0
 endloop
endfacet
facet normal 0.0 0.0 0.9999999999999999
 outer loop
  vertex 15.16510009765625 8.297224998474121 0.0
  vertex 15.963199615478516 8.055560111999512 0.0
  vertex 15.841025692224504 8.2443608045578 0.0
 endloop
endfacet
facet normal -0.0 0.0 1.0
 outer loop
  vertex 44.976520156860346 8.176392555236816 0.0
  vertex 45.49530029296875 8.055560111999512 0.0
  vertex 45.49530029296875 8.297224998474121 0.0
 endloop
endfacet
facet normal 0.0 0.0 1.0
 outer loop
  vertex 52.39947929382324 8.740277290344238 0.0
  vertex 51.880699157714844 8.861109733581543 0.0
  vertex 51.880699157714844 8.619444847106934 0.0
 endloop
endfacet
facet normal 0.0 0.0 1.0
 outer loop
  vertex 82.87065446455507 8.429226202517748 0.0
  vertex 83.00910186767578 8.055560111999512 0.0
  vertex 83.29094882168827 7.997342671453953 0.0
 endloop
endfacet
facet normal 0.0 -0.0 0.9999999999999999
 outer loop
  vertex 87.0 8.055560111999512 0.0
  vertex 87.0 8.861109733581543 0.0
  vertex 86.76053924560547 8.055560111999512 0.0
 endloop
endfacet
facet normal 0.0 0.0 0.9999999999999999
 outer loop
  vertex 86.76053924560547 8.055560111999512 0.0
  vertex 87.0 8.861109733581543 0.0
  vertex 86.76053924560547 8.861109733581543 0.0
 endloop
endfacet
facet normal 0.0 0.0 1.0
 outer loop
  vertex 33.27343153953552 9.518579901547001 0.0
  vertex 32.724700927734375 9.666669845581055 0.0
  vertex 32.724700927734375 9.3330631562722 0.0
 endloop
endfacet
facet normal 0.0 0.0 1.0
 outer loop
  vertex 54.00196181408049 9.545835828781128 0.0
  vertex 53.47700119018555 9.666669845581055 0.0
  vertex 53.47700119018555 9.4250018119812 0.0
 endloop
endfacet
facet normal 0.0 -0.0 0.9999999999999999
 outer loop
  vertex 78.7141825521389 8.861109733581543 0.0
  vertex 79.01830291748047 9.666669845581055 0.0
  vertex 78.31688744011063 9.267600817423665 0.0
 endloop
endfacet
facet normal 0.0 0.0 0.9999999999999999
 outer loop
  vertex 81.41280364990234 8.861109733581543 0.0
  vertex 82.06790595526257 9.244725452223793 0.0
  vertex 81.65223236083985 9.666669845581055 0.0
 endloop
endfacet
facet normal 0.0 -0.0 0.9999999999999999
 outer loop
  vertex 87.0 8.861109733581543 0.0
  vertex 87.0 9.666669845581055 0.0
  vertex 86.76053924560547 8.861109733581543 0.0
 endloop
endfacet
facet normal 0.0 0.0 0.9999999999999999
 outer loop
  vertex 86.76053924560547 8.861109733581543 0.0
  vertex 87.0 9.666669845581055 0.0
  vertex 86.76053924560547 9.666669845581055 0.0
 endloop
endfacet
facet normal 0.0 -0.0 1.0
 outer loop
  vertex 12.53114013671875 9.666669845581055 0.0
  vertex 12.770600318908691 10.472200393676758 0.0
  vertex 11.972399711608887 10.230541229248047 0.0
 endloop
endfacet
facet normal 0.0 0.0 1.0
 outer loop
  vertex 13.489046086213904 10.069427505135536 0.0
  vertex 13.169773591897803 10.472185149788857 0.0
  vertex 12.770600318908691 10.472200393676758 0.0
 endloop
endfacet
facet normal -0.0 0.0 1.0
 outer loop
  vertex 48.942148090018165 9.808446711906353 0.0
  vertex 49.48619842529297 9.666669845581055 0.0
  vertex 49.48619842529297 10.03308879588937 0.0
 endloop
endfacet
facet normal 0.0 0.0 1.0
 outer loop
  vertex 55.592129135131835 10.34516723715898 0.0
  vertex 55.073299407958984 10.472200393676758 0.0
  vertex 55.073299407958984 10.218134080641203 0.0
 endloop
endfacet
facet normal 0.0 0.0 1.0
 outer loop
  vertex 80.6146011352539 9.666669845581055 0.0
  vertex 81.26824439302769 10.069435119628906 0.0
  vertex 80.88425642521553 10.472200393676758 0.0
 endloop
endfacet
facet normal 0.0 -0.0 1.0
 outer loop
  vertex 87.0 9.666669845581055 0.0
  vertex 87.0 10.472200393676758 0.0
  vertex 86.76053924560547 9.666669845581055 0.0
 endloop
endfacet
facet normal 0.0 0.0 1.0
 outer loop
  vertex 86.76053924560547 9.666669845581055 0.0
  vertex 87.0 10.472200393676758 0.0
  vertex 86.76053924560547 10.472200393676758 0.0
 endloop
endfacet
facet normal 0.0 0.0 1.0
 outer loop
  vertex 12.850501097581702 10.874942794442177 0.0
  vertex 12.770600318908691 10.472200393676758 0.0
  vertex 13.169773591897803 10.472185149788857 0.0
 endloop
endfacet
facet normal -0.0 0.0 1.0
 outer loop
  vertex 50.531784238259306 10.593025398254394 0.0
  vertex 51.08250045776367 10.472200393676758 0.0
  vertex 51.08250045776367 10.71385040283203 0.0
 endloop
endfacet
facet normal 0.0 0.0 1.0
 outer loop
  vertex 57.1884801864624 11.1568754196167 0.0
  vertex 56.669700622558594 11.277700424194336 0.0
  vertex 56.669700622558594 11.036050415039062 0.0
 endloop
endfacet
facet normal 0.0 -0.0 0.9999999999999999
 outer loop
  vertex 87.0 10.472200393676758 0.0
  vertex 87.0 11.277700424194336 0.0
  vertex 86.76053924560547 10.472200393676758 0.0
 endloop
endfacet
facet normal 0.0 0.0 0.9999999999999999
 outer loop
  vertex 86.76053924560547 10.472200393676758 0.0
  vertex 87.0 11.277700424194336 0.0
  vertex 86.76053924560547 11.277700424194336 0.0
 endloop
endfacet
facet normal -0.0 0.0 1.0
 outer loop
  vertex 52.67879867553711 11.519380187988281 0.0
  vertex 53.47700119018555 11.277700424194336 0.0
  vertex 53.47700119018555 11.830001263198442 0.0
 endloop
endfacet
facet normal 0.0 -0.0 1.0
 outer loop
  vertex 76.35554373181265 11.28372606581602 0.0
  vertex 76.6238021850586 12.08329963684082 0.0
  vertex 75.97031009557787 11.682875222166844 0.0
 endloop
endfacet
facet normal 0.0 -0.0 1.0
 outer loop
  vertex 87.0 11.277700424194336 0.0
  vertex 87.0 12.08329963684082 0.0
  vertex 86.76053924560547 11.277700424194336 0.0
 endloop
endfacet
facet normal 0.0 0.0 1.0
 outer loop
  vertex 86.76053924560547 11.277700424194336 0.0
  vertex 87.0 12.08329963684082 0.0
  vertex 86.76053924560547 12.08329963684082 0.0
 endloop
endfacet
facet normal 0.0 -0.0 0.9999999999999999
 outer loop
  vertex 87.0 12.08329963684082 0.0
  vertex 87.0 12.888799667358398 0.0
  vertex 86.76053924560547 12.08329963684082 0.0
 endloop
endfacet
facet normal 0.0 0.0 0.9999999999999999
 outer loop
  vertex 86.76053924560547 12.08329963684082 0.0
  vertex 87.0 12.888799667358398 0.0
  vertex 86.76053924560547 12.888799667358398 0.0
 endloop
endfacet
facet normal 0.0 -0.0 1.0
 outer loop
  vertex 33.283440017700194 12.888799667358398 0.0
  vertex 33.52289962768555 13.6943998336792 0.0
  vertex 32.724700927734375 13.452719783782959 0.0
 endloop
endfacet
facet normal 0.0 -0.0 0.9999999999999999
 outer loop
  vertex 55.073299407958984 12.888799667358398 0.0
  vertex 55.168820283254846 13.237323576214797 0.0
  vertex 54.72201008669578 12.78548636033723 0.0
 endloop
endfacet
facet normal 0.0 0.0 1.0
 outer loop
  vertex 55.54854769862435 13.585847485071195 0.0
  vertex 55.168820283254846 13.237323576214797 0.0
  vertex 55.073299407958984 12.888799667358398 0.0
 endloop
endfacet
facet normal 0.0 -0.0 1.0
 outer loop
  vertex 74.64835500717163 13.029798471927641 0.0
  vertex 75.02749633789063 13.6943998336792 0.0
  vertex 74.2891697883606 13.392311036586761 0.0
 endloop
endfacet
facet normal 0.0 -0.0 1.0
 outer loop
  vertex 87.0 12.888799667358398 0.0
  vertex 87.0 13.6943998336792 0.0
  vertex 86.76053924560547 12.888799667358398 0.0
 endloop
endfacet
facet normal 0.0 0.0 1.0
 outer loop
  vertex 86.76053924560547 12.888799667358398 0.0
  vertex 87.0 13.6943998336792 0.0
  vertex 86.76053924560547 13.6943998336792 0.0
 endloop
endfacet
facet normal -0.0 0.0 1.0
 outer loop
  vertex 57.46780014038086 13.936079883575438 0.0
  vertex 58.26599884033203 13.6943998336792 0.0
  vertex 57.90681009292602 14.379131186008452 0.0
 endloop
endfacet
facet normal 0.0 0.0 1.0
 outer loop
  vertex 59.862300872802734 14.5 0.0
  vertex 60.10176048278809 13.6943998336792 0.0
  vertex 60.660499572753906 14.258319950103758 0.0
 endloop
endfacet
facet normal 0.0 -0.0 1.0
 outer loop
  vertex 73.92499859333039 13.75986141860485 0.0
  vertex 74.22930145263672 14.5 0.0
  vertex 73.56082739830018 14.127411800622939 0.0
 endloop
endfacet
facet normal 0.0 0.0 1.0
 outer loop
  vertex 78.18529103512861 13.940483475476501 0.0
  vertex 78.22010040283203 13.6943998336792 0.0
  vertex 78.54953333368496 13.54210200458765 0.0
 endloop
endfacet
facet normal 0.0 0.0 1.0
 outer loop
  vertex 86.76053924560547 13.6943998336792 0.0
  vertex 87.0 13.6943998336792 0.0
  vertex 86.76053924560547 14.499999999999998 0.0
 endloop
endfacet
facet normal 0.0 -0.0 1.0
 outer loop
  vertex 87.0 13.6943998336792 0.0
  vertex 87.0 14.5 0.0
  vertex 86.76053924560547 14.499999999999998 0.0
 endloop
endfacet
facet normal 0.0 -0.0 1.0
 outer loop
  vertex 8.540361928939818 14.499999999999998 0.0
  vertex 8.779809951782227 15.305500030517578 0.0
  vertex 8.03511984613201 15.058821845054627 0.0
 endloop
endfacet
facet normal 0.0 -0.0 0.9999999999999999
 outer loop
  vertex 31.527450561523438 14.607478474896123 0.0
  vertex 31.92650032043457 15.305500030517578 0.0
  vertex 31.128400802612305 14.956636999688486 0.0
 endloop
endfacet
facet normal 0.0 0.0 1.0
 outer loop
  vertex 76.6238021850586 14.5 0.0
  vertex 77.31349175750042 14.843416506238281 0.0
  vertex 76.9287362733425 15.235574391577392 0.0
 endloop
endfacet
facet normal 0.0 0.0 1.0
 outer loop
  vertex 76.6238021850586 15.305500030517578 0.0
  vertex 76.6238021850586 14.5 0.0
  vertex 76.9287362733425 15.235574391577392 0.0
 endloop
endfacet
facet normal 0.0 0.0 1.0
 outer loop
  vertex 86.76053924560547 14.499999999999998 0.0
  vertex 87.0 14.5 0.0
  vertex 86.76053924560547 15.305500030517578 0.0
 endloop
endfacet
facet normal 0.0 -0.0 0.9999999999999999
 outer loop
  vertex 87.0 14.5 0.0
  vertex 87.0 15.305500030517578 0.0
  vertex 86.76053924560547 15.305500030517578 0.0
 endloop
endfacet
facet normal 0.0 0.0 1.0
 outer loop
  vertex 8.779809951782227 15.305500030517578 0.0
  vertex 9.452045897122263 15.562303376197814 0.0
  vertex 9.115927924452244 15.957526314258574 0.0
 endloop
endfacet
facet normal 0.0 0.0 1.0
 outer loop
  vertex 31.92650032043457 15.305500030517578 0.0
  vertex 32.724700927734375 15.547179794311523 0.0
  vertex 32.32560062408447 15.94996452331543 0.0
 endloop
endfacet
facet normal 0.0 0.0 -1.0
 outer loop
  vertex 39.88194954227479 16.02107834507278 0.0
  vertex 39.908199310302734 16.111099243164063 0.0
  vertex 39.931770265229005 16.037957263464897 0.0
 endloop
endfacet
facet normal 0.0 0.0 -1.0
 outer loop
  vertex 39.931770265229005 16.037957263464897 0.0
  vertex 39.908199310302734 16.111099243164063 0.0
  vertex 39.98159098818322 16.054836181857013 0.0
 endloop
endfacet
facet normal -0.0 0.0 1.0
 outer loop
  vertex 59.06420135498047 15.547179794311523 0.0
  vertex 59.862300872802734 15.305500030517578 0.0
  vertex 59.523130273818964 16.01036834716797 0.0
 endloop
endfacet
facet normal 0.0 -0.0 1.0
 outer loop
  vertex 72.23390197753906 15.466634750366211 0.0
  vertex 72.63300323486328 16.111099243164063 0.0
  vertex 71.91462097167968 15.788866996765137 0.0
 endloop
endfacet
facet normal 0.0 0.0 1.0
 outer loop
  vertex 76.57671860053844 15.592769457446412 0.0
  vertex 76.6238021850586 15.305500030517578 0.0
  vertex 76.9287362733425 15.235574391577392 0.0
 endloop
endfacet
facet normal 0.0 -0.0 1.0
 outer loop
  vertex 87.0 15.305500030517578 0.0
  vertex 87.0 16.111099243164063 0.0
  vertex 86.76053924560547 15.305500030517578 0.0
 endloop
endfacet
facet normal 0.0 0.0 1.0
 outer loop
  vertex 86.76053924560547 15.305500030517578 0.0
  vertex 87.0 16.111099243164063 0.0
  vertex 86.76053924560547 16.111099243164063 0.0
 endloop
endfacet
facet normal 0.0 -0.0 1.0
 outer loop
  vertex 26.88410060033202 16.191331459581853 0.0
  vertex 27.13759994506836 16.91659927368164 0.0
  vertex 26.339399337768555 16.67494926452637 0.0
 endloop
endfacet
facet normal 0.0 0.0 1.0
 outer loop
  vertex 31.128400802612305 16.111099243164063 0.0
  vertex 31.92650032043457 16.352749252319335 0.0
  vertex 31.367830657958983 16.91659927368164 0.0
 endloop
endfacet
facet normal 0.0 0.0 -1.0
 outer loop
  vertex 39.855699774246844 16.17273721077544 0.0
  vertex 39.908199310302734 16.111099243164063 0.0
  vertex 39.88194954227479 16.02107834507278 0.0
 endloop
endfacet
facet normal 0.0 0.0 -0.9999999999999999
 outer loop
  vertex 39.908199310302734 16.111099243164063 0.0
  vertex 39.855699774246844 16.17273721077544 0.0
  vertex 39.98159098818322 16.054836181857013 0.0
 endloop
endfacet
facet normal 0.0 -0.0 1.0
 outer loop
  vertex 71.53050320148468 16.176541060209274 0.0
  vertex 71.83480072021484 16.91659927368164 0.0
  vertex 71.14638543128967 16.564215123653412 0.0
 endloop
endfacet
facet normal 0.0 -0.0 0.9999999999999999
 outer loop
  vertex 87.0 16.111099243164063 0.0
  vertex 87.0 16.91659927368164 0.0
  vertex 86.76053924560547 16.111099243164063 0.0
 endloop
endfacet
facet normal 0.0 0.0 0.9999999999999999
 outer loop
  vertex 86.76053924560547 16.111099243164063 0.0
  vertex 87.0 16.91659927368164 0.0
  vertex 86.76053924560547 16.91659927368164 0.0
 endloop
endfacet
facet normal -0.0 0.0 1.0
 outer loop
  vertex 60.74031944274902 17.23883213996887 0.0
  vertex 61.45869827270508 16.91659927368164 0.0
  vertex 61.05959892272949 17.5610650062561 0.0
 endloop
endfacet
facet normal 0.0 0.0 1.0
 outer loop
  vertex 63.05500030517578 17.722200393676758 0.0
  vertex 63.404147148132324 17.027401965856555 0.0
  vertex 63.85309982299805 17.480520057678223 0.0
 endloop
endfacet
facet normal 0.0 0.0 1.0
 outer loop
  vertex 74.88485167522896 17.302119983828742 0.0
  vertex 75.02749633789063 16.91659927368164 0.0
  vertex 75.30094343224503 16.882039573980727 0.0
 endloop
endfacet
facet normal 0.0 -0.0 0.9999999999999999
 outer loop
  vertex 87.0 16.91659927368164 0.0
  vertex 87.0 17.722200393676758 0.0
  vertex 86.76053924560547 16.91659927368164 0.0
 endloop
endfacet
facet normal 0.0 0.0 0.9999999999999999
 outer loop
  vertex 86.76053924560547 16.91659927368164 0.0
  vertex 87.0 17.722200393676758 0.0
  vertex 86.76053924560547 17.722200393676758 0.0
 endloop
endfacet
facet normal 0.0 -0.0 1.0
 outer loop
  vertex 6.0594776895379425 17.873228883743288 0.0
  vertex 6.38532018661499 18.527700424194336 0.0
  vertex 5.733635192460895 18.265937709808348 0.0
 endloop
endfacet
facet normal 0.0 -0.0 1.0
 outer loop
  vertex 22.893249249458314 17.802432549744843 0.0
  vertex 23.146699905395508 18.527700424194336 0.0
  vertex 22.348600387573242 18.286050415039064 0.0
 endloop
endfacet
facet normal 0.0 -0.0 0.9999999999999999
 outer loop
  vertex 69.99904174804686 17.722200393676758 0.0
  vertex 70.2385025024414 18.527700424194336 0.0
  vertex 69.58996996879577 18.135040855407716 0.0
 endloop
endfacet
facet normal 0.0 -0.0 0.9999999999999999
 outer loop
  vertex 87.0 17.722200393676758 0.0
  vertex 87.0 18.527700424194336 0.0
  vertex 86.76053924560547 17.722200393676758 0.0
 endloop
endfacet
facet normal 0.0 0.0 0.9999999999999999
 outer loop
  vertex 86.76053924560547 17.722200393676758 0.0
  vertex 87.0 18.527700424194336 0.0
  vertex 86.76053924560547 18.527700424194336 0.0
 endloop
endfacet
facet normal 0.0 0.0 1.0
 outer loop
  vertex 6.38532018661499 18.527700424194336 0.0
  vertex 7.112744456387402 18.77631182968616 0.0
  vertex 6.62476806640625 19.33329963684082 0.0
 endloop
endfacet
facet normal 0.0 0.0 1.0
 outer loop
  vertex 27.13759994506836 18.527700424194336 0.0
  vertex 27.935699462890625 18.527700424194336 0.0
  vertex 27.93569946289062 18.76938018798828 0.0
 endloop
endfacet
facet normal 0.0 0.0 0.9999999999999999
 outer loop
  vertex 27.13759994506836 18.527700424194336 0.0
  vertex 27.93569946289062 18.76938018798828 0.0
  vertex 27.391050601005553 19.253051264584066 0.0
 endloop
endfacet
facet normal 0.0 0.0 1.0
 outer loop
  vertex 27.93569946289062 18.76938018798828 0.0
  vertex 27.935699462890625 18.527700424194336 0.0
  vertex 28.47135451545793 18.648540306091306 0.0
 endloop
endfacet
facet normal 0.0 0.0 1.0
 outer loop
  vertex 65.96827926635743 19.212459754943847 0.0
  vertex 65.44950103759766 19.33329963684082 0.0
  vertex 65.44950103759766 19.091619873046874 0.0
 endloop
endfacet
facet normal 0.0 0.0 1.0
 outer loop
  vertex 73.32862957723843 18.930524729192257 0.0
  vertex 73.43109893798828 18.527700424194336 0.0
  vertex 73.70869123171515 18.52774991840124 0.0
 endloop
endfacet
facet normal 0.0 -0.0 1.0
 outer loop
  vertex 87.0 18.527700424194336 0.0
  vertex 87.0 19.33329963684082 0.0
  vertex 86.76053924560547 18.527700424194336 0.0
 endloop
endfacet
facet normal 0.0 0.0 1.0
 outer loop
  vertex 86.76053924560547 18.527700424194336 0.0
  vertex 87.0 19.33329963684082 0.0
  vertex 86.76053924560547 19.33329963684082 0.0
 endloop
endfacet
facet normal 0.0 0.0 0.9999999999999999
 outer loop
  vertex 24.743099212646484 19.847363700428364 0.0
  vertex 24.743099212646484 19.33329963684082 0.0
  vertex 25.541200637817383 19.574949645996092 0.0
 endloop
endfacet
facet normal 0.0 -0.0 1.0
 outer loop
  vertex 68.31290335655213 19.423902893066405 0.0
  vertex 68.64209747314453 20.1387996673584 0.0
  vertex 67.84400177001953 19.897149658203126 0.0
 endloop
endfacet
facet normal 0.0 -0.0 0.9999999999999999
 outer loop
  vertex 87.0 19.33329963684082 0.0
  vertex 87.0 20.1387996673584 0.0
  vertex 86.76053924560547 19.33329963684082 0.0
 endloop
endfacet
facet normal 0.0 0.0 0.9999999999999999
 outer loop
  vertex 86.76053924560547 19.33329963684082 0.0
  vertex 87.0 20.1387996673584 0.0
  vertex 86.76053924560547 20.1387996673584 0.0
 endloop
endfacet
facet normal 0.0 0.0 1.0
 outer loop
  vertex 43.61967887878418 20.823560619354247 0.0
  vertex 43.10089874267578 20.944400787353516 0.0
  vertex 43.10089874267578 20.70272045135498 0.0
 endloop
endfacet
facet normal 0.0 -0.0 0.9999999999999999
 outer loop
  vertex 87.0 20.1387996673584 0.0
  vertex 87.0 20.944400787353516 0.0
  vertex 86.76053924560547 20.1387996673584 0.0
 endloop
endfacet
facet normal 0.0 0.0 0.9999999999999999
 outer loop
  vertex 86.76053924560547 20.1387996673584 0.0
  vertex 87.0 20.944400787353516 0.0
  vertex 86.76053924560547 20.944400787353516 0.0
 endloop
endfacet
facet normal 0.0 -0.0 1.0
 outer loop
  vertex 13.255092122879569 21.062689186162643 0.0
  vertex 13.56879997253418 21.75 0.0
  vertex 12.770600318908691 21.395781706510363 0.0
 endloop
endfacet
facet normal 0.0 0.0 1.0
 outer loop
  vertex 71.0365982055664 20.944400787353516 0.0
  vertex 71.70780266498414 21.201185178756713 0.0
  vertex 71.37220043527527 21.59641759395599 0.0
 endloop
endfacet
facet normal 0.0 -0.0 1.0
 outer loop
  vertex 87.0 20.944400787353516 0.0
  vertex 87.0 21.75 0.0
  vertex 86.76053924560547 20.944400787353516 0.0
 endloop
endfacet
facet normal 0.0 0.0 1.0
 outer loop
  vertex 86.76053924560547 20.944400787353516 0.0
  vertex 87.0 21.75 0.0
  vertex 86.76053924560547 21.75 0.0
 endloop
endfacet
facet normal 0.0 -0.0 1.0
 outer loop
  vertex 2.9532090663909907 21.75 0.0
  vertex 3.192660093307495 22.555500030517578 0.0
  vertex 2.3944900035858154 22.313850021362306 0.0
 endloop
endfacet
facet normal 0.0 0.0 1.0
 outer loop
  vertex 18.35770034790039 22.313850021362306 0.0
  vertex 18.35770034790039 21.75 0.0
  vertex 18.88983325949667 21.96637525605826 0.0
 endloop
endfacet
facet normal 0.0 -0.0 0.9999999999999999
 outer loop
  vertex 87.0 21.75 0.0
  vertex 87.0 22.555500030517578 0.0
  vertex 86.76053924560547 21.75 0.0
 endloop
endfacet
facet normal 0.0 0.0 0.9999999999999999
 outer loop
  vertex 86.76053924560547 21.75 0.0
  vertex 87.0 22.555500030517578 0.0
  vertex 86.76053924560547 22.555500030517578 0.0
 endloop
endfacet
facet normal 0.0 0.0 1.0
 outer loop
  vertex 0.7981659770011902 23.119419479370116 0.0
  vertex 0.0 23.361099243164063 0.0
  vertex 0.0 23.119419479370116 0.0
 endloop
endfacet
facet normal 0.0 -0.0 1.0
 outer loop
  vertex 1.342850260599516 22.635748402774333 0.0
  vertex 1.5963300466537476 23.361099243164063 0.0
  vertex 0.7981659770011902 23.119419479370116 0.0
 endloop
endfacet
facet normal 0.0 0.0 1.0
 outer loop
  vertex 86.76053924560547 22.555500030517578 0.0
  vertex 87.0 22.555500030517578 0.0
  vertex 86.76053924560547 23.36109924316406 0.0
 endloop
endfacet
facet normal 0.0 -0.0 1.0
 outer loop
  vertex 87.0 22.555500030517578 0.0
  vertex 87.0 23.361099243164063 0.0
  vertex 86.76053924560547 23.36109924316406 0.0
 endloop
endfacet
facet normal 0.0 0.0 0.9999999999999999
 outer loop
  vertex 68.64209747314453 23.361099243164063 0.0
  vertex 69.44029998779297 23.602749252319335 0.0
  vertex 68.88655366897584 24.112210666552652 0.0
 endloop
endfacet
facet normal 0.0 0.0 1.0
 outer loop
  vertex 86.76053924560547 23.36109924316406 0.0
  vertex 87.0 23.361099243164063 0.0
  vertex 86.76053924560547 24.16659927368164 0.0
 endloop
endfacet
facet normal 0.0 -0.0 0.9999999999999999
 outer loop
  vertex 87.0 23.361099243164063 0.0
  vertex 87.0 24.16659927368164 0.0
  vertex 86.76053924560547 24.16659927368164 0.0
 endloop
endfacet
facet normal 0.0 0.0 1.0
 outer loop
  vertex 67.84400177001953 24.424081602342437 0.0
  vertex 67.84400177001953 24.16659927368164 0.0
  vertex 68.3627799987793 24.29534043801204 0.0
 endloop
endfacet
facet normal 0.0 -0.0 0.9999999999999999
 outer loop
  vertex 87.0 24.16659927368164 0.0
  vertex 87.0 24.972200393676758 0.0
  vertex 86.76053924560547 24.16659927368164 0.0
 endloop
endfacet
facet normal 0.0 0.0 0.9999999999999999
 outer loop
  vertex 86.76053924560547 24.16659927368164 0.0
  vertex 87.0 24.972200393676758 0.0
  vertex 86.76053924560547 24.972200393676758 0.0
 endloop
endfacet
facet normal 0.0 0.0 1.0
 outer loop
  vertex 86.76053924560547 24.972200393676758 0.0
  vertex 87.0 24.972200393676758 0.0
  vertex 86.76053924560547 25.777700424194332 0.0
 endloop
endfacet
facet normal 0.0 -0.0 0.9999999999999999
 outer loop
  vertex 87.0 24.972200393676758 0.0
  vertex 87.0 25.777700424194336 0.0
  vertex 86.76053924560547 25.777700424194332 0.0
 endloop
endfacet
facet normal 0.0 0.0 1.0
 outer loop
  vertex 86.76053924560547 25.777700424194332 0.0
  vertex 87.0 25.777700424194336 0.0
  vertex 86.76053924560547 26.58329963684082 0.0
 endloop
endfacet
facet normal 0.0 -0.0 1.0
 outer loop
  vertex 87.0 25.777700424194336 0.0
  vertex 87.0 26.58329963684082 0.0
  vertex 86.76053924560547 26.58329963684082 0.0
 endloop
endfacet
facet normal 0.0 0.0 1.0
 outer loop
  vertex 51.880699157714844 27.076542349844257 0.0
  vertex 51.5119834357372 27.3887996673584 0.0
  vertex 51.08250045776367 27.3887996673584 0.0
 endloop
endfacet
facet normal 0.0 -0.0 0.9999999999999999
 outer loop
  vertex 87.0 26.58329963684082 0.0
  vertex 87.0 27.3887996673584 0.0
  vertex 86.76053924560547 26.58329963684082 0.0
 endloop
endfacet
facet normal 0.0 0.0 0.9999999999999999
 outer loop
  vertex 86.76053924560547 26.58329963684082 0.0
  vertex 87.0 27.3887996673584 0.0
  vertex 86.76053924560547 27.3887996673584 0.0
 endloop
endfacet
facet normal 0.0 0.0 1.0
 outer loop
  vertex 51.08250045776367 27.3887996673584 0.0
  vertex 51.5119834357372 27.3887996673584 0.0
  vertex 51.51197438930138 28.194400787353516 0.0
 endloop
endfacet
facet normal 0.0 -0.0 0.9999999999999999
 outer loop
  vertex 87.0 27.3887996673584 0.0
  vertex 87.0 28.194400787353516 0.0
  vertex 86.76053924560547 27.3887996673584 0.0
 endloop
endfacet
facet normal 0.0 0.0 0.9999999999999999
 outer loop
  vertex 86.76053924560547 27.3887996673584 0.0
  vertex 87.0 28.194400787353516 0.0
  vertex 86.76053924560547 28.194400787353516 0.0
 endloop
endfacet
facet normal -0.0 0.0 1.0
 outer loop
  vertex 51.08250045776367 29.0 0.0
  vertex 51.880699157714844 28.506704215694086 0.0
  vertex 51.880699157714844 29.0 0.0
 endloop
endfacet
facet normal 0.0 0.0 1.0
 outer loop
  vertex 52.67879867553711 29.0 0.0
  vertex 51.880699157714844 29.0 0.0
  vertex 52.67879867553711 28.758320236206053 0.0
 endloop
endfacet
facet normal 0.0 0.0 1.0
 outer loop
  vertex 52.67879867553711 28.758320236206053 0.0
  vertex 51.880699157714844 29.0 0.0
  vertex 51.880699157714844 28.506704215694086 0.0
 endloop
endfacet
facet normal 0.0 0.0 1.0
 outer loop
  vertex 53.47700119018555 29.0 0.0
  vertex 52.67879867553711 29.0 0.0
  vertex 53.47700119018555 28.758320236206053 0.0
 endloop
endfacet
facet normal 0.0 0.0 1.0
 outer loop
  vertex 53.47700119018555 28.758320236206053 0.0
  vertex 52.67879867553711 29.0 0.0
  vertex 52.67879867553711 28.758320236206053 0.0
 endloop
endfacet
facet normal 0.0 0.0 1.0
 outer loop
  vertex 54.27519989013672 29.0 0.0
  vertex 53.47700119018555 29.0 0.0
  vertex 54.27519989013672 28.758320236206053 0.0
 endloop
endfacet
facet normal 0.0 0.0 1.0
 outer loop
  vertex 54.27519989013672 28.758320236206053 0.0
  vertex 53.47700119018555 29.0 0.0
  vertex 53.47700119018555 28.758320236206053 0.0
 endloop
endfacet
facet normal 0.0 0.0 1.0
 outer loop
  vertex 55.073299407958984 29.0 0.0
  vertex 54.27519989013672 29.0 0.0
  vertex 55.073299407958984 28.758320236206053 0.0
 endloop
endfacet
facet normal 0.0 0.0 1.0
 outer loop
  vertex 55.073299407958984 28.758320236206053 0.0
  vertex 54.27519989013672 29.0 0.0
  vertex 54.27519989013672 28.758320236206053 0.0
 endloop
endfacet
facet normal 0.0 0.0 1.0
 outer loop
  vertex 55.871498107910156 29.0 0.0
  vertex 55.073299407958984 29.0 0.0
  vertex 55.871498107910156 28.758320236206053 0.0
 endloop
endfacet
facet normal 0.0 0.0 1.0
 outer loop
  vertex 55.871498107910156 28.758320236206053 0.0
  vertex 55.073299407958984 29.0 0.0
  vertex 55.073299407958984 28.758320236206053 0.0
 endloop
endfacet
facet normal 0.0 0.0 1.0
 outer loop
  vertex 56.669700622558594 29.0 0.0
  vertex 55.871498107910156 29.0 0.0
  vertex 56.669700622558594 28.758320236206053 0.0
 endloop
endfacet
facet normal 0.0 0.0 1.0
 outer loop
  vertex 56.669700622558594 28.758320236206053 0.0
  vertex 55.871498107910156 29.0 0.0
  vertex 55.871498107910156 28.758320236206053 0.0
 endloop
endfacet
facet normal 0.0 0.0 1.0
 outer loop
  vertex 57.46780014038086 29.0 0.0
  vertex 56.669700622558594 29.0 0.0
  vertex 57.46780014038086 28.758320236206053 0.0
 endloop
endfacet
facet normal 0.0 0.0 1.0
 outer loop
  vertex 57.46780014038086 28.758320236206053 0.0
  vertex 56.669700622558594 29.0 0.0
  vertex 56.669700622558594 28.758320236206053 0.0
 endloop
endfacet
facet normal 0.0 0.0 1.0
 outer loop
  vertex 58.26599884033203 29.0 0.0
  vertex 57.46780014038086 29.0 0.0
  vertex 58.26599884033203 28.758320236206053 0.0
 endloop
endfacet
facet normal 0.0 0.0 1.0
 outer loop
  vertex 58.26599884033203 28.758320236206053 0.0
  vertex 57.46780014038086 29.0 0.0
  vertex 57.46780014038086 28.758320236206053 0.0
 endloop
endfacet
facet normal 0.0 0.0 1.0
 outer loop
  vertex 59.06420135498047 29.0 0.0
  vertex 58.26599884033203 29.0 0.0
  vertex 59.06420135498047 28.758320236206053 0.0
 endloop
endfacet
facet normal 0.0 0.0 1.0
 outer loop
  vertex 59.06420135498047 28.758320236206053 0.0
  vertex 58.26599884033203 29.0 0.0
  vertex 58.26599884033203 28.758320236206053 0.0
 endloop
endfacet
facet normal 0.0 0.0 1.0
 outer loop
  vertex 59.862300872802734 29.0 0.0
  vertex 59.06420135498047 29.0 0.0
  vertex 59.862300872802734 28.758320236206053 0.0
 endloop
endfacet
facet normal 0.0 0.0 1.0
 outer loop
  vertex 59.862300872802734 28.758320236206053 0.0
  vertex 59.06420135498047 29.0 0.0
  vertex 59.06420135498047 28.758320236206053 0.0
 endloop
endfacet
facet normal 0.0 0.0 1.0
 outer loop
  vertex 60.660499572753906 29.0 0.0
  vertex 59.862300872802734 29.0 0.0
  vertex 60.660499572753906 28.758320236206053 0.0
 endloop
endfacet
facet normal 0.0 0.0 1.0
 outer loop
  vertex 60.660499572753906 28.758320236206053 0.0
  vertex 59.862300872802734 29.0 0.0
  vertex 59.862300872802734 28.758320236206053 0.0
 endloop
endfacet
facet normal 0.0 0.0 1.0
 outer loop
  vertex 61.45869827270508 29.0 0.0
  vertex 60.660499572753906 29.0 0.0
  vertex 61.45869827270508 28.758320236206053 0.0
 endloop
endfacet
facet normal 0.0 0.0 1.0
 outer loop
  vertex 61.45869827270508 28.758320236206053 0.0
  vertex 60.660499572753906 29.0 0.0
  vertex 60.660499572753906 28.758320236206053 0.0
 endloop
endfacet
facet normal 0.0 0.0 1.0
 outer loop
  vertex 62.25680160522461 29.0 0.0
  vertex 61.45869827270508 29.0 0.0
  vertex 62.25680160522461 28.758320236206053 0.0
 endloop
endfacet
facet normal 0.0 0.0 1.0
 outer loop
  vertex 62.25680160522461 28.758320236206053 0.0
  vertex 61.45869827270508 29.0 0.0
  vertex 61.45869827270508 28.758320236206053 0.0
 endloop
endfacet
facet normal 0.0 0.0 1.0
 outer loop
  vertex 63.05500030517578 29.0 0.0
  vertex 62.25680160522461 29.0 0.0
  vertex 63.05500030517578 28.758320236206053 0.0
 endloop
endfacet
facet normal 0.0 0.0 1.0
 outer loop
  vertex 63.05500030517578 28.758320236206053 0.0
  vertex 62.25680160522461 29.0 0.0
  vertex 62.25680160522461 28.758320236206053 0.0
 endloop
endfacet
facet normal 0.0 0.0 1.0
 outer loop
  vertex 63.85309982299805 29.0 0.0
  vertex 63.05500030517578 29.0 0.0
  vertex 63.85309982299805 28.758320236206053 0.0
 endloop
endfacet
facet normal 0.0 0.0 1.0
 outer loop
  vertex 63.85309982299805 28.758320236206053 0.0
  vertex 63.05500030517578 29.0 0.0
  vertex 63.05500030517578 28.758320236206053 0.0
 endloop
endfacet
facet normal 0.0 0.0 1.0
 outer loop
  vertex 64.65129852294922 29.0 0.0
  vertex 63.85309982299805 29.0 0.0
  vertex 64.65129852294922 28.758320236206053 0.0
 endloop
endfacet
facet normal 0.0 0.0 1.0
 outer loop
  vertex 64.65129852294922 28.758320236206053 0.0
  vertex 63.85309982299805 29.0 0.0
  vertex 63.85309982299805 28.758320236206053 0.0
 endloop
endfacet
facet normal 0.0 0.0 1.0
 outer loop
  vertex 65.44950103759766 29.0 0.0
  vertex 64.65129852294922 29.0 0.0
  vertex 65.44950103759766 28.758320236206053 0.0
 endloop
endfacet
facet normal 0.0 0.0 1.0
 outer loop
  vertex 65.44950103759766 28.758320236206053 0.0
  vertex 64.65129852294922 29.0 0.0
  vertex 64.65129852294922 28.758320236206053 0.0
 endloop
endfacet
facet normal 0.0 0.0 1.0
 outer loop
  vertex 66.24759674072266 29.0 0.0
  vertex 65.44950103759766 29.0 0.0
  vertex 66.24759674072266 28.758320236206053 0.0
 endloop
endfacet
facet normal 0.0 0.0 1.0
 outer loop
  vertex 66.24759674072266 28.758320236206053 0.0
  vertex 65.44950103759766 29.0 0.0
  vertex 65.44950103759766 28.758320236206053 0.0
 endloop
endfacet
facet normal 0.0 0.0 1.0
 outer loop
  vertex 67.0457992553711 29.0 0.0
  vertex 66.24759674072266 29.0 0.0
  vertex 67.0457992553711 28.758320236206053 0.0
 endloop
endfacet
facet normal 0.0 0.0 1.0
 outer loop
  vertex 67.0457992553711 28.758320236206053 0.0
  vertex 66.24759674072266 29.0 0.0
  vertex 66.24759674072266 28.758320236206053 0.0
 endloop
endfacet
facet normal 0.0 0.0 1.0
 outer loop
  vertex 67.84400177001953 29.0 0.0
  vertex 67.0457992553711 29.0 0.0
  vertex 67.84400177001953 28.758320236206053 0.0
 endloop
endfacet
facet normal 0.0 0.0 1.0
 outer loop
  vertex 67.84400177001953 28.758320236206053 0.0
  vertex 67.0457992553711 29.0 0.0
  vertex 67.0457992553711 28.758320236206053 0.0
 endloop
endfacet
facet normal 0.0 0.0 1.0
 outer loop
  vertex 68.64209747314453 29.0 0.0
  vertex 67.84400177001953 29.0 0.0
  vertex 68.64209747314453 28.758320236206053 0.0
 endloop
endfacet
facet normal 0.0 0.0 1.0
 outer loop
  vertex 68.64209747314453 28.758320236206053 0.0
  vertex 67.84400177001953 29.0 0.0
  vertex 67.84400177001953 28.758320236206053 0.0
 endloop
endfacet
facet normal 0.0 0.0 1.0
 outer loop
  vertex 69.44029998779297 29.0 0.0
  vertex 68.64209747314453 29.0 0.0
  vertex 69.44029998779297 28.758320236206053 0.0
 endloop
endfacet
facet normal 0.0 0.0 1.0
 outer loop
  vertex 69.44029998779297 28.758320236206053 0.0
  vertex 68.64209747314453 29.0 0.0
  vertex 68.64209747314453 28.758320236206053 0.0
 endloop
endfacet
facet normal 0.0 0.0 1.0
 outer loop
  vertex 70.2385025024414 29.0 0.0
  vertex 69.44029998779297 29.0 0.0
  vertex 70.2385025024414 28.758320236206053 0.0
 endloop
endfacet
facet normal 0.0 0.0 1.0
 outer loop
  vertex 70.2385025024414 28.758320236206053 0.0
  vertex 69.44029998779297 29.0 0.0
  vertex 69.44029998779297 28.758320236206053 0.0
 endloop
endfacet
facet normal 0.0 0.0 1.0
 outer loop
  vertex 71.0365982055664 29.0 0.0
  vertex 70.2385025024414 29.0 0.0
  vertex 71.0365982055664 28.758320236206053 0.0
 endloop
endfacet
facet normal 0.0 0.0 1.0
 outer loop
  vertex 71.0365982055664 28.758320236206053 0.0
  vertex 70.2385025024414 29.0 0.0
  vertex 70.2385025024414 28.758320236206053 0.0
 endloop
endfacet
facet normal 0.0 0.0 1.0
 outer loop
  vertex 71.83480072021484 29.0 0.0
  vertex 71.0365982055664 29.0 0.0
  vertex 71.83480072021484 28.758320236206053 0.0
 endloop
endfacet
facet normal 0.0 0.0 1.0
 outer loop
  vertex 71.83480072021484 28.758320236206053 0.0
  vertex 71.0365982055664 29.0 0.0
  vertex 71.0365982055664 28.758320236206053 0.0
 endloop
endfacet
facet normal 0.0 0.0 1.0
 outer loop
  vertex 72.63300323486328 29.0 0.0
  vertex 71.83480072021484 29.0 0.0
  vertex 72.63300323486328 28.758320236206053 0.0
 endloop
endfacet
facet normal 0.0 0.0 1.0
 outer loop
  vertex 72.63300323486328 28.758320236206053 0.0
  vertex 71.83480072021484 29.0 0.0
  vertex 71.83480072021484 28.758320236206053 0.0
 endloop
endfacet
facet normal 0.0 0.0 1.0
 outer loop
  vertex 73.43109893798828 29.0 0.0
  vertex 72.63300323486328 29.0 0.0
  vertex 73.43109893798828 28.758320236206053 0.0
 endloop
endfacet
facet normal 0.0 0.0 1.0
 outer loop
  vertex 73.43109893798828 28.758320236206053 0.0
  vertex 72.63300323486328 29.0 0.0
  vertex 72.63300323486328 28.758320236206053 0.0
 endloop
endfacet
facet normal 0.0 0.0 1.0
 outer loop
  vertex 74.22930145263672 29.0 0.0
  vertex 73.43109893798828 29.0 0.0
  vertex 74.22930145263672 28.758320236206053 0.0
 endloop
endfacet
facet normal 0.0 0.0 1.0
 outer loop
  vertex 74.22930145263672 28.758320236206053 0.0
  vertex 73.43109893798828 29.0 0.0
  vertex 73.43109893798828 28.758320236206053 0.0
 endloop
endfacet
facet normal 0.0 0.0 1.0
 outer loop
  vertex 75.02749633789063 29.0 0.0
  vertex 74.22930145263672 29.0 0.0
  vertex 75.02749633789063 28.758320236206053 0.0
 endloop
endfacet
facet normal 0.0 0.0 1.0
 outer loop
  vertex 75.02749633789063 28.758320236206053 0.0
  vertex 74.22930145263672 29.0 0.0
  vertex 74.22930145263672 28.758320236206053 0.0
 endloop
endfacet
facet normal 0.0 0.0 1.0
 outer loop
  vertex 75.82559967041016 29.0 0.0
  vertex 75.02749633789063 29.0 0.0
  vertex 75.82559967041016 28.758320236206053 0.0
 endloop
endfacet
facet normal 0.0 0.0 1.0
 outer loop
  vertex 75.82559967041016 28.758320236206053 0.0
  vertex 75.02749633789063 29.0 0.0
  vertex 75.02749633789063 28.758320236206053 0.0
 endloop
endfacet
facet normal 0.0 0.0 1.0
 outer loop
  vertex 76.6238021850586 29.0 0.0
  vertex 75.82559967041016 29.0 0.0
  vertex 76.6238021850586 28.758320236206053 0.0
 endloop
endfacet
facet normal 0.0 0.0 1.0
 outer loop
  vertex 76.6238021850586 28.758320236206053 0.0
  vertex 75.82559967041016 29.0 0.0
  vertex 75.82559967041016 28.758320236206053 0.0
 endloop
endfacet
facet normal 0.0 0.0 1.0
 outer loop
  vertex 77.4219970703125 29.0 0.0
  vertex 76.6238021850586 29.0 0.0
  vertex 77.4219970703125 28.758320236206053 0.0
 endloop
endfacet
facet normal 0.0 0.0 1.0
 outer loop
  vertex 77.4219970703125 28.758320236206053 0.0
  vertex 76.6238021850586 29.0 0.0
  vertex 76.6238021850586 28.758320236206053 0.0
 endloop
endfacet
facet normal 0.0 0.0 1.0
 outer loop
  vertex 78.22010040283203 29.0 0.0
  vertex 77.4219970703125 29.0 0.0
  vertex 78.22010040283203 28.758320236206053 0.0
 endloop
endfacet
facet normal 0.0 0.0 1.0
 outer loop
  vertex 78.22010040283203 28.758320236206053 0.0
  vertex 77.4219970703125 29.0 0.0
  vertex 77.4219970703125 28.758320236206053 0.0
 endloop
endfacet
facet normal 0.0 0.0 1.0
 outer loop
  vertex 79.01830291748047 29.0 0.0
  vertex 78.22010040283203 29.0 0.0
  vertex 79.01830291748047 28.758320236206053 0.0
 endloop
endfacet
facet normal 0.0 0.0 1.0
 outer loop
  vertex 79.01830291748047 28.758320236206053 0.0
  vertex 78.22010040283203 29.0 0.0
  vertex 78.22010040283203 28.758320236206053 0.0
 endloop
endfacet
facet normal 0.0 0.0 1.0
 outer loop
  vertex 79.81639862060547 29.0 0.0
  vertex 79.01830291748047 29.0 0.0
  vertex 79.81639862060547 28.758320236206053 0.0
 endloop
endfacet
facet normal 0.0 0.0 1.0
 outer loop
  vertex 79.81639862060547 28.758320236206053 0.0
  vertex 79.01830291748047 29.0 0.0
  vertex 79.01830291748047 28.758320236206053 0.0
 endloop
endfacet
facet normal 0.0 0.0 1.0
 outer loop
  vertex 80.6146011352539 29.0 0.0
  vertex 79.81639862060547 29.0 0.0
  vertex 80.6146011352539 28.758320236206053 0.0
 endloop
endfacet
facet normal 0.0 0.0 1.0
 outer loop
  vertex 80.6146011352539 28.758320236206053 0.0
  vertex 79.81639862060547 29.0 0.0
  vertex 79.81639862060547 28.758320236206053 0.0
 endloop
endfacet
facet normal 0.0 0.0 1.0
 outer loop
  vertex 81.41280364990234 29.0 0.0
  vertex 80.6146011352539 29.0 0.0
  vertex 81.41280364990234 28.758320236206053 0.0
 endloop
endfacet
facet normal 0.0 0.0 1.0
 outer loop
  vertex 81.41280364990234 28.758320236206053 0.0
  vertex 80.6146011352539 29.0 0.0
  vertex 80.6146011352539 28.758320236206053 0.0
 endloop
endfacet
facet normal 0.0 0.0 1.0
 outer loop
  vertex 82.21089935302734 29.0 0.0
  vertex 81.41280364990234 29.0 0.0
  vertex 82.21089935302734 28.758320236206053 0.0
 endloop
endfacet
facet normal 0.0 0.0 1.0
 outer loop
  vertex 82.21089935302734 28.758320236206053 0.0
  vertex 81.41280364990234 29.0 0.0
  vertex 81.41280364990234 28.758320236206053 0.0
 endloop
endfacet
facet normal 0.0 0.0 1.0
 outer loop
  vertex 83.00910186767578 29.0 0.0
  vertex 82.21089935302734 29.0 0.0
  vertex 83.00910186767578 28.758320236206053 0.0
 endloop
endfacet
facet normal 0.0 0.0 1.0
 outer loop
  vertex 83.00910186767578 28.758320236206053 0.0
  vertex 82.21089935302734 29.0 0.0
  vertex 82.21089935302734 28.758320236206053 0.0
 endloop
endfacet
facet normal 0.0 0.0 1.0
 outer loop
  vertex 83.80729675292969 29.0 0.0
  vertex 83.00910186767578 29.0 0.0
  vertex 83.80729675292969 28.758320236206053 0.0
 endloop
endfacet
facet normal 0.0 0.0 1.0
 outer loop
  vertex 83.80729675292969 28.758320236206053 0.0
  vertex 83.00910186767578 29.0 0.0
  vertex 83.00910186767578 28.758320236206053 0.0
 endloop
endfacet
facet normal 0.0 0.0 1.0
 outer loop
  vertex 84.60540008544922 29.0 0.0
  vertex 83.80729675292969 29.0 0.0
  vertex 84.60540008544922 28.758320236206053 0.0
 endloop
endfacet
facet normal 0.0 0.0 1.0
 outer loop
  vertex 84.60540008544922 28.758320236206053 0.0
  vertex 83.80729675292969 29.0 0.0
  vertex 83.80729675292969 28.758320236206053 0.0
 endloop
endfacet
facet normal 0.0 0.0 1.0
 outer loop
  vertex 85.40360260009766 29.0 0.0
  vertex 84.60540008544922 29.0 0.0
  vertex 85.40360260009766 28.758320236206053 0.0
 endloop
endfacet
facet normal 0.0 0.0 1.0
 outer loop
  vertex 85.40360260009766 28.758320236206053 0.0
  vertex 84.60540008544922 29.0 0.0
  vertex 84.60540008544922 28.758320236206053 0.0
 endloop
endfacet
facet normal 0.0 0.0 1.0
 outer loop
  vertex 86.20179748535156 29.0 0.0
  vertex 85.40360260009766 29.0 0.0
  vertex 86.20179748535156 28.758320236206053 0.0
 endloop
endfacet
facet normal 0.0 0.0 1.0
 outer loop
  vertex 86.20179748535156 28.758320236206053 0.0
  vertex 85.40360260009766 29.0 0.0
  vertex 85.40360260009766 28.758320236206053 0.0
 endloop
endfacet
facet normal -0.0 0.0 1.0
 outer loop
  vertex 86.20179748535156 29.0 0.0
  vertex 86.20179748535156 28.758320236206053 0.0
  vertex 87.0 29.0 0.0
 endloop
endfacet
facet normal 0.0 -0.0 1.0
 outer loop
  vertex 87.0 28.194400787353516 0.0
  vertex 87.0 29.0 0.0
  vertex 86.76053924560547 28.194400787353516 0.0
 endloop
endfacet
facet normal 0.0 -0.0 1.0
 outer loop
  vertex 86.76053924560547 28.194400787353516 0.0
  vertex 87.0 29.0 0.0
  vertex 86.20179748535156 28.758320236206053 0.0
 endloop
endfacet
facet normal 0.0 0.0 1.0
 outer loop
  vertex 0.7981659770011902 1.611109972000122 0.0
  vertex 0.0 1.611109972000122 0.0
  vertex 0.0 0.8055559992790222 0.0
 endloop
endfacet
facet normal 0.0 0.0 1.0
 outer loop
  vertex 0.7981659770011902 0.0 0.0
  vertex 1.5963300466537476 0.0 0.0
  vertex 1.5963300466537476 0.8055559992790222 0.0
 endloop
endfacet
facet normal -0.0 0.0 1.0
 outer loop
  vertex 0.0 0.8055559992790222 0.0
  vertex 0.7981659770011902 0.0 0.0
  vertex 1.5963300466537476 0.8055559992790222 0.0
 endloop
endfacet
facet normal 0.0 0.0 1.0
 outer loop
  vertex 0.7981659770011902 1.611109972000122 0.0
  vertex 0.0 0.8055559992790222 0.0
  vertex 1.5963300466537476 0.8055559992790222 0.0
 endloop
endfacet
facet normal 0.0 0.0 0.9999999999999999
 outer loop
  vertex 2.3944900035858154 0.0 0.0
  vertex 3.192660093307495 0.0 0.0
  vertex 3.192660093307495 0.8055559992790222 0.0
 endloop
endfacet
facet normal -0.0 0.0 1.0
 outer loop
  vertex 1.5963300466537476 0.8055559992790222 0.0
  vertex 2.3944900035858154 0.0 0.0
  vertex 3.192660093307495 0.8055559992790222 0.0
 endloop
endfacet
facet normal 0.0 0.0 0.9999999999999999
 outer loop
  vertex 3.9908199310302734 0.0 0.0
  vertex 4.788990020751953 0.0 0.0
  vertex 4.788990020751953 0.8055559992790222 0.0
 endloop
endfacet
facet normal -0.0 0.0 1.0
 outer loop
  vertex 3.192660093307495 0.8055559992790222 0.0
  vertex 3.9908199310302734 0.0 0.0
  vertex 4.788990020751953 0.8055559992790222 0.0
 endloop
endfacet
facet normal 0.0 0.0 0.9999999999999999
 outer loop
  vertex 5.5871500968933105 0.0 0.0
  vertex 6.38532018661499 0.0 0.0
  vertex 6.38532018661499 0.8055559992790222 0.0
 endloop
endfacet
facet normal -0.0 0.0 1.0
 outer loop
  vertex 4.788990020751953 0.8055559992790222 0.0
  vertex 5.5871500968933105 0.0 0.0
  vertex 6.38532018661499 0.8055559992790222 0.0
 endloop
endfacet
facet normal 0.0 0.0 0.9999999999999999
 outer loop
  vertex 7.1834797859191895 0.0 0.0
  vertex 7.981649875640869 0.0 0.0
  vertex 7.981649875640869 0.8055559992790222 0.0
 endloop
endfacet
facet normal -0.0 0.0 1.0
 outer loop
  vertex 6.38532018661499 0.8055559992790222 0.0
  vertex 7.1834797859191895 0.0 0.0
  vertex 7.981649875640869 0.8055559992790222 0.0
 endloop
endfacet
facet normal 0.0 0.0 0.9999999999999999
 outer loop
  vertex 8.779809951782227 0.0 0.0
  vertex 9.577980041503906 0.0 0.0
  vertex 9.577980041503906 0.8055559992790222 0.0
 endloop
endfacet
facet normal -0.0 0.0 1.0
 outer loop
  vertex 7.981649875640869 0.8055559992790222 0.0
  vertex 8.779809951782227 0.0 0.0
  vertex 9.577980041503906 0.8055559992790222 0.0
 endloop
endfacet
facet normal 0.0 0.0 1.0
 outer loop
  vertex 10.376099586486816 0.0 0.0
  vertex 11.174300193786621 0.0 0.0
  vertex 11.174300193786621 0.8055559992790222 0.0
 endloop
endfacet
facet normal -0.0 0.0 1.0
 outer loop
  vertex 9.577980041503906 0.8055559992790222 0.0
  vertex 10.376099586486816 0.0 0.0
  vertex 11.174300193786621 0.8055559992790222 0.0
 endloop
endfacet
facet normal 0.0 0.0 1.0
 outer loop
  vertex 11.972399711608887 0.0 0.0
  vertex 12.770600318908691 0.0 0.0
  vertex 12.770600318908691 0.8055559992790222 0.0
 endloop
endfacet
facet normal -0.0 0.0 0.9999999999999999
 outer loop
  vertex 11.174300193786621 0.8055559992790222 0.0
  vertex 11.972399711608887 0.0 0.0
  vertex 12.770600318908691 0.8055559992790222 0.0
 endloop
endfacet
facet normal 0.0 0.0 1.0
 outer loop
  vertex 13.56879997253418 0.0 0.0
  vertex 14.366900444030762 0.0 0.0
  vertex 14.366900444030762 0.8055559992790222 0.0
 endloop
endfacet
facet normal -0.0 0.0 0.9999999999999999
 outer loop
  vertex 12.770600318908691 0.8055559992790222 0.0
  vertex 13.56879997253418 0.0 0.0
  vertex 14.366900444030762 0.8055559992790222 0.0
 endloop
endfacet
facet normal 0.0 0.0 1.0
 outer loop
  vertex 15.16510009765625 0.0 0.0
  vertex 15.963199615478516 0.0 0.0
  vertex 15.963199615478516 0.8055559992790222 0.0
 endloop
endfacet
facet normal -0.0 0.0 1.0
 outer loop
  vertex 14.366900444030762 0.8055559992790222 0.0
  vertex 15.16510009765625 0.0 0.0
  vertex 15.963199615478516 0.8055559992790222 0.0
 endloop
endfacet
facet normal 0.0 0.0 1.0
 outer loop
  vertex 16.76140022277832 0.0 0.0
  vertex 17.559600830078125 0.0 0.0
  vertex 17.559600830078125 0.8055559992790222 0.0
 endloop
endfacet
facet normal -0.0 0.0 1.0
 outer loop
  vertex 15.963199615478516 0.8055559992790222 0.0
  vertex 16.76140022277832 0.0 0.0
  vertex 17.559600830078125 0.8055559992790222 0.0
 endloop
endfacet
facet normal 0.0 0.0 1.0
 outer loop
  vertex 18.35770034790039 0.0 0.0
  vertex 19.155899047851563 0.0 0.0
  vertex 19.155899047851563 0.8055559992790222 0.0
 endloop
endfacet
facet normal -0.0 0.0 1.0
 outer loop
  vertex 17.559600830078125 0.8055559992790222 0.0
  vertex 18.35770034790039 0.0 0.0
  vertex 19.155899047851563 0.8055559992790222 0.0
 endloop
endfacet
facet normal 0.0 0.0 1.0
 outer loop
  vertex 19.954099655151367 0.0 0.0
  vertex 20.752199172973633 0.0 0.0
  vertex 20.752199172973633 0.8055559992790222 0.0
 endloop
endfacet
facet normal -0.0 0.0 0.9999999999999999
 outer loop
  vertex 19.155899047851563 0.8055559992790222 0.0
  vertex 19.954099655151367 0.0 0.0
  vertex 20.752199172973633 0.8055559992790222 0.0
 endloop
endfacet
facet normal 0.0 0.0 1.0
 outer loop
  vertex 21.550399780273438 0.0 0.0
  vertex 22.348600387573242 0.0 0.0
  vertex 22.348600387573242 0.8055559992790222 0.0
 endloop
endfacet
facet normal -0.0 0.0 1.0
 outer loop
  vertex 20.752199172973633 0.8055559992790222 0.0
  vertex 21.550399780273438 0.0 0.0
  vertex 22.348600387573242 0.8055559992790222 0.0
 endloop
endfacet
facet normal 0.0 0.0 1.0
 outer loop
  vertex 23.146699905395508 0.0 0.0
  vertex 23.944900512695313 0.0 0.0
  vertex 23.944900512695313 0.8055559992790222 0.0
 endloop
endfacet
facet normal -0.0 0.0 0.9999999999999999
 outer loop
  vertex 22.348600387573242 0.8055559992790222 0.0
  vertex 23.146699905395508 0.0 0.0
  vertex 23.944900512695313 0.8055559992790222 0.0
 endloop
endfacet
facet normal 0.0 0.0 1.0
 outer loop
  vertex 24.743099212646484 0.0 0.0
  vertex 25.541200637817383 0.0 0.0
  vertex 25.541200637817383 0.8055559992790222 0.0
 endloop
endfacet
facet normal -0.0 0.0 0.9999999999999999
 outer loop
  vertex 23.944900512695313 0.8055559992790222 0.0
  vertex 24.743099212646484 0.0 0.0
  vertex 25.541200637817383 0.8055559992790222 0.0
 endloop
endfacet
facet normal 0.0 0.0 1.0
 outer loop
  vertex 26.339399337768555 0.0 0.0
  vertex 27.13759994506836 0.0 0.0
  vertex 27.13759994506836 0.8055559992790222 0.0
 endloop
endfacet
facet normal -0.0 0.0 1.0
 outer loop
  vertex 25.541200637817383 0.8055559992790222 0.0
  vertex 26.339399337768555 0.0 0.0
  vertex 27.13759994506836 0.8055559992790222 0.0
 endloop
endfacet
facet normal 0.0 0.0 1.0
 outer loop
  vertex 27.935699462890625 0.0 0.0
  vertex 28.73390007019043 0.0 0.0
  vertex 28.73390007019043 0.8055559992790222 0.0
 endloop
endfacet
facet normal -0.0 0.0 0.9999999999999999
 outer loop
  vertex 27.13759994506836 0.8055559992790222 0.0
  vertex 27.935699462890625 0.0 0.0
  vertex 28.73390007019043 0.8055559992790222 0.0
 endloop
endfacet
facet normal 0.0 0.0 1.0
 outer loop
  vertex 29.531999588012695 0.0 0.0
  vertex 30.3302001953125 0.0 0.0
  vertex 30.3302001953125 0.8055559992790222 0.0
 endloop
endfacet
facet normal -0.0 0.0 0.9999999999999999
 outer loop
  vertex 28.73390007019043 0.8055559992790222 0.0
  vertex 29.531999588012695 0.0 0.0
  vertex 30.3302001953125 0.8055559992790222 0.0
 endloop
endfacet
facet normal 0.0 0.0 1.0
 outer loop
  vertex 31.128400802612305 0.0 0.0
  vertex 31.92650032043457 0.0 0.0
  vertex 31.92650032043457 0.8055559992790222 0.0
 endloop
endfacet
facet normal -0.0 0.0 0.9999999999999999
 outer loop
  vertex 30.3302001953125 0.8055559992790222 0.0
  vertex 31.128400802612305 0.0 0.0
  vertex 31.92650032043457 0.8055559992790222 0.0
 endloop
endfacet
facet normal 0.0 0.0 1.0
 outer loop
  vertex 32.724700927734375 0.0 0.0
  vertex 33.52289962768555 0.0 0.0
  vertex 33.52289962768555 0.8055559992790222 0.0
 endloop
endfacet
facet normal -0.0 0.0 1.0
 outer loop
  vertex 31.92650032043457 0.8055559992790222 0.0
  vertex 32.724700927734375 0.0 0.0
  vertex 33.52289962768555 0.8055559992790222 0.0
 endloop
endfacet
facet normal 0.0 0.0 1.0
 outer loop
  vertex 34.32099914550781 0.0 0.0
  vertex 35.11920166015625 0.0 0.0
  vertex 35.11920166015625 0.8055559992790222 0.0
 endloop
endfacet
facet normal -0.0 0.0 1.0
 outer loop
  vertex 33.52289962768555 0.8055559992790222 0.0
  vertex 34.32099914550781 0.0 0.0
  vertex 35.11920166015625 0.8055559992790222 0.0
 endloop
endfacet
facet normal 0.0 0.0 1.0
 outer loop
  vertex 35.91740036010742 0.0 0.0
  vertex 36.71549987792969 0.0 0.0
  vertex 36.71549987792969 0.8055559992790222 0.0
 endloop
endfacet
facet normal -0.0 0.0 1.0
 outer loop
  vertex 35.11920166015625 0.8055559992790222 0.0
  vertex 35.91740036010742 0.0 0.0
  vertex 36.71549987792969 0.8055559992790222 0.0
 endloop
endfacet
facet normal 0.0 0.0 1.0
 outer loop
  vertex 37.51369857788086 0.0 0.0
  vertex 38.3119010925293 0.0 0.0
  vertex 38.3119010925293 0.8055559992790222 0.0
 endloop
endfacet
facet normal -0.0 0.0 1.0
 outer loop
  vertex 36.71549987792969 0.8055559992790222 0.0
  vertex 37.51369857788086 0.0 0.0
  vertex 38.3119010925293 0.8055559992790222 0.0
 endloop
endfacet
facet normal 0.0 0.0 1.0
 outer loop
  vertex 39.11000061035156 0.0 0.0
  vertex 39.908199310302734 0.0 0.0
  vertex 39.908199310302734 0.8055559992790222 0.0
 endloop
endfacet
facet normal -0.0 0.0 1.0
 outer loop
  vertex 38.3119010925293 0.8055559992790222 0.0
  vertex 39.11000061035156 0.0 0.0
  vertex 39.908199310302734 0.8055559992790222 0.0
 endloop
endfacet
facet normal 0.0 0.0 1.0
 outer loop
  vertex 39.11000061035156 1.611109972000122 0.0
  vertex 38.3119010925293 0.8055559992790222 0.0
  vertex 39.908199310302734 0.8055559992790222 0.0
 endloop
endfacet
facet normal 0.0 0.0 1.0
 outer loop
  vertex 40.70640182495117 0.0 0.0
  vertex 41.50450134277344 0.0 0.0
  vertex 41.50450134277344 0.8055559992790222 0.0
 endloop
endfacet
facet normal -0.0 0.0 1.0
 outer loop
  vertex 39.908199310302734 0.8055559992790222 0.0
  vertex 40.70640182495117 0.0 0.0
  vertex 41.50450134277344 0.8055559992790222 0.0
 endloop
endfacet
facet normal 0.0 0.0 1.0
 outer loop
  vertex 42.30270004272461 0.0 0.0
  vertex 43.10089874267578 0.0 0.0
  vertex 43.10089874267578 0.8055559992790222 0.0
 endloop
endfacet
facet normal -0.0 0.0 1.0
 outer loop
  vertex 41.50450134277344 0.8055559992790222 0.0
  vertex 42.30270004272461 0.0 0.0
  vertex 43.10089874267578 0.8055559992790222 0.0
 endloop
endfacet
facet normal 0.0 0.0 1.0
 outer loop
  vertex 43.89899826049805 0.0 0.0
  vertex 44.697200775146484 0.0 0.0
  vertex 44.697200775146484 0.8055559992790222 0.0
 endloop
endfacet
facet normal -0.0 0.0 1.0
 outer loop
  vertex 43.10089874267578 0.8055559992790222 0.0
  vertex 43.89899826049805 0.0 0.0
  vertex 44.697200775146484 0.8055559992790222 0.0
 endloop
endfacet
facet normal 0.0 0.0 1.0
 outer loop
  vertex 45.49530029296875 0.0 0.0
  vertex 46.29349899291992 0.0 0.0
  vertex 46.29349899291992 0.8055559992790222 0.0
 endloop
endfacet
facet normal -0.0 0.0 1.0
 outer loop
  vertex 44.697200775146484 0.8055559992790222 0.0
  vertex 45.49530029296875 0.0 0.0
  vertex 46.29349899291992 0.8055559992790222 0.0
 endloop
endfacet
facet normal 0.0 0.0 1.0
 outer loop
  vertex 47.09170150756836 0.0 0.0
  vertex 47.889801025390625 0.0 0.0
  vertex 47.889801025390625 0.8055559992790222 0.0
 endloop
endfacet
facet normal -0.0 0.0 1.0
 outer loop
  vertex 46.29349899291992 0.8055559992790222 0.0
  vertex 47.09170150756836 0.0 0.0
  vertex 47.889801025390625 0.8055559992790222 0.0
 endloop
endfacet
facet normal 0.0 0.0 1.0
 outer loop
  vertex 48.6879997253418 0.0 0.0
  vertex 49.48619842529297 0.0 0.0
  vertex 49.48619842529297 0.8055559992790222 0.0
 endloop
endfacet
facet normal -0.0 0.0 1.0
 outer loop
  vertex 47.889801025390625 0.8055559992790222 0.0
  vertex 48.6879997253418 0.0 0.0
  vertex 49.48619842529297 0.8055559992790222 0.0
 endloop
endfacet
facet normal 0.0 0.0 1.0
 outer loop
  vertex 50.2843017578125 0.0 0.0
  vertex 51.08250045776367 0.0 0.0
  vertex 51.08250045776367 0.8055559992790222 0.0
 endloop
endfacet
facet normal -0.0 0.0 1.0
 outer loop
  vertex 49.48619842529297 0.8055559992790222 0.0
  vertex 50.2843017578125 0.0 0.0
  vertex 51.08250045776367 0.8055559992790222 0.0
 endloop
endfacet
facet normal 0.0 0.0 1.0
 outer loop
  vertex 51.880699157714844 0.0 0.0
  vertex 52.67879867553711 0.0 0.0
  vertex 52.67879867553711 0.8055559992790222 0.0
 endloop
endfacet
facet normal -0.0 0.0 1.0
 outer loop
  vertex 51.08250045776367 0.8055559992790222 0.0
  vertex 51.880699157714844 0.0 0.0
  vertex 52.67879867553711 0.8055559992790222 0.0
 endloop
endfacet
facet normal 0.0 0.0 1.0
 outer loop
  vertex 53.47700119018555 0.0 0.0
  vertex 54.27519989013672 0.0 0.0
  vertex 54.27519989013672 0.8055559992790222 0.0
 endloop
endfacet
facet normal -0.0 0.0 1.0
 outer loop
  vertex 52.67879867553711 0.8055559992790222 0.0
  vertex 53.47700119018555 0.0 0.0
  vertex 54.27519989013672 0.8055559992790222 0.0
 endloop
endfacet
facet normal 0.0 0.0 1.0
 outer loop
  vertex 55.073299407958984 0.0 0.0
  vertex 55.871498107910156 0.0 0.0
  vertex 55.871498107910156 0.8055559992790222 0.0
 endloop
endfacet
facet normal -0.0 0.0 1.0
 outer loop
  vertex 54.27519989013672 0.8055559992790222 0.0
  vertex 55.073299407958984 0.0 0.0
  vertex 55.871498107910156 0.8055559992790222 0.0
 endloop
endfacet
facet normal 0.0 0.0 1.0
 outer loop
  vertex 56.669700622558594 0.0 0.0
  vertex 57.46780014038086 0.0 0.0
  vertex 57.46780014038086 0.8055559992790222 0.0
 endloop
endfacet
facet normal -0.0 0.0 1.0
 outer loop
  vertex 55.871498107910156 0.8055559992790222 0.0
  vertex 56.669700622558594 0.0 0.0
  vertex 57.46780014038086 0.8055559992790222 0.0
 endloop
endfacet
facet normal 0.0 0.0 1.0
 outer loop
  vertex 58.26599884033203 0.0 0.0
  vertex 59.06420135498047 0.0 0.0
  vertex 59.06420135498047 0.8055559992790222 0.0
 endloop
endfacet
facet normal -0.0 0.0 1.0
 outer loop
  vertex 57.46780014038086 0.8055559992790222 0.0
  vertex 58.26599884033203 0.0 0.0
  vertex 59.06420135498047 0.8055559992790222 0.0
 endloop
endfacet
facet normal 0.0 0.0 1.0
 outer loop
  vertex 59.862300872802734 0.0 0.0
  vertex 60.660499572753906 0.0 0.0
  vertex 60.660499572753906 0.8055559992790222 0.0
 endloop
endfacet
facet normal -0.0 0.0 1.0
 outer loop
  vertex 59.06420135498047 0.8055559992790222 0.0
  vertex 59.862300872802734 0.0 0.0
  vertex 60.660499572753906 0.8055559992790222 0.0
 endloop
endfacet
facet normal 0.0 0.0 1.0
 outer loop
  vertex 61.45869827270508 0.0 0.0
  vertex 62.25680160522461 0.0 0.0
  vertex 62.25680160522461 0.8055559992790222 0.0
 endloop
endfacet
facet normal -0.0 0.0 1.0
 outer loop
  vertex 60.660499572753906 0.8055559992790222 0.0
  vertex 61.45869827270508 0.0 0.0
  vertex 62.25680160522461 0.8055559992790222 0.0
 endloop
endfacet
facet normal 0.0 0.0 1.0
 outer loop
  vertex 63.05500030517578 0.0 0.0
  vertex 63.85309982299805 0.0 0.0
  vertex 63.85309982299805 0.8055559992790222 0.0
 endloop
endfacet
facet normal -0.0 0.0 1.0
 outer loop
  vertex 62.25680160522461 0.8055559992790222 0.0
  vertex 63.05500030517578 0.0 0.0
  vertex 63.85309982299805 0.8055559992790222 0.0
 endloop
endfacet
facet normal 0.0 0.0 1.0
 outer loop
  vertex 64.65129852294922 0.0 0.0
  vertex 65.44950103759766 0.0 0.0
  vertex 65.44950103759766 0.8055559992790222 0.0
 endloop
endfacet
facet normal -0.0 0.0 1.0
 outer loop
  vertex 63.85309982299805 0.8055559992790222 0.0
  vertex 64.65129852294922 0.0 0.0
  vertex 65.44950103759766 0.8055559992790222 0.0
 endloop
endfacet
facet normal 0.0 0.0 1.0
 outer loop
  vertex 66.24759674072266 0.0 0.0
  vertex 67.0457992553711 0.0 0.0
  vertex 67.0457992553711 0.8055559992790222 0.0
 endloop
endfacet
facet normal -0.0 0.0 1.0
 outer loop
  vertex 65.44950103759766 0.8055559992790222 0.0
  vertex 66.24759674072266 0.0 0.0
  vertex 67.0457992553711 0.8055559992790222 0.0
 endloop
endfacet
facet normal 0.0 0.0 1.0
 outer loop
  vertex 67.84400177001953 0.0 0.0
  vertex 68.64209747314453 0.0 0.0
  vertex 68.64209747314453 0.8055559992790222 0.0
 endloop
endfacet
facet normal -0.0 0.0 1.0
 outer loop
  vertex 67.0457992553711 0.8055559992790222 0.0
  vertex 67.84400177001953 0.0 0.0
  vertex 68.64209747314453 0.8055559992790222 0.0
 endloop
endfacet
facet normal 0.0 0.0 1.0
 outer loop
  vertex 69.44029998779297 0.0 0.0
  vertex 70.2385025024414 0.0 0.0
  vertex 70.2385025024414 0.8055559992790222 0.0
 endloop
endfacet
facet normal -0.0 0.0 1.0
 outer loop
  vertex 68.64209747314453 0.8055559992790222 0.0
  vertex 69.44029998779297 0.0 0.0
  vertex 70.2385025024414 0.8055559992790222 0.0
 endloop
endfacet
facet normal 0.0 0.0 0.9999999999999999
 outer loop
  vertex 69.44029998779297 1.611109972000122 0.0
  vertex 68.64209747314453 0.8055559992790222 0.0
  vertex 70.2385025024414 0.8055559992790222 0.0
 endloop
endfacet
facet normal 0.0 0.0 1.0
 outer loop
  vertex 71.0365982055664 0.0 0.0
  vertex 71.83480072021484 0.0 0.0
  vertex 71.83480072021484 0.8055559992790222 0.0
 endloop
endfacet
facet normal -0.0 0.0 1.0
 outer loop
  vertex 70.2385025024414 0.8055559992790222 0.0
  vertex 71.0365982055664 0.0 0.0
  vertex 71.83480072021484 0.8055559992790222 0.0
 endloop
endfacet
facet normal 0.0 0.0 1.0
 outer loop
  vertex 71.0365982055664 1.611109972000122 0.0
  vertex 70.2385025024414 0.8055559992790222 0.0
  vertex 71.83480072021484 0.8055559992790222 0.0
 endloop
endfacet
facet normal 0.0 0.0 1.0
 outer loop
  vertex 72.63300323486328 0.0 0.0
  vertex 73.43109893798828 0.0 0.0
  vertex 73.43109893798828 0.8055559992790222 0.0
 endloop
endfacet
facet normal -0.0 0.0 1.0
 outer loop
  vertex 71.83480072021484 0.8055559992790222 0.0
  vertex 72.63300323486328 0.0 0.0
  vertex 73.43109893798828 0.8055559992790222 0.0
 endloop
endfacet
facet normal 0.0 0.0 1.0
 outer loop
  vertex 72.63300323486328 1.611109972000122 0.0
  vertex 71.83480072021484 0.8055559992790222 0.0
  vertex 73.43109893798828 0.8055559992790222 0.0
 endloop
endfacet
facet normal 0.0 0.0 1.0
 outer loop
  vertex 74.22930145263672 0.0 0.0
  vertex 75.02749633789063 0.0 0.0
  vertex 75.02749633789063 0.8055559992790222 0.0
 endloop
endfacet
facet normal -0.0 0.0 1.0
 outer loop
  vertex 73.43109893798828 0.8055559992790222 0.0
  vertex 74.22930145263672 0.0 0.0
  vertex 75.02749633789063 0.8055559992790222 0.0
 endloop
endfacet
facet normal 0.0 0.0 1.0
 outer loop
  vertex 74.22930145263672 1.611109972000122 0.0
  vertex 73.43109893798828 0.8055559992790222 0.0
  vertex 75.02749633789063 0.8055559992790222 0.0
 endloop
endfacet
facet normal 0.0 0.0 1.0
 outer loop
  vertex 75.82559967041016 0.0 0.0
  vertex 76.6238021850586 0.0 0.0
  vertex 76.6238021850586 0.8055559992790222 0.0
 endloop
endfacet
facet normal -0.0 0.0 1.0
 outer loop
  vertex 75.02749633789063 0.8055559992790222 0.0
  vertex 75.82559967041016 0.0 0.0
  vertex 76.6238021850586 0.8055559992790222 0.0
 endloop
endfacet
facet normal 0.0 0.0 1.0
 outer loop
  vertex 75.82559967041016 1.611109972000122 0.0
  vertex 75.02749633789063 0.8055559992790222 0.0
  vertex 76.6238021850586 0.8055559992790222 0.0
 endloop
endfacet
facet normal 0.0 0.0 1.0
 outer loop
  vertex 79.01830291748047 0.0 0.0
  vertex 79.81639862060547 0.5638891994953155 0.0
  vertex 79.39791292641227 0.8055559992790222 0.0
 endloop
endfacet
facet normal 0.0 0.0 1.0
 outer loop
  vertex 80.05585937500001 0.8055559992790222 0.0
  vertex 79.81639862060547 0.5638891994953155 0.0
  vertex 80.6146011352539 0.0 0.0
 endloop
endfacet
facet normal 0.0 0.0 1.0
 outer loop
  vertex 83.80729675292969 0.0 0.0
  vertex 84.60540008544922 0.0 0.0
  vertex 84.60540008544922 0.8055559992790222 0.0
 endloop
endfacet
facet normal 0.0 0.0 1.0
 outer loop
  vertex 0.7981659770011902 3.222219944000244 0.0
  vertex 0.0 3.222219944000244 0.0
  vertex 0.0 2.4166600704193115 0.0
 endloop
endfacet
facet normal 0.0 0.0 1.0
 outer loop
  vertex 69.09032429419459 2.3574834791419566 0.0
  vertex 68.64209747314453 2.1749950408935548 0.0
  vertex 69.44029998779297 1.611109972000122 0.0
 endloop
endfacet
facet normal 0.0 0.0 0.9999999999999999
 outer loop
  vertex 69.63874263465405 2.502093872008845 0.0
  vertex 69.09032429419459 2.3574834791419566 0.0
  vertex 69.44029998779297 1.611109972000122 0.0
 endloop
endfacet
facet normal 0.0 -0.0 1.0
 outer loop
  vertex 42.063240432739256 3.222219944000244 0.0
  vertex 42.30270004272461 3.625 0.0
  vertex 41.50450134277344 4.027780055999756 0.0
 endloop
endfacet
facet normal 0.0 0.0 1.0
 outer loop
  vertex 86.20179748535156 2.4166600704193115 0.0
  vertex 87.0 2.4166600704193115 0.0
  vertex 87.0 3.222219944000244 0.0
 endloop
endfacet
facet normal -0.0 0.0 1.0
 outer loop
  vertex 85.40360260009766 3.222219944000244 0.0
  vertex 86.20179748535156 2.4166600704193115 0.0
  vertex 87.0 3.222219944000244 0.0
 endloop
endfacet
facet normal 0.0 0.0 1.0
 outer loop
  vertex 0.7981659770011902 4.833330154418945 0.0
  vertex 0.0 4.833330154418945 0.0
  vertex 0.0 4.027780055999756 0.0
 endloop
endfacet
facet normal -0.0 0.0 1.0
 outer loop
  vertex 41.50450134277344 4.027780055999756 0.0
  vertex 42.30270004272461 3.625 0.0
  vertex 42.54215965270996 4.027780055999756 0.0
 endloop
endfacet
facet normal -0.0 0.0 1.0
 outer loop
  vertex 0.0 5.638889789581299 0.0
  vertex 0.7981659770011902 4.833330154418945 0.0
  vertex 1.5963300466537476 5.638889789581299 0.0
 endloop
endfacet
facet normal 0.0 0.0 0.9999999999999999
 outer loop
  vertex 33.00407018661499 5.759722304344177 0.0
  vertex 32.47276856303215 5.583810689829006 0.0
  vertex 32.724700927734375 4.833330154418945 0.0
 endloop
endfacet
facet normal 0.0 -0.0 1.0
 outer loop
  vertex 45.84197065335741 5.698963270460279 0.0
  vertex 46.29349899291992 5.884754719449304 0.0
  vertex 45.49530029296875 6.444439888000488 0.0
 endloop
endfacet
facet normal 0.0 0.0 1.0
 outer loop
  vertex 45.27888237575525 5.5454063721868065 0.0
  vertex 45.84197065335741 5.698963270460279 0.0
  vertex 45.49530029296875 6.444439888000488 0.0
 endloop
endfacet
facet normal 0.0 0.0 1.0
 outer loop
  vertex 82.21089935302734 5.638889789581299 0.0
  vertex 81.41280364990234 6.444439888000488 0.0
  vertex 81.17334289550782 5.638889789581299 0.0
 endloop
endfacet
facet normal 0.0 -0.0 1.0
 outer loop
  vertex 81.56021696182708 5.236109972000122 0.0
  vertex 82.21089935302734 5.638889789581299 0.0
  vertex 81.17334289550782 5.638889789581299 0.0
 endloop
endfacet
facet normal 0.0 0.0 0.9999999999999999
 outer loop
  vertex 17.39994554519653 6.847219944000244 0.0
  vertex 16.76140022277832 6.444439888000488 0.0
  vertex 17.799030685424803 6.444439888000488 0.0
 endloop
endfacet
facet normal 0.0 0.0 1.0
 outer loop
  vertex 39.11000061035156 6.444439888000488 0.0
  vertex 38.3769315948613 6.754963623590149 0.0
  vertex 38.07244033813477 6.444439888000488 0.0
 endloop
endfacet
facet normal 0.0 0.0 1.0
 outer loop
  vertex 46.29349899291992 7.25 0.0
  vertex 45.49530029296875 6.444439888000488 0.0
  vertex 46.29349899291992 5.884754719449304 0.0
 endloop
endfacet
facet normal 0.0 0.0 1.0
 outer loop
  vertex 81.41280364990234 6.444439888000488 0.0
  vertex 80.6146011352539 7.25 0.0
  vertex 80.35519533157348 6.464581769704819 0.0
 endloop
endfacet
facet normal 0.0 -0.0 1.0
 outer loop
  vertex 80.7343355178833 6.081943595409394 0.0
  vertex 81.41280364990234 6.444439888000488 0.0
  vertex 80.35519533157348 6.464581769704819 0.0
 endloop
endfacet
facet normal -0.0 0.0 1.0
 outer loop
  vertex 81.41280364990234 6.444439888000488 0.0
  vertex 82.21089935302734 5.638889789581299 0.0
  vertex 83.00910186767578 6.444439888000488 0.0
 endloop
endfacet
facet normal -0.0 0.0 1.0
 outer loop
  vertex 38.681422851587826 7.06548735917981 0.0
  vertex 39.11000061035156 6.444439888000488 0.0
  vertex 39.349460220336915 7.25 0.0
 endloop
endfacet
facet normal 0.0 0.0 1.0
 outer loop
  vertex 38.681422851587826 7.06548735917981 0.0
  vertex 39.349460220336915 7.25 0.0
  vertex 39.050944610646354 7.280208504199981 0.0
 endloop
endfacet
facet normal 0.0 0.0 1.0
 outer loop
  vertex 44.45305701792239 8.003639061003923 0.0
  vertex 43.89899826049805 7.4916680335998524 0.0
  vertex 43.89899826049805 7.25 0.0
 endloop
endfacet
facet normal 0.0 0.0 0.9999999999999999
 outer loop
  vertex 47.09170150756836 8.055560111999512 0.0
  vertex 46.29349899291992 7.25 0.0
  vertex 47.889801025390625 7.25 0.0
 endloop
endfacet
facet normal 0.0 -0.0 1.0
 outer loop
  vertex 79.97605514526367 6.847219944000244 0.0
  vertex 80.6146011352539 7.25 0.0
  vertex 79.57696990966797 7.249999999999999 0.0
 endloop
endfacet
facet normal 0.0 0.0 -1.0
 outer loop
  vertex 18.29784776568413 8.781813590228559 0.0
  vertex 18.35771281346679 8.877630156837405 0.0
  vertex 18.37267569387332 8.817744802706876 0.0
 endloop
endfacet
facet normal 0.0 0.0 -1.0
 outer loop
  vertex 18.357708948850636 8.781813590228559 0.0
  vertex 18.29784776568413 8.781813590228559 0.0
  vertex 18.37267569387332 8.817744802706876 0.0
 endloop
endfacet
facet normal 0.0 0.0 1.0
 outer loop
  vertex 49.99502967526554 10.39262874537432 0.0
  vertex 49.48619842529297 10.03308879588937 0.0
  vertex 49.48619842529297 9.666669845581055 0.0
 endloop
endfacet
facet normal 0.0 0.0 1.0
 outer loop
  vertex 78.22010040283203 10.472200393676758 0.0
  vertex 77.52365512064256 10.079637622123958 0.0
  vertex 77.91959232808239 9.674091901265786 0.0
 endloop
endfacet
facet normal 0.0 0.0 1.0
 outer loop
  vertex 79.01830291748047 9.666669845581055 0.0
  vertex 78.22010040283203 10.472200393676758 0.0
  vertex 77.91959232808239 9.674091901265786 0.0
 endloop
endfacet
facet normal 0.0 -0.0 1.0
 outer loop
  vertex 78.31688744011063 9.267600817423665 0.0
  vertex 79.01830291748047 9.666669845581055 0.0
  vertex 77.91959232808239 9.674091901265786 0.0
 endloop
endfacet
facet normal 0.0 0.0 1.0
 outer loop
  vertex 79.01830291748047 9.666669845581055 0.0
  vertex 80.6146011352539 9.666669845581055 0.0
  vertex 79.81639862060547 10.472200393676758 0.0
 endloop
endfacet
facet normal -0.0 0.0 1.0
 outer loop
  vertex 80.6146011352539 9.666669845581055 0.0
  vertex 81.41280364990234 8.861109733581543 0.0
  vertex 81.65223236083985 9.666669845581055 0.0
 endloop
endfacet
facet normal 0.0 0.0 0.9999999999999999
 outer loop
  vertex 80.6146011352539 9.666669845581055 0.0
  vertex 81.65223236083985 9.666669845581055 0.0
  vertex 81.26824439302769 10.069435119628906 0.0
 endloop
endfacet
facet normal -0.0 0.0 1.0
 outer loop
  vertex 11.732969856262207 10.472200393676758 0.0
  vertex 11.972399711608887 10.230541229248047 0.0
  vertex 12.770600318908691 10.472200393676758 0.0
 endloop
endfacet
facet normal 0.0 0.0 1.0
 outer loop
  vertex 51.62720057517289 11.197468207776545 0.0
  vertex 51.08250045776367 10.71385040283203 0.0
  vertex 51.08250045776367 10.472200393676758 0.0
 endloop
endfacet
facet normal 0.0 -0.0 1.0
 outer loop
  vertex 77.52365512064256 10.079637622123958 0.0
  vertex 78.22010040283203 10.472200393676758 0.0
  vertex 77.13043372237956 10.483292617014225 0.0
 endloop
endfacet
facet normal -0.0 0.0 1.0
 outer loop
  vertex 79.81639862060547 10.472200393676758 0.0
  vertex 80.6146011352539 9.666669845581055 0.0
  vertex 80.88425642521553 10.472200393676758 0.0
 endloop
endfacet
facet normal 0.0 0.0 1.0
 outer loop
  vertex 79.81639862060547 10.472200393676758 0.0
  vertex 80.88425642521553 10.472200393676758 0.0
  vertex 80.53790721967758 10.875055462735109 0.0
 endloop
endfacet
facet normal 0.0 0.0 1.0
 outer loop
  vertex 79.81639862060547 10.472200393676758 0.0
  vertex 80.53790721967758 10.875055462735109 0.0
  vertex 80.19154783379352 11.277830273526124 0.0
 endloop
endfacet
facet normal -0.0 0.0 1.0
 outer loop
  vertex 79.01830291748047 11.277700424194336 0.0
  vertex 79.81639862060547 10.472200393676758 0.0
  vertex 80.19154783379352 11.277830273526124 0.0
 endloop
endfacet
facet normal 0.0 0.0 0.9999999999999999
 outer loop
  vertex 79.01830291748047 11.277700424194336 0.0
  vertex 80.19154783379352 11.277830273526124 0.0
  vertex 79.84518844790946 11.68060508431714 0.0
 endloop
endfacet
facet normal 0.0 0.0 0.9999999999999999
 outer loop
  vertex 35.11920166015625 12.888799667358398 0.0
  vertex 34.32099914550781 12.08329963684082 0.0
  vertex 35.91740036010742 12.08329963684082 0.0
 endloop
endfacet
facet normal 0.0 0.0 0.9999999999999999
 outer loop
  vertex 76.6238021850586 12.08329963684082 0.0
  vertex 75.58616867065429 12.08329963684082 0.0
  vertex 75.97031009557787 11.682875222166844 0.0
 endloop
endfacet
facet normal 0.0 0.0 1.0
 outer loop
  vertex 79.01830291748047 11.277700424194336 0.0
  vertex 79.84518844790946 11.68060508431714 0.0
  vertex 79.4988188816793 12.08329963684082 0.0
 endloop
endfacet
facet normal -0.0 0.0 1.0
 outer loop
  vertex 78.22010040283203 12.08329963684082 0.0
  vertex 79.01830291748047 11.277700424194336 0.0
  vertex 79.4988188816793 12.08329963684082 0.0
 endloop
endfacet
facet normal 0.0 -0.0 1.0
 outer loop
  vertex 10.462125405600052 12.48604965209961 0.0
  vertex 11.019628608226776 13.256365442276001 0.0
  vertex 10.136660682507092 12.888799667358398 0.0
 endloop
endfacet
facet normal 0.0 0.0 1.0
 outer loop
  vertex 75.02749633789063 13.6943998336792 0.0
  vertex 74.64835500717163 13.029798471927641 0.0
  vertex 75.02749633789063 12.647149658203125 0.0
 endloop
endfacet
facet normal 0.0 -0.0 1.0
 outer loop
  vertex 32.724700927734375 13.452719783782959 0.0
  vertex 33.52289962768555 13.6943998336792 0.0
  vertex 32.48524074554443 13.6943998336792 0.0
 endloop
endfacet
facet normal 0.0 0.0 1.0
 outer loop
  vertex 75.02749633789063 13.6943998336792 0.0
  vertex 74.22930145263672 14.5 0.0
  vertex 73.92499859333039 13.75986141860485 0.0
 endloop
endfacet
facet normal 0.0 0.0 1.0
 outer loop
  vertex 75.02749633789063 13.6943998336792 0.0
  vertex 73.92499859333039 13.75986141860485 0.0
  vertex 74.2891697883606 13.392311036586761 0.0
 endloop
endfacet
facet normal 0.0 0.0 1.0
 outer loop
  vertex 78.22010040283203 13.6943998336792 0.0
  vertex 78.18529103512861 13.940483475476501 0.0
  vertex 77.76372286436606 14.381332981958984 0.0
 endloop
endfacet
facet normal 0.0 -0.0 1.0
 outer loop
  vertex 31.92650032043457 14.258319950103758 0.0
  vertex 31.92650032043457 15.305500030517578 0.0
  vertex 31.527450561523438 14.607478474896123 0.0
 endloop
endfacet
facet normal 0.0 0.0 1.0
 outer loop
  vertex 33.52289962768555 13.6943998336792 0.0
  vertex 34.32099914550781 14.210364352346595 0.0
  vertex 33.92194938659668 14.484917216617392 0.0
 endloop
endfacet
facet normal 0.0 0.0 1.0
 outer loop
  vertex 33.52289962768555 13.6943998336792 0.0
  vertex 33.92194938659668 14.484917216617392 0.0
  vertex 33.52289962768555 14.759470080888189 0.0
 endloop
endfacet
facet normal 0.0 0.0 -1.0
 outer loop
  vertex 38.31288119624661 14.496938124409368 0.0
  vertex 38.310637883814714 14.502010472661564 0.0
  vertex 38.3233452411485 14.497817254323088 0.0
 endloop
endfacet
facet normal 0.0 0.0 -1.0
 outer loop
  vertex 38.31288119624661 14.496938124409368 0.0
  vertex 38.3233452411485 14.497817254323088 0.0
  vertex 38.31761628697278 14.490321515058726 0.0
 endloop
endfacet
facet normal -0.0 0.0 1.0
 outer loop
  vertex 57.90681009292602 14.379131186008452 0.0
  vertex 58.26599884033203 13.6943998336792 0.0
  vertex 58.36577534675598 14.842315608263014 0.0
 endloop
endfacet
facet normal -0.0 0.0 1.0
 outer loop
  vertex 59.862300872802734 14.5 0.0
  vertex 60.660499572753906 14.258319950103758 0.0
  vertex 60.89995918273926 14.5 0.0
 endloop
endfacet
facet normal 0.0 0.0 0.9999999999999999
 outer loop
  vertex 74.22930145263672 14.5 0.0
  vertex 73.19167022705078 14.499999999999998 0.0
  vertex 73.56082739830018 14.127411800622939 0.0
 endloop
endfacet
facet normal 0.0 -0.0 0.9999999999999999
 outer loop
  vertex 8.03511984613201 15.058821845054627 0.0
  vertex 8.779809951782227 15.305500030517578 0.0
  vertex 7.850697586271053 15.587474632263184 0.0
 endloop
endfacet
facet normal -0.0 0.0 1.0
 outer loop
  vertex 8.779809951782227 15.305500030517578 0.0
  vertex 9.793003835267516 15.024535121023655 0.0
  vertex 9.452045897122263 15.562303376197814 0.0
 endloop
endfacet
facet normal 0.0 0.0 -1.0
 outer loop
  vertex 39.080077573657036 15.213146598323995 0.0
  vertex 39.11001362800597 15.349664687005022 0.0
  vertex 39.16239126250147 15.304494000712904 0.0
 endloop
endfacet
facet normal -0.0 0.0 -1.0
 outer loop
  vertex 39.21476889699697 15.259323314420786 0.0
  vertex 39.080077573657036 15.213146598323995 0.0
  vertex 39.16239126250147 15.304494000712904 0.0
 endloop
endfacet
facet normal 0.0 0.0 1.0
 outer loop
  vertex 59.862300872802734 15.305500030517578 0.0
  vertex 59.06420135498047 15.547179794311523 0.0
  vertex 58.82474060058593 15.305500030517578 0.0
 endloop
endfacet
facet normal 0.0 0.0 1.0
 outer loop
  vertex 72.63300323486328 16.111099243164063 0.0
  vertex 72.23390197753906 15.466634750366211 0.0
  vertex 72.63300323486328 15.063850021362306 0.0
 endloop
endfacet
facet normal 0.0 0.0 0.9999999999999999
 outer loop
  vertex 76.6238021850586 15.305500030517578 0.0
  vertex 76.57671860053844 15.592769457446412 0.0
  vertex 76.2011591354743 15.972759354882873 0.0
 endloop
endfacet
facet normal 0.0 -0.0 1.0
 outer loop
  vertex 8.779809951782227 15.305500030517578 0.0
  vertex 9.115927924452244 15.957526314258574 0.0
  vertex 8.66851291146776 16.437062793970107 0.0
 endloop
endfacet
facet normal 0.0 0.0 1.0
 outer loop
  vertex 27.3820046544075 15.975154376029968 0.0
  vertex 27.13759994506836 16.91659927368164 0.0
  vertex 26.88410060033202 16.191331459581853 0.0
 endloop
endfacet
facet normal 0.0 0.0 0.9999999999999999
 outer loop
  vertex 31.92650032043457 15.305500030517578 0.0
  vertex 32.32560062408447 15.94996452331543 0.0
  vertex 31.92650032043457 16.352749252319335 0.0
 endloop
endfacet
facet normal -0.0 0.0 1.0
 outer loop
  vertex 31.128400802612305 16.111099243164063 0.0
  vertex 31.92650032043457 15.305500030517578 0.0
  vertex 31.92650032043457 16.352749252319335 0.0
 endloop
endfacet
facet normal 0.0 0.0 1.0
 outer loop
  vertex 72.63300323486328 16.111099243164063 0.0
  vertex 71.83480072021484 16.91659927368164 0.0
  vertex 71.53050320148468 16.176541060209274 0.0
 endloop
endfacet
facet normal 0.0 0.0 1.0
 outer loop
  vertex 72.63300323486328 16.111099243164063 0.0
  vertex 71.53050320148468 16.176541060209274 0.0
  vertex 71.91462097167968 15.788866996765137 0.0
 endloop
endfacet
facet normal 0.0 -0.0 1.0
 outer loop
  vertex 7.3182834982874985 16.53274045586586 0.0
  vertex 7.849449553529226 17.3193998336792 0.0
  vertex 6.9168216996737595 16.954381668567656 0.0
 endloop
endfacet
facet normal 0.0 -0.0 1.0
 outer loop
  vertex 26.339399337768555 16.67494926452637 0.0
  vertex 27.13759994506836 16.91659927368164 0.0
  vertex 26.0999397277832 16.91659927368164 0.0
 endloop
endfacet
facet normal 0.0 0.0 1.0
 outer loop
  vertex 61.45869827270508 16.91659927368164 0.0
  vertex 60.74031944274902 17.23883213996887 0.0
  vertex 60.421039962768546 16.91659927368164 0.0
 endloop
endfacet
facet normal 0.0 0.0 1.0
 outer loop
  vertex 63.05500030517578 17.722200393676758 0.0
  vertex 62.9551944732666 16.574283874034883 0.0
  vertex 63.404147148132324 17.027401965856555 0.0
 endloop
endfacet
facet normal 0.0 0.0 0.9999999999999999
 outer loop
  vertex 71.83480072021484 16.91659927368164 0.0
  vertex 70.69743089675903 17.01733100414276 0.0
  vertex 71.14638543128967 16.564215123653412 0.0
 endloop
endfacet
facet normal 0.0 0.0 0.9999999999999999
 outer loop
  vertex 23.391162109375003 17.58625520467758 0.0
  vertex 23.146699905395508 18.527700424194336 0.0
  vertex 22.893249249458314 17.802432549744843 0.0
 endloop
endfacet
facet normal 0.0 0.0 -1.0
 outer loop
  vertex 40.70638830661773 17.691990351676942 0.0
  vertex 40.5118374273181 17.867567266523835 0.0
  vertex 40.86975944042206 17.8543550491333 0.0
 endloop
endfacet
facet normal 0.0 0.0 1.0
 outer loop
  vertex 61.45869827270508 17.96385040283203 0.0
  vertex 61.05959892272949 17.5610650062561 0.0
  vertex 61.45869827270508 16.91659927368164 0.0
 endloop
endfacet
facet normal -0.0 0.0 1.0
 outer loop
  vertex 63.05500030517578 17.722200393676758 0.0
  vertex 63.85309982299805 17.480520057678223 0.0
  vertex 64.09255943298339 17.722200393676758 0.0
 endloop
endfacet
facet normal 0.0 -0.0 1.0
 outer loop
  vertex 5.733635192460895 18.265937709808348 0.0
  vertex 6.38532018661499 18.527700424194336 0.0
  vertex 5.348867180642225 18.805903893709182 0.0
 endloop
endfacet
facet normal -0.0 0.0 1.0
 outer loop
  vertex 6.38532018661499 18.527700424194336 0.0
  vertex 7.330640497247183 18.245790290832517 0.0
  vertex 7.112744456387402 18.77631182968616 0.0
 endloop
endfacet
facet normal 0.0 0.0 1.0
 outer loop
  vertex 21.550399780273438 19.33329963684082 0.0
  vertex 20.752199172973633 18.777098845651278 0.0
  vertex 21.202951647230446 18.588942303181526 0.0
 endloop
endfacet
facet normal 0.0 0.0 1.0
 outer loop
  vertex 21.550399780273438 19.33329963684082 0.0
  vertex 21.202951647230446 18.588942303181526 0.0
  vertex 21.7090252885114 18.41742245772008 0.0
 endloop
endfacet
facet normal 0.0 0.0 1.0
 outer loop
  vertex 70.2385025024414 18.527700424194336 0.0
  vertex 69.16843537092208 18.560466480255126 0.0
  vertex 69.58996996879577 18.135040855407716 0.0
 endloop
endfacet
facet normal 0.0 0.0 1.0
 outer loop
  vertex 16.76140022277832 20.944400787353516 0.0
  vertex 15.963199615478516 20.380480003356933 0.0
  vertex 16.394726818799974 20.19167387485504 0.0
 endloop
endfacet
facet normal 0.0 0.0 1.0
 outer loop
  vertex 16.76140022277832 20.944400787353516 0.0
  vertex 16.394726818799974 20.19167387485504 0.0
  vertex 16.928358099237087 20.03625723126722 0.0
 endloop
endfacet
facet normal 0.0 0.0 1.0
 outer loop
  vertex 42.54215965270996 20.1387996673584 0.0
  vertex 42.12310533523559 20.330570835772036 0.0
  vertex 42.30270004272461 20.100283221017833 0.0
 endloop
endfacet
facet normal 0.0 0.0 1.0
 outer loop
  vertex 13.56879997253418 21.75 0.0
  vertex 13.255092122879569 21.062689186162643 0.0
  vertex 13.764421854542277 20.80845559835434 0.0
 endloop
endfacet
facet normal 0.0 0.0 0.9999999999999999
 outer loop
  vertex 71.70780266498414 21.201185178756713 0.0
  vertex 71.0365982055664 20.944400787353516 0.0
  vertex 72.05488099985358 20.662440109252927 0.0
 endloop
endfacet
facet normal 0.0 0.0 1.0
 outer loop
  vertex 44.697200775146484 21.991650009155272 0.0
  vertex 44.432794260978696 21.325435192637055 0.0
  vertex 44.72712950706482 21.706469597920595 0.0
 endloop
endfacet
facet normal 0.0 0.0 1.0
 outer loop
  vertex 1.840765993669629 22.419571900367735 0.0
  vertex 1.5963300466537476 23.361099243164063 0.0
  vertex 1.342850260599516 22.635748402774333 0.0
 endloop
endfacet
facet normal 0.0 -0.0 1.0
 outer loop
  vertex 41.50450134277344 22.313850021362306 0.0
  vertex 41.64855196177959 22.75186727941036 0.0
  vertex 41.474572610855105 22.555513048172 0.0
 endloop
endfacet
facet normal 0.0 0.0 0.9999999999999999
 outer loop
  vertex 26.339399337768555 24.16659927368164 0.0
  vertex 25.541200637817383 23.602749252319335 0.0
  vertex 26.09508633185178 23.37625951291993 0.0
 endloop
endfacet
facet normal 0.0 0.0 0.9999999999999999
 outer loop
  vertex 26.339399337768555 24.16659927368164 0.0
  vertex 26.09508633185178 23.37625951291993 0.0
  vertex 26.62704896434443 23.244924120587527 0.0
 endloop
endfacet
facet normal 0.0 0.0 1.0
 outer loop
  vertex 69.44029998779297 23.602749252319335 0.0
  vertex 68.64209747314453 23.361099243164063 0.0
  vertex 69.6797607421875 23.361099243164063 0.0
 endloop
endfacet
facet normal 0.0 0.0 1.0
 outer loop
  vertex 68.3627799987793 24.29534043801204 0.0
  vertex 67.84400177001953 24.16659927368164 0.0
  vertex 68.64209747314453 23.361099243164063 0.0
 endloop
endfacet
facet normal 0.0 0.0 0.9999999999999999
 outer loop
  vertex 68.3627799987793 24.29534043801204 0.0
  vertex 68.64209747314453 23.361099243164063 0.0
  vertex 68.88655366897584 24.112210666552652 0.0
 endloop
endfacet
facet normal 0.0 0.0 1.0
 outer loop
  vertex 0.7981659770011902 25.777700424194336 0.0
  vertex 0.0 25.777700424194336 0.0
  vertex 0.0 24.972200393676758 0.0
 endloop
endfacet
facet normal -0.0 0.0 1.0
 outer loop
  vertex 17.559600830078125 25.777700424194336 0.0
  vertex 18.35770034790039 24.972200393676758 0.0
  vertex 19.155899047851563 25.777700424194336 0.0
 endloop
endfacet
facet normal -0.0 0.0 1.0
 outer loop
  vertex 19.155899047851563 25.777700424194336 0.0
  vertex 19.954099655151367 24.972200393676758 0.0
  vertex 20.752199172973633 25.777700424194336 0.0
 endloop
endfacet
facet normal -0.0 0.0 0.9999999999999999
 outer loop
  vertex 20.752199172973633 25.777700424194336 0.0
  vertex 21.550399780273438 24.972200393676758 0.0
  vertex 22.348600387573242 25.777700424194336 0.0
 endloop
endfacet
facet normal 0.0 0.0 1.0
 outer loop
  vertex 5.5871500968933105 29.0 0.0
  vertex 4.788990020751953 29.0 0.0
  vertex 4.788990020751953 28.194400787353516 0.0
 endloop
endfacet
facet normal 0.0 0.0 1.0
 outer loop
  vertex 5.5871500968933105 29.0 0.0
  vertex 4.788990020751953 28.194400787353516 0.0
  vertex 6.38532018661499 28.194400787353516 0.0
 endloop
endfacet
facet normal 0.0 0.0 1.0
 outer loop
  vertex 7.1834797859191895 29.0 0.0
  vertex 6.38532018661499 29.0 0.0
  vertex 6.38532018661499 28.194400787353516 0.0
 endloop
endfacet
facet normal 0.0 0.0 0.9999999999999999
 outer loop
  vertex 7.1834797859191895 29.0 0.0
  vertex 6.38532018661499 28.194400787353516 0.0
  vertex 7.981649875640869 28.194400787353516 0.0
 endloop
endfacet
facet normal 0.0 0.0 1.0
 outer loop
  vertex 10.376099586486816 29.0 0.0
  vertex 9.577980041503906 29.0 0.0
  vertex 9.577980041503906 28.194400787353516 0.0
 endloop
endfacet
facet normal 0.0 0.0 1.0
 outer loop
  vertex 10.376099586486816 29.0 0.0
  vertex 9.577980041503906 28.194400787353516 0.0
  vertex 11.174300193786621 28.194400787353516 0.0
 endloop
endfacet
facet normal 0.0 0.0 1.0
 outer loop
  vertex 11.972399711608887 29.0 0.0
  vertex 11.174300193786621 29.0 0.0
  vertex 11.174300193786621 28.194400787353516 0.0
 endloop
endfacet
facet normal 0.0 0.0 1.0
 outer loop
  vertex 11.972399711608887 29.0 0.0
  vertex 11.174300193786621 28.194400787353516 0.0
  vertex 12.770600318908691 28.194400787353516 0.0
 endloop
endfacet
facet normal 0.0 0.0 1.0
 outer loop
  vertex 13.56879997253418 29.0 0.0
  vertex 12.770600318908691 29.0 0.0
  vertex 12.770600318908691 28.194400787353516 0.0
 endloop
endfacet
facet normal 0.0 0.0 1.0
 outer loop
  vertex 13.56879997253418 29.0 0.0
  vertex 12.770600318908691 28.194400787353516 0.0
  vertex 14.366900444030762 28.194400787353516 0.0
 endloop
endfacet
facet normal 0.0 0.0 1.0
 outer loop
  vertex 23.146699905395508 29.0 0.0
  vertex 22.348600387573242 29.0 0.0
  vertex 22.348600387573242 28.194400787353516 0.0
 endloop
endfacet
facet normal -0.0 0.0 1.0
 outer loop
  vertex 22.348600387573242 28.194400787353516 0.0
  vertex 23.146699905395508 27.3887996673584 0.0
  vertex 23.944900512695313 28.194400787353516 0.0
 endloop
endfacet
facet normal 0.0 0.0 1.0
 outer loop
  vertex 22.348600387573242 28.194400787353516 0.0
  vertex 23.944900512695313 28.194400787353516 0.0
  vertex 23.146699905395508 29.0 0.0
 endloop
endfacet
facet normal 0.0 0.0 1.0
 outer loop
  vertex 24.743099212646484 29.0 0.0
  vertex 23.944900512695313 29.0 0.0
  vertex 23.944900512695313 28.194400787353516 0.0
 endloop
endfacet
facet normal 0.0 0.0 1.0
 outer loop
  vertex 24.743099212646484 29.0 0.0
  vertex 23.944900512695313 28.194400787353516 0.0
  vertex 25.541200637817383 28.194400787353516 0.0
 endloop
endfacet
facet normal 0.0 0.0 1.0
 outer loop
  vertex 26.339399337768555 29.0 0.0
  vertex 25.541200637817383 29.0 0.0
  vertex 25.541200637817383 28.194400787353516 0.0
 endloop
endfacet
facet normal 0.0 0.0 1.0
 outer loop
  vertex 26.339399337768555 29.0 0.0
  vertex 25.541200637817383 28.194400787353516 0.0
  vertex 27.13759994506836 28.194400787353516 0.0
 endloop
endfacet
facet normal 0.0 0.0 1.0
 outer loop
  vertex 27.935699462890625 29.0 0.0
  vertex 27.13759994506836 29.0 0.0
  vertex 27.13759994506836 28.194400787353516 0.0
 endloop
endfacet
facet normal 0.0 0.0 1.0
 outer loop
  vertex 27.935699462890625 29.0 0.0
  vertex 27.13759994506836 28.194400787353516 0.0
  vertex 28.73390007019043 28.194400787353516 0.0
 endloop
endfacet
facet normal 0.0 0.0 1.0
 outer loop
  vertex 29.531999588012695 29.0 0.0
  vertex 28.73390007019043 29.0 0.0
  vertex 28.73390007019043 28.194400787353516 0.0
 endloop
endfacet
facet normal 0.0 0.0 1.0
 outer loop
  vertex 29.531999588012695 29.0 0.0
  vertex 28.73390007019043 28.194400787353516 0.0
  vertex 30.3302001953125 28.194400787353516 0.0
 endloop
endfacet
facet normal 0.0 0.0 1.0
 outer loop
  vertex 31.128400802612305 29.0 0.0
  vertex 30.3302001953125 29.0 0.0
  vertex 30.3302001953125 28.194400787353516 0.0
 endloop
endfacet
facet normal 0.0 0.0 1.0
 outer loop
  vertex 31.128400802612305 29.0 0.0
  vertex 30.3302001953125 28.194400787353516 0.0
  vertex 31.92650032043457 28.194400787353516 0.0
 endloop
endfacet
facet normal 0.0 0.0 1.0
 outer loop
  vertex 32.724700927734375 29.0 0.0
  vertex 31.92650032043457 29.0 0.0
  vertex 31.92650032043457 28.194400787353516 0.0
 endloop
endfacet
facet normal 0.0 0.0 1.0
 outer loop
  vertex 32.724700927734375 29.0 0.0
  vertex 31.92650032043457 28.194400787353516 0.0
  vertex 33.52289962768555 28.194400787353516 0.0
 endloop
endfacet
facet normal 0.0 0.0 1.0
 outer loop
  vertex 34.32099914550781 29.0 0.0
  vertex 33.52289962768555 29.0 0.0
  vertex 33.52289962768555 28.194400787353516 0.0
 endloop
endfacet
facet normal 0.0 0.0 1.0
 outer loop
  vertex 34.32099914550781 29.0 0.0
  vertex 33.52289962768555 28.194400787353516 0.0
  vertex 35.11920166015625 28.194400787353516 0.0
 endloop
endfacet
facet normal 0.0 0.0 1.0
 outer loop
  vertex 35.91740036010742 29.0 0.0
  vertex 35.11920166015625 29.0 0.0
  vertex 35.11920166015625 28.194400787353516 0.0
 endloop
endfacet
facet normal 0.0 0.0 1.0
 outer loop
  vertex 35.91740036010742 29.0 0.0
  vertex 35.11920166015625 28.194400787353516 0.0
  vertex 36.71549987792969 28.194400787353516 0.0
 endloop
endfacet
facet normal 0.0 0.0 1.0
 outer loop
  vertex 37.51369857788086 29.0 0.0
  vertex 36.71549987792969 29.0 0.0
  vertex 36.71549987792969 28.194400787353516 0.0
 endloop
endfacet
facet normal 0.0 0.0 1.0
 outer loop
  vertex 37.51369857788086 29.0 0.0
  vertex 36.71549987792969 28.194400787353516 0.0
  vertex 38.3119010925293 28.194400787353516 0.0
 endloop
endfacet
facet normal 0.0 0.0 1.0
 outer loop
  vertex 39.11000061035156 29.0 0.0
  vertex 38.3119010925293 29.0 0.0
  vertex 38.3119010925293 28.194400787353516 0.0
 endloop
endfacet
facet normal 0.0 0.0 1.0
 outer loop
  vertex 39.11000061035156 29.0 0.0
  vertex 38.3119010925293 28.194400787353516 0.0
  vertex 39.908199310302734 28.194400787353516 0.0
 endloop
endfacet
facet normal 0.0 0.0 1.0
 outer loop
  vertex 40.70640182495117 29.0 0.0
  vertex 39.908199310302734 29.0 0.0
  vertex 39.908199310302734 28.194400787353516 0.0
 endloop
endfacet
facet normal 0.0 0.0 1.0
 outer loop
  vertex 40.70640182495117 29.0 0.0
  vertex 39.908199310302734 28.194400787353516 0.0
  vertex 41.50450134277344 28.194400787353516 0.0
 endloop
endfacet
facet normal 0.0 0.0 1.0
 outer loop
  vertex 42.30270004272461 29.0 0.0
  vertex 41.50450134277344 29.0 0.0
  vertex 41.50450134277344 28.194400787353516 0.0
 endloop
endfacet
facet normal 0.0 0.0 1.0
 outer loop
  vertex 42.30270004272461 29.0 0.0
  vertex 41.50450134277344 28.194400787353516 0.0
  vertex 43.10089874267578 28.194400787353516 0.0
 endloop
endfacet
facet normal 0.0 0.0 1.0
 outer loop
  vertex 43.89899826049805 29.0 0.0
  vertex 43.10089874267578 29.0 0.0
  vertex 43.10089874267578 28.194400787353516 0.0
 endloop
endfacet
facet normal -0.0 0.0 1.0
 outer loop
  vertex 43.10089874267578 28.194400787353516 0.0
  vertex 43.89899826049805 27.3887996673584 0.0
  vertex 44.697200775146484 28.194400787353516 0.0
 endloop
endfacet
facet normal 0.0 0.0 1.0
 outer loop
  vertex 43.89899826049805 29.0 0.0
  vertex 43.10089874267578 28.194400787353516 0.0
  vertex 44.697200775146484 28.194400787353516 0.0
 endloop
endfacet
facet normal 0.0 0.0 1.0
 outer loop
  vertex 45.49530029296875 29.0 0.0
  vertex 44.697200775146484 29.0 0.0
  vertex 44.697200775146484 28.194400787353516 0.0
 endloop
endfacet
facet normal 0.0 0.0 1.0
 outer loop
  vertex 45.49530029296875 29.0 0.0
  vertex 44.697200775146484 28.194400787353516 0.0
  vertex 46.29349899291992 28.194400787353516 0.0
 endloop
endfacet
facet normal 0.0 -0.0 1.0
 outer loop
  vertex 51.51197438930138 28.194400787353516 0.0
  vertex 51.880699157714844 28.506704215694086 0.0
  vertex 51.08250045776367 29.0 0.0
 endloop
endfacet
facet normal 0.0 0.0 1.0
 outer loop
  vertex 42.30270004272461 2.1749950408935548 0.0
  vertex 41.50450134277344 0.8055559992790222 0.0
  vertex 43.10089874267578 0.8055559992790222 0.0
 endloop
endfacet
facet normal 0.0 0.0 1.0
 outer loop
  vertex 43.89899826049805 1.8527750015258788 0.0
  vertex 43.10089874267578 0.8055559992790222 0.0
  vertex 44.697200775146484 0.8055559992790222 0.0
 endloop
endfacet
facet normal 0.0 0.0 1.0
 outer loop
  vertex 45.49530029296875 1.8527750015258788 0.0
  vertex 44.697200775146484 0.8055559992790222 0.0
  vertex 46.29349899291992 0.8055559992790222 0.0
 endloop
endfacet
facet normal 0.0 0.0 1.0
 outer loop
  vertex 47.09170150756836 1.8527750015258788 0.0
  vertex 46.29349899291992 0.8055559992790222 0.0
  vertex 47.889801025390625 0.8055559992790222 0.0
 endloop
endfacet
facet normal 0.0 0.0 1.0
 outer loop
  vertex 48.68799972534179 1.8527750015258788 0.0
  vertex 47.889801025390625 0.8055559992790222 0.0
  vertex 49.48619842529297 0.8055559992790222 0.0
 endloop
endfacet
facet normal 0.0 0.0 1.0
 outer loop
  vertex 50.2843017578125 1.8527750015258788 0.0
  vertex 49.48619842529297 0.8055559992790222 0.0
  vertex 51.08250045776367 0.8055559992790222 0.0
 endloop
endfacet
facet normal 0.0 0.0 1.0
 outer loop
  vertex 51.88069915771484 1.8527750015258788 0.0
  vertex 51.08250045776367 0.8055559992790222 0.0
  vertex 52.67879867553711 0.8055559992790222 0.0
 endloop
endfacet
facet normal 0.0 0.0 0.9999999999999999
 outer loop
  vertex 53.47700119018555 1.8527750015258788 0.0
  vertex 52.67879867553711 0.8055559992790222 0.0
  vertex 54.27519989013672 0.8055559992790222 0.0
 endloop
endfacet
facet normal 0.0 0.0 0.9999999999999999
 outer loop
  vertex 55.073349952697754 1.8535147115910477 0.0
  vertex 54.27519989013672 0.8055559992790222 0.0
  vertex 55.871498107910156 0.8055559992790222 0.0
 endloop
endfacet
facet normal 0.0 0.0 1.0
 outer loop
  vertex 56.669650077819824 1.8549687476675825 0.0
  vertex 55.871498107910156 0.8055559992790222 0.0
  vertex 57.46780014038086 0.8055559992790222 0.0
 endloop
endfacet
facet normal 0.0 0.0 1.0
 outer loop
  vertex 58.265967053128406 1.8677023114800058 0.0
  vertex 57.46780014038086 0.8055559992790222 0.0
  vertex 59.06420135498047 0.8055559992790222 0.0
 endloop
endfacet
facet normal 0.0 0.0 1.0
 outer loop
  vertex 59.862300872802734 1.8917294064544123 0.0
  vertex 59.06420135498047 0.8055559992790222 0.0
  vertex 60.660499572753906 0.8055559992790222 0.0
 endloop
endfacet
facet normal 0.0 0.0 1.0
 outer loop
  vertex 61.45864637190243 1.9400285408165212 0.0
  vertex 60.660499572753906 0.8055559992790222 0.0
  vertex 62.25680160522461 0.8055559992790222 0.0
 endloop
endfacet
facet normal 0.0 0.0 1.0
 outer loop
  vertex 63.05498992477078 1.9872334948350794 0.0
  vertex 62.25680160522461 0.8055559992790222 0.0
  vertex 63.85309982299805 0.8055559992790222 0.0
 endloop
endfacet
facet normal 0.0 0.0 1.0
 outer loop
  vertex 64.65133103175322 2.033071545210886 0.0
  vertex 63.85309982299805 0.8055559992790222 0.0
  vertex 65.44950103759766 0.8055559992790222 0.0
 endloop
endfacet
facet normal 0.0 0.0 1.0
 outer loop
  vertex 67.84400177001953 2.147931774028827 0.0
  vertex 67.0457992553711 1.611109972000122 0.0
  vertex 67.0457992553711 0.8055559992790222 0.0
 endloop
endfacet
facet normal 0.0 0.0 0.9999999999999999
 outer loop
  vertex 67.84400177001953 2.147931774028827 0.0
  vertex 67.0457992553711 0.8055559992790222 0.0
  vertex 68.64209747314453 0.8055559992790222 0.0
 endloop
endfacet
facet normal 0.0 0.0 1.0
 outer loop
  vertex 78.22010040283203 0.0 0.0
  vertex 79.01830291748047 0.0 0.0
  vertex 79.39791292641227 0.8055559992790222 0.0
 endloop
endfacet
facet normal 0.0 0.0 1.0
 outer loop
  vertex 78.22010040283203 0.0 0.0
  vertex 79.39791292641227 0.8055559992790222 0.0
  vertex 78.22010040283203 1.611109972000122 0.0
 endloop
endfacet
facet normal 0.0 0.0 1.0
 outer loop
  vertex 78.22010040283203 1.611109972000122 0.0
  vertex 77.4219970703125 0.0 0.0
  vertex 78.22010040283203 0.0 0.0
 endloop
endfacet
facet normal 0.0 0.0 0.9999999999999999
 outer loop
  vertex 83.00910186767578 1.047222191095352 0.0
  vertex 82.21089935302734 1.047222191095352 0.0
  vertex 82.21089935302734 0.0 0.0
 endloop
endfacet
facet normal 0.0 0.0 0.9999999999999999
 outer loop
  vertex 83.00910186767578 1.047222191095352 0.0
  vertex 82.21089935302734 0.0 0.0
  vertex 83.00910186767578 0.0 0.0
 endloop
endfacet
facet normal 0.0 0.0 1.0
 outer loop
  vertex 83.00910186767578 1.047222191095352 0.0
  vertex 83.00910186767578 0.0 0.0
  vertex 83.80729675292969 0.0 0.0
 endloop
endfacet
facet normal 0.0 0.0 1.0
 outer loop
  vertex 81.41280364990234 0.0 0.0
  vertex 82.21089935302734 0.0 0.0
  vertex 82.21089935302734 1.047222191095352 0.0
 endloop
endfacet
facet normal 0.0 0.0 1.0
 outer loop
  vertex 80.05585937500001 0.8055559992790222 0.0
  vertex 80.6146011352539 0.0 0.0
  vertex 81.41280364990234 0.0 0.0
 endloop
endfacet
facet normal 0.0 0.0 1.0
 outer loop
  vertex 81.41280364990234 0.0 0.0
  vertex 82.21089935302734 1.047222191095352 0.0
  vertex 81.65223236083985 1.611109972000122 0.0
 endloop
endfacet
facet normal 0.0 -0.0 1.0
 outer loop
  vertex 81.41280364990234 0.0 0.0
  vertex 81.65223236083985 1.611109972000122 0.0
  vertex 80.05585937500001 0.8055559992790222 0.0
 endloop
endfacet
facet normal 0.0 0.0 1.0
 outer loop
  vertex 86.20179748535156 0.0 0.0
  vertex 87.0 0.0 0.0
  vertex 87.0 0.8055559992790222 0.0
 endloop
endfacet
facet normal 0.0 -0.0 1.0
 outer loop
  vertex 86.20179748535156 0.0 0.0
  vertex 87.0 0.8055559992790222 0.0
  vertex 85.40360260009766 0.0 0.0
 endloop
endfacet
facet normal 0.0 0.0 0.9999999999999999
 outer loop
  vertex 67.0457992553711 1.611109972000122 0.0
  vertex 67.84400177001953 2.147931774028827 0.0
  vertex 67.37870948351319 2.3586429034107335 0.0
 endloop
endfacet
facet normal 0.0 0.0 1.0
 outer loop
  vertex 66.5205808526428 2.5247677468390552 0.0
  vertex 67.0457992553711 1.611109972000122 0.0
  vertex 67.37870948351319 2.3586429034107335 0.0
 endloop
endfacet
facet normal 0.0 0.0 1.0
 outer loop
  vertex 66.95082675004221 2.499733432382345 0.0
  vertex 66.5205808526428 2.5247677468390552 0.0
  vertex 67.37870948351319 2.3586429034107335 0.0
 endloop
endfacet
facet normal 0.0 0.0 1.0
 outer loop
  vertex 67.0457992553711 1.611109972000122 0.0
  vertex 66.5205808526428 2.5247677468390552 0.0
  vertex 66.00069589614868 2.371633796652221 0.0
 endloop
endfacet
facet normal 0.0 0.0 1.0
 outer loop
  vertex 67.0457992553711 1.611109972000122 0.0
  vertex 65.44950103759766 0.8055559992790222 0.0
  vertex 67.0457992553711 0.8055559992790222 0.0
 endloop
endfacet
facet normal 0.0 0.0 1.0
 outer loop
  vertex 71.0365982055664 1.611109972000122 0.0
  vertex 69.44029998779297 1.611109972000122 0.0
  vertex 70.2385025024414 0.8055559992790222 0.0
 endloop
endfacet
facet normal 0.0 0.0 0.9999999999999999
 outer loop
  vertex 72.63300323486328 1.611109972000122 0.0
  vertex 71.0365982055664 1.611109972000122 0.0
  vertex 71.83480072021484 0.8055559992790222 0.0
 endloop
endfacet
facet normal 0.0 0.0 1.0
 outer loop
  vertex 74.22930145263672 1.611109972000122 0.0
  vertex 72.63300323486328 1.611109972000122 0.0
  vertex 73.43109893798828 0.8055559992790222 0.0
 endloop
endfacet
facet normal 0.0 0.0 1.0
 outer loop
  vertex 75.82559967041016 1.611109972000122 0.0
  vertex 74.22930145263672 1.611109972000122 0.0
  vertex 75.02749633789063 0.8055559992790222 0.0
 endloop
endfacet
facet normal 0.0 -0.0 0.9999999999999999
 outer loop
  vertex 78.22010040283203 1.611109972000122 0.0
  vertex 78.96923819096143 2.628119537234306 0.0
  vertex 78.19561763063697 2.6432237848639484 0.0
 endloop
endfacet
facet normal 0.0 0.0 1.0
 outer loop
  vertex 79.71837597909084 2.597911041975021 0.0
  vertex 78.96923819096143 2.628119537234306 0.0
  vertex 79.81639862060547 1.8912085886548762 0.0
 endloop
endfacet
facet normal 0.0 0.0 1.0
 outer loop
  vertex 79.71837597909084 2.597911041975021 0.0
  vertex 79.81639862060547 1.8912085886548762 0.0
  vertex 80.41844904070119 2.5374940514564512 0.0
 endloop
endfacet
facet normal 0.0 0.0 1.0
 outer loop
  vertex 21.550399780273438 6.686107921600342 0.0
  vertex 20.752199172973633 5.638889789581299 0.0
  vertex 22.348600387573242 5.638889789581299 0.0
 endloop
endfacet
facet normal 0.0 0.0 1.0
 outer loop
  vertex 35.91740036010742 4.833330154418945 0.0
  vertex 34.32099914550781 4.833330154418945 0.0
  vertex 35.11920166015625 4.027780055999756 0.0
 endloop
endfacet
facet normal 0.0 0.0 1.0
 outer loop
  vertex 43.89899826049805 7.25 0.0
  vertex 43.38021869659424 7.370834016799925 0.0
  vertex 42.856756375730036 7.198079133406281 0.0
 endloop
endfacet
facet normal 0.0 0.0 1.0
 outer loop
  vertex 44.14314201772213 4.885251157917082 0.0
  vertex 44.697200775146484 5.397221899032592 0.0
  vertex 44.697200775146484 5.638889789581299 0.0
 endloop
endfacet
facet normal 0.0 0.0 1.0
 outer loop
  vertex 84.05668926868667 7.178255897760391 0.0
  vertex 83.00910186767578 6.444439888000488 0.0
  vertex 84.46573449440459 6.703731739521027 0.0
 endloop
endfacet
facet normal 0.0 0.0 1.0
 outer loop
  vertex 84.84483678153944 6.162498855590821 0.0
  vertex 84.46573449440459 6.703731739521027 0.0
  vertex 84.60540008544922 5.638889789581299 0.0
 endloop
endfacet
facet normal 0.0 0.0 1.0
 outer loop
  vertex 5.5871500968933105 6.444439888000488 0.0
  vertex 3.9908199310302734 6.444439888000488 0.0
  vertex 4.788990020751953 5.638889789581299 0.0
 endloop
endfacet
facet normal 0.0 0.0 1.0
 outer loop
  vertex 8.779809951782227 6.444439888000488 0.0
  vertex 7.1834797859191895 6.444439888000488 0.0
  vertex 7.981649875640869 5.638889789581299 0.0
 endloop
endfacet
facet normal 0.0 0.0 0.9999999999999999
 outer loop
  vertex 16.516951286792757 8.19149661064148 0.0
  vertex 15.841025692224504 8.2443608045578 0.0
  vertex 15.963199615478516 8.055560111999512 0.0
 endloop
endfacet
facet normal 0.0 0.0 1.0
 outer loop
  vertex 16.97061608508229 8.013708636164665 0.0
  vertex 16.516951286792757 8.19149661064148 0.0
  vertex 15.963199615478516 8.055560111999512 0.0
 endloop
endfacet
facet normal 0.0 0.0 1.0
 outer loop
  vertex 45.49530029296875 8.055560111999512 0.0
  vertex 44.976520156860346 8.176392555236816 0.0
  vertex 44.45305701792239 8.003639061003923 0.0
 endloop
endfacet
facet normal -0.0 0.0 1.0
 outer loop
  vertex 44.697200775146484 5.638889789581299 0.0
  vertex 45.27888237575525 5.5454063721868065 0.0
  vertex 45.49530029296875 6.444439888000488 0.0
 endloop
endfacet
facet normal 0.0 0.0 1.0
 outer loop
  vertex 47.390963077545166 6.472817458846125 0.0
  vertex 47.889801025390625 6.762051074679132 0.0
  vertex 47.889801025390625 7.25 0.0
 endloop
endfacet
facet normal 0.0 0.0 1.0
 outer loop
  vertex 46.29349899291992 7.25 0.0
  vertex 46.29349899291992 5.884754719449304 0.0
  vertex 46.89212512969971 6.183583843013118 0.0
 endloop
endfacet
facet normal 0.0 -0.0 1.0
 outer loop
  vertex 47.390963077545166 6.472817458846125 0.0
  vertex 47.889801025390625 7.25 0.0
  vertex 46.29349899291992 7.25 0.0
 endloop
endfacet
facet normal 0.0 0.0 1.0
 outer loop
  vertex 47.390963077545166 6.472817458846125 0.0
  vertex 46.29349899291992 7.25 0.0
  vertex 46.89212512969971 6.183583843013118 0.0
 endloop
endfacet
facet normal 0.0 0.0 1.0
 outer loop
  vertex 27.69626960754394 7.249999999999999 0.0
  vertex 26.339399337768555 7.25 0.0
  vertex 27.377029800415038 6.444439888000488 0.0
 endloop
endfacet
facet normal 0.0 -0.0 1.0
 outer loop
  vertex 26.339399337768555 7.25 0.0
  vertex 26.479092359542847 8.236808776855469 0.0
  vertex 25.820584774017334 8.176392555236816 0.0
 endloop
endfacet
facet normal 0.0 0.0 1.0
 outer loop
  vertex 25.820584774017334 8.176392555236816 0.0
  vertex 25.29709953442216 8.003639061003923 0.0
  vertex 26.339399337768555 7.25 0.0
 endloop
endfacet
facet normal 0.0 0.0 1.0
 outer loop
  vertex 83.00910186767578 8.055560111999512 0.0
  vertex 82.87065446455507 8.429226202517748 0.0
  vertex 82.48357954968529 8.822781058866532 0.0
 endloop
endfacet
facet normal 0.0 0.0 1.0
 outer loop
  vertex 82.48357954968529 8.822781058866532 0.0
  vertex 82.06790595526257 9.244725452223793 0.0
  vertex 81.41280364990234 8.861109733581543 0.0
 endloop
endfacet
facet normal 0.0 0.0 0.9999999999999999
 outer loop
  vertex 31.128400802612305 9.666669845581055 0.0
  vertex 31.1284008026123 9.908329010009766 0.0
  vertex 30.52906701585683 9.802603125572205 0.0
 endloop
endfacet
facet normal 0.0 0.0 1.0
 outer loop
  vertex 31.128400802612305 9.666669845581055 0.0
  vertex 30.52906701585683 9.802603125572205 0.0
  vertex 30.01953805662243 9.545615914443363 0.0
 endloop
endfacet
facet normal 0.0 0.0 1.0
 outer loop
  vertex 47.09170150756836 9.102777767181395 0.0
  vertex 46.57287044525147 8.981943750381468 0.0
  vertex 47.09170150756836 8.055560111999512 0.0
 endloop
endfacet
facet normal 0.0 0.0 1.0
 outer loop
  vertex 46.04936266094446 8.809189727529883 0.0
  vertex 45.49530029296875 8.297224998474121 0.0
  vertex 45.49530029296875 8.055560111999512 0.0
 endloop
endfacet
facet normal 0.0 0.0 1.0
 outer loop
  vertex 47.09170150756836 8.055560111999512 0.0
  vertex 46.57287044525147 8.981943750381468 0.0
  vertex 46.04936266094446 8.809189727529883 0.0
 endloop
endfacet
facet normal 0.0 0.0 1.0
 outer loop
  vertex 46.04936266094446 8.809189727529883 0.0
  vertex 45.49530029296875 8.055560111999512 0.0
  vertex 46.29349899291992 7.25 0.0
 endloop
endfacet
facet normal 0.0 0.0 1.0
 outer loop
  vertex 46.04936266094446 8.809189727529883 0.0
  vertex 46.29349899291992 7.25 0.0
  vertex 47.09170150756836 8.055560111999512 0.0
 endloop
endfacet
facet normal 0.0 0.0 1.0
 outer loop
  vertex 49.48619842529297 9.666669845581055 0.0
  vertex 48.942148090018165 9.808446711906353 0.0
  vertex 48.40459841036555 9.57196673968652 0.0
 endloop
endfacet
facet normal 0.0 0.0 1.0
 outer loop
  vertex 49.73030022382736 7.3019208665937185 0.0
  vertex 50.2843017578125 7.8138920783996575 0.0
  vertex 50.2843017578125 8.055560111999512 0.0
 endloop
endfacet
facet normal 0.0 0.0 1.0
 outer loop
  vertex 13.489046086213904 10.069427505135536 0.0
  vertex 12.770600318908691 10.472200393676758 0.0
  vertex 12.53114013671875 9.666669845581055 0.0
 endloop
endfacet
facet normal 0.0 0.0 1.0
 outer loop
  vertex 51.32663701325655 8.107480118051171 0.0
  vertex 51.880699157714844 8.619444847106934 0.0
  vertex 51.880699157714844 8.861109733581543 0.0
 endloop
endfacet
facet normal 0.0 0.0 1.0
 outer loop
  vertex 32.724700927734375 10.71385040283203 0.0
  vertex 32.20588569641113 10.593025398254394 0.0
  vertex 32.724700927734375 9.666669845581055 0.0
 endloop
endfacet
facet normal 0.0 0.0 1.0
 outer loop
  vertex 32.23288734309145 8.948889978444882 0.0
  vertex 32.724700927734375 9.3330631562722 0.0
  vertex 32.724700927734375 9.666669845581055 0.0
 endloop
endfacet
facet normal 0.0 0.0 1.0
 outer loop
  vertex 31.68240002393722 10.420280896127224 0.0
  vertex 31.1284008026123 9.908329010009766 0.0
  vertex 31.128400802612305 9.666669845581055 0.0
 endloop
endfacet
facet normal 0.0 0.0 1.0
 outer loop
  vertex 32.724700927734375 9.666669845581055 0.0
  vertex 32.20588569641113 10.593025398254394 0.0
  vertex 31.68240002393722 10.420280896127224 0.0
 endloop
endfacet
facet normal 0.0 0.0 1.0
 outer loop
  vertex 31.128400802612305 9.666669845581055 0.0
  vertex 31.692730009971207 8.740277290344238 0.0
  vertex 32.23288734309145 8.948889978444882 0.0
 endloop
endfacet
facet normal 0.0 0.0 1.0
 outer loop
  vertex 31.68240002393722 10.420280896127224 0.0
  vertex 31.128400802612305 9.666669845581055 0.0
  vertex 32.23288734309145 8.948889978444882 0.0
 endloop
endfacet
facet normal 0.0 0.0 1.0
 outer loop
  vertex 31.68240002393722 10.420280896127224 0.0
  vertex 32.23288734309145 8.948889978444882 0.0
  vertex 32.724700927734375 9.666669845581055 0.0
 endloop
endfacet
facet normal 0.0 0.0 1.0
 outer loop
  vertex 52.92294243276119 8.913030784577131 0.0
  vertex 53.47700119018555 9.4250018119812 0.0
  vertex 53.47700119018555 9.666669845581055 0.0
 endloop
endfacet
facet normal 0.0 0.0 1.0
 outer loop
  vertex 76.6238021850586 12.08329963684082 0.0
  vertex 76.35554373181265 11.28372606581602 0.0
  vertex 76.7429887270961 10.883509341415124 0.0
 endloop
endfacet
facet normal 0.0 0.0 1.0
 outer loop
  vertex 76.7429887270961 10.883509341415124 0.0
  vertex 77.13043372237956 10.483292617014225 0.0
  vertex 78.22010040283203 10.472200393676758 0.0
 endloop
endfacet
facet normal 0.0 0.0 1.0
 outer loop
  vertex 78.22010040283203 10.472200393676758 0.0
  vertex 79.01830291748047 11.277700424194336 0.0
  vertex 78.22010040283203 12.08329963684082 0.0
 endloop
endfacet
facet normal -0.0 0.0 1.0
 outer loop
  vertex 78.22010040283203 10.472200393676758 0.0
  vertex 79.01830291748047 9.666669845581055 0.0
  vertex 79.81639862060547 10.472200393676758 0.0
 endloop
endfacet
facet normal 0.0 0.0 1.0
 outer loop
  vertex 78.22010040283203 10.472200393676758 0.0
  vertex 79.81639862060547 10.472200393676758 0.0
  vertex 79.01830291748047 11.277700424194336 0.0
 endloop
endfacet
facet normal -0.0 0.0 1.0
 outer loop
  vertex 10.787590128693012 12.08329963684082 0.0
  vertex 10.980945161239816 11.559675025939942 0.0
  vertex 11.83274998664856 12.345062351226806 0.0
 endloop
endfacet
facet normal 0.0 0.0 1.0
 outer loop
  vertex 33.283440017700194 12.888799667358398 0.0
  vertex 33.283440017700194 12.08329963684082 0.0
  vertex 34.32099914550781 12.08329963684082 0.0
 endloop
endfacet
facet normal 0.0 0.0 1.0
 outer loop
  vertex 33.283440017700194 11.277700424194336 0.0
  vertex 34.32099914550781 12.08329963684082 0.0
  vertex 33.283440017700194 12.08329963684082 0.0
 endloop
endfacet
facet normal 0.0 0.0 1.0
 outer loop
  vertex 35.91740036010742 13.416357880389754 0.0
  vertex 35.11920166015625 12.888799667358398 0.0
  vertex 35.91740036010742 12.08329963684082 0.0
 endloop
endfacet
facet normal 0.0 0.0 1.0
 outer loop
  vertex 56.11594786643982 10.526802501782324 0.0
  vertex 56.669700622558594 11.036050415039062 0.0
  vertex 56.669700622558594 11.277700424194336 0.0
 endloop
endfacet
facet normal 0.0 0.0 1.0
 outer loop
  vertex 56.669700622558594 11.277700424194336 0.0
  vertex 55.871498107910156 12.08329963684082 0.0
  vertex 56.11594786643982 10.526802501782324 0.0
 endloop
endfacet
facet normal 0.0 0.0 1.0
 outer loop
  vertex 53.87610054016113 12.081825203829052 0.0
  vertex 53.47700119018555 11.830001263198442 0.0
  vertex 53.47700119018555 11.277700424194336 0.0
 endloop
endfacet
facet normal 0.0 0.0 0.9999999999999999
 outer loop
  vertex 55.073299407958984 12.888799667358398 0.0
  vertex 54.72201008669578 12.78548636033723 0.0
  vertex 54.27519989013672 12.333649144459663 0.0
 endloop
endfacet
facet normal 0.0 0.0 1.0
 outer loop
  vertex 54.27519989013672 12.333649144459663 0.0
  vertex 53.87610054016113 12.081825203829052 0.0
  vertex 53.47700119018555 11.277700424194336 0.0
 endloop
endfacet
facet normal 0.0 0.0 1.0
 outer loop
  vertex 57.1884801864624 11.1568754196167 0.0
  vertex 57.7119425073266 11.329625554382801 0.0
  vertex 58.26599884033203 11.841619873046875 0.0
 endloop
endfacet
facet normal 0.0 0.0 1.0
 outer loop
  vertex 79.24985235877098 12.607992452569306 0.0
  vertex 78.22010040283203 12.08329963684082 0.0
  vertex 79.4988188816793 12.08329963684082 0.0
 endloop
endfacet
facet normal 0.0 0.0 1.0
 outer loop
  vertex 10.136660682507092 12.888799667358398 0.0
  vertex 11.019628608226776 13.256365442276001 0.0
  vertex 10.615559768676757 13.6943998336792 0.0
 endloop
endfacet
facet normal -0.0 0.0 0.9999999999999999
 outer loop
  vertex 9.577980041503906 13.452716714800227 0.0
  vertex 10.136660682507092 12.888799667358398 0.0
  vertex 10.615559768676757 13.6943998336792 0.0
 endloop
endfacet
facet normal 0.0 0.0 0.9999999999999999
 outer loop
  vertex 9.577980041503906 13.452716714800227 0.0
  vertex 10.615559768676757 13.6943998336792 0.0
  vertex 10.319664582877794 14.0971999168396 0.0
 endloop
endfacet
facet normal 0.0 0.0 1.0
 outer loop
  vertex 35.11920166015625 12.888799667358398 0.0
  vertex 35.91740036010742 13.416357880389754 0.0
  vertex 35.385274741682224 13.681026410929176 0.0
 endloop
endfacet
facet normal 0.0 -0.0 1.0
 outer loop
  vertex 35.11920166015625 12.888799667358398 0.0
  vertex 35.385274741682224 13.681026410929176 0.0
  vertex 34.85313694359502 13.945695381637886 0.0
 endloop
endfacet
facet normal 0.0 0.0 1.0
 outer loop
  vertex 57.46780014038086 12.888799667358398 0.0
  vertex 58.26599884033203 13.6943998336792 0.0
  vertex 57.46780014038086 13.936079883575438 0.0
 endloop
endfacet
facet normal 0.0 -0.0 1.0
 outer loop
  vertex 57.46780014038086 12.888799667358398 0.0
  vertex 57.46780014038086 13.936079883575438 0.0
  vertex 56.745798064835284 13.875659871101378 0.0
 endloop
endfacet
facet normal 0.0 0.0 1.0
 outer loop
  vertex 77.76372286436606 14.381332981958984 0.0
  vertex 77.31349175750042 14.843416506238281 0.0
  vertex 76.6238021850586 14.5 0.0
 endloop
endfacet
facet normal 0.0 0.0 1.0
 outer loop
  vertex 59.862300872802734 13.452719783782959 0.0
  vertex 60.10176048278809 13.6943998336792 0.0
  vertex 59.862300872802734 14.5 0.0
 endloop
endfacet
facet normal 0.0 0.0 1.0
 outer loop
  vertex 8.779809951782227 15.305500030517578 0.0
  vertex 8.540361928939818 14.499999999999998 0.0
  vertex 8.779809951782227 14.258319950103758 0.0
 endloop
endfacet
facet normal -0.0 0.0 1.0
 outer loop
  vertex 9.338529014587403 13.6943998336792 0.0
  vertex 9.577980041503906 13.452716714800227 0.0
  vertex 10.319664582877794 14.0971999168396 0.0
 endloop
endfacet
facet normal 0.0 0.0 1.0
 outer loop
  vertex 9.338529014587403 13.6943998336792 0.0
  vertex 10.319664582877794 14.0971999168396 0.0
  vertex 10.02376939707883 14.5 0.0
 endloop
endfacet
facet normal -0.0 0.0 1.0
 outer loop
  vertex 8.779809951782227 14.258319950103758 0.0
  vertex 9.338529014587403 13.6943998336792 0.0
  vertex 10.02376939707883 14.5 0.0
 endloop
endfacet
facet normal 0.0 0.0 1.0
 outer loop
  vertex 8.779809951782227 14.258319950103758 0.0
  vertex 10.02376939707883 14.5 0.0
  vertex 9.793003835267516 15.024535121023655 0.0
 endloop
endfacet
facet normal 0.0 0.0 1.0
 outer loop
  vertex 8.779809951782227 14.258319950103758 0.0
  vertex 9.793003835267516 15.024535121023655 0.0
  vertex 8.779809951782227 15.305500030517578 0.0
 endloop
endfacet
facet normal 0.0 0.0 1.0
 outer loop
  vertex 31.128400802612305 14.956636999688486 0.0
  vertex 31.92650032043457 15.305500030517578 0.0
  vertex 31.128400802612305 16.111099243164063 0.0
 endloop
endfacet
facet normal 0.0 -0.0 1.0
 outer loop
  vertex 31.128400802612305 14.956636999688486 0.0
  vertex 31.128400802612305 16.111099243164063 0.0
  vertex 30.60957040786743 15.131068515103031 0.0
 endloop
endfacet
facet normal 0.0 0.0 0.9999999999999999
 outer loop
  vertex 33.12380027770996 15.153324937599855 0.0
  vertex 32.724700927734375 15.547179794311523 0.0
  vertex 31.92650032043457 15.305500030517578 0.0
 endloop
endfacet
facet normal 0.0 0.0 1.0
 outer loop
  vertex 32.48524074554443 13.6943998336792 0.0
  vertex 33.52289962768555 13.6943998336792 0.0
  vertex 33.52289962768555 14.759470080888189 0.0
 endloop
endfacet
facet normal 0.0 0.0 1.0
 outer loop
  vertex 33.12380027770996 15.153324937599855 0.0
  vertex 31.92650032043457 15.305500030517578 0.0
  vertex 31.92650032043457 14.258319950103758 0.0
 endloop
endfacet
facet normal 0.0 0.0 0.9999999999999999
 outer loop
  vertex 32.48524074554443 13.6943998336792 0.0
  vertex 33.52289962768555 14.759470080888189 0.0
  vertex 33.12380027770996 15.153324937599855 0.0
 endloop
endfacet
facet normal -0.0 0.0 1.0
 outer loop
  vertex 31.92650032043457 14.258319950103758 0.0
  vertex 32.48524074554443 13.6943998336792 0.0
  vertex 33.12380027770996 15.153324937599855 0.0
 endloop
endfacet
facet normal -0.0 0.0 1.0
 outer loop
  vertex 7.850697586271053 15.587474632263184 0.0
  vertex 8.779809951782227 15.305500030517578 0.0
  vertex 8.66851291146776 16.437062793970107 0.0
 endloop
endfacet
facet normal -0.0 0.0 1.0
 outer loop
  vertex 7.7197452969012375 16.111099243164063 0.0
  vertex 7.850697586271053 15.587474632263184 0.0
  vertex 8.66851291146776 16.437062793970107 0.0
 endloop
endfacet
facet normal -0.0 0.0 0.9999999999999999
 outer loop
  vertex 28.057952362298963 15.922286927700043 0.0
  vertex 28.79497597515583 15.89585320353508 0.0
  vertex 28.73390007019043 16.91659927368164 0.0
 endloop
endfacet
facet normal 0.0 0.0 0.9999999999999999
 outer loop
  vertex 59.862300872802734 15.305500030517578 0.0
  vertex 59.862300872802734 14.5 0.0
  vertex 60.89995918273926 14.5 0.0
 endloop
endfacet
facet normal 0.0 0.0 1.0
 outer loop
  vertex 61.358893632888794 14.963184213638305 0.0
  vertex 59.862300872802734 15.305500030517578 0.0
  vertex 60.89995918273926 14.5 0.0
 endloop
endfacet
facet normal 0.0 0.0 0.9999999999999999
 outer loop
  vertex 28.73390007019043 16.91659927368164 0.0
  vertex 28.79497597515583 15.89585320353508 0.0
  vertex 29.531999588012695 15.869419479370116 0.0
 endloop
endfacet
facet normal 0.0 0.0 1.0
 outer loop
  vertex 75.02749633789063 16.91659927368164 0.0
  vertex 74.88485167522896 17.302119983828742 0.0
  vertex 74.4687599182129 17.722200393676758 0.0
 endloop
endfacet
facet normal 0.0 0.0 1.0
 outer loop
  vertex 74.4687599182129 17.722200393676758 0.0
  vertex 73.43109893798828 16.91659927368164 0.0
  vertex 75.02749633789063 16.91659927368164 0.0
 endloop
endfacet
facet normal 0.0 0.0 -0.9999999999999999
 outer loop
  vertex 40.46694107055664 18.527700424194336 0.0
  vertex 40.69423748403787 18.632499395310877 0.0
  vertex 40.88098609447479 18.281029057502742 0.0
 endloop
endfacet
facet normal 0.0 0.0 -1.0
 outer loop
  vertex 40.88098609447479 18.281029057502742 0.0
  vertex 40.86975944042206 17.8543550491333 0.0
  vertex 40.5118374273181 17.867567266523835 0.0
 endloop
endfacet
facet normal -0.0 0.0 -1.0
 outer loop
  vertex 40.88098609447479 18.281029057502742 0.0
  vertex 40.5118374273181 17.867567266523835 0.0
  vertex 40.46694107055664 18.527700424194336 0.0
 endloop
endfacet
facet normal 0.0 0.0 0.9999999999999999
 outer loop
  vertex 62.9551944732666 16.574283874034883 0.0
  vertex 61.45869827270508 16.91659927368164 0.0
  vertex 62.496261215209955 16.111099243164063 0.0
 endloop
endfacet
facet normal 0.0 0.0 1.0
 outer loop
  vertex 73.43109893798828 16.91659927368164 0.0
  vertex 71.83480072021484 16.91659927368164 0.0
  vertex 72.63300323486328 16.111099243164063 0.0
 endloop
endfacet
facet normal 0.0 0.0 1.0
 outer loop
  vertex 70.2385025024414 18.527700424194336 0.0
  vertex 69.99904174804686 17.722200393676758 0.0
  vertex 70.2385025024414 17.480520057678223 0.0
 endloop
endfacet
facet normal 0.0 0.0 1.0
 outer loop
  vertex 6.9168216996737595 16.954381668567656 0.0
  vertex 7.849449553529226 17.3193998336792 0.0
  vertex 7.477801208575175 17.722200393676758 0.0
 endloop
endfacet
facet normal -0.0 0.0 1.0
 outer loop
  vertex 6.501754797832936 17.394914078712464 0.0
  vertex 6.9168216996737595 16.954381668567656 0.0
  vertex 7.477801208575175 17.722200393676758 0.0
 endloop
endfacet
facet normal 0.0 0.0 0.9999999999999999
 outer loop
  vertex 6.38532018661499 18.527700424194336 0.0
  vertex 6.0594776895379425 17.873228883743288 0.0
  vertex 6.501754797832936 17.394914078712464 0.0
 endloop
endfacet
facet normal 0.0 0.0 1.0
 outer loop
  vertex 6.501754797832936 17.394914078712464 0.0
  vertex 7.477801208575175 17.722200393676758 0.0
  vertex 7.330640497247183 18.245790290832517 0.0
 endloop
endfacet
facet normal 0.0 -0.0 1.0
 outer loop
  vertex 6.501754797832936 17.394914078712464 0.0
  vertex 7.330640497247183 18.245790290832517 0.0
  vertex 6.38532018661499 18.527700424194336 0.0
 endloop
endfacet
facet normal 0.0 0.0 0.9999999999999999
 outer loop
  vertex 63.055000305175774 18.920038779493797 0.0
  vertex 62.536185455322254 18.723869601844065 0.0
  vertex 63.05500030517578 17.722200393676758 0.0
 endloop
endfacet
facet normal 0.0 0.0 1.0
 outer loop
  vertex 73.43109893798828 18.527700424194336 0.0
  vertex 73.32862957723843 18.930524729192257 0.0
  vertex 72.94851330030602 19.33329963684082 0.0
 endloop
endfacet
facet normal 0.0 0.0 0.9999999999999999
 outer loop
  vertex 72.94851330030602 19.33329963684082 0.0
  vertex 72.61173728989917 19.73604965209961 0.0
  vertex 71.83480072021484 19.33329963684082 0.0
 endloop
endfacet
facet normal 0.0 -0.0 1.0
 outer loop
  vertex 6.38532018661499 18.527700424194336 0.0
  vertex 6.62476806640625 19.33329963684082 0.0
  vertex 6.385320186614989 19.574949645996092 0.0
 endloop
endfacet
facet normal -0.0 0.0 1.0
 outer loop
  vertex 5.348867180642225 18.805903893709182 0.0
  vertex 6.38532018661499 18.527700424194336 0.0
  vertex 6.385320186614989 19.574949645996092 0.0
 endloop
endfacet
facet normal -0.0 0.0 1.0
 outer loop
  vertex 5.055652353553296 19.33329963684082 0.0
  vertex 5.348867180642225 18.805903893709182 0.0
  vertex 6.385320186614989 19.574949645996092 0.0
 endloop
endfacet
facet normal 0.0 0.0 0.9999999999999999
 outer loop
  vertex 22.348600387573242 20.67959204157132 0.0
  vertex 21.550399780273438 20.1387996673584 0.0
  vertex 21.550399780273438 19.33329963684082 0.0
 endloop
endfacet
facet normal 0.0 0.0 1.0
 outer loop
  vertex 22.348600387573242 18.286050415039064 0.0
  vertex 21.550399780273438 19.33329963684082 0.0
  vertex 21.7090252885114 18.41742245772008 0.0
 endloop
endfacet
facet normal 0.0 -0.0 1.0
 outer loop
  vertex 24.743099212646484 19.33329963684082 0.0
  vertex 24.743099212646484 19.847363700428364 0.0
  vertex 24.288643233374138 20.061373497872978 0.0
 endloop
endfacet
facet normal 0.0 0.0 1.0
 outer loop
  vertex 23.750598946442505 20.2363161909726 0.0
  vertex 24.743099212646484 19.33329963684082 0.0
  vertex 24.288643233374138 20.061373497872978 0.0
 endloop
endfacet
facet normal 0.0 -0.0 1.0
 outer loop
  vertex 27.13759994506836 18.527700424194336 0.0
  vertex 27.391050601005553 19.253051264584066 0.0
  vertex 26.893137741088864 19.469227766990663 0.0
 endloop
endfacet
facet normal 0.0 0.0 0.9999999999999999
 outer loop
  vertex 68.64209747314453 20.1387996673584 0.0
  vertex 68.31290335655213 19.423902893066405 0.0
  vertex 68.7469007730484 18.985892105102536 0.0
 endloop
endfacet
facet normal 0.0 0.0 1.0
 outer loop
  vertex 68.7469007730484 18.985892105102536 0.0
  vertex 69.16843537092208 18.560466480255126 0.0
  vertex 70.2385025024414 18.527700424194336 0.0
 endloop
endfacet
facet normal 0.0 0.0 1.0
 outer loop
  vertex 18.88983325949667 21.96637525605826 0.0
  vertex 18.35770034790039 21.75 0.0
  vertex 19.42196617109295 21.618900490754214 0.0
 endloop
endfacet
facet normal 0.0 0.0 1.0
 outer loop
  vertex 21.550399780273438 20.1387996673584 0.0
  vertex 22.348600387573242 20.67959204157132 0.0
  vertex 21.909195828252997 20.88141440940373 0.0
 endloop
endfacet
facet normal 0.0 -0.0 1.0
 outer loop
  vertex 21.550399780273438 20.1387996673584 0.0
  vertex 21.909195828252997 20.88141440940373 0.0
  vertex 21.388890226892066 21.055148202578923 0.0
 endloop
endfacet
facet normal 0.0 0.0 1.0
 outer loop
  vertex 65.96827926635743 19.212459754943847 0.0
  vertex 66.49174072146417 19.385214887559414 0.0
  vertex 67.0457992553711 19.897149658203126 0.0
 endloop
endfacet
facet normal 0.0 0.0 1.0
 outer loop
  vertex 67.84400177001953 19.897149658203126 0.0
  vertex 67.0457992553711 20.944400787353516 0.0
  vertex 67.0457992553711 19.897149658203126 0.0
 endloop
endfacet
facet normal 0.0 0.0 1.0
 outer loop
  vertex 71.83480072021484 19.33329963684082 0.0
  vertex 72.61173728989917 19.73604965209961 0.0
  vertex 72.27496127949232 20.1387996673584 0.0
 endloop
endfacet
facet normal 0.0 0.0 1.0
 outer loop
  vertex 71.83480072021484 19.33329963684082 0.0
  vertex 72.27496127949232 20.1387996673584 0.0
  vertex 72.05488099985358 20.662440109252927 0.0
 endloop
endfacet
facet normal 0.0 0.0 1.0
 outer loop
  vertex 3.192660093307495 22.555500030517578 0.0
  vertex 2.9532090663909907 21.75 0.0
  vertex 3.192660093307495 21.508320236206053 0.0
 endloop
endfacet
facet normal 0.0 0.0 1.0
 outer loop
  vertex 11.972399711608887 22.555500030517578 0.0
  vertex 11.235374283790588 21.534753960371017 0.0
  vertex 11.972399711608887 21.508320236206053 0.0
 endloop
endfacet
facet normal 0.0 0.0 1.0
 outer loop
  vertex 42.063240432739256 20.944400787353516 0.0
  vertex 42.12310533523559 20.330570835772036 0.0
  vertex 42.54215965270996 20.1387996673584 0.0
 endloop
endfacet
facet normal 0.0 0.0 1.0
 outer loop
  vertex 42.54215965270996 20.1387996673584 0.0
  vertex 43.10089874267578 20.70272045135498 0.0
  vertex 43.10089874267578 20.944400787353516 0.0
 endloop
endfacet
facet normal -0.0 0.0 0.9999999999999999
 outer loop
  vertex 42.063240432739256 20.944400787353516 0.0
  vertex 42.54215965270996 20.1387996673584 0.0
  vertex 43.10089874267578 20.944400787353516 0.0
 endloop
endfacet
facet normal 0.0 0.0 1.0
 outer loop
  vertex 6.38532018661499 22.313850021362306 0.0
  vertex 7.1834797859191895 22.313850021362306 0.0
  vertex 7.1834797859191895 23.361099243164063 0.0
 endloop
endfacet
facet normal 0.0 0.0 0.9999999999999999
 outer loop
  vertex 43.61967887878418 20.823560619354247 0.0
  vertex 44.11040340363979 20.97692506701405 0.0
  vertex 44.432794260978696 21.325435192637055 0.0
 endloop
endfacet
facet normal 0.0 0.0 1.0
 outer loop
  vertex 42.30270004272461 22.79717979431152 0.0
  vertex 41.64855196177959 22.75186727941036 0.0
  vertex 41.50450134277344 22.313850021362306 0.0
 endloop
endfacet
facet normal 0.0 0.0 1.0
 outer loop
  vertex 42.30270004272461 22.79717979431152 0.0
  vertex 41.50450134277344 22.313850021362306 0.0
  vertex 42.063240432739256 21.75 0.0
 endloop
endfacet
facet normal 0.0 0.0 1.0
 outer loop
  vertex 60.660499572753906 23.361099243164063 0.0
  vertex 59.92343721985817 22.340280491113663 0.0
  vertex 60.691067746281625 22.327065256237987 0.0
 endloop
endfacet
facet normal 0.0 0.0 1.0
 outer loop
  vertex 1.5963300466537476 23.361099243164063 0.0
  vertex 1.840765993669629 22.419571900367735 0.0
  vertex 2.3944900035858154 22.313850021362306 0.0
 endloop
endfacet
facet normal -0.0 0.0 1.0
 outer loop
  vertex 27.259773993492125 23.17228692770004 0.0
  vertex 27.996837031841277 23.145853203535076 0.0
  vertex 27.935699462890625 24.16659927368164 0.0
 endloop
endfacet
facet normal -0.0 0.0 1.0
 outer loop
  vertex 28.764418309926988 23.132636341452596 0.0
  vertex 29.547309252619744 23.126027910411356 0.0
  vertex 29.531999588012695 24.16659927368164 0.0
 endloop
endfacet
facet normal -0.0 0.0 1.0
 outer loop
  vertex 30.337855027616023 23.122723694890738 0.0
  vertex 31.132177674025296 23.121071587130427 0.0
  vertex 31.128400802612305 24.16659927368164 0.0
 endloop
endfacet
facet normal -0.0 0.0 1.0
 outer loop
  vertex 31.928439300879838 23.12024553325027 0.0
  vertex 32.72562492447905 23.120053770742377 0.0
  vertex 32.724700927734375 24.16659927368164 0.0
 endloop
endfacet
facet normal 0.0 0.0 1.0
 outer loop
  vertex 34.32099914550781 24.16659927368164 0.0
  vertex 34.31995163187385 23.119891510158777 0.0
  vertex 35.117003636062144 23.120363540947437 0.0
 endloop
endfacet
facet normal 0.0 0.0 1.0
 outer loop
  vertex 35.91740036010742 24.16659927368164 0.0
  vertex 35.913008126616475 23.121307602524755 0.0
  vertex 36.70681459307671 23.123195725679395 0.0
 endloop
endfacet
facet normal 0.0 0.0 1.0
 outer loop
  vertex 37.51369857788086 24.16659927368164 0.0
  vertex 37.49622882604599 23.126971971988677 0.0
  vertex 38.27695777416229 23.13452446460724 0.0
 endloop
endfacet
facet normal 0.0 0.0 1.0
 outer loop
  vertex 39.11000061035156 24.16659927368164 0.0
  vertex 39.04021697044372 23.149629449844358 0.0
  vertex 39.768532848358156 23.1798394203186 0.0
 endloop
endfacet
facet normal 0.0 0.0 1.0
 outer loop
  vertex 43.598546875731515 24.16659927368164 0.0
  vertex 43.59854678598765 23.361099243164063 0.0
  vertex 44.138459014892575 23.361099243164063 0.0
 endloop
endfacet
facet normal 0.0 0.0 1.0
 outer loop
  vertex 44.138459014892575 24.16659927368164 0.0
  vertex 43.598546875731515 24.16659927368164 0.0
  vertex 44.138459014892575 23.361099243164063 0.0
 endloop
endfacet
facet normal -0.0 0.0 1.0
 outer loop
  vertex 54.397374224662784 23.17228692770004 0.0
  vertex 55.13443616628647 23.145853203535076 0.0
  vertex 55.073299407958984 24.16659927368164 0.0
 endloop
endfacet
facet normal -0.0 0.0 1.0
 outer loop
  vertex 55.90206839442253 23.132636341452596 0.0
  vertex 56.684934267401694 23.126027910411356 0.0
  vertex 56.669700622558594 24.16659927368164 0.0
 endloop
endfacet
facet normal 0.0 0.0 1.0
 outer loop
  vertex 18.35770034790039 24.972200393676758 0.0
  vertex 18.35770034790039 23.602749252319335 0.0
  vertex 19.155899047851563 23.92494926452637 0.0
 endloop
endfacet
facet normal -0.0 0.0 1.0
 outer loop
  vertex 23.944899559020996 23.811021617242233 0.0
  vertex 24.743099212646484 23.717391534730616 0.0
  vertex 24.743099212646484 24.972200393676758 0.0
 endloop
endfacet
facet normal 0.0 0.0 1.0
 outer loop
  vertex 56.669700622558594 24.16659927368164 0.0
  vertex 56.684934267401694 23.126027910411356 0.0
  vertex 57.46780014038086 23.119419479370116 0.0
 endloop
endfacet
facet normal 0.0 -0.0 1.0
 outer loop
  vertex 57.46780014038086 23.119419479370116 0.0
  vertex 58.26599884033203 24.16659927368164 0.0
  vertex 56.669700622558594 24.16659927368164 0.0
 endloop
endfacet
facet normal 0.0 0.0 1.0
 outer loop
  vertex 0.0 24.16659927368164 0.0
  vertex 0.0 23.361099243164063 0.0
  vertex 0.7981659770011902 23.119419479370116 0.0
 endloop
endfacet
facet normal 0.0 0.0 1.0
 outer loop
  vertex 24.743099212646484 24.972200393676758 0.0
  vertex 24.743099212646484 23.717391534730616 0.0
  vertex 25.541200637817383 23.602749252319335 0.0
 endloop
endfacet
facet normal 0.0 0.0 0.9999999999999999
 outer loop
  vertex 40.94583168029785 24.16659927368164 0.0
  vertex 40.427015495300296 23.24025936126709 0.0
  vertex 40.94583168029785 23.361099243164063 0.0
 endloop
endfacet
facet normal 0.0 0.0 1.0
 outer loop
  vertex 51.880699157714844 24.972200393676758 0.0
  vertex 51.880699157714844 23.92494926452637 0.0
  vertex 52.67879867553711 23.873987591401168 0.0
 endloop
endfacet
facet normal 0.0 0.0 1.0
 outer loop
  vertex 60.660499572753906 24.972200393676758 0.0
  vertex 59.862300872802734 24.16659927368164 0.0
  vertex 60.660499572753906 23.361099243164063 0.0
 endloop
endfacet
facet normal 0.0 0.0 1.0
 outer loop
  vertex 65.20503749847411 25.91364529132843 0.0
  vertex 64.65129852294922 26.01938018798828 0.0
  vertex 64.65129852294922 24.972200393676758 0.0
 endloop
endfacet
facet normal 0.0 0.0 1.0
 outer loop
  vertex 55.871498107910156 25.777700424194336 0.0
  vertex 54.27519989013672 25.777700424194336 0.0
  vertex 55.073299407958984 24.972200393676758 0.0
 endloop
endfacet
facet normal 0.0 0.0 1.0
 outer loop
  vertex 2.3944900035858154 29.0 0.0
  vertex 1.5963300466537476 29.0 0.0
  vertex 1.5963300466537476 28.194400787353516 0.0
 endloop
endfacet
facet normal -0.0 0.0 1.0
 outer loop
  vertex 1.5963300466537476 28.194400787353516 0.0
  vertex 2.3944900035858154 27.3887996673584 0.0
  vertex 3.192660093307495 28.194400787353516 0.0
 endloop
endfacet
facet normal 0.0 0.0 1.0
 outer loop
  vertex 1.5963300466537476 28.194400787353516 0.0
  vertex 3.192660093307495 28.194400787353516 0.0
  vertex 2.3944900035858154 29.0 0.0
 endloop
endfacet
facet normal 0.0 0.0 1.0
 outer loop
  vertex 3.9908199310302734 29.0 0.0
  vertex 3.192660093307495 29.0 0.0
  vertex 3.192660093307495 28.194400787353516 0.0
 endloop
endfacet
facet normal 0.0 0.0 1.0
 outer loop
  vertex 3.192660093307495 28.194400787353516 0.0
  vertex 4.788990020751953 28.194400787353516 0.0
  vertex 3.9908199310302734 29.0 0.0
 endloop
endfacet
facet normal 0.0 0.0 1.0
 outer loop
  vertex 8.779809951782227 29.0 0.0
  vertex 7.981649875640869 29.0 0.0
  vertex 7.981649875640869 28.194400787353516 0.0
 endloop
endfacet
facet normal -0.0 0.0 1.0
 outer loop
  vertex 7.981649875640869 28.194400787353516 0.0
  vertex 8.779809951782227 27.3887996673584 0.0
  vertex 9.577980041503906 28.194400787353516 0.0
 endloop
endfacet
facet normal 0.0 0.0 1.0
 outer loop
  vertex 8.779809951782227 29.0 0.0
  vertex 7.981649875640869 28.194400787353516 0.0
  vertex 9.577980041503906 28.194400787353516 0.0
 endloop
endfacet
facet normal 0.0 0.0 1.0
 outer loop
  vertex 15.16510009765625 29.0 0.0
  vertex 14.366900444030762 29.0 0.0
  vertex 14.366900444030762 28.194400787353516 0.0
 endloop
endfacet
facet normal 0.0 0.0 1.0
 outer loop
  vertex 15.16510009765625 29.0 0.0
  vertex 14.366900444030762 28.194400787353516 0.0
  vertex 15.963199615478516 28.194400787353516 0.0
 endloop
endfacet
facet normal 0.0 0.0 1.0
 outer loop
  vertex 16.76140022277832 29.0 0.0
  vertex 15.963199615478516 29.0 0.0
  vertex 15.963199615478516 28.194400787353516 0.0
 endloop
endfacet
facet normal 0.0 0.0 1.0
 outer loop
  vertex 16.76140022277832 29.0 0.0
  vertex 15.963199615478516 28.194400787353516 0.0
  vertex 17.559600830078125 28.194400787353516 0.0
 endloop
endfacet
facet normal 0.0 0.0 1.0
 outer loop
  vertex 18.35770034790039 29.0 0.0
  vertex 17.559600830078125 29.0 0.0
  vertex 17.559600830078125 28.194400787353516 0.0
 endloop
endfacet
facet normal 0.0 0.0 1.0
 outer loop
  vertex 18.35770034790039 29.0 0.0
  vertex 17.559600830078125 28.194400787353516 0.0
  vertex 19.155899047851563 28.194400787353516 0.0
 endloop
endfacet
facet normal 0.0 0.0 1.0
 outer loop
  vertex 19.954099655151367 29.0 0.0
  vertex 19.155899047851563 29.0 0.0
  vertex 19.155899047851563 28.194400787353516 0.0
 endloop
endfacet
facet normal -0.0 0.0 1.0
 outer loop
  vertex 19.155899047851563 28.194400787353516 0.0
  vertex 19.954099655151367 27.3887996673584 0.0
  vertex 20.752199172973633 28.194400787353516 0.0
 endloop
endfacet
facet normal 0.0 0.0 1.0
 outer loop
  vertex 19.954099655151367 29.0 0.0
  vertex 19.155899047851563 28.194400787353516 0.0
  vertex 20.752199172973633 28.194400787353516 0.0
 endloop
endfacet
facet normal 0.0 0.0 1.0
 outer loop
  vertex 21.550399780273438 29.0 0.0
  vertex 20.752199172973633 29.0 0.0
  vertex 20.752199172973633 28.194400787353516 0.0
 endloop
endfacet
facet normal 0.0 0.0 1.0
 outer loop
  vertex 21.550399780273438 29.0 0.0
  vertex 20.752199172973633 28.194400787353516 0.0
  vertex 22.348600387573242 28.194400787353516 0.0
 endloop
endfacet
facet normal 0.0 0.0 1.0
 outer loop
  vertex 47.09170150756836 29.0 0.0
  vertex 46.29349899291992 29.0 0.0
  vertex 46.29349899291992 28.194400787353516 0.0
 endloop
endfacet
facet normal 0.0 0.0 1.0
 outer loop
  vertex 47.889801025390625 28.194400787353516 0.0
  vertex 47.09170150756836 29.0 0.0
  vertex 46.29349899291992 28.194400787353516 0.0
 endloop
endfacet
facet normal 0.0 0.0 1.0
 outer loop
  vertex 48.6879997253418 29.0 0.0
  vertex 47.889801025390625 29.0 0.0
  vertex 47.889801025390625 28.194400787353516 0.0
 endloop
endfacet
facet normal 0.0 0.0 1.0
 outer loop
  vertex 49.48619842529297 29.0 0.0
  vertex 48.6879997253418 29.0 0.0
  vertex 47.889801025390625 28.194400787353516 0.0
 endloop
endfacet
facet normal 0.0 0.0 0.9999999999999999
 outer loop
  vertex 43.10089874267578 0.8055559992790222 0.0
  vertex 43.89899826049805 1.8527750015258788 0.0
  vertex 43.10089874267578 1.8527750015258788 0.0
 endloop
endfacet
facet normal 0.0 0.0 1.0
 outer loop
  vertex 42.30270004272461 2.1749950408935548 0.0
  vertex 43.10089874267578 0.8055559992790222 0.0
  vertex 43.10089874267578 1.8527750015258788 0.0
 endloop
endfacet
facet normal 0.0 0.0 1.0
 outer loop
  vertex 44.697200775146484 1.8527750015258788 0.0
  vertex 43.89899826049805 1.8527750015258788 0.0
  vertex 44.697200775146484 0.8055559992790222 0.0
 endloop
endfacet
facet normal -0.0 0.0 0.9999999999999999
 outer loop
  vertex 44.697200775146484 1.8527750015258788 0.0
  vertex 44.697200775146484 0.8055559992790222 0.0
  vertex 45.49530029296875 1.8527750015258788 0.0
 endloop
endfacet
facet normal 0.0 0.0 1.0
 outer loop
  vertex 46.29349899291992 1.8527750015258788 0.0
  vertex 45.49530029296875 1.8527750015258788 0.0
  vertex 46.29349899291992 0.8055559992790222 0.0
 endloop
endfacet
facet normal -0.0 0.0 1.0
 outer loop
  vertex 46.29349899291992 1.8527750015258788 0.0
  vertex 46.29349899291992 0.8055559992790222 0.0
  vertex 47.09170150756836 1.8527750015258788 0.0
 endloop
endfacet
facet normal 0.0 0.0 0.9999999999999999
 outer loop
  vertex 47.88980102539062 1.8527750015258788 0.0
  vertex 47.09170150756836 1.8527750015258788 0.0
  vertex 47.889801025390625 0.8055559992790222 0.0
 endloop
endfacet
facet normal 0.0 0.0 1.0
 outer loop
  vertex 48.68799972534179 1.8527750015258788 0.0
  vertex 47.88980102539062 1.8527750015258788 0.0
  vertex 47.889801025390625 0.8055559992790222 0.0
 endloop
endfacet
facet normal 0.0 0.0 1.0
 outer loop
  vertex 49.48619842529297 0.8055559992790222 0.0
  vertex 50.2843017578125 1.8527750015258788 0.0
  vertex 49.48619842529297 1.8527750015258788 0.0
 endloop
endfacet
facet normal -0.0 0.0 1.0
 outer loop
  vertex 48.68799972534179 1.8527750015258788 0.0
  vertex 49.48619842529297 0.8055559992790222 0.0
  vertex 49.48619842529297 1.8527750015258788 0.0
 endloop
endfacet
facet normal 0.0 0.0 1.0
 outer loop
  vertex 51.08250045776367 1.8527750015258788 0.0
  vertex 50.2843017578125 1.8527750015258788 0.0
  vertex 51.08250045776367 0.8055559992790222 0.0
 endloop
endfacet
facet normal -0.0 0.0 1.0
 outer loop
  vertex 51.08250045776367 1.8527750015258788 0.0
  vertex 51.08250045776367 0.8055559992790222 0.0
  vertex 51.88069915771484 1.8527750015258788 0.0
 endloop
endfacet
facet normal 0.0 0.0 1.0
 outer loop
  vertex 52.67879867553711 0.8055559992790222 0.0
  vertex 53.47700119018555 1.8527750015258788 0.0
  vertex 52.67879867553711 1.8527750015258788 0.0
 endloop
endfacet
facet normal -0.0 0.0 0.9999999999999999
 outer loop
  vertex 51.88069915771484 1.8527750015258788 0.0
  vertex 52.67879867553711 0.8055559992790222 0.0
  vertex 52.67879867553711 1.8527750015258788 0.0
 endloop
endfacet
facet normal 0.0 0.0 1.0
 outer loop
  vertex 54.27519989013672 1.8527750015258788 0.0
  vertex 53.47700119018555 1.8527750015258788 0.0
  vertex 54.27519989013672 0.8055559992790222 0.0
 endloop
endfacet
facet normal -0.0 0.0 0.9999999999999999
 outer loop
  vertex 54.27519989013672 1.8527750015258788 0.0
  vertex 54.27519989013672 0.8055559992790222 0.0
  vertex 55.073349952697754 1.8535147115910477 0.0
 endloop
endfacet
facet normal 0.0 0.0 1.0
 outer loop
  vertex 55.87150001525879 1.8542417296293152 0.0
  vertex 55.073349952697754 1.8535147115910477 0.0
  vertex 55.871498107910156 0.8055559992790222 0.0
 endloop
endfacet
facet normal -0.0 0.0 1.0
 outer loop
  vertex 55.87150001525879 1.8542417296293152 0.0
  vertex 55.871498107910156 0.8055559992790222 0.0
  vertex 56.669650077819824 1.8549687476675825 0.0
 endloop
endfacet
facet normal 0.0 0.0 1.0
 outer loop
  vertex 57.46780014038086 0.8055559992790222 0.0
  vertex 58.265967053128406 1.8677023114800058 0.0
  vertex 57.46780014038086 1.8556830736789482 0.0
 endloop
endfacet
facet normal -0.0 0.0 0.9999999999999999
 outer loop
  vertex 56.669650077819824 1.8549687476675825 0.0
  vertex 57.46780014038086 0.8055559992790222 0.0
  vertex 57.46780014038086 1.8556830736789482 0.0
 endloop
endfacet
facet normal 0.0 0.0 0.9999999999999999
 outer loop
  vertex 59.06413396587595 1.8797215492810635 0.0
  vertex 58.265967053128406 1.8677023114800058 0.0
  vertex 59.06420135498047 0.8055559992790222 0.0
 endloop
endfacet
facet normal -0.0 0.0 1.0
 outer loop
  vertex 59.06413396587595 1.8797215492810635 0.0
  vertex 59.06420135498047 0.8055559992790222 0.0
  vertex 59.862300872802734 1.8917294064544123 0.0
 endloop
endfacet
facet normal 0.0 0.0 1.0
 outer loop
  vertex 60.66047362235258 1.9158789736354667 0.0
  vertex 59.862300872802734 1.8917294064544123 0.0
  vertex 60.660499572753906 0.8055559992790222 0.0
 endloop
endfacet
facet normal -0.0 0.0 1.0
 outer loop
  vertex 60.66047362235258 1.9158789736354667 0.0
  vertex 60.660499572753906 0.8055559992790222 0.0
  vertex 61.45864637190243 1.9400285408165212 0.0
 endloop
endfacet
facet normal 0.0 0.0 1.0
 outer loop
  vertex 62.25680160522461 0.8055559992790222 0.0
  vertex 63.05498992477078 1.9872334948350794 0.0
  vertex 62.256818823632784 1.9640098618727426 0.0
 endloop
endfacet
facet normal -0.0 0.0 1.0
 outer loop
  vertex 61.45864637190243 1.9400285408165212 0.0
  vertex 62.25680160522461 0.8055559992790222 0.0
  vertex 62.256818823632784 1.9640098618727426 0.0
 endloop
endfacet
facet normal 0.0 0.0 1.0
 outer loop
  vertex 63.853160478262 2.0101525200229826 0.0
  vertex 63.05498992477078 1.9872334948350794 0.0
  vertex 63.85309982299805 0.8055559992790222 0.0
 endloop
endfacet
facet normal -0.0 0.0 1.0
 outer loop
  vertex 63.853160478262 2.0101525200229826 0.0
  vertex 63.85309982299805 0.8055559992790222 0.0
  vertex 64.65133103175322 2.033071545210886 0.0
 endloop
endfacet
facet normal 0.0 0.0 1.0
 outer loop
  vertex 68.64209747314453 2.1749950408935548 0.0
  vertex 67.84400177001953 2.147931774028827 0.0
  vertex 68.64209747314453 0.8055559992790222 0.0
 endloop
endfacet
facet normal 0.0 0.0 1.0
 outer loop
  vertex 68.64209747314453 2.1749950408935548 0.0
  vertex 68.64209747314453 0.8055559992790222 0.0
  vertex 69.44029998779297 1.611109972000122 0.0
 endloop
endfacet
facet normal 0.0 0.0 0.9999999999999999
 outer loop
  vertex 80.41844904070119 2.5374940514564512 0.0
  vertex 79.81639862060547 1.8912085886548762 0.0
  vertex 80.29402257804401 1.611109972000122 0.0
 endloop
endfacet
facet normal 0.0 0.0 1.0
 outer loop
  vertex 80.96806290304934 2.305897298455238 0.0
  vertex 80.41844904070119 2.5374940514564512 0.0
  vertex 80.29402257804401 1.611109972000122 0.0
 endloop
endfacet
facet normal 0.0 0.0 0.9999999999999999
 outer loop
  vertex 81.41280364990234 1.8527750015258788 0.0
  vertex 80.96806290304934 2.305897298455238 0.0
  vertex 80.29402257804401 1.611109972000122 0.0
 endloop
endfacet
facet normal -0.0 0.0 1.0
 outer loop
  vertex 80.29402257804401 1.611109972000122 0.0
  vertex 80.05585937500001 0.8055559992790222 0.0
  vertex 81.65223236083985 1.611109972000122 0.0
 endloop
endfacet
facet normal 0.0 0.0 1.0
 outer loop
  vertex 81.41280364990234 1.8527750015258788 0.0
  vertex 80.29402257804401 1.611109972000122 0.0
  vertex 81.65223236083985 1.611109972000122 0.0
 endloop
endfacet
facet normal 0.0 0.0 1.0
 outer loop
  vertex 3.192660093307495 2.4166600704193115 0.0
  vertex 1.5963300466537476 0.8055559992790222 0.0
  vertex 3.192660093307495 0.8055559992790222 0.0
 endloop
endfacet
facet normal 0.0 0.0 1.0
 outer loop
  vertex 6.38532018661499 2.4166600704193115 0.0
  vertex 4.788990020751953 0.8055559992790222 0.0
  vertex 6.38532018661499 0.8055559992790222 0.0
 endloop
endfacet
facet normal 0.0 0.0 1.0
 outer loop
  vertex 9.577980041503906 2.4166600704193115 0.0
  vertex 7.981649875640869 0.8055559992790222 0.0
  vertex 9.577980041503906 0.8055559992790222 0.0
 endloop
endfacet
facet normal 0.0 0.0 1.0
 outer loop
  vertex 12.770600318908691 2.4166600704193115 0.0
  vertex 11.174300193786621 0.8055559992790222 0.0
  vertex 12.770600318908691 0.8055559992790222 0.0
 endloop
endfacet
facet normal 0.0 0.0 1.0
 outer loop
  vertex 15.963199615478516 2.4166600704193115 0.0
  vertex 14.366900444030762 0.8055559992790222 0.0
  vertex 15.963199615478516 0.8055559992790222 0.0
 endloop
endfacet
facet normal 0.0 0.0 1.0
 outer loop
  vertex 19.155899047851563 2.4166600704193115 0.0
  vertex 17.559600830078125 0.8055559992790222 0.0
  vertex 19.155899047851563 0.8055559992790222 0.0
 endloop
endfacet
facet normal 0.0 0.0 1.0
 outer loop
  vertex 22.348600387573242 2.4166600704193115 0.0
  vertex 20.752199172973633 0.8055559992790222 0.0
  vertex 22.348600387573242 0.8055559992790222 0.0
 endloop
endfacet
facet normal 0.0 0.0 1.0
 outer loop
  vertex 25.541200637817383 2.4166600704193115 0.0
  vertex 23.944900512695313 0.8055559992790222 0.0
  vertex 25.541200637817383 0.8055559992790222 0.0
 endloop
endfacet
facet normal 0.0 0.0 1.0
 outer loop
  vertex 31.92650032043457 2.4166600704193115 0.0
  vertex 30.3302001953125 2.4166600704193115 0.0
  vertex 30.3302001953125 0.8055559992790222 0.0
 endloop
endfacet
facet normal 0.0 0.0 1.0
 outer loop
  vertex 31.92650032043457 2.4166600704193115 0.0
  vertex 30.3302001953125 0.8055559992790222 0.0
  vertex 31.92650032043457 0.8055559992790222 0.0
 endloop
endfacet
facet normal 0.0 0.0 1.0
 outer loop
  vertex 35.11920166015625 2.4166600704193115 0.0
  vertex 33.52289962768555 2.4166600704193115 0.0
  vertex 33.52289962768555 0.8055559992790222 0.0
 endloop
endfacet
facet normal 0.0 0.0 1.0
 outer loop
  vertex 35.11920166015625 2.4166600704193115 0.0
  vertex 33.52289962768555 0.8055559992790222 0.0
  vertex 35.11920166015625 0.8055559992790222 0.0
 endloop
endfacet
facet normal 0.0 0.0 1.0
 outer loop
  vertex 65.44950103759766 2.0556859626243558 0.0
  vertex 64.65133103175322 2.033071545210886 0.0
  vertex 65.44950103759766 0.8055559992790222 0.0
 endloop
endfacet
facet normal 0.0 0.0 0.9999999999999999
 outer loop
  vertex 65.44950103759766 2.0556859626243558 0.0
  vertex 65.44950103759766 0.8055559992790222 0.0
  vertex 67.0457992553711 1.611109972000122 0.0
 endloop
endfacet
facet normal -0.0 0.0 0.9999999999999999
 outer loop
  vertex 65.44950103759766 2.0556859626243558 0.0
  vertex 67.0457992553711 1.611109972000122 0.0
  vertex 66.00069589614868 2.371633796652221 0.0
 endloop
endfacet
facet normal 0.0 -0.0 1.0
 outer loop
  vertex 71.0365982055664 1.611109972000122 0.0
  vertex 71.06655750274658 2.628119537234306 0.0
  vertex 70.29831428527832 2.597911041975021 0.0
 endloop
endfacet
facet normal 0.0 0.0 1.0
 outer loop
  vertex 70.29831428527832 2.597911041975021 0.0
  vertex 69.63874263465405 2.502093872008845 0.0
  vertex 69.44029998779297 1.611109972000122 0.0
 endloop
endfacet
facet normal 0.0 0.0 1.0
 outer loop
  vertex 70.29831428527832 2.597911041975021 0.0
  vertex 69.44029998779297 1.611109972000122 0.0
  vertex 71.0365982055664 1.611109972000122 0.0
 endloop
endfacet
facet normal 0.0 -0.0 1.0
 outer loop
  vertex 72.63300323486328 1.611109972000122 0.0
  vertex 72.64043965339661 2.65077590867877 0.0
  vertex 71.84978036880493 2.6432237848639484 0.0
 endloop
endfacet
facet normal 0.0 0.0 1.0
 outer loop
  vertex 71.84978036880493 2.6432237848639484 0.0
  vertex 71.06655750274658 2.628119537234306 0.0
  vertex 71.0365982055664 1.611109972000122 0.0
 endloop
endfacet
facet normal 0.0 0.0 0.9999999999999999
 outer loop
  vertex 71.84978036880493 2.6432237848639484 0.0
  vertex 71.0365982055664 1.611109972000122 0.0
  vertex 72.63300323486328 1.611109972000122 0.0
 endloop
endfacet
facet normal 0.0 -0.0 1.0
 outer loop
  vertex 74.22930145263672 1.611109972000122 0.0
  vertex 74.23040453054497 2.6559679938014593 0.0
  vertex 73.43487055301667 2.6545519705861804 0.0
 endloop
endfacet
facet normal 0.0 0.0 1.0
 outer loop
  vertex 73.43487055301667 2.6545519705861804 0.0
  vertex 72.64043965339661 2.65077590867877 0.0
  vertex 72.63300323486328 1.611109972000122 0.0
 endloop
endfacet
facet normal 0.0 0.0 1.0
 outer loop
  vertex 73.43487055301667 2.6545519705861804 0.0
  vertex 72.63300323486328 1.611109972000122 0.0
  vertex 74.22930145263672 1.611109972000122 0.0
 endloop
endfacet
facet normal 0.0 0.0 0.9999999999999999
 outer loop
  vertex 75.02649004702738 2.6562039976706724 0.0
  vertex 74.23040453054497 2.6559679938014593 0.0
  vertex 74.22930145263672 1.611109972000122 0.0
 endloop
endfacet
facet normal 0.0 0.0 0.9999999999999999
 outer loop
  vertex 75.02649004702738 2.6562039976706724 0.0
  vertex 74.22930145263672 1.611109972000122 0.0
  vertex 75.82559967041016 1.611109972000122 0.0
 endloop
endfacet
facet normal 0.0 0.0 1.0
 outer loop
  vertex 75.02649004702738 2.6562039976706724 0.0
  vertex 75.82559967041016 1.611109972000122 0.0
  vertex 75.82207241807818 2.6553779841284264 0.0
 endloop
endfacet
facet normal 0.0 0.0 1.0
 outer loop
  vertex 76.61765478912898 2.6545519705861804 0.0
  vertex 75.82207241807818 2.6553779841284264 0.0
  vertex 75.82559967041016 1.611109972000122 0.0
 endloop
endfacet
facet normal -0.0 0.0 1.0
 outer loop
  vertex 78.22010040283203 1.611109972000122 0.0
  vertex 79.39791292641227 0.8055559992790222 0.0
  vertex 79.25773162841797 1.611109972000122 0.0
 endloop
endfacet
facet normal 0.0 0.0 1.0
 outer loop
  vertex 78.96923819096143 2.628119537234306 0.0
  vertex 78.22010040283203 1.611109972000122 0.0
  vertex 79.25773162841797 1.611109972000122 0.0
 endloop
endfacet
facet normal 0.0 0.0 1.0
 outer loop
  vertex 79.81639862060547 1.8912085886548762 0.0
  vertex 78.96923819096143 2.628119537234306 0.0
  vertex 79.25773162841797 1.611109972000122 0.0
 endloop
endfacet
facet normal 0.0 0.0 1.0
 outer loop
  vertex 84.60540008544922 0.8055559992790222 0.0
  vertex 83.56783828735351 1.611109972000122 0.0
  vertex 83.00910186767578 1.047222191095352 0.0
 endloop
endfacet
facet normal 0.0 -0.0 1.0
 outer loop
  vertex 83.80729675292969 0.0 0.0
  vertex 84.60540008544922 0.8055559992790222 0.0
  vertex 83.00910186767578 1.047222191095352 0.0
 endloop
endfacet
facet normal 0.0 0.0 1.0
 outer loop
  vertex 28.73390007019043 4.027780055999756 0.0
  vertex 29.531999588012695 5.074998044967651 0.0
  vertex 28.73390007019043 5.074998044967651 0.0
 endloop
endfacet
facet normal 0.0 0.0 1.0
 outer loop
  vertex 27.935699462890625 5.282539387040856 0.0
  vertex 28.73390007019043 4.027780055999756 0.0
  vertex 28.73390007019043 5.074998044967651 0.0
 endloop
endfacet
facet normal 0.0 0.0 1.0
 outer loop
  vertex 31.92650032043457 5.341804155611082 0.0
  vertex 31.128400802612305 5.091209283849229 0.0
  vertex 31.92650032043457 4.027780055999756 0.0
 endloop
endfacet
facet normal 0.0 0.0 1.0
 outer loop
  vertex 31.92650032043457 5.341804155611082 0.0
  vertex 31.92650032043457 4.027780055999756 0.0
  vertex 32.724700927734375 4.833330154418945 0.0
 endloop
endfacet
facet normal 0.0 0.0 1.0
 outer loop
  vertex 37.51369857788086 5.880554819107056 0.0
  vertex 37.51369857788086 4.833330154418945 0.0
  vertex 38.3119010925293 4.833330154418945 0.0
 endloop
endfacet
facet normal 0.0 0.0 1.0
 outer loop
  vertex 83.80729675292969 4.833330154418945 0.0
  vertex 82.49028625488282 3.8224702742809042 0.0
  vertex 83.00910186767578 3.6171604925620526 0.0
 endloop
endfacet
facet normal 0.0 -0.0 1.0
 outer loop
  vertex 87.0 4.027780055999756 0.0
  vertex 87.0 4.833330154418945 0.0
  vertex 86.20179748535156 5.316617375411662 0.0
 endloop
endfacet
facet normal 0.0 0.0 1.0
 outer loop
  vertex 87.0 4.027780055999756 0.0
  vertex 85.40360260009766 3.222219944000244 0.0
  vertex 87.0 3.222219944000244 0.0
 endloop
endfacet
facet normal 0.0 0.0 1.0
 outer loop
  vertex 18.35770034790039 5.98507027247892 0.0
  vertex 17.799030685424803 6.444439888000488 0.0
  vertex 16.76140022277832 6.444439888000488 0.0
 endloop
endfacet
facet normal 0.0 0.0 1.0
 outer loop
  vertex 20.15259788797929 6.546848655773787 0.0
  vertex 19.608144486107314 6.357454904187426 0.0
  vertex 19.155899047851563 6.091645914365728 0.0
 endloop
endfacet
facet normal 0.0 0.0 1.0
 outer loop
  vertex 19.155899047851563 6.091645914365728 0.0
  vertex 18.35770034790039 5.98507027247892 0.0
  vertex 18.35770034790039 4.833330154418945 0.0
 endloop
endfacet
facet normal -0.0 0.0 1.0
 outer loop
  vertex 19.155899047851563 6.091645914365728 0.0
  vertex 20.752199172973633 5.638889789581299 0.0
  vertex 20.15259788797929 6.546848655773787 0.0
 endloop
endfacet
facet normal 0.0 0.0 1.0
 outer loop
  vertex 20.83961825379751 6.625690913200378 0.0
  vertex 20.15259788797929 6.546848655773787 0.0
  vertex 20.752199172973633 5.638889789581299 0.0
 endloop
endfacet
facet normal -0.0 0.0 1.0
 outer loop
  vertex 20.83961825379751 6.625690913200378 0.0
  vertex 20.752199172973633 5.638889789581299 0.0
  vertex 21.550399780273438 6.686107921600342 0.0
 endloop
endfacet
facet normal 0.0 0.0 1.0
 outer loop
  vertex 22.348600387573242 5.638889789581299 0.0
  vertex 20.752199172973633 5.638889789581299 0.0
  vertex 20.752199172973633 4.027780055999756 0.0
 endloop
endfacet
facet normal 0.0 0.0 1.0
 outer loop
  vertex 22.348600387573242 5.638889789581299 0.0
  vertex 20.752199172973633 4.027780055999756 0.0
  vertex 22.348600387573242 4.027780055999756 0.0
 endloop
endfacet
facet normal 0.0 -0.0 1.0
 outer loop
  vertex 34.32099914550781 4.833330154418945 0.0
  vertex 34.39086816310883 5.850346690416337 0.0
  vertex 33.662534666061404 5.820138561725617 0.0
 endloop
endfacet
facet normal 0.0 0.0 1.0
 outer loop
  vertex 33.662534666061404 5.820138561725617 0.0
  vertex 33.00407018661499 5.759722304344177 0.0
  vertex 32.724700927734375 4.833330154418945 0.0
 endloop
endfacet
facet normal 0.0 0.0 1.0
 outer loop
  vertex 33.662534666061404 5.820138561725617 0.0
  vertex 32.724700927734375 4.833330154418945 0.0
  vertex 34.32099914550781 4.833330154418945 0.0
 endloop
endfacet
facet normal 0.0 -0.0 1.0
 outer loop
  vertex 35.91740036010742 4.833330154418945 0.0
  vertex 35.934817069768904 5.873002786934376 0.0
  vertex 35.15413426160812 5.865450754761696 0.0
 endloop
endfacet
facet normal 0.0 0.0 1.0
 outer loop
  vertex 35.15413426160812 5.865450754761696 0.0
  vertex 34.39086816310883 5.850346690416337 0.0
  vertex 34.32099914550781 4.833330154418945 0.0
 endloop
endfacet
facet normal 0.0 0.0 1.0
 outer loop
  vertex 35.15413426160812 5.865450754761696 0.0
  vertex 34.32099914550781 4.833330154418945 0.0
  vertex 35.91740036010742 4.833330154418945 0.0
 endloop
endfacet
facet normal 0.0 -0.0 1.0
 outer loop
  vertex 37.51369857788086 4.833330154418945 0.0
  vertex 37.51369857788086 5.880554819107056 0.0
  vertex 36.724257823824885 5.876778803020716 0.0
 endloop
endfacet
facet normal 0.0 0.0 1.0
 outer loop
  vertex 36.724257823824885 5.876778803020716 0.0
  vertex 35.934817069768904 5.873002786934376 0.0
  vertex 35.91740036010742 4.833330154418945 0.0
 endloop
endfacet
facet normal 0.0 0.0 0.9999999999999999
 outer loop
  vertex 36.724257823824885 5.876778803020716 0.0
  vertex 35.91740036010742 4.833330154418945 0.0
  vertex 37.51369857788086 4.833330154418945 0.0
 endloop
endfacet
facet normal 0.0 0.0 1.0
 outer loop
  vertex 42.54215965270996 4.027780055999756 0.0
  vertex 43.10089874267578 4.591665124893188 0.0
  vertex 43.10089874267578 4.833330154418945 0.0
 endloop
endfacet
facet normal 0.0 0.0 1.0
 outer loop
  vertex 41.50450134277344 5.638889789581299 0.0
  vertex 41.50450134277344 4.027780055999756 0.0
  vertex 42.54215965270996 4.027780055999756 0.0
 endloop
endfacet
facet normal 0.0 -0.0 1.0
 outer loop
  vertex 41.50450134277344 5.638889789581299 0.0
  vertex 41.50450134277344 6.686107921600342 0.0
  vertex 40.70640182495117 6.686107921600342 0.0
 endloop
endfacet
facet normal 0.0 0.0 1.0
 outer loop
  vertex 42.30270004272461 6.686107921600342 0.0
  vertex 41.50450134277344 6.686107921600342 0.0
  vertex 41.50450134277344 5.638889789581299 0.0
 endloop
endfacet
facet normal 0.0 0.0 0.9999999999999999
 outer loop
  vertex 84.60540008544922 5.638889789581299 0.0
  vertex 84.46573449440459 6.703731739521027 0.0
  vertex 83.00910186767578 6.444439888000488 0.0
 endloop
endfacet
facet normal 0.0 0.0 1.0
 outer loop
  vertex 83.00910186767578 6.444439888000488 0.0
  vertex 82.21089935302734 5.638889789581299 0.0
  vertex 83.80729675292969 4.833330154418945 0.0
 endloop
endfacet
facet normal 0.0 0.0 0.9999999999999999
 outer loop
  vertex 84.60540008544922 5.638889789581299 0.0
  vertex 83.00910186767578 6.444439888000488 0.0
  vertex 83.80729675292969 4.833330154418945 0.0
 endloop
endfacet
facet normal 0.0 0.0 0.9999999999999999
 outer loop
  vertex 83.69253111200447 7.5766292124986645 0.0
  vertex 83.29094882168827 7.997342671453953 0.0
  vertex 83.00910186767578 8.055560111999512 0.0
 endloop
endfacet
facet normal 0.0 0.0 1.0
 outer loop
  vertex 83.00910186767578 6.444439888000488 0.0
  vertex 84.05668926868667 7.178255897760391 0.0
  vertex 83.69253111200447 7.5766292124986645 0.0
 endloop
endfacet
facet normal 0.0 0.0 1.0
 outer loop
  vertex 0.7981659770011902 7.4916680335998524 0.0
  vertex 0.0 7.25 0.0
  vertex 0.0 6.444439888000488 0.0
 endloop
endfacet
facet normal 0.0 0.0 0.9999999999999999
 outer loop
  vertex 0.0 6.444439888000488 0.0
  vertex 0.0 5.638889789581299 0.0
  vertex 1.5963300466537476 5.638889789581299 0.0
 endloop
endfacet
facet normal 0.0 0.0 1.0
 outer loop
  vertex 3.9908199310302734 6.444439888000488 0.0
  vertex 3.990819931030273 7.4916680335998524 0.0
  vertex 3.1926600933074947 7.4916680335998524 0.0
 endloop
endfacet
facet normal 0.0 0.0 0.9999999999999999
 outer loop
  vertex 3.1926600933074947 7.4916680335998524 0.0
  vertex 2.3944900035858154 7.4916680335998524 0.0
  vertex 2.3944900035858154 6.444439888000488 0.0
 endloop
endfacet
facet normal 0.0 0.0 1.0
 outer loop
  vertex 3.9908199310302734 6.444439888000488 0.0
  vertex 3.1926600933074947 7.4916680335998524 0.0
  vertex 2.3944900035858154 6.444439888000488 0.0
 endloop
endfacet
facet normal 0.0 -0.0 1.0
 outer loop
  vertex 5.5871500968933105 6.444439888000488 0.0
  vertex 5.5871500968933105 7.4916680335998524 0.0
  vertex 4.788990020751953 7.4916680335998524 0.0
 endloop
endfacet
facet normal 0.0 0.0 1.0
 outer loop
  vertex 3.9908199310302734 6.444439888000488 0.0
  vertex 5.5871500968933105 6.444439888000488 0.0
  vertex 4.788990020751953 7.4916680335998524 0.0
 endloop
endfacet
facet normal -0.0 0.0 1.0
 outer loop
  vertex 3.990819931030273 7.4916680335998524 0.0
  vertex 3.9908199310302734 6.444439888000488 0.0
  vertex 4.788990020751953 7.4916680335998524 0.0
 endloop
endfacet
facet normal 0.0 -0.0 1.0
 outer loop
  vertex 7.1834797859191895 6.444439888000488 0.0
  vertex 7.1834797859191895 7.4916680335998524 0.0
  vertex 6.385320186614989 7.4916680335998524 0.0
 endloop
endfacet
facet normal 0.0 0.0 1.0
 outer loop
  vertex 6.385320186614989 7.4916680335998524 0.0
  vertex 5.5871500968933105 7.4916680335998524 0.0
  vertex 5.5871500968933105 6.444439888000488 0.0
 endloop
endfacet
facet normal 0.0 0.0 1.0
 outer loop
  vertex 7.1834797859191895 6.444439888000488 0.0
  vertex 6.385320186614989 7.4916680335998524 0.0
  vertex 5.5871500968933105 6.444439888000488 0.0
 endloop
endfacet
facet normal 0.0 -0.0 1.0
 outer loop
  vertex 8.779809951782227 6.444439888000488 0.0
  vertex 8.779809951782227 7.4916680335998524 0.0
  vertex 7.981649875640869 7.4916680335998524 0.0
 endloop
endfacet
facet normal 0.0 0.0 1.0
 outer loop
  vertex 7.981649875640869 7.4916680335998524 0.0
  vertex 7.1834797859191895 7.4916680335998524 0.0
  vertex 7.1834797859191895 6.444439888000488 0.0
 endloop
endfacet
facet normal 0.0 0.0 1.0
 outer loop
  vertex 7.981649875640869 7.4916680335998524 0.0
  vertex 7.1834797859191895 6.444439888000488 0.0
  vertex 8.779809951782227 6.444439888000488 0.0
 endloop
endfacet
facet normal 0.0 -0.0 0.9999999999999999
 outer loop
  vertex 10.376099586486816 6.444439888000488 0.0
  vertex 10.376099586486816 7.4916680335998524 0.0
  vertex 9.577980041503906 7.4916680335998524 0.0
 endloop
endfacet
facet normal 0.0 0.0 1.0
 outer loop
  vertex 9.577980041503906 7.4916680335998524 0.0
  vertex 8.779809951782227 7.4916680335998524 0.0
  vertex 8.779809951782227 6.444439888000488 0.0
 endloop
endfacet
facet normal 0.0 0.0 1.0
 outer loop
  vertex 9.577980041503906 7.4916680335998524 0.0
  vertex 8.779809951782227 6.444439888000488 0.0
  vertex 10.376099586486816 6.444439888000488 0.0
 endloop
endfacet
facet normal 0.0 0.0 1.0
 outer loop
  vertex 11.174300193786621 7.4916680335998524 0.0
  vertex 10.376099586486816 7.4916680335998524 0.0
  vertex 10.376099586486816 6.444439888000488 0.0
 endloop
endfacet
facet normal 0.0 0.0 0.9999999999999999
 outer loop
  vertex 17.00086040496826 7.25 0.0
  vertex 16.97061608508229 8.013708636164665 0.0
  vertex 15.963199615478516 8.055560111999512 0.0
 endloop
endfacet
facet normal 0.0 0.0 1.0
 outer loop
  vertex 15.963199615478516 8.055560111999512 0.0
  vertex 15.16510009765625 8.297224998474121 0.0
  vertex 14.366900444030762 7.25 0.0
 endloop
endfacet
facet normal 0.0 -0.0 1.0
 outer loop
  vertex 16.76140022277832 6.444439888000488 0.0
  vertex 17.00086040496826 7.25 0.0
  vertex 15.963199615478516 8.055560111999512 0.0
 endloop
endfacet
facet normal 0.0 0.0 1.0
 outer loop
  vertex 22.104457325488326 7.198079133406281 0.0
  vertex 21.550399780273438 6.686107921600342 0.0
  vertex 22.348600387573242 5.638889789581299 0.0
 endloop
endfacet
facet normal 0.0 0.0 1.0
 outer loop
  vertex 45.49530029296875 6.444439888000488 0.0
  vertex 46.29349899291992 7.25 0.0
  vertex 45.49530029296875 8.055560111999512 0.0
 endloop
endfacet
facet normal 0.0 0.0 1.0
 outer loop
  vertex 45.49530029296875 8.055560111999512 0.0
  vertex 44.45305701792239 8.003639061003923 0.0
  vertex 43.89899826049805 7.25 0.0
 endloop
endfacet
facet normal 0.0 -0.0 0.9999999999999999
 outer loop
  vertex 45.49530029296875 6.444439888000488 0.0
  vertex 45.49530029296875 8.055560111999512 0.0
  vertex 43.89899826049805 7.25 0.0
 endloop
endfacet
facet normal 0.0 0.0 0.9999999999999999
 outer loop
  vertex 27.93569946289062 7.4916680335998524 0.0
  vertex 27.682248806953424 8.780869771167637 0.0
  vertex 27.13759994506836 8.297224998474121 0.0
 endloop
endfacet
facet normal 0.0 -0.0 1.0
 outer loop
  vertex 27.69626960754394 7.249999999999999 0.0
  vertex 27.93569946289062 7.4916680335998524 0.0
  vertex 27.13759994506836 8.297224998474121 0.0
 endloop
endfacet
facet normal 0.0 0.0 1.0
 outer loop
  vertex 27.13759994506836 8.297224998474121 0.0
  vertex 26.479092359542847 8.236808776855469 0.0
  vertex 26.339399337768555 7.25 0.0
 endloop
endfacet
facet normal 0.0 0.0 1.0
 outer loop
  vertex 27.13759994506836 8.297224998474121 0.0
  vertex 26.339399337768555 7.25 0.0
  vertex 27.69626960754394 7.249999999999999 0.0
 endloop
endfacet
facet normal 0.0 0.0 1.0
 outer loop
  vertex 14.366900444030762 7.25 0.0
  vertex 15.16510009765625 8.297224998474121 0.0
  vertex 14.606360340118407 8.861109733581543 0.0
 endloop
endfacet
facet normal 0.0 0.0 1.0
 outer loop
  vertex 31.128400802612305 8.619444847106934 0.0
  vertex 31.692730009971207 8.740277290344238 0.0
  vertex 31.128400802612305 9.666669845581055 0.0
 endloop
endfacet
facet normal 0.0 -0.0 1.0
 outer loop
  vertex 31.128400802612305 8.619444847106934 0.0
  vertex 31.128400802612305 9.666669845581055 0.0
  vertex 30.01953805662243 9.545615914443363 0.0
 endloop
endfacet
facet normal 0.0 0.0 1.0
 outer loop
  vertex 31.128400802612305 8.619444847106934 0.0
  vertex 30.01953805662243 9.545615914443363 0.0
  vertex 30.57433733418584 8.107480118051171 0.0
 endloop
endfacet
facet normal 0.0 0.0 1.0
 outer loop
  vertex 47.889801025390625 9.294054158637827 0.0
  vertex 47.09170150756836 9.102777767181395 0.0
  vertex 47.09170150756836 8.055560111999512 0.0
 endloop
endfacet
facet normal -0.0 0.0 1.0
 outer loop
  vertex 50.2843017578125 8.055560111999512 0.0
  vertex 50.80313091278076 7.934726095199585 0.0
  vertex 51.32663701325655 8.107480118051171 0.0
 endloop
endfacet
facet normal 0.0 0.0 1.0
 outer loop
  vertex 79.01830291748047 9.666669845581055 0.0
  vertex 78.7141825521389 8.861109733581543 0.0
  vertex 78.86624273480967 8.3375009059906 0.0
 endloop
endfacet
facet normal -0.0 0.0 1.0
 outer loop
  vertex 51.880699157714844 8.861109733581543 0.0
  vertex 52.39947929382324 8.740277290344238 0.0
  vertex 52.92294243276119 8.913030784577131 0.0
 endloop
endfacet
facet normal 0.0 0.0 1.0
 outer loop
  vertex 54.5295994812365 9.720498622863582 0.0
  vertex 55.073299407958984 10.218134080641203 0.0
  vertex 55.073299407958984 10.472200393676758 0.0
 endloop
endfacet
facet normal -0.0 0.0 1.0
 outer loop
  vertex 53.47700119018555 9.666669845581055 0.0
  vertex 54.00196181408049 9.545835828781128 0.0
  vertex 54.5295994812365 9.720498622863582 0.0
 endloop
endfacet
facet normal 0.0 0.0 1.0
 outer loop
  vertex 53.47700119018555 11.277700424194336 0.0
  vertex 53.47700119018555 9.666669845581055 0.0
  vertex 54.5295994812365 9.720498622863582 0.0
 endloop
endfacet
facet normal 0.0 0.0 1.0
 outer loop
  vertex 78.22010040283203 12.08329963684082 0.0
  vertex 76.6238021850586 12.08329963684082 0.0
  vertex 76.7429887270961 10.883509341415124 0.0
 endloop
endfacet
facet normal 0.0 0.0 1.0
 outer loop
  vertex 78.22010040283203 12.08329963684082 0.0
  vertex 76.7429887270961 10.883509341415124 0.0
  vertex 78.22010040283203 10.472200393676758 0.0
 endloop
endfacet
facet normal 0.0 0.0 1.0
 outer loop
  vertex 10.787590128693012 12.08329963684082 0.0
  vertex 11.83274998664856 12.345062351226806 0.0
  vertex 11.423697447776796 12.818331050872803 0.0
 endloop
endfacet
facet normal -0.0 0.0 1.0
 outer loop
  vertex 10.462125405600052 12.48604965209961 0.0
  vertex 10.787590128693012 12.08329963684082 0.0
  vertex 11.423697447776796 12.818331050872803 0.0
 endloop
endfacet
facet normal 0.0 0.0 1.0
 outer loop
  vertex 10.462125405600052 12.48604965209961 0.0
  vertex 11.423697447776796 12.818331050872803 0.0
  vertex 11.019628608226776 13.256365442276001 0.0
 endloop
endfacet
facet normal 0.0 -0.0 1.0
 outer loop
  vertex 12.770600318908691 10.472200393676758 0.0
  vertex 12.850501097581702 10.874942794442177 0.0
  vertex 12.53114013671875 11.277700424194336 0.0
 endloop
endfacet
facet normal 0.0 0.0 1.0
 outer loop
  vertex 11.732969856262207 10.472200393676758 0.0
  vertex 12.770600318908691 10.472200393676758 0.0
  vertex 12.53114013671875 11.277700424194336 0.0
 endloop
endfacet
facet normal 0.0 0.0 1.0
 outer loop
  vertex 12.199401277303696 11.808867299556733 0.0
  vertex 11.83274998664856 12.345062351226806 0.0
  vertex 10.980945161239816 11.559675025939942 0.0
 endloop
endfacet
facet normal 0.0 0.0 1.0
 outer loop
  vertex 12.199401277303696 11.808867299556733 0.0
  vertex 10.980945161239816 11.559675025939942 0.0
  vertex 11.277044933454093 11.024737018346787 0.0
 endloop
endfacet
facet normal -0.0 0.0 1.0
 outer loop
  vertex 11.277044933454093 11.024737018346787 0.0
  vertex 11.732969856262207 10.472200393676758 0.0
  vertex 12.53114013671875 11.277700424194336 0.0
 endloop
endfacet
facet normal 0.0 0.0 1.0
 outer loop
  vertex 11.277044933454093 11.024737018346787 0.0
  vertex 12.53114013671875 11.277700424194336 0.0
  vertex 12.199401277303696 11.808867299556733 0.0
 endloop
endfacet
facet normal -0.0 0.0 1.0
 outer loop
  vertex 32.724700927734375 9.666669845581055 0.0
  vertex 33.27343153953552 9.518579901547001 0.0
  vertex 33.819043800234795 9.705266372941376 0.0
 endloop
endfacet
facet normal 0.0 0.0 1.0
 outer loop
  vertex 32.724700927734375 10.71385040283203 0.0
  vertex 32.724700927734375 9.666669845581055 0.0
  vertex 33.819043800234795 9.705266372941376 0.0
 endloop
endfacet
facet normal 0.0 0.0 1.0
 outer loop
  vertex 33.283440017700194 11.277700424194336 0.0
  vertex 32.724700927734375 10.71385040283203 0.0
  vertex 33.819043800234795 9.705266372941376 0.0
 endloop
endfacet
facet normal 0.0 0.0 1.0
 outer loop
  vertex 55.871498107910156 12.08329963684082 0.0
  vertex 56.669700622558594 11.277700424194336 0.0
  vertex 57.1884801864624 11.1568754196167 0.0
 endloop
endfacet
facet normal 0.0 0.0 1.0
 outer loop
  vertex 57.1884801864624 11.1568754196167 0.0
  vertex 58.26599884033203 11.841619873046875 0.0
  vertex 57.46780014038086 12.888799667358398 0.0
 endloop
endfacet
facet normal -0.0 0.0 1.0
 outer loop
  vertex 55.871498107910156 12.08329963684082 0.0
  vertex 57.1884801864624 11.1568754196167 0.0
  vertex 57.46780014038086 12.888799667358398 0.0
 endloop
endfacet
facet normal 0.0 0.0 1.0
 outer loop
  vertex 78.8789662645379 13.14812412559986 0.0
  vertex 78.54953333368496 13.54210200458765 0.0
  vertex 78.22010040283203 13.6943998336792 0.0
 endloop
endfacet
facet normal 0.0 0.0 1.0
 outer loop
  vertex 78.22010040283203 12.08329963684082 0.0
  vertex 79.24985235877098 12.607992452569306 0.0
  vertex 78.8789662645379 13.14812412559986 0.0
 endloop
endfacet
facet normal 0.0 -0.0 1.0
 outer loop
  vertex 37.692670756578444 10.547671782217392 0.0
  vertex 37.75315933227539 11.277700424194336 0.0
  vertex 37.26925072669982 10.270471471484258 0.0
 endloop
endfacet
facet normal 0.0 0.0 0.9999999999999999
 outer loop
  vertex 37.6964512925595 12.81509474451359 0.0
  vertex 37.26925072669982 13.065351022933617 0.0
  vertex 36.71549987792969 13.171200939675517 0.0
 endloop
endfacet
facet normal 0.0 0.0 1.0
 outer loop
  vertex 36.71549987792969 13.171200939675517 0.0
  vertex 35.91740036010742 13.416357880389754 0.0
  vertex 35.91740036010742 12.08329963684082 0.0
 endloop
endfacet
facet normal 0.0 0.0 1.0
 outer loop
  vertex 37.75315933227539 12.08329963684082 0.0
  vertex 37.6964512925595 12.81509474451359 0.0
  vertex 36.71549987792969 13.171200939675517 0.0
 endloop
endfacet
facet normal 0.0 0.0 0.9999999999999999
 outer loop
  vertex 37.75315933227539 12.08329963684082 0.0
  vertex 36.71549987792969 13.171200939675517 0.0
  vertex 35.91740036010742 12.08329963684082 0.0
 endloop
endfacet
facet normal 0.0 0.0 0.9999999999999999
 outer loop
  vertex 34.85313694359502 13.945695381637886 0.0
  vertex 34.32099914550781 14.210364352346595 0.0
  vertex 33.52289962768555 13.6943998336792 0.0
 endloop
endfacet
facet normal 0.0 0.0 1.0
 outer loop
  vertex 35.11920166015625 12.888799667358398 0.0
  vertex 34.85313694359502 13.945695381637886 0.0
  vertex 33.52289962768555 13.6943998336792 0.0
 endloop
endfacet
facet normal 0.0 0.0 1.0
 outer loop
  vertex 33.52289962768555 13.6943998336792 0.0
  vertex 33.283440017700194 12.888799667358398 0.0
  vertex 34.32099914550781 12.08329963684082 0.0
 endloop
endfacet
facet normal 0.0 0.0 1.0
 outer loop
  vertex 35.11920166015625 12.888799667358398 0.0
  vertex 33.52289962768555 13.6943998336792 0.0
  vertex 34.32099914550781 12.08329963684082 0.0
 endloop
endfacet
facet normal 0.0 0.0 1.0
 outer loop
  vertex 57.46780014038086 12.888799667358398 0.0
  vertex 58.26599884033203 11.841619873046875 0.0
  vertex 58.50545959472656 12.08329963684082 0.0
 endloop
endfacet
facet normal 0.0 -0.0 1.0
 outer loop
  vertex 58.95441535711288 12.536415308713913 0.0
  vertex 59.403371119499205 12.989530980587006 0.0
  vertex 58.26599884033203 13.6943998336792 0.0
 endloop
endfacet
facet normal 0.0 0.0 0.9999999999999999
 outer loop
  vertex 58.95441535711288 12.536415308713913 0.0
  vertex 58.26599884033203 13.6943998336792 0.0
  vertex 57.46780014038086 12.888799667358398 0.0
 endloop
endfacet
facet normal 0.0 0.0 1.0
 outer loop
  vertex 58.95441535711288 12.536415308713913 0.0
  vertex 57.46780014038086 12.888799667358398 0.0
  vertex 58.50545959472656 12.08329963684082 0.0
 endloop
endfacet
facet normal 0.0 -0.0 1.0
 outer loop
  vertex 59.862300872802734 14.5 0.0
  vertex 59.862300872802734 15.305500030517578 0.0
  vertex 58.82474060058593 15.305500030517578 0.0
 endloop
endfacet
facet normal 0.0 0.0 1.0
 outer loop
  vertex 59.862300872802734 14.5 0.0
  vertex 58.82474060058593 15.305500030517578 0.0
  vertex 58.36577534675598 14.842315608263014 0.0
 endloop
endfacet
facet normal 0.0 0.0 1.0
 outer loop
  vertex 59.403371119499205 12.989530980587006 0.0
  vertex 59.862300872802734 13.452719783782959 0.0
  vertex 59.862300872802734 14.5 0.0
 endloop
endfacet
facet normal 0.0 0.0 1.0
 outer loop
  vertex 59.862300872802734 14.5 0.0
  vertex 58.36577534675598 14.842315608263014 0.0
  vertex 58.26599884033203 13.6943998336792 0.0
 endloop
endfacet
facet normal 0.0 0.0 1.0
 outer loop
  vertex 59.862300872802734 14.5 0.0
  vertex 58.26599884033203 13.6943998336792 0.0
  vertex 59.403371119499205 12.989530980587006 0.0
 endloop
endfacet
facet normal 0.0 0.0 1.0
 outer loop
  vertex 75.73404323656038 16.444679314282258 0.0
  vertex 75.30094343224503 16.882039573980727 0.0
  vertex 75.02749633789063 16.91659927368164 0.0
 endloop
endfacet
facet normal 0.0 0.0 1.0
 outer loop
  vertex 7.7197452969012375 16.111099243164063 0.0
  vertex 8.66851291146776 16.437062793970107 0.0
  vertex 8.221097898483276 16.91659927368164 0.0
 endloop
endfacet
facet normal -0.0 0.0 1.0
 outer loop
  vertex 7.3182834982874985 16.53274045586586 0.0
  vertex 7.7197452969012375 16.111099243164063 0.0
  vertex 8.221097898483276 16.91659927368164 0.0
 endloop
endfacet
facet normal 0.0 0.0 1.0
 outer loop
  vertex 7.3182834982874985 16.53274045586586 0.0
  vertex 8.221097898483276 16.91659927368164 0.0
  vertex 7.849449553529226 17.3193998336792 0.0
 endloop
endfacet
facet normal 0.0 0.0 1.0
 outer loop
  vertex 59.972085118293755 16.463483810424805 0.0
  vertex 59.523130273818964 16.01036834716797 0.0
  vertex 59.862300872802734 15.305500030517578 0.0
 endloop
endfacet
facet normal 0.0 0.0 1.0
 outer loop
  vertex 72.63300323486328 15.063850021362306 0.0
  vertex 73.19167022705078 14.499999999999998 0.0
  vertex 74.22930145263672 14.5 0.0
 endloop
endfacet
facet normal -0.0 0.0 1.0
 outer loop
  vertex 30.08169789686799 15.393743390437123 0.0
  vertex 30.60957040786743 15.131068515103031 0.0
  vertex 31.128400802612305 16.111099243164063 0.0
 endloop
endfacet
facet normal 0.0 0.0 1.0
 outer loop
  vertex 74.08872557496403 18.124975156039 0.0
  vertex 73.70869123171515 18.52774991840124 0.0
  vertex 73.43109893798828 18.527700424194336 0.0
 endloop
endfacet
facet normal 0.0 0.0 0.9999999999999999
 outer loop
  vertex 74.4687599182129 17.722200393676758 0.0
  vertex 74.08872557496403 18.124975156039 0.0
  vertex 73.43109893798828 18.527700424194336 0.0
 endloop
endfacet
facet normal 0.0 0.0 1.0
 outer loop
  vertex 74.4687599182129 17.722200393676758 0.0
  vertex 73.43109893798828 18.527700424194336 0.0
  vertex 73.43109893798828 16.91659927368164 0.0
 endloop
endfacet
facet normal 0.0 0.0 1.0
 outer loop
  vertex 23.146699905395508 18.527700424194336 0.0
  vertex 23.391162109375003 17.58625520467758 0.0
  vertex 24.067130661010744 17.533387631177902 0.0
 endloop
endfacet
facet normal 0.0 0.0 1.0
 outer loop
  vertex 27.13759994506836 16.91659927368164 0.0
  vertex 27.3820046544075 15.975154376029968 0.0
  vertex 28.057952362298963 15.922286927700043 0.0
 endloop
endfacet
facet normal -0.0 0.0 1.0
 outer loop
  vertex 27.13759994506836 16.91659927368164 0.0
  vertex 28.057952362298963 15.922286927700043 0.0
  vertex 28.73390007019043 16.91659927368164 0.0
 endloop
endfacet
facet normal 0.0 0.0 1.0
 outer loop
  vertex 63.05500030517578 17.722200393676758 0.0
  vertex 62.536185455322254 18.723869601844065 0.0
  vertex 62.00616068840026 18.424290186900173 0.0
 endloop
endfacet
facet normal 0.0 0.0 0.9999999999999999
 outer loop
  vertex 62.00616068840026 18.424290186900173 0.0
  vertex 61.45869827270508 17.96385040283203 0.0
  vertex 61.45869827270508 16.91659927368164 0.0
 endloop
endfacet
facet normal -0.0 0.0 1.0
 outer loop
  vertex 61.45869827270508 16.91659927368164 0.0
  vertex 62.9551944732666 16.574283874034883 0.0
  vertex 63.05500030517578 17.722200393676758 0.0
 endloop
endfacet
facet normal 0.0 0.0 1.0
 outer loop
  vertex 62.00616068840026 18.424290186900173 0.0
  vertex 61.45869827270508 16.91659927368164 0.0
  vertex 63.05500030517578 17.722200393676758 0.0
 endloop
endfacet
facet normal 0.0 0.0 1.0
 outer loop
  vertex 70.2385025024414 18.527700424194336 0.0
  vertex 70.2385025024414 17.480520057678223 0.0
  vertex 70.69743089675903 17.01733100414276 0.0
 endloop
endfacet
facet normal 0.0 0.0 1.0
 outer loop
  vertex 65.01049032211304 18.64856882095337 0.0
  vertex 65.44950103759766 19.091619873046874 0.0
  vertex 65.44950103759766 19.33329963684082 0.0
 endloop
endfacet
facet normal 0.0 0.0 0.9999999999999999
 outer loop
  vertex 63.85309982299804 19.65253819637995 0.0
  vertex 65.01049032211304 18.64856882095337 0.0
  vertex 65.44950103759766 19.33329963684082 0.0
 endloop
endfacet
facet normal 0.0 0.0 1.0
 outer loop
  vertex 64.16735271651882 20.1387996673584 0.0
  vertex 63.85309982299804 19.65253819637995 0.0
  vertex 65.44950103759766 19.33329963684082 0.0
 endloop
endfacet
facet normal 0.0 0.0 1.0
 outer loop
  vertex 5.5871500968933105 20.380480003356933 0.0
  vertex 5.0284380435943605 20.944400787353516 0.0
  vertex 4.54953899383545 20.1387996673584 0.0
 endloop
endfacet
facet normal 0.0 0.0 1.0
 outer loop
  vertex 5.5871500968933105 20.380480003356933 0.0
  vertex 4.54953899383545 20.1387996673584 0.0
  vertex 4.802595673694373 19.73604965209961 0.0
 endloop
endfacet
facet normal 0.0 0.0 1.0
 outer loop
  vertex 5.826601123809814 20.1387996673584 0.0
  vertex 5.5871500968933105 20.380480003356933 0.0
  vertex 4.802595673694373 19.73604965209961 0.0
 endloop
endfacet
facet normal 0.0 0.0 1.0
 outer loop
  vertex 5.826601123809814 20.1387996673584 0.0
  vertex 4.802595673694373 19.73604965209961 0.0
  vertex 5.055652353553296 19.33329963684082 0.0
 endloop
endfacet
facet normal 0.0 0.0 1.0
 outer loop
  vertex 5.826601123809814 20.1387996673584 0.0
  vertex 5.055652353553296 19.33329963684082 0.0
  vertex 6.385320186614989 19.574949645996092 0.0
 endloop
endfacet
facet normal 0.0 0.0 1.0
 outer loop
  vertex 16.76140022277832 20.944400787353516 0.0
  vertex 16.928358099237087 20.03625723126722 0.0
  vertex 17.61941533088684 19.941782482634267 0.0
 endloop
endfacet
facet normal 0.0 0.0 1.0
 outer loop
  vertex 13.56879997253418 21.75 0.0
  vertex 13.764421854542277 20.80845559835434 0.0
  vertex 14.366900444030762 20.70272045135498 0.0
 endloop
endfacet
facet normal 0.0 0.0 0.9999999999999999
 outer loop
  vertex 21.550399780273438 20.1387996673584 0.0
  vertex 21.388890226892066 21.055148202578923 0.0
  vertex 20.68665568598398 21.168327195724743 0.0
 endloop
endfacet
facet normal 0.0 0.0 0.9999999999999999
 outer loop
  vertex 20.752199172973633 18.777098845651278 0.0
  vertex 21.550399780273438 19.33329963684082 0.0
  vertex 21.550399780273438 20.1387996673584 0.0
 endloop
endfacet
facet normal 0.0 0.0 1.0
 outer loop
  vertex 18.35770034790039 19.865590302487767 0.0
  vertex 18.87930767761704 19.432386086469034 0.0
  vertex 19.38712061285897 19.197354769706727 0.0
 endloop
endfacet
facet normal 0.0 -0.0 1.0
 outer loop
  vertex 67.0457992553711 20.944400787353516 0.0
  vertex 67.0457992553711 21.75 0.0
  vertex 65.44950103759766 21.75 0.0
 endloop
endfacet
facet normal 0.0 0.0 0.9999999999999999
 outer loop
  vertex 3.192660093307495 22.555500030517578 0.0
  vertex 3.192660093307495 21.508320236206053 0.0
  vertex 3.7513719797134395 20.944400787353516 0.0
 endloop
endfacet
facet normal -0.0 0.0 1.0
 outer loop
  vertex 3.9908199310302734 20.70272045135498 0.0
  vertex 4.54953899383545 20.1387996673584 0.0
  vertex 5.0284380435943605 20.944400787353516 0.0
 endloop
endfacet
facet normal 0.0 -0.0 1.0
 outer loop
  vertex 5.0284380435943605 20.944400787353516 0.0
  vertex 5.0284380435943605 21.75 0.0
  vertex 3.7513719797134395 20.944400787353516 0.0
 endloop
endfacet
facet normal 0.0 -0.0 1.0
 outer loop
  vertex 3.9908199310302734 20.70272045135498 0.0
  vertex 5.0284380435943605 20.944400787353516 0.0
  vertex 3.7513719797134395 20.944400787353516 0.0
 endloop
endfacet
facet normal 0.0 0.0 1.0
 outer loop
  vertex 69.44029998779297 21.75 0.0
  vertex 70.50195590105514 22.517129224538802 0.0
  vertex 70.09085832162131 22.939114233851434 0.0
 endloop
endfacet
facet normal 0.0 0.0 1.0
 outer loop
  vertex 70.09085832162131 22.939114233851434 0.0
  vertex 69.6797607421875 23.361099243164063 0.0
  vertex 68.64209747314453 23.361099243164063 0.0
 endloop
endfacet
facet normal 0.0 0.0 1.0
 outer loop
  vertex 70.09085832162131 22.939114233851434 0.0
  vertex 68.64209747314453 23.361099243164063 0.0
  vertex 69.44029998779297 21.75 0.0
 endloop
endfacet
facet normal 0.0 -0.0 1.0
 outer loop
  vertex 71.0365982055664 20.944400787353516 0.0
  vertex 71.37220043527527 21.59641759395599 0.0
  vertex 70.92506582432708 22.075958812236784 0.0
 endloop
endfacet
facet normal 0.0 0.0 1.0
 outer loop
  vertex 70.92506582432708 22.075958812236784 0.0
  vertex 70.50195590105514 22.517129224538802 0.0
  vertex 69.44029998779297 21.75 0.0
 endloop
endfacet
facet normal 0.0 0.0 0.9999999999999999
 outer loop
  vertex 71.0365982055664 20.944400787353516 0.0
  vertex 70.92506582432708 22.075958812236784 0.0
  vertex 69.44029998779297 21.75 0.0
 endloop
endfacet
facet normal 0.0 0.0 0.9999999999999999
 outer loop
  vertex 7.1834797859191895 23.361099243164063 0.0
  vertex 7.1834797859191895 22.313850021362306 0.0
  vertex 7.981649875640869 22.313850021362306 0.0
 endloop
endfacet
facet normal 0.0 -0.0 1.0
 outer loop
  vertex 44.138459014892575 22.555500030517578 0.0
  vertex 44.138459014892575 23.361099243164063 0.0
  vertex 43.59854678598765 23.361099243164063 0.0
 endloop
endfacet
facet normal 0.0 0.0 1.0
 outer loop
  vertex 44.138459014892575 22.555500030517578 0.0
  vertex 43.59854678598765 23.361099243164063 0.0
  vertex 43.10089874267578 22.858774830087068 0.0
 endloop
endfacet
facet normal 0.0 -0.0 1.0
 outer loop
  vertex 44.432794260978696 21.325435192637055 0.0
  vertex 44.697200775146484 21.991650009155272 0.0
  vertex 44.138459014892575 22.555500030517578 0.0
 endloop
endfacet
facet normal 0.0 0.0 1.0
 outer loop
  vertex 67.0457992553711 20.944400787353516 0.0
  vertex 67.84400177001953 19.897149658203126 0.0
  vertex 68.64209747314453 20.1387996673584 0.0
 endloop
endfacet
facet normal 0.0 -0.0 1.0
 outer loop
  vertex 18.35770034790039 21.75 0.0
  vertex 18.35770034790039 22.313850021362306 0.0
  vertex 18.11827049255371 22.555500030517578 0.0
 endloop
endfacet
facet normal 0.0 -0.0 0.9999999999999999
 outer loop
  vertex 18.11827049255371 22.555500030517578 0.0
  vertex 18.11827049255371 23.36109924316406 0.0
  vertex 16.76140022277832 23.361099243164063 0.0
 endloop
endfacet
facet normal 0.0 0.0 1.0
 outer loop
  vertex 26.339399337768555 24.16659927368164 0.0
  vertex 26.62704896434443 23.244924120587527 0.0
  vertex 27.259773993492125 23.17228692770004 0.0
 endloop
endfacet
facet normal -0.0 0.0 0.9999999999999999
 outer loop
  vertex 26.339399337768555 24.16659927368164 0.0
  vertex 27.259773993492125 23.17228692770004 0.0
  vertex 27.935699462890625 24.16659927368164 0.0
 endloop
endfacet
facet normal 0.0 0.0 1.0
 outer loop
  vertex 27.935699462890625 24.16659927368164 0.0
  vertex 27.996837031841277 23.145853203535076 0.0
  vertex 28.764418309926988 23.132636341452596 0.0
 endloop
endfacet
facet normal -0.0 0.0 1.0
 outer loop
  vertex 27.935699462890625 24.16659927368164 0.0
  vertex 28.764418309926988 23.132636341452596 0.0
  vertex 29.531999588012695 24.16659927368164 0.0
 endloop
endfacet
facet normal 0.0 0.0 1.0
 outer loop
  vertex 27.935699462890625 24.972200393676758 0.0
  vertex 27.935699462890625 24.16659927368164 0.0
  vertex 29.531999588012695 24.16659927368164 0.0
 endloop
endfacet
facet normal -0.0 0.0 1.0
 outer loop
  vertex 27.935699462890625 24.972200393676758 0.0
  vertex 29.531999588012695 24.16659927368164 0.0
  vertex 29.531999588012695 24.972200393676758 0.0
 endloop
endfacet
facet normal 0.0 0.0 1.0
 outer loop
  vertex 29.531999588012695 24.16659927368164 0.0
  vertex 29.547309252619744 23.126027910411356 0.0
  vertex 30.337855027616023 23.122723694890738 0.0
 endloop
endfacet
facet normal -0.0 0.0 1.0
 outer loop
  vertex 29.531999588012695 24.16659927368164 0.0
  vertex 30.337855027616023 23.122723694890738 0.0
  vertex 31.128400802612305 24.16659927368164 0.0
 endloop
endfacet
facet normal 0.0 0.0 0.9999999999999999
 outer loop
  vertex 29.531999588012695 24.972200393676758 0.0
  vertex 29.531999588012695 24.16659927368164 0.0
  vertex 31.128400802612305 24.16659927368164 0.0
 endloop
endfacet
facet normal -0.0 0.0 0.9999999999999999
 outer loop
  vertex 29.531999588012695 24.972200393676758 0.0
  vertex 31.128400802612305 24.16659927368164 0.0
  vertex 31.128400802612305 24.972200393676758 0.0
 endloop
endfacet
facet normal 0.0 0.0 0.9999999999999999
 outer loop
  vertex 31.128400802612305 24.16659927368164 0.0
  vertex 31.132177674025296 23.121071587130427 0.0
  vertex 31.928439300879838 23.12024553325027 0.0
 endloop
endfacet
facet normal -0.0 0.0 1.0
 outer loop
  vertex 31.128400802612305 24.16659927368164 0.0
  vertex 31.928439300879838 23.12024553325027 0.0
  vertex 32.724700927734375 24.16659927368164 0.0
 endloop
endfacet
facet normal 0.0 0.0 1.0
 outer loop
  vertex 31.128400802612305 24.972200393676758 0.0
  vertex 31.128400802612305 24.16659927368164 0.0
  vertex 32.724700927734375 24.16659927368164 0.0
 endloop
endfacet
facet normal -0.0 0.0 1.0
 outer loop
  vertex 31.128400802612305 24.972200393676758 0.0
  vertex 32.724700927734375 24.16659927368164 0.0
  vertex 32.724700927734375 24.972200393676758 0.0
 endloop
endfacet
facet normal 0.0 0.0 1.0
 outer loop
  vertex 32.724700927734375 24.16659927368164 0.0
  vertex 32.72562492447905 23.120053770742377 0.0
  vertex 33.52281054807827 23.119862008234485 0.0
 endloop
endfacet
facet normal 0.0 0.0 0.9999999999999999
 outer loop
  vertex 33.52281054807827 23.119862008234485 0.0
  vertex 34.31995163187385 23.119891510158777 0.0
  vertex 34.32099914550781 24.16659927368164 0.0
 endloop
endfacet
facet normal -0.0 0.0 1.0
 outer loop
  vertex 32.724700927734375 24.16659927368164 0.0
  vertex 33.52281054807827 23.119862008234485 0.0
  vertex 34.32099914550781 24.16659927368164 0.0
 endloop
endfacet
facet normal 0.0 0.0 1.0
 outer loop
  vertex 32.724700927734375 24.972200393676758 0.0
  vertex 32.724700927734375 24.16659927368164 0.0
  vertex 34.32099914550781 24.16659927368164 0.0
 endloop
endfacet
facet normal -0.0 0.0 1.0
 outer loop
  vertex 32.724700927734375 24.972200393676758 0.0
  vertex 34.32099914550781 24.16659927368164 0.0
  vertex 34.32099914550781 24.972200393676758 0.0
 endloop
endfacet
facet normal 0.0 0.0 1.0
 outer loop
  vertex 35.117003636062144 23.120363540947437 0.0
  vertex 35.913008126616475 23.121307602524755 0.0
  vertex 35.91740036010742 24.16659927368164 0.0
 endloop
endfacet
facet normal -0.0 0.0 0.9999999999999999
 outer loop
  vertex 34.32099914550781 24.16659927368164 0.0
  vertex 35.117003636062144 23.120363540947437 0.0
  vertex 35.91740036010742 24.16659927368164 0.0
 endloop
endfacet
facet normal 0.0 0.0 0.9999999999999999
 outer loop
  vertex 34.32099914550781 24.972200393676758 0.0
  vertex 34.32099914550781 24.16659927368164 0.0
  vertex 35.91740036010742 24.16659927368164 0.0
 endloop
endfacet
facet normal -0.0 0.0 0.9999999999999999
 outer loop
  vertex 34.32099914550781 24.972200393676758 0.0
  vertex 35.91740036010742 24.16659927368164 0.0
  vertex 35.91740036010742 24.972200393676758 0.0
 endloop
endfacet
facet normal 0.0 0.0 1.0
 outer loop
  vertex 36.70681459307671 23.123195725679395 0.0
  vertex 37.49622882604599 23.126971971988677 0.0
  vertex 37.51369857788086 24.16659927368164 0.0
 endloop
endfacet
facet normal -0.0 0.0 0.9999999999999999
 outer loop
  vertex 35.91740036010742 24.16659927368164 0.0
  vertex 36.70681459307671 23.123195725679395 0.0
  vertex 37.51369857788086 24.16659927368164 0.0
 endloop
endfacet
facet normal 0.0 0.0 1.0
 outer loop
  vertex 35.91740036010742 24.972200393676758 0.0
  vertex 35.91740036010742 24.16659927368164 0.0
  vertex 37.51369857788086 24.16659927368164 0.0
 endloop
endfacet
facet normal -0.0 0.0 1.0
 outer loop
  vertex 35.91740036010742 24.972200393676758 0.0
  vertex 37.51369857788086 24.16659927368164 0.0
  vertex 37.51369857788086 24.972200393676758 0.0
 endloop
endfacet
facet normal 0.0 0.0 1.0
 outer loop
  vertex 38.27695777416229 23.13452446460724 0.0
  vertex 39.04021697044372 23.149629449844358 0.0
  vertex 39.11000061035156 24.16659927368164 0.0
 endloop
endfacet
facet normal -0.0 0.0 1.0
 outer loop
  vertex 37.51369857788086 24.16659927368164 0.0
  vertex 38.27695777416229 23.13452446460724 0.0
  vertex 39.11000061035156 24.16659927368164 0.0
 endloop
endfacet
facet normal 0.0 0.0 1.0
 outer loop
  vertex 37.51369857788086 24.972200393676758 0.0
  vertex 37.51369857788086 24.16659927368164 0.0
  vertex 39.11000061035156 24.16659927368164 0.0
 endloop
endfacet
facet normal -0.0 0.0 1.0
 outer loop
  vertex 37.51369857788086 24.972200393676758 0.0
  vertex 39.11000061035156 24.16659927368164 0.0
  vertex 39.11000061035156 24.972200393676758 0.0
 endloop
endfacet
facet normal 0.0 0.0 1.0
 outer loop
  vertex 55.073299407958984 24.16659927368164 0.0
  vertex 55.13443616628647 23.145853203535076 0.0
  vertex 55.90206839442253 23.132636341452596 0.0
 endloop
endfacet
facet normal -0.0 0.0 1.0
 outer loop
  vertex 55.073299407958984 24.16659927368164 0.0
  vertex 55.90206839442253 23.132636341452596 0.0
  vertex 56.669700622558594 24.16659927368164 0.0
 endloop
endfacet
facet normal 0.0 0.0 0.9999999999999999
 outer loop
  vertex 55.073299407958984 24.972200393676758 0.0
  vertex 55.073299407958984 24.16659927368164 0.0
  vertex 56.669700622558594 24.16659927368164 0.0
 endloop
endfacet
facet normal 0.0 -0.0 0.9999999999999999
 outer loop
  vertex 3.9908199310302734 24.972200393676758 0.0
  vertex 3.9908199310302734 25.777700424194336 0.0
  vertex 2.3944900035858154 25.777700424194336 0.0
 endloop
endfacet
facet normal 0.0 0.0 1.0
 outer loop
  vertex 2.3944900035858154 24.16659927368164 0.0
  vertex 3.9908199310302734 24.972200393676758 0.0
  vertex 2.3944900035858154 25.777700424194336 0.0
 endloop
endfacet
facet normal 0.0 0.0 1.0
 outer loop
  vertex 11.972399711608887 22.555500030517578 0.0
  vertex 11.972399711608887 21.508320236206053 0.0
  vertex 12.770600318908691 21.395781706510363 0.0
 endloop
endfacet
facet normal 0.0 0.0 1.0
 outer loop
  vertex 11.972399711608887 22.555500030517578 0.0
  vertex 12.770600318908691 21.395781706510363 0.0
  vertex 13.56879997253418 21.75 0.0
 endloop
endfacet
facet normal 0.0 0.0 0.9999999999999999
 outer loop
  vertex 12.770600318908691 23.361099243164063 0.0
  vertex 11.972399711608887 22.555500030517578 0.0
  vertex 13.56879997253418 21.75 0.0
 endloop
endfacet
facet normal 0.0 0.0 0.9999999999999999
 outer loop
  vertex 19.155899047851563 23.92494926452637 0.0
  vertex 19.954099655151367 23.92494926452637 0.0
  vertex 19.954099655151367 24.972200393676758 0.0
 endloop
endfacet
facet normal 0.0 0.0 1.0
 outer loop
  vertex 19.954099655151367 24.972200393676758 0.0
  vertex 19.155899047851563 25.777700424194336 0.0
  vertex 18.35770034790039 24.972200393676758 0.0
 endloop
endfacet
facet normal 0.0 0.0 1.0
 outer loop
  vertex 19.954099655151367 24.972200393676758 0.0
  vertex 18.35770034790039 24.972200393676758 0.0
  vertex 19.155899047851563 23.92494926452637 0.0
 endloop
endfacet
facet normal 0.0 0.0 1.0
 outer loop
  vertex 19.954099655151367 24.972200393676758 0.0
  vertex 19.954099655151367 23.92494926452637 0.0
  vertex 20.752199172973633 23.92494926452637 0.0
 endloop
endfacet
facet normal 0.0 0.0 0.9999999999999999
 outer loop
  vertex 20.752199172973633 23.92494926452637 0.0
  vertex 21.550399780273438 23.92494926452637 0.0
  vertex 21.550399780273438 24.972200393676758 0.0
 endloop
endfacet
facet normal 0.0 0.0 1.0
 outer loop
  vertex 21.550399780273438 24.972200393676758 0.0
  vertex 20.752199172973633 25.777700424194336 0.0
  vertex 19.954099655151367 24.972200393676758 0.0
 endloop
endfacet
facet normal 0.0 0.0 1.0
 outer loop
  vertex 21.550399780273438 24.972200393676758 0.0
  vertex 19.954099655151367 24.972200393676758 0.0
  vertex 20.752199172973633 23.92494926452637 0.0
 endloop
endfacet
facet normal 0.0 0.0 0.9999999999999999
 outer loop
  vertex 21.550399780273438 24.972200393676758 0.0
  vertex 21.550399780273438 23.92494926452637 0.0
  vertex 22.348600387573242 23.92494926452637 0.0
 endloop
endfacet
facet normal 0.0 0.0 1.0
 outer loop
  vertex 49.48619842529297 23.92494926452637 0.0
  vertex 50.2843017578125 23.92494926452637 0.0
  vertex 50.2843017578125 24.972200393676758 0.0
 endloop
endfacet
facet normal 0.0 0.0 1.0
 outer loop
  vertex 50.2843017578125 24.972200393676758 0.0
  vertex 50.2843017578125 23.92494926452637 0.0
  vertex 51.08250045776367 23.92494926452637 0.0
 endloop
endfacet
facet normal 0.0 0.0 1.0
 outer loop
  vertex 51.08250045776367 23.92494926452637 0.0
  vertex 51.880699157714844 23.92494926452637 0.0
  vertex 51.880699157714844 24.972200393676758 0.0
 endloop
endfacet
facet normal 0.0 0.0 1.0
 outer loop
  vertex 51.880699157714844 24.972200393676758 0.0
  vertex 50.2843017578125 24.972200393676758 0.0
  vertex 51.08250045776367 23.92494926452637 0.0
 endloop
endfacet
facet normal 0.0 0.0 1.0
 outer loop
  vertex 0.0 24.16659927368164 0.0
  vertex 0.7981659770011902 23.119419479370116 0.0
  vertex 1.5963300466537476 23.361099243164063 0.0
 endloop
endfacet
facet normal 0.0 0.0 1.0
 outer loop
  vertex 15.963199615478516 22.555500030517578 0.0
  vertex 16.76140022277832 23.361099243164063 0.0
  vertex 15.963199615478516 24.16659927368164 0.0
 endloop
endfacet
facet normal 0.0 -0.0 1.0
 outer loop
  vertex 15.963199615478516 22.555500030517578 0.0
  vertex 15.963199615478516 24.16659927368164 0.0
  vertex 14.366900444030762 24.16659927368164 0.0
 endloop
endfacet
facet normal 0.0 0.0 1.0
 outer loop
  vertex 39.768532848358156 23.1798394203186 0.0
  vertex 40.427015495300296 23.24025936126709 0.0
  vertex 40.94583168029785 24.16659927368164 0.0
 endloop
endfacet
facet normal -0.0 0.0 1.0
 outer loop
  vertex 39.11000061035156 24.16659927368164 0.0
  vertex 39.768532848358156 23.1798394203186 0.0
  vertex 40.94583168029785 24.16659927368164 0.0
 endloop
endfacet
facet normal 0.0 0.0 1.0
 outer loop
  vertex 41.50450134277344 25.777700424194336 0.0
  vertex 41.50450134277344 24.730520057678223 0.0
  vertex 42.30270004272461 24.730520057678223 0.0
 endloop
endfacet
facet normal 0.0 0.0 1.0
 outer loop
  vertex 45.49530029296875 24.730520057678223 0.0
  vertex 46.29349899291992 24.730520057678223 0.0
  vertex 46.29349899291992 25.777700424194336 0.0
 endloop
endfacet
facet normal 0.0 0.0 0.9999999999999999
 outer loop
  vertex 46.29349899291992 25.777700424194336 0.0
  vertex 46.29349899291992 24.730520057678223 0.0
  vertex 47.09170150756836 24.730520057678223 0.0
 endloop
endfacet
facet normal 0.0 0.0 1.0
 outer loop
  vertex 60.660499572753906 23.361099243164063 0.0
  vertex 60.691067746281625 22.327065256237987 0.0
  vertex 61.45869827270508 22.313850021362306 0.0
 endloop
endfacet
facet normal 0.0 0.0 1.0
 outer loop
  vertex 8.779809951782227 25.777700424194336 0.0
  vertex 10.376099586486816 26.58329963684082 0.0
  vertex 8.779809951782227 27.3887996673584 0.0
 endloop
endfacet
facet normal 0.0 0.0 1.0
 outer loop
  vertex 56.63849033789871 26.80984652042389 0.0
  vertex 55.85589487292884 26.81739808320999 0.0
  vertex 55.871498107910156 25.777700424194336 0.0
 endloop
endfacet
facet normal 0.0 0.0 1.0
 outer loop
  vertex 56.63849033789871 26.80984652042389 0.0
  vertex 55.871498107910156 25.777700424194336 0.0
  vertex 57.46780014038086 25.777700424194336 0.0
 endloop
endfacet
facet normal 0.0 0.0 0.9999999999999999
 outer loop
  vertex 57.40548256788726 26.794743394851682 0.0
  vertex 56.63849033789871 26.80984652042389 0.0
  vertex 57.46780014038086 25.777700424194336 0.0
 endloop
endfacet
facet normal 0.0 0.0 1.0
 outer loop
  vertex 58.141264513215944 26.764537143707273 0.0
  vertex 57.40548256788726 26.794743394851682 0.0
  vertex 57.46780014038086 25.777700424194336 0.0
 endloop
endfacet
facet normal 0.0 0.0 1.0
 outer loop
  vertex 61.45869827270508 26.01938018798828 0.0
  vertex 60.660499572753906 26.01938018798828 0.0
  vertex 60.660499572753906 24.972200393676758 0.0
 endloop
endfacet
facet normal 0.0 0.0 1.0
 outer loop
  vertex 63.85309982299804 26.01938018798828 0.0
  vertex 63.05500030517578 26.01938018798828 0.0
  vertex 63.05500030517578 24.972200393676758 0.0
 endloop
endfacet
facet normal 0.0 0.0 1.0
 outer loop
  vertex 63.85309982299804 26.01938018798828 0.0
  vertex 63.05500030517578 24.972200393676758 0.0
  vertex 64.65129852294922 24.972200393676758 0.0
 endloop
endfacet
facet normal 0.0 0.0 1.0
 outer loop
  vertex 64.65129852294922 26.01938018798828 0.0
  vertex 63.85309982299804 26.01938018798828 0.0
  vertex 64.65129852294922 24.972200393676758 0.0
 endloop
endfacet
facet normal 0.0 0.0 1.0
 outer loop
  vertex 66.24759674072266 25.21385040283203 0.0
  vertex 65.70295001268386 25.697468207776545 0.0
  vertex 65.20503749847411 25.91364529132843 0.0
 endloop
endfacet
facet normal 0.0 0.0 1.0
 outer loop
  vertex 66.24759674072266 25.21385040283203 0.0
  vertex 65.20503749847411 25.91364529132843 0.0
  vertex 64.65129852294922 24.972200393676758 0.0
 endloop
endfacet
facet normal 0.0 -0.0 1.0
 outer loop
  vertex 6.38532018661499 27.3887996673584 0.0
  vertex 6.38532018661499 28.194400787353516 0.0
  vertex 4.788990020751953 28.194400787353516 0.0
 endloop
endfacet
facet normal 0.0 0.0 1.0
 outer loop
  vertex 4.788990020751953 26.58329963684082 0.0
  vertex 6.38532018661499 27.3887996673584 0.0
  vertex 4.788990020751953 28.194400787353516 0.0
 endloop
endfacet
facet normal 0.0 0.0 1.0
 outer loop
  vertex 15.16510009765625 25.777700424194336 0.0
  vertex 13.56879997253418 24.972200393676758 0.0
  vertex 14.366900444030762 24.16659927368164 0.0
 endloop
endfacet
facet normal 0.0 0.0 1.0
 outer loop
  vertex 15.963199615478516 24.16659927368164 0.0
  vertex 15.16510009765625 25.777700424194336 0.0
  vertex 14.366900444030762 24.16659927368164 0.0
 endloop
endfacet
facet normal 0.0 0.0 1.0
 outer loop
  vertex 29.531999588012695 26.58329963684082 0.0
  vertex 27.935699462890625 24.972200393676758 0.0
  vertex 29.531999588012695 24.972200393676758 0.0
 endloop
endfacet
facet normal 0.0 0.0 1.0
 outer loop
  vertex 32.724700927734375 26.58329963684082 0.0
  vertex 31.128400802612305 24.972200393676758 0.0
  vertex 32.724700927734375 24.972200393676758 0.0
 endloop
endfacet
facet normal 0.0 0.0 1.0
 outer loop
  vertex 35.91740036010742 26.58329963684082 0.0
  vertex 34.32099914550781 24.972200393676758 0.0
  vertex 35.91740036010742 24.972200393676758 0.0
 endloop
endfacet
facet normal 0.0 0.0 1.0
 outer loop
  vertex 39.11000061035156 26.58329963684082 0.0
  vertex 37.51369857788086 24.972200393676758 0.0
  vertex 39.11000061035156 24.972200393676758 0.0
 endloop
endfacet
facet normal 0.0 0.0 1.0
 outer loop
  vertex 43.10089874267578 24.66892496665676 0.0
  vertex 43.598546875731515 24.16659927368164 0.0
  vertex 44.138459014892575 24.16659927368164 0.0
 endloop
endfacet
facet normal -0.0 0.0 0.9999999999999999
 outer loop
  vertex 43.10089874267578 24.66892496665676 0.0
  vertex 44.138459014892575 24.16659927368164 0.0
  vertex 44.697200775146484 24.730520057678223 0.0
 endloop
endfacet
facet normal 0.0 -0.0 1.0
 outer loop
  vertex 52.67879867553711 25.777700424194336 0.0
  vertex 52.67879867553711 26.824949645996092 0.0
  vertex 51.880699157714844 27.076542349844257 0.0
 endloop
endfacet
facet normal 0.0 0.0 0.9999999999999999
 outer loop
  vertex 53.47503648069814 26.82400570064783 0.0
  vertex 52.67879867553711 26.824949645996092 0.0
  vertex 52.67879867553711 25.777700424194336 0.0
 endloop
endfacet
facet normal 0.0 0.0 1.0
 outer loop
  vertex 53.47503648069814 26.82400570064783 0.0
  vertex 52.67879867553711 25.777700424194336 0.0
  vertex 54.27519989013672 25.777700424194336 0.0
 endloop
endfacet
facet normal 0.0 0.0 1.0
 outer loop
  vertex 53.47503648069814 26.82400570064783 0.0
  vertex 54.27519989013672 25.777700424194336 0.0
  vertex 54.271274285859164 26.823061755299566 0.0
 endloop
endfacet
facet normal 0.0 0.0 1.0
 outer loop
  vertex 55.06554738153278 26.82117386460304 0.0
  vertex 54.271274285859164 26.823061755299566 0.0
  vertex 54.27519989013672 25.777700424194336 0.0
 endloop
endfacet
facet normal 0.0 0.0 1.0
 outer loop
  vertex 55.06554738153278 26.82117386460304 0.0
  vertex 54.27519989013672 25.777700424194336 0.0
  vertex 55.871498107910156 25.777700424194336 0.0
 endloop
endfacet
facet normal 0.0 0.0 1.0
 outer loop
  vertex 55.06554738153278 26.82117386460304 0.0
  vertex 55.871498107910156 25.777700424194336 0.0
  vertex 55.85589487292884 26.81739808320999 0.0
 endloop
endfacet
facet normal 0.0 0.0 1.0
 outer loop
  vertex 0.7981659770011902 29.0 0.0
  vertex 0.0 29.0 0.0
  vertex 0.0 28.194400787353516 0.0
 endloop
endfacet
facet normal -0.0 0.0 1.0
 outer loop
  vertex 0.0 28.194400787353516 0.0
  vertex 0.0 27.3887996673584 0.0
  vertex 1.5963300466537476 28.194400787353516 0.0
 endloop
endfacet
facet normal 0.0 0.0 1.0
 outer loop
  vertex 0.7981659770011902 29.0 0.0
  vertex 0.0 28.194400787353516 0.0
  vertex 1.5963300466537476 28.194400787353516 0.0
 endloop
endfacet
facet normal 0.0 0.0 1.0
 outer loop
  vertex 0.0 27.3887996673584 0.0
  vertex 0.0 26.58329963684082 0.0
  vertex 0.7981659770011902 25.777700424194336 0.0
 endloop
endfacet
facet normal 0.0 0.0 1.0
 outer loop
  vertex 0.7981659770011902 25.777700424194336 0.0
  vertex 2.3944900035858154 25.777700424194336 0.0
  vertex 2.3944900035858154 27.3887996673584 0.0
 endloop
endfacet
facet normal 0.0 0.0 1.0
 outer loop
  vertex 2.3944900035858154 27.3887996673584 0.0
  vertex 1.5963300466537476 28.194400787353516 0.0
  vertex 0.0 27.3887996673584 0.0
 endloop
endfacet
facet normal 0.0 -0.0 1.0
 outer loop
  vertex 0.7981659770011902 25.777700424194336 0.0
  vertex 2.3944900035858154 27.3887996673584 0.0
  vertex 0.0 27.3887996673584 0.0
 endloop
endfacet
facet normal 0.0 -0.0 1.0
 outer loop
  vertex 47.889801025390625 27.3887996673584 0.0
  vertex 47.889801025390625 28.194400787353516 0.0
  vertex 46.29349899291992 28.194400787353516 0.0
 endloop
endfacet
facet normal 0.0 0.0 1.0
 outer loop
  vertex 7.981649875640869 28.194400787353516 0.0
  vertex 6.38532018661499 28.194400787353516 0.0
  vertex 6.38532018661499 27.3887996673584 0.0
 endloop
endfacet
facet normal 0.0 0.0 1.0
 outer loop
  vertex 11.972399711608887 25.777700424194336 0.0
  vertex 10.376099586486816 26.58329963684082 0.0
  vertex 11.174300193786621 24.972200393676758 0.0
 endloop
endfacet
facet normal 0.0 0.0 1.0
 outer loop
  vertex 27.13759994506836 28.194400787353516 0.0
  vertex 25.541200637817383 28.194400787353516 0.0
  vertex 26.339399337768555 26.58329963684082 0.0
 endloop
endfacet
facet normal 0.0 0.0 1.0
 outer loop
  vertex 30.3302001953125 28.194400787353516 0.0
  vertex 28.73390007019043 28.194400787353516 0.0
  vertex 29.531999588012695 26.58329963684082 0.0
 endloop
endfacet
facet normal 0.0 0.0 1.0
 outer loop
  vertex 33.52289962768555 28.194400787353516 0.0
  vertex 31.92650032043457 28.194400787353516 0.0
  vertex 32.724700927734375 26.58329963684082 0.0
 endloop
endfacet
facet normal 0.0 0.0 1.0
 outer loop
  vertex 36.71549987792969 28.194400787353516 0.0
  vertex 35.11920166015625 28.194400787353516 0.0
  vertex 35.91740036010742 26.58329963684082 0.0
 endloop
endfacet
facet normal 0.0 0.0 1.0
 outer loop
  vertex 39.908199310302734 28.194400787353516 0.0
  vertex 38.3119010925293 28.194400787353516 0.0
  vertex 39.11000061035156 26.58329963684082 0.0
 endloop
endfacet
facet normal 0.0 0.0 1.0
 outer loop
  vertex 51.51197438930138 28.194400787353516 0.0
  vertex 51.08250045776367 29.0 0.0
  vertex 50.2843017578125 29.0 0.0
 endloop
endfacet
facet normal 0.0 0.0 0.9999999999999999
 outer loop
  vertex 50.2843017578125 29.0 0.0
  vertex 51.08250045776367 27.3887996673584 0.0
  vertex 51.51197438930138 28.194400787353516 0.0
 endloop
endfacet
facet normal 0.0 0.0 1.0
 outer loop
  vertex 30.3302001953125 2.4166600704193115 0.0
  vertex 28.73390007019043 0.8055559992790222 0.0
  vertex 30.3302001953125 0.8055559992790222 0.0
 endloop
endfacet
facet normal 0.0 0.0 1.0
 outer loop
  vertex 33.52289962768555 2.4166600704193115 0.0
  vertex 31.92650032043457 2.4166600704193115 0.0
  vertex 31.92650032043457 0.8055559992790222 0.0
 endloop
endfacet
facet normal 0.0 0.0 1.0
 outer loop
  vertex 33.52289962768555 2.4166600704193115 0.0
  vertex 31.92650032043457 0.8055559992790222 0.0
  vertex 33.52289962768555 0.8055559992790222 0.0
 endloop
endfacet
facet normal 0.0 0.0 1.0
 outer loop
  vertex 78.22010040283203 1.611109972000122 0.0
  vertex 78.19561763063697 2.6432237848639484 0.0
  vertex 77.40970990784778 2.65077590867877 0.0
 endloop
endfacet
facet normal -0.0 0.0 1.0
 outer loop
  vertex 76.6238021850586 0.8055559992790222 0.0
  vertex 77.4219970703125 0.0 0.0
  vertex 78.22010040283203 1.611109972000122 0.0
 endloop
endfacet
facet normal 0.0 0.0 1.0
 outer loop
  vertex 76.61765478912898 2.6545519705861804 0.0
  vertex 75.82559967041016 1.611109972000122 0.0
  vertex 76.6238021850586 0.8055559992790222 0.0
 endloop
endfacet
facet normal 0.0 0.0 0.9999999999999999
 outer loop
  vertex 78.22010040283203 1.611109972000122 0.0
  vertex 77.40970990784778 2.65077590867877 0.0
  vertex 76.61765478912898 2.6545519705861804 0.0
 endloop
endfacet
facet normal 0.0 0.0 1.0
 outer loop
  vertex 78.22010040283203 1.611109972000122 0.0
  vertex 76.61765478912898 2.6545519705861804 0.0
  vertex 76.6238021850586 0.8055559992790222 0.0
 endloop
endfacet
facet normal 0.0 0.0 1.0
 outer loop
  vertex 0.7981659770011902 3.222219944000244 0.0
  vertex 0.0 2.4166600704193115 0.0
  vertex 0.7981659770011902 1.611109972000122 0.0
 endloop
endfacet
facet normal -0.0 0.0 1.0
 outer loop
  vertex 0.7981659770011902 1.611109972000122 0.0
  vertex 1.5963300466537476 0.8055559992790222 0.0
  vertex 3.192660093307495 2.4166600704193115 0.0
 endloop
endfacet
facet normal 0.0 0.0 1.0
 outer loop
  vertex 0.7981659770011902 1.611109972000122 0.0
  vertex 3.192660093307495 2.4166600704193115 0.0
  vertex 0.7981659770011902 3.222219944000244 0.0
 endloop
endfacet
facet normal 0.0 0.0 1.0
 outer loop
  vertex 4.788990020751953 4.027780055999756 0.0
  vertex 3.192660093307495 4.027780055999756 0.0
  vertex 3.192660093307495 2.4166600704193115 0.0
 endloop
endfacet
facet normal 0.0 0.0 1.0
 outer loop
  vertex 7.981649875640869 4.027780055999756 0.0
  vertex 6.38532018661499 4.027780055999756 0.0
  vertex 6.38532018661499 2.4166600704193115 0.0
 endloop
endfacet
facet normal 0.0 0.0 1.0
 outer loop
  vertex 11.174300193786621 4.027780055999756 0.0
  vertex 9.577980041503906 4.027780055999756 0.0
  vertex 9.577980041503906 2.4166600704193115 0.0
 endloop
endfacet
facet normal 0.0 0.0 1.0
 outer loop
  vertex 14.366900444030762 4.027780055999756 0.0
  vertex 12.770600318908691 4.027780055999756 0.0
  vertex 12.770600318908691 2.4166600704193115 0.0
 endloop
endfacet
facet normal 0.0 0.0 1.0
 outer loop
  vertex 19.954099655151367 3.222219944000244 0.0
  vertex 18.35770034790039 4.833330154418945 0.0
  vertex 17.559600830078125 4.027780055999756 0.0
 endloop
endfacet
facet normal 0.0 0.0 1.0
 outer loop
  vertex 19.954099655151367 3.222219944000244 0.0
  vertex 17.559600830078125 4.027780055999756 0.0
  vertex 19.155899047851563 2.4166600704193115 0.0
 endloop
endfacet
facet normal 0.0 0.0 1.0
 outer loop
  vertex 17.559600830078125 4.027780055999756 0.0
  vertex 15.963199615478516 4.027780055999756 0.0
  vertex 15.963199615478516 2.4166600704193115 0.0
 endloop
endfacet
facet normal 0.0 0.0 1.0
 outer loop
  vertex 23.944900512695313 4.027780055999756 0.0
  vertex 22.348600387573242 4.027780055999756 0.0
  vertex 22.348600387573242 2.4166600704193115 0.0
 endloop
endfacet
facet normal 0.0 0.0 1.0
 outer loop
  vertex 27.935699462890625 3.222219944000244 0.0
  vertex 28.73390007019043 4.027780055999756 0.0
  vertex 27.935699462890625 5.282539387040856 0.0
 endloop
endfacet
facet normal 0.0 0.0 1.0
 outer loop
  vertex 30.3302001953125 5.074998044967651 0.0
  vertex 29.531999588012695 5.074998044967651 0.0
  vertex 28.73390007019043 4.027780055999756 0.0
 endloop
endfacet
facet normal 0.0 0.0 1.0
 outer loop
  vertex 31.92650032043457 4.027780055999756 0.0
  vertex 31.92650032043457 2.4166600704193115 0.0
  vertex 33.52289962768555 2.4166600704193115 0.0
 endloop
endfacet
facet normal 0.0 -0.0 1.0
 outer loop
  vertex 37.51369857788086 3.222219944000244 0.0
  vertex 37.51369857788086 4.833330154418945 0.0
  vertex 35.91740036010742 4.833330154418945 0.0
 endloop
endfacet
facet normal 0.0 0.0 1.0
 outer loop
  vertex 37.51369857788086 3.222219944000244 0.0
  vertex 35.91740036010742 4.833330154418945 0.0
  vertex 35.11920166015625 4.027780055999756 0.0
 endloop
endfacet
facet normal 0.0 0.0 1.0
 outer loop
  vertex 41.50450134277344 0.8055559992790222 0.0
  vertex 42.30270004272461 2.1749950408935548 0.0
  vertex 42.063240432739256 2.4166600704193115 0.0
 endloop
endfacet
facet normal 0.0 0.0 1.0
 outer loop
  vertex 39.11000061035156 1.611109972000122 0.0
  vertex 39.908199310302734 0.8055559992790222 0.0
  vertex 41.50450134277344 0.8055559992790222 0.0
 endloop
endfacet
facet normal 0.0 -0.0 1.0
 outer loop
  vertex 39.11000061035156 1.611109972000122 0.0
  vertex 39.11000061035156 3.222219944000244 0.0
  vertex 37.51369857788086 3.222219944000244 0.0
 endloop
endfacet
facet normal 0.0 0.0 1.0
 outer loop
  vertex 38.07244033813477 6.444439888000488 0.0
  vertex 37.51369857788086 5.880554819107056 0.0
  vertex 38.3119010925293 4.833330154418945 0.0
 endloop
endfacet
facet normal 0.0 0.0 1.0
 outer loop
  vertex 39.11000061035156 6.444439888000488 0.0
  vertex 38.07244033813477 6.444439888000488 0.0
  vertex 38.3119010925293 4.833330154418945 0.0
 endloop
endfacet
facet normal 0.0 0.0 1.0
 outer loop
  vertex 87.0 4.027780055999756 0.0
  vertex 86.20179748535156 5.316617375411662 0.0
  vertex 85.40360260009766 5.316617375411662 0.0
 endloop
endfacet
facet normal 0.0 0.0 1.0
 outer loop
  vertex 85.40360260009766 5.316617375411662 0.0
  vertex 85.40360260009766 3.222219944000244 0.0
  vertex 87.0 4.027780055999756 0.0
 endloop
endfacet
facet normal 0.0 0.0 1.0
 outer loop
  vertex 4.788990020751953 5.638889789581299 0.0
  vertex 4.788990020751953 4.027780055999756 0.0
  vertex 6.38532018661499 4.027780055999756 0.0
 endloop
endfacet
facet normal 0.0 0.0 1.0
 outer loop
  vertex 7.981649875640869 5.638889789581299 0.0
  vertex 7.981649875640869 4.027780055999756 0.0
  vertex 9.577980041503906 4.027780055999756 0.0
 endloop
endfacet
facet normal 0.0 0.0 1.0
 outer loop
  vertex 14.366900444030762 5.638889789581299 0.0
  vertex 12.770600318908691 4.027780055999756 0.0
  vertex 14.366900444030762 4.027780055999756 0.0
 endloop
endfacet
facet normal 0.0 0.0 1.0
 outer loop
  vertex 17.559600830078125 4.027780055999756 0.0
  vertex 18.35770034790039 4.833330154418945 0.0
  vertex 18.35770034790039 5.98507027247892 0.0
 endloop
endfacet
facet normal 0.0 -0.0 1.0
 outer loop
  vertex 25.541200637817383 2.4166600704193115 0.0
  vertex 26.339399337768555 3.222219944000244 0.0
  vertex 23.944900512695313 4.027780055999756 0.0
 endloop
endfacet
facet normal 0.0 -0.0 1.0
 outer loop
  vertex 44.697200775146484 5.638889789581299 0.0
  vertex 45.49530029296875 6.444439888000488 0.0
  vertex 43.89899826049805 7.25 0.0
 endloop
endfacet
facet normal 0.0 0.0 1.0
 outer loop
  vertex 81.94709102814636 4.833330154418945 0.0
  vertex 82.02941236070502 4.098120718113076 0.0
  vertex 82.49028625488282 3.8224702742809042 0.0
 endloop
endfacet
facet normal 0.0 -0.0 1.0
 outer loop
  vertex 82.49028625488282 3.8224702742809042 0.0
  vertex 83.80729675292969 4.833330154418945 0.0
  vertex 82.21089935302734 5.638889789581299 0.0
 endloop
endfacet
facet normal -0.0 0.0 1.0
 outer loop
  vertex 81.94709102814636 4.833330154418945 0.0
  vertex 82.49028625488282 3.8224702742809042 0.0
  vertex 82.21089935302734 5.638889789581299 0.0
 endloop
endfacet
facet normal 0.0 -0.0 1.0
 outer loop
  vertex 2.3944900035858154 6.444439888000488 0.0
  vertex 2.3944900035858154 7.4916680335998524 0.0
  vertex 1.5963300466537473 7.4916680335998524 0.0
 endloop
endfacet
facet normal 0.0 -0.0 1.0
 outer loop
  vertex 1.5963300466537476 5.638889789581299 0.0
  vertex 2.3944900035858154 6.444439888000488 0.0
  vertex 1.5963300466537473 7.4916680335998524 0.0
 endloop
endfacet
facet normal 0.0 0.0 0.9999999999999999
 outer loop
  vertex 1.5963300466537473 7.4916680335998524 0.0
  vertex 0.7981659770011902 7.4916680335998524 0.0
  vertex 0.0 6.444439888000488 0.0
 endloop
endfacet
facet normal 0.0 0.0 1.0
 outer loop
  vertex 1.5963300466537476 5.638889789581299 0.0
  vertex 1.5963300466537473 7.4916680335998524 0.0
  vertex 0.0 6.444439888000488 0.0
 endloop
endfacet
facet normal 0.0 0.0 1.0
 outer loop
  vertex 12.770600318908691 7.25 0.0
  vertex 11.972399711608887 7.8138920783996575 0.0
  vertex 11.174300193786621 7.4916680335998524 0.0
 endloop
endfacet
facet normal 0.0 0.0 0.9999999999999999
 outer loop
  vertex 11.174300193786621 7.4916680335998524 0.0
  vertex 10.376099586486816 6.444439888000488 0.0
  vertex 11.174300193786621 5.638889789581299 0.0
 endloop
endfacet
facet normal 0.0 0.0 1.0
 outer loop
  vertex 12.770600318908691 7.25 0.0
  vertex 11.174300193786621 7.4916680335998524 0.0
  vertex 11.174300193786621 5.638889789581299 0.0
 endloop
endfacet
facet normal 0.0 -0.0 0.9999999999999999
 outer loop
  vertex 23.944900512695313 6.444439888000488 0.0
  vertex 24.01475474834442 7.461459529399871 0.0
  vertex 23.286410284042354 7.431251025199889 0.0
 endloop
endfacet
facet normal 0.0 0.0 0.9999999999999999
 outer loop
  vertex 23.286410284042354 7.431251025199889 0.0
  vertex 22.627920055389403 7.370834016799925 0.0
  vertex 22.104457325488326 7.198079133406281 0.0
 endloop
endfacet
facet normal 0.0 0.0 1.0
 outer loop
  vertex 22.104457325488326 7.198079133406281 0.0
  vertex 22.348600387573242 5.638889789581299 0.0
  vertex 23.944900512695313 6.444439888000488 0.0
 endloop
endfacet
facet normal 0.0 0.0 1.0
 outer loop
  vertex 23.286410284042354 7.431251025199889 0.0
  vertex 22.104457325488326 7.198079133406281 0.0
  vertex 23.944900512695313 6.444439888000488 0.0
 endloop
endfacet
facet normal 0.0 0.0 0.9999999999999999
 outer loop
  vertex 27.377029800415038 6.444439888000488 0.0
  vertex 26.339399337768555 7.25 0.0
  vertex 25.541200637817383 5.638889789581299 0.0
 endloop
endfacet
facet normal 0.0 0.0 1.0
 outer loop
  vertex 28.73390007019043 9.102777767181395 0.0
  vertex 28.180161666870113 8.99704800248146 0.0
  vertex 27.682248806953424 8.780869771167637 0.0
 endloop
endfacet
facet normal 0.0 -0.0 1.0
 outer loop
  vertex 28.73390007019043 7.8138920783996575 0.0
  vertex 28.73390007019043 9.102777767181395 0.0
  vertex 27.682248806953424 8.780869771167637 0.0
 endloop
endfacet
facet normal 0.0 0.0 1.0
 outer loop
  vertex 28.73390007019043 7.8138920783996575 0.0
  vertex 27.682248806953424 8.780869771167637 0.0
  vertex 27.93569946289062 7.4916680335998524 0.0
 endloop
endfacet
facet normal 0.0 0.0 1.0
 outer loop
  vertex 12.211859893798827 8.055560111999512 0.0
  vertex 11.972399711608887 7.8138920783996575 0.0
  vertex 12.770600318908691 7.25 0.0
 endloop
endfacet
facet normal -0.0 0.0 1.0
 outer loop
  vertex 48.6879997253418 7.25 0.0
  vertex 49.20681457519531 7.129165983200073 0.0
  vertex 49.73030022382736 7.3019208665937185 0.0
 endloop
endfacet
facet normal 0.0 0.0 1.0
 outer loop
  vertex 47.09170150756836 8.055560111999512 0.0
  vertex 47.889801025390625 7.25 0.0
  vertex 48.6879997253418 7.25 0.0
 endloop
endfacet
facet normal 0.0 0.0 0.9999999999999999
 outer loop
  vertex 48.6879997253418 7.25 0.0
  vertex 47.889801025390625 9.294054158637827 0.0
  vertex 47.09170150756836 8.055560111999512 0.0
 endloop
endfacet
facet normal 0.0 0.0 1.0
 outer loop
  vertex 83.00910186767578 6.444439888000488 0.0
  vertex 83.69253111200447 7.5766292124986645 0.0
  vertex 83.00910186767578 8.055560111999512 0.0
 endloop
endfacet
facet normal 0.0 0.0 0.9999999999999999
 outer loop
  vertex 83.00910186767578 8.055560111999512 0.0
  vertex 82.48357954968529 8.822781058866532 0.0
  vertex 81.41280364990234 8.861109733581543 0.0
 endloop
endfacet
facet normal 0.0 0.0 1.0
 outer loop
  vertex 81.41280364990234 6.444439888000488 0.0
  vertex 83.00910186767578 6.444439888000488 0.0
  vertex 83.00910186767578 8.055560111999512 0.0
 endloop
endfacet
facet normal 0.0 0.0 1.0
 outer loop
  vertex 81.41280364990234 6.444439888000488 0.0
  vertex 83.00910186767578 8.055560111999512 0.0
  vertex 81.41280364990234 8.861109733581543 0.0
 endloop
endfacet
facet normal 0.0 -0.0 1.0
 outer loop
  vertex 81.41280364990234 6.444439888000488 0.0
  vertex 81.41280364990234 8.861109733581543 0.0
  vertex 80.6146011352539 7.25 0.0
 endloop
endfacet
facet normal 0.0 0.0 1.0
 outer loop
  vertex 78.86624273480967 8.3375009059906 0.0
  vertex 79.09454169426485 7.806338968873023 0.0
  vertex 79.57696990966797 7.249999999999999 0.0
 endloop
endfacet
facet normal 0.0 0.0 1.0
 outer loop
  vertex 78.86624273480967 8.3375009059906 0.0
  vertex 79.57696990966797 7.249999999999999 0.0
  vertex 80.6146011352539 7.25 0.0
 endloop
endfacet
facet normal 0.0 0.0 1.0
 outer loop
  vertex 80.6146011352539 9.666669845581055 0.0
  vertex 79.01830291748047 9.666669845581055 0.0
  vertex 78.86624273480967 8.3375009059906 0.0
 endloop
endfacet
facet normal 0.0 0.0 1.0
 outer loop
  vertex 80.6146011352539 7.25 0.0
  vertex 81.41280364990234 8.861109733581543 0.0
  vertex 80.6146011352539 9.666669845581055 0.0
 endloop
endfacet
facet normal -0.0 0.0 1.0
 outer loop
  vertex 78.86624273480967 8.3375009059906 0.0
  vertex 80.6146011352539 7.25 0.0
  vertex 80.6146011352539 9.666669845581055 0.0
 endloop
endfacet
facet normal 0.0 0.0 1.0
 outer loop
  vertex 51.08250045776367 10.472200393676758 0.0
  vertex 50.531784238259306 10.593025398254394 0.0
  vertex 49.99502967526554 10.39262874537432 0.0
 endloop
endfacet
facet normal 0.0 0.0 1.0
 outer loop
  vertex 50.2843017578125 8.055560111999512 0.0
  vertex 51.32663701325655 8.107480118051171 0.0
  vertex 51.880699157714844 8.861109733581543 0.0
 endloop
endfacet
facet normal -0.0 0.0 1.0
 outer loop
  vertex 55.073299407958984 10.472200393676758 0.0
  vertex 55.592129135131835 10.34516723715898 0.0
  vertex 56.11594786643982 10.526802501782324 0.0
 endloop
endfacet
facet normal 0.0 0.0 1.0
 outer loop
  vertex 55.871498107910156 12.08329963684082 0.0
  vertex 55.073299407958984 12.888799667358398 0.0
  vertex 54.27519989013672 12.333649144459663 0.0
 endloop
endfacet
facet normal 0.0 0.0 1.0
 outer loop
  vertex 53.47700119018555 11.277700424194336 0.0
  vertex 54.5295994812365 9.720498622863582 0.0
  vertex 55.073299407958984 10.472200393676758 0.0
 endloop
endfacet
facet normal 0.0 0.0 1.0
 outer loop
  vertex 55.073299407958984 10.472200393676758 0.0
  vertex 56.11594786643982 10.526802501782324 0.0
  vertex 55.871498107910156 12.08329963684082 0.0
 endloop
endfacet
facet normal 0.0 -0.0 0.9999999999999999
 outer loop
  vertex 55.073299407958984 10.472200393676758 0.0
  vertex 55.871498107910156 12.08329963684082 0.0
  vertex 54.27519989013672 12.333649144459663 0.0
 endloop
endfacet
facet normal 0.0 0.0 0.9999999999999999
 outer loop
  vertex 55.073299407958984 10.472200393676758 0.0
  vertex 54.27519989013672 12.333649144459663 0.0
  vertex 53.47700119018555 11.277700424194336 0.0
 endloop
endfacet
facet normal 0.0 0.0 1.0
 outer loop
  vertex 56.745798064835284 13.875659871101378 0.0
  vertex 56.03921810084472 13.80467908605969 0.0
  vertex 55.54854769862435 13.585847485071195 0.0
 endloop
endfacet
facet normal 0.0 0.0 1.0
 outer loop
  vertex 55.54854769862435 13.585847485071195 0.0
  vertex 55.073299407958984 12.888799667358398 0.0
  vertex 55.871498107910156 12.08329963684082 0.0
 endloop
endfacet
facet normal 0.0 0.0 1.0
 outer loop
  vertex 55.871498107910156 12.08329963684082 0.0
  vertex 57.46780014038086 12.888799667358398 0.0
  vertex 56.745798064835284 13.875659871101378 0.0
 endloop
endfacet
facet normal -0.0 0.0 1.0
 outer loop
  vertex 55.54854769862435 13.585847485071195 0.0
  vertex 55.871498107910156 12.08329963684082 0.0
  vertex 56.745798064835284 13.875659871101378 0.0
 endloop
endfacet
facet normal 0.0 0.0 1.0
 outer loop
  vertex 78.22010040283203 12.08329963684082 0.0
  vertex 78.8789662645379 13.14812412559986 0.0
  vertex 78.22010040283203 13.6943998336792 0.0
 endloop
endfacet
facet normal 0.0 0.0 1.0
 outer loop
  vertex 78.22010040283203 13.6943998336792 0.0
  vertex 77.76372286436606 14.381332981958984 0.0
  vertex 76.6238021850586 14.5 0.0
 endloop
endfacet
facet normal 0.0 0.0 1.0
 outer loop
  vertex 76.6238021850586 12.08329963684082 0.0
  vertex 78.22010040283203 12.08329963684082 0.0
  vertex 78.22010040283203 13.6943998336792 0.0
 endloop
endfacet
facet normal 0.0 -0.0 1.0
 outer loop
  vertex 62.25680160522461 15.869419479370116 0.0
  vertex 62.496261215209955 16.111099243164063 0.0
  vertex 61.45869827270508 16.91659927368164 0.0
 endloop
endfacet
facet normal 0.0 -0.0 1.0
 outer loop
  vertex 61.8078476190567 15.416301846504211 0.0
  vertex 62.25680160522461 15.869419479370116 0.0
  vertex 61.45869827270508 16.91659927368164 0.0
 endloop
endfacet
facet normal 0.0 0.0 1.0
 outer loop
  vertex 61.45869827270508 16.91659927368164 0.0
  vertex 60.421039962768546 16.91659927368164 0.0
  vertex 59.972085118293755 16.463483810424805 0.0
 endloop
endfacet
facet normal -0.0 0.0 1.0
 outer loop
  vertex 59.862300872802734 15.305500030517578 0.0
  vertex 61.358893632888794 14.963184213638305 0.0
  vertex 61.8078476190567 15.416301846504211 0.0
 endloop
endfacet
facet normal 0.0 0.0 1.0
 outer loop
  vertex 61.8078476190567 15.416301846504211 0.0
  vertex 61.45869827270508 16.91659927368164 0.0
  vertex 59.972085118293755 16.463483810424805 0.0
 endloop
endfacet
facet normal 0.0 0.0 1.0
 outer loop
  vertex 61.8078476190567 15.416301846504211 0.0
  vertex 59.972085118293755 16.463483810424805 0.0
  vertex 59.862300872802734 15.305500030517578 0.0
 endloop
endfacet
facet normal 0.0 0.0 1.0
 outer loop
  vertex 73.43109893798828 16.91659927368164 0.0
  vertex 72.63300323486328 16.111099243164063 0.0
  vertex 72.63300323486328 15.063850021362306 0.0
 endloop
endfacet
facet normal 0.0 -0.0 1.0
 outer loop
  vertex 31.128400802612305 16.111099243164063 0.0
  vertex 31.367830657958983 16.91659927368164 0.0
  vertex 31.1284008026123 17.158279609680175 0.0
 endloop
endfacet
facet normal 0.0 0.0 1.0
 outer loop
  vertex 31.1284008026123 17.158279609680175 0.0
  vertex 30.574649131298067 17.66893791766605 0.0
  vertex 30.05082998275757 17.860021369587663 0.0
 endloop
endfacet
facet normal -0.0 0.0 1.0
 outer loop
  vertex 29.531999588012695 15.869419479370116 0.0
  vertex 30.08169789686799 15.393743390437123 0.0
  vertex 31.128400802612305 16.111099243164063 0.0
 endloop
endfacet
facet normal 0.0 0.0 1.0
 outer loop
  vertex 29.531999588012695 15.869419479370116 0.0
  vertex 31.128400802612305 16.111099243164063 0.0
  vertex 31.1284008026123 17.158279609680175 0.0
 endloop
endfacet
facet normal 0.0 0.0 1.0
 outer loop
  vertex 29.531999588012695 15.869419479370116 0.0
  vertex 31.1284008026123 17.158279609680175 0.0
  vertex 30.05082998275757 17.860021369587663 0.0
 endloop
endfacet
facet normal -0.0 0.0 1.0
 outer loop
  vertex 28.73390007019043 16.91659927368164 0.0
  vertex 29.531999588012695 15.869419479370116 0.0
  vertex 30.05082998275757 17.860021369587663 0.0
 endloop
endfacet
facet normal 0.0 0.0 1.0
 outer loop
  vertex 71.83480072021484 16.91659927368164 0.0
  vertex 73.43109893798828 16.91659927368164 0.0
  vertex 73.43109893798828 18.527700424194336 0.0
 endloop
endfacet
facet normal 0.0 -0.0 1.0
 outer loop
  vertex 24.743099212646484 17.480520057678223 0.0
  vertex 24.743099212646484 19.33329963684082 0.0
  vertex 23.146699905395508 18.527700424194336 0.0
 endloop
endfacet
facet normal 0.0 0.0 1.0
 outer loop
  vertex 24.743099212646484 17.480520057678223 0.0
  vertex 23.146699905395508 18.527700424194336 0.0
  vertex 24.067130661010744 17.533387631177902 0.0
 endloop
endfacet
facet normal 0.0 0.0 1.0
 outer loop
  vertex 29.005176515550573 18.457400421619543 0.0
  vertex 28.47135451545793 18.648540306091306 0.0
  vertex 27.935699462890625 18.527700424194336 0.0
 endloop
endfacet
facet normal 0.0 0.0 1.0
 outer loop
  vertex 28.73390007019043 16.91659927368164 0.0
  vertex 30.05082998275757 17.860021369587663 0.0
  vertex 29.531999588012695 17.99784234549857 0.0
 endloop
endfacet
facet normal 0.0 0.0 1.0
 outer loop
  vertex 28.73390007019043 16.91659927368164 0.0
  vertex 29.531999588012695 17.99784234549857 0.0
  vertex 29.005176515550573 18.457400421619543 0.0
 endloop
endfacet
facet normal 0.0 0.0 1.0
 outer loop
  vertex 27.935699462890625 18.527700424194336 0.0
  vertex 27.13759994506836 18.527700424194336 0.0
  vertex 27.13759994506836 16.91659927368164 0.0
 endloop
endfacet
facet normal 0.0 0.0 1.0
 outer loop
  vertex 27.935699462890625 18.527700424194336 0.0
  vertex 27.13759994506836 16.91659927368164 0.0
  vertex 28.73390007019043 16.91659927368164 0.0
 endloop
endfacet
facet normal 0.0 0.0 0.9999999999999999
 outer loop
  vertex 29.005176515550573 18.457400421619543 0.0
  vertex 27.935699462890625 18.527700424194336 0.0
  vertex 28.73390007019043 16.91659927368164 0.0
 endloop
endfacet
facet normal 0.0 0.0 1.0
 outer loop
  vertex 63.05500030517578 17.722200393676758 0.0
  vertex 64.09255943298339 17.722200393676758 0.0
  vertex 64.55152487754822 18.185384607315065 0.0
 endloop
endfacet
facet normal 0.0 0.0 1.0
 outer loop
  vertex 65.01049032211304 18.64856882095337 0.0
  vertex 63.85309982299804 19.65253819637995 0.0
  vertex 63.58330822507445 19.33329963684082 0.0
 endloop
endfacet
facet normal 0.0 -0.0 1.0
 outer loop
  vertex 64.55152487754822 18.185384607315065 0.0
  vertex 65.01049032211304 18.64856882095337 0.0
  vertex 63.58330822507445 19.33329963684082 0.0
 endloop
endfacet
facet normal 0.0 0.0 1.0
 outer loop
  vertex 63.055000305175774 18.920038779493797 0.0
  vertex 63.05500030517578 17.722200393676758 0.0
  vertex 64.55152487754822 18.185384607315065 0.0
 endloop
endfacet
facet normal 0.0 0.0 1.0
 outer loop
  vertex 63.58330822507445 19.33329963684082 0.0
  vertex 63.055000305175774 18.920038779493797 0.0
  vertex 64.55152487754822 18.185384607315065 0.0
 endloop
endfacet
facet normal 0.0 0.0 1.0
 outer loop
  vertex 16.76140022277832 20.944400787353516 0.0
  vertex 17.61941533088684 19.941782482634267 0.0
  vertex 18.35770034790039 19.865590302487767 0.0
 endloop
endfacet
facet normal 0.0 0.0 1.0
 outer loop
  vertex 18.35770034790039 21.75 0.0
  vertex 16.76140022277832 20.944400787353516 0.0
  vertex 18.35770034790039 19.865590302487767 0.0
 endloop
endfacet
facet normal 0.0 0.0 1.0
 outer loop
  vertex 19.42196617109295 21.618900490754214 0.0
  vertex 18.35770034790039 21.75 0.0
  vertex 18.35770034790039 19.865590302487767 0.0
 endloop
endfacet
facet normal -0.0 0.0 1.0
 outer loop
  vertex 65.44950103759766 19.33329963684082 0.0
  vertex 65.96827926635743 19.212459754943847 0.0
  vertex 67.0457992553711 19.897149658203126 0.0
 endloop
endfacet
facet normal 0.0 0.0 0.9999999999999999
 outer loop
  vertex 65.44950103759766 21.75 0.0
  vertex 64.09255943298339 20.944400787353516 0.0
  vertex 64.16735271651882 20.1387996673584 0.0
 endloop
endfacet
facet normal 0.0 0.0 0.9999999999999999
 outer loop
  vertex 65.44950103759766 19.33329963684082 0.0
  vertex 67.0457992553711 19.897149658203126 0.0
  vertex 67.0457992553711 20.944400787353516 0.0
 endloop
endfacet
facet normal 0.0 0.0 1.0
 outer loop
  vertex 65.44950103759766 19.33329963684082 0.0
  vertex 67.0457992553711 20.944400787353516 0.0
  vertex 65.44950103759766 21.75 0.0
 endloop
endfacet
facet normal 0.0 -0.0 1.0
 outer loop
  vertex 65.44950103759766 19.33329963684082 0.0
  vertex 65.44950103759766 21.75 0.0
  vertex 64.16735271651882 20.1387996673584 0.0
 endloop
endfacet
facet normal 0.0 0.0 1.0
 outer loop
  vertex 1.5963300466537476 23.361099243164063 0.0
  vertex 2.3944900035858154 22.313850021362306 0.0
  vertex 3.192660093307495 22.555500030517578 0.0
 endloop
endfacet
facet normal -0.0 0.0 1.0
 outer loop
  vertex 10.498348855972289 21.56118768453598 0.0
  vertex 11.235374283790588 21.534753960371017 0.0
  vertex 11.972399711608887 22.555500030517578 0.0
 endloop
endfacet
facet normal 0.0 0.0 1.0
 outer loop
  vertex 11.972399711608887 22.555500030517578 0.0
  vertex 10.376099586486816 23.361099243164063 0.0
  vertex 10.498348855972289 21.56118768453598 0.0
 endloop
endfacet
facet normal 0.0 -0.0 0.9999999999999999
 outer loop
  vertex 71.83480072021484 19.33329963684082 0.0
  vertex 72.05488099985358 20.662440109252927 0.0
  vertex 71.0365982055664 20.944400787353516 0.0
 endloop
endfacet
facet normal 0.0 0.0 0.9999999999999999
 outer loop
  vertex 5.5871500968933105 22.313850021362306 0.0
  vertex 6.38532018661499 22.313850021362306 0.0
  vertex 7.1834797859191895 23.361099243164063 0.0
 endloop
endfacet
facet normal 0.0 0.0 1.0
 outer loop
  vertex 42.063240432739256 21.75 0.0
  vertex 42.063240432739256 20.944400787353516 0.0
  vertex 43.10089874267578 20.944400787353516 0.0
 endloop
endfacet
facet normal -0.0 0.0 0.9999999999999999
 outer loop
  vertex 43.10089874267578 20.944400787353516 0.0
  vertex 43.61967887878418 20.823560619354247 0.0
  vertex 44.432794260978696 21.325435192637055 0.0
 endloop
endfacet
facet normal 0.0 0.0 1.0
 outer loop
  vertex 43.10089874267578 22.858774830087068 0.0
  vertex 42.30270004272461 22.79717979431152 0.0
  vertex 42.063240432739256 21.75 0.0
 endloop
endfacet
facet normal 0.0 0.0 1.0
 outer loop
  vertex 43.10089874267578 22.858774830087068 0.0
  vertex 42.063240432739256 21.75 0.0
  vertex 43.10089874267578 20.944400787353516 0.0
 endloop
endfacet
facet normal 0.0 0.0 1.0
 outer loop
  vertex 43.10089874267578 20.944400787353516 0.0
  vertex 44.432794260978696 21.325435192637055 0.0
  vertex 44.138459014892575 22.555500030517578 0.0
 endloop
endfacet
facet normal 0.0 0.0 1.0
 outer loop
  vertex 43.10089874267578 20.944400787353516 0.0
  vertex 44.138459014892575 22.555500030517578 0.0
  vertex 43.10089874267578 22.858774830087068 0.0
 endloop
endfacet
facet normal -0.0 0.0 1.0
 outer loop
  vertex 59.18637486696243 22.36671096086502 0.0
  vertex 59.92343721985817 22.340280491113663 0.0
  vertex 60.660499572753906 23.361099243164063 0.0
 endloop
endfacet
facet normal 0.0 0.0 1.0
 outer loop
  vertex 60.660499572753906 23.361099243164063 0.0
  vertex 59.862300872802734 24.16659927368164 0.0
  vertex 59.18637486696243 22.36671096086502 0.0
 endloop
endfacet
facet normal -0.0 0.0 1.0
 outer loop
  vertex 67.0457992553711 20.944400787353516 0.0
  vertex 68.64209747314453 20.1387996673584 0.0
  vertex 69.44029998779297 21.75 0.0
 endloop
endfacet
facet normal 0.0 -0.0 1.0
 outer loop
  vertex 67.84400177001953 24.16659927368164 0.0
  vertex 67.84400177001953 24.424081602342437 0.0
  vertex 67.29929091334344 24.89491464470467 0.0
 endloop
endfacet
facet normal 0.0 0.0 1.0
 outer loop
  vertex 67.29929091334344 24.89491464470467 0.0
  vertex 66.80134973526002 25.1081285238266 0.0
  vertex 66.24759674072266 25.21385040283203 0.0
 endloop
endfacet
facet normal 0.0 0.0 0.9999999999999999
 outer loop
  vertex 67.29929091334344 24.89491464470467 0.0
  vertex 66.24759674072266 25.21385040283203 0.0
  vertex 66.24759674072266 23.361099243164063 0.0
 endloop
endfacet
facet normal 0.0 0.0 1.0
 outer loop
  vertex 67.84400177001953 24.16659927368164 0.0
  vertex 67.29929091334344 24.89491464470467 0.0
  vertex 66.24759674072266 23.361099243164063 0.0
 endloop
endfacet
facet normal 0.0 0.0 1.0
 outer loop
  vertex 65.44950103759766 21.75 0.0
  vertex 67.0457992553711 21.75 0.0
  vertex 66.24759674072266 23.361099243164063 0.0
 endloop
endfacet
facet normal -0.0 0.0 1.0
 outer loop
  vertex 63.85309982299805 23.361099243164063 0.0
  vertex 65.44950103759766 21.75 0.0
  vertex 66.24759674072266 23.361099243164063 0.0
 endloop
endfacet
facet normal -0.0 0.0 1.0
 outer loop
  vertex 63.05500030517578 24.972200393676758 0.0
  vertex 63.85309982299805 23.361099243164063 0.0
  vertex 64.65129852294922 24.972200393676758 0.0
 endloop
endfacet
facet normal -0.0 0.0 1.0
 outer loop
  vertex 16.76140022277832 23.361099243164063 0.0
  vertex 18.11827049255371 23.36109924316406 0.0
  vertex 18.35770034790039 23.602749252319335 0.0
 endloop
endfacet
facet normal 0.0 0.0 1.0
 outer loop
  vertex 22.348600387573242 25.777700424194336 0.0
  vertex 21.550399780273438 24.972200393676758 0.0
  vertex 22.348600387573242 23.92494926452637 0.0
 endloop
endfacet
facet normal -0.0 0.0 1.0
 outer loop
  vertex 23.146699905395508 23.90465169975385 0.0
  vertex 23.944899559020996 23.811021617242233 0.0
  vertex 24.743099212646484 24.972200393676758 0.0
 endloop
endfacet
facet normal 0.0 0.0 1.0
 outer loop
  vertex 22.348600387573242 25.777700424194336 0.0
  vertex 22.348600387573242 23.92494926452637 0.0
  vertex 23.146699905395508 23.90465169975385 0.0
 endloop
endfacet
facet normal 0.0 0.0 1.0
 outer loop
  vertex 23.944900512695313 25.777700424194336 0.0
  vertex 22.348600387573242 25.777700424194336 0.0
  vertex 23.146699905395508 23.90465169975385 0.0
 endloop
endfacet
facet normal 0.0 0.0 1.0
 outer loop
  vertex 23.944900512695313 25.777700424194336 0.0
  vertex 23.146699905395508 23.90465169975385 0.0
  vertex 24.743099212646484 24.972200393676758 0.0
 endloop
endfacet
facet normal 0.0 0.0 1.0
 outer loop
  vertex 48.42588452109787 24.244539456163317 0.0
  vertex 48.92711121053648 24.030671143531798 0.0
  vertex 49.48619842529297 23.92494926452637 0.0
 endloop
endfacet
facet normal 0.0 0.0 1.0
 outer loop
  vertex 49.48619842529297 23.92494926452637 0.0
  vertex 50.2843017578125 24.972200393676758 0.0
  vertex 49.48619842529297 25.777700424194336 0.0
 endloop
endfacet
facet normal -0.0 0.0 0.9999999999999999
 outer loop
  vertex 48.42588452109787 24.244539456163317 0.0
  vertex 49.48619842529297 23.92494926452637 0.0
  vertex 49.48619842529297 25.777700424194336 0.0
 endloop
endfacet
facet normal 0.0 0.0 1.0
 outer loop
  vertex 0.7981659770011902 25.777700424194336 0.0
  vertex 0.0 24.972200393676758 0.0
  vertex 0.0 24.16659927368164 0.0
 endloop
endfacet
facet normal 0.0 -0.0 1.0
 outer loop
  vertex 2.3944900035858154 24.16659927368164 0.0
  vertex 2.3944900035858154 25.777700424194336 0.0
  vertex 0.7981659770011902 25.777700424194336 0.0
 endloop
endfacet
facet normal -0.0 0.0 1.0
 outer loop
  vertex 0.0 24.16659927368164 0.0
  vertex 1.5963300466537476 23.361099243164063 0.0
  vertex 2.3944900035858154 24.16659927368164 0.0
 endloop
endfacet
facet normal 0.0 0.0 0.9999999999999999
 outer loop
  vertex 0.7981659770011902 25.777700424194336 0.0
  vertex 0.0 24.16659927368164 0.0
  vertex 2.3944900035858154 24.16659927368164 0.0
 endloop
endfacet
facet normal 0.0 0.0 1.0
 outer loop
  vertex 8.779809951782227 24.16659927368164 0.0
  vertex 7.1834797859191895 24.16659927368164 0.0
  vertex 7.1834797859191895 23.361099243164063 0.0
 endloop
endfacet
facet normal 0.0 0.0 1.0
 outer loop
  vertex 8.779809951782227 24.16659927368164 0.0
  vertex 7.1834797859191895 23.361099243164063 0.0
  vertex 7.981649875640869 22.313850021362306 0.0
 endloop
endfacet
facet normal -0.0 0.0 1.0
 outer loop
  vertex 8.779809951782227 24.16659927368164 0.0
  vertex 10.376099586486816 23.361099243164063 0.0
  vertex 11.174300193786621 24.972200393676758 0.0
 endloop
endfacet
facet normal 0.0 0.0 1.0
 outer loop
  vertex 7.1834797859191895 25.777700424194336 0.0
  vertex 6.38532018661499 24.972200393676758 0.0
  vertex 7.1834797859191895 24.16659927368164 0.0
 endloop
endfacet
facet normal 0.0 0.0 1.0
 outer loop
  vertex 7.1834797859191895 25.777700424194336 0.0
  vertex 7.1834797859191895 24.16659927368164 0.0
  vertex 8.779809951782227 24.16659927368164 0.0
 endloop
endfacet
facet normal -0.0 0.0 1.0
 outer loop
  vertex 7.1834797859191895 25.777700424194336 0.0
  vertex 8.779809951782227 24.16659927368164 0.0
  vertex 8.779809951782227 25.777700424194336 0.0
 endloop
endfacet
facet normal 0.0 0.0 1.0
 outer loop
  vertex 40.94583168029785 24.16659927368164 0.0
  vertex 41.50450134277344 24.730520057678223 0.0
  vertex 41.50450134277344 25.777700424194336 0.0
 endloop
endfacet
facet normal 0.0 0.0 1.0
 outer loop
  vertex 62.007406234741204 21.845543784629992 0.0
  vertex 62.53618545532226 21.568325117157666 0.0
  vertex 63.19464263916015 21.377202834152563 0.0
 endloop
endfacet
facet normal 0.0 0.0 1.0
 outer loop
  vertex 61.45869827270508 22.313850021362306 0.0
  vertex 62.007406234741204 21.845543784629992 0.0
  vertex 63.19464263916015 21.377202834152563 0.0
 endloop
endfacet
facet normal -0.0 0.0 1.0
 outer loop
  vertex 61.45869827270508 22.313850021362306 0.0
  vertex 63.19464263916015 21.377202834152563 0.0
  vertex 63.85309982299805 23.361099243164063 0.0
 endloop
endfacet
facet normal 0.0 0.0 0.9999999999999999
 outer loop
  vertex 12.770600318908691 26.58329963684082 0.0
  vertex 11.972399711608887 25.777700424194336 0.0
  vertex 13.56879997253418 24.972200393676758 0.0
 endloop
endfacet
facet normal 0.0 0.0 1.0
 outer loop
  vertex 12.770600318908691 23.361099243164063 0.0
  vertex 14.366900444030762 24.16659927368164 0.0
  vertex 13.56879997253418 24.972200393676758 0.0
 endloop
endfacet
facet normal 0.0 0.0 1.0
 outer loop
  vertex 59.862300872802734 26.15912107094966 0.0
  vertex 59.35098690559846 26.507461246512438 0.0
  vertex 58.81472888605103 26.704124641418456 0.0
 endloop
endfacet
facet normal 0.0 0.0 1.0
 outer loop
  vertex 58.81472888605103 26.704124641418456 0.0
  vertex 58.141264513215944 26.764537143707273 0.0
  vertex 57.46780014038086 25.777700424194336 0.0
 endloop
endfacet
facet normal 0.0 0.0 1.0
 outer loop
  vertex 56.669700622558594 24.16659927368164 0.0
  vertex 58.26599884033203 24.16659927368164 0.0
  vertex 57.46780014038086 25.777700424194336 0.0
 endloop
endfacet
facet normal 0.0 0.0 1.0
 outer loop
  vertex 55.871498107910156 25.777700424194336 0.0
  vertex 55.073299407958984 24.972200393676758 0.0
  vertex 56.669700622558594 24.16659927368164 0.0
 endloop
endfacet
facet normal -0.0 0.0 1.0
 outer loop
  vertex 55.871498107910156 25.777700424194336 0.0
  vertex 56.669700622558594 24.16659927368164 0.0
  vertex 57.46780014038086 25.777700424194336 0.0
 endloop
endfacet
facet normal 0.0 -0.0 1.0
 outer loop
  vertex 63.05500030517578 24.972200393676758 0.0
  vertex 63.05500030517578 26.01938018798828 0.0
  vertex 62.2568016052246 26.01938018798828 0.0
 endloop
endfacet
facet normal 0.0 0.0 1.0
 outer loop
  vertex 62.2568016052246 26.01938018798828 0.0
  vertex 61.45869827270508 26.01938018798828 0.0
  vertex 60.660499572753906 24.972200393676758 0.0
 endloop
endfacet
facet normal 0.0 0.0 1.0
 outer loop
  vertex 24.743099212646484 24.972200393676758 0.0
  vertex 25.541200637817383 23.602749252319335 0.0
  vertex 26.339399337768555 24.16659927368164 0.0
 endloop
endfacet
facet normal 0.0 0.0 1.0
 outer loop
  vertex 26.339399337768555 24.16659927368164 0.0
  vertex 27.935699462890625 24.16659927368164 0.0
  vertex 27.935699462890625 24.972200393676758 0.0
 endloop
endfacet
facet normal 0.0 0.0 0.9999999999999999
 outer loop
  vertex 26.339399337768555 24.16659927368164 0.0
  vertex 27.935699462890625 24.972200393676758 0.0
  vertex 27.13759994506836 25.777700424194336 0.0
 endloop
endfacet
facet normal 0.0 0.0 0.9999999999999999
 outer loop
  vertex 26.339399337768555 24.16659927368164 0.0
  vertex 27.13759994506836 25.777700424194336 0.0
  vertex 26.339399337768555 26.58329963684082 0.0
 endloop
endfacet
facet normal 0.0 -0.0 1.0
 outer loop
  vertex 26.339399337768555 24.16659927368164 0.0
  vertex 26.339399337768555 26.58329963684082 0.0
  vertex 24.743099212646484 24.972200393676758 0.0
 endloop
endfacet
facet normal 0.0 0.0 0.9999999999999999
 outer loop
  vertex 50.2843017578125 26.58329963684082 0.0
  vertex 49.48619842529297 25.777700424194336 0.0
  vertex 50.2843017578125 24.972200393676758 0.0
 endloop
endfacet
facet normal 0.0 0.0 1.0
 outer loop
  vertex 51.880699157714844 27.076542349844257 0.0
  vertex 51.08250045776367 27.3887996673584 0.0
  vertex 50.2843017578125 26.58329963684082 0.0
 endloop
endfacet
facet normal 0.0 0.0 1.0
 outer loop
  vertex 51.880699157714844 24.972200393676758 0.0
  vertex 52.67879867553711 25.777700424194336 0.0
  vertex 51.880699157714844 27.076542349844257 0.0
 endloop
endfacet
facet normal 0.0 0.0 1.0
 outer loop
  vertex 50.2843017578125 26.58329963684082 0.0
  vertex 50.2843017578125 24.972200393676758 0.0
  vertex 51.880699157714844 24.972200393676758 0.0
 endloop
endfacet
facet normal -0.0 0.0 1.0
 outer loop
  vertex 50.2843017578125 26.58329963684082 0.0
  vertex 51.880699157714844 24.972200393676758 0.0
  vertex 51.880699157714844 27.076542349844257 0.0
 endloop
endfacet
facet normal 0.0 0.0 1.0
 outer loop
  vertex 20.752199172973633 28.194400787353516 0.0
  vertex 19.954099655151367 27.3887996673584 0.0
  vertex 20.752199172973633 25.777700424194336 0.0
 endloop
endfacet
facet normal 0.0 0.0 1.0
 outer loop
  vertex 7.1834797859191895 25.777700424194336 0.0
  vertex 8.779809951782227 25.777700424194336 0.0
  vertex 8.779809951782227 27.3887996673584 0.0
 endloop
endfacet
facet normal 0.0 0.0 1.0
 outer loop
  vertex 8.779809951782227 27.3887996673584 0.0
  vertex 7.981649875640869 28.194400787353516 0.0
  vertex 6.38532018661499 27.3887996673584 0.0
 endloop
endfacet
facet normal 0.0 -0.0 0.9999999999999999
 outer loop
  vertex 7.1834797859191895 25.777700424194336 0.0
  vertex 8.779809951782227 27.3887996673584 0.0
  vertex 6.38532018661499 27.3887996673584 0.0
 endloop
endfacet
facet normal 0.0 0.0 0.9999999999999999
 outer loop
  vertex 9.577980041503906 28.194400787353516 0.0
  vertex 8.779809951782227 27.3887996673584 0.0
  vertex 10.376099586486816 26.58329963684082 0.0
 endloop
endfacet
facet normal -0.0 0.0 1.0
 outer loop
  vertex 9.577980041503906 28.194400787353516 0.0
  vertex 10.376099586486816 26.58329963684082 0.0
  vertex 11.174300193786621 28.194400787353516 0.0
 endloop
endfacet
facet normal 0.0 0.0 1.0
 outer loop
  vertex 14.366900444030762 28.194400787353516 0.0
  vertex 12.770600318908691 28.194400787353516 0.0
  vertex 12.770600318908691 26.58329963684082 0.0
 endloop
endfacet
facet normal 0.0 0.0 0.9999999999999999
 outer loop
  vertex 45.49530029296875 24.730520057678223 0.0
  vertex 46.29349899291992 25.777700424194336 0.0
  vertex 45.49530029296875 26.58329963684082 0.0
 endloop
endfacet
facet normal 0.0 0.0 0.9999999999999999
 outer loop
  vertex 44.697200775146484 24.730520057678223 0.0
  vertex 45.49530029296875 24.730520057678223 0.0
  vertex 45.49530029296875 26.58329963684082 0.0
 endloop
endfacet
facet normal 0.0 0.0 0.9999999999999999
 outer loop
  vertex 51.08250045776367 27.3887996673584 0.0
  vertex 50.2843017578125 29.0 0.0
  vertex 49.48619842529297 29.0 0.0
 endloop
endfacet
facet normal 0.0 0.0 1.0
 outer loop
  vertex 49.48619842529297 29.0 0.0
  vertex 47.889801025390625 28.194400787353516 0.0
  vertex 47.889801025390625 27.3887996673584 0.0
 endloop
endfacet
facet normal 0.0 0.0 1.0
 outer loop
  vertex 47.889801025390625 27.3887996673584 0.0
  vertex 49.48619842529297 25.777700424194336 0.0
  vertex 50.2843017578125 26.58329963684082 0.0
 endloop
endfacet
facet normal 0.0 0.0 1.0
 outer loop
  vertex 49.48619842529297 29.0 0.0
  vertex 47.889801025390625 27.3887996673584 0.0
  vertex 50.2843017578125 26.58329963684082 0.0
 endloop
endfacet
facet normal 0.0 0.0 1.0
 outer loop
  vertex 49.48619842529297 29.0 0.0
  vertex 50.2843017578125 26.58329963684082 0.0
  vertex 51.08250045776367 27.3887996673584 0.0
 endloop
endfacet
facet normal 0.0 0.0 1.0
 outer loop
  vertex 19.155899047851563 2.4166600704193115 0.0
  vertex 19.155899047851563 0.8055559992790222 0.0
  vertex 20.752199172973633 0.8055559992790222 0.0
 endloop
endfacet
facet normal 0.0 -0.0 1.0
 outer loop
  vertex 22.348600387573242 2.4166600704193115 0.0
  vertex 22.348600387573242 4.027780055999756 0.0
  vertex 20.752199172973633 4.027780055999756 0.0
 endloop
endfacet
facet normal 0.0 0.0 1.0
 outer loop
  vertex 22.348600387573242 2.4166600704193115 0.0
  vertex 20.752199172973633 4.027780055999756 0.0
  vertex 19.954099655151367 3.222219944000244 0.0
 endloop
endfacet
facet normal 0.0 -0.0 1.0
 outer loop
  vertex 20.752199172973633 0.8055559992790222 0.0
  vertex 22.348600387573242 2.4166600704193115 0.0
  vertex 19.954099655151367 3.222219944000244 0.0
 endloop
endfacet
facet normal 0.0 0.0 1.0
 outer loop
  vertex 20.752199172973633 0.8055559992790222 0.0
  vertex 19.954099655151367 3.222219944000244 0.0
  vertex 19.155899047851563 2.4166600704193115 0.0
 endloop
endfacet
facet normal 0.0 0.0 1.0
 outer loop
  vertex 25.541200637817383 2.4166600704193115 0.0
  vertex 25.541200637817383 0.8055559992790222 0.0
  vertex 27.13759994506836 0.8055559992790222 0.0
 endloop
endfacet
facet normal 0.0 0.0 1.0
 outer loop
  vertex 27.935699462890625 3.222219944000244 0.0
  vertex 26.339399337768555 3.222219944000244 0.0
  vertex 25.541200637817383 2.4166600704193115 0.0
 endloop
endfacet
facet normal 0.0 0.0 1.0
 outer loop
  vertex 27.935699462890625 3.222219944000244 0.0
  vertex 25.541200637817383 2.4166600704193115 0.0
  vertex 27.13759994506836 0.8055559992790222 0.0
 endloop
endfacet
facet normal 0.0 -0.0 0.9999999999999999
 outer loop
  vertex 87.0 0.8055559992790222 0.0
  vertex 87.0 1.611109972000122 0.0
  vertex 86.20179748535156 2.4166600704193115 0.0
 endloop
endfacet
facet normal 0.0 0.0 0.9999999999999999
 outer loop
  vertex 83.56783828735351 2.4166600704193115 0.0
  vertex 83.56783828735351 1.611109972000122 0.0
  vertex 84.60540008544922 0.8055559992790222 0.0
 endloop
endfacet
facet normal -0.0 0.0 0.9999999999999999
 outer loop
  vertex 84.60540008544922 0.8055559992790222 0.0
  vertex 85.40360260009766 0.0 0.0
  vertex 87.0 0.8055559992790222 0.0
 endloop
endfacet
facet normal 0.0 0.0 1.0
 outer loop
  vertex 84.60540008544922 0.8055559992790222 0.0
  vertex 87.0 0.8055559992790222 0.0
  vertex 86.20179748535156 2.4166600704193115 0.0
 endloop
endfacet
facet normal 0.0 0.0 1.0
 outer loop
  vertex 84.60540008544922 0.8055559992790222 0.0
  vertex 86.20179748535156 2.4166600704193115 0.0
  vertex 85.40360260009766 3.222219944000244 0.0
 endloop
endfacet
facet normal 0.0 -0.0 1.0
 outer loop
  vertex 84.60540008544922 0.8055559992790222 0.0
  vertex 85.40360260009766 3.222219944000244 0.0
  vertex 83.56783828735351 2.4166600704193115 0.0
 endloop
endfacet
facet normal 0.0 0.0 1.0
 outer loop
  vertex 3.192660093307495 2.4166600704193115 0.0
  vertex 3.192660093307495 0.8055559992790222 0.0
  vertex 4.788990020751953 0.8055559992790222 0.0
 endloop
endfacet
facet normal 0.0 -0.0 1.0
 outer loop
  vertex 6.38532018661499 2.4166600704193115 0.0
  vertex 6.38532018661499 4.027780055999756 0.0
  vertex 4.788990020751953 4.027780055999756 0.0
 endloop
endfacet
facet normal 0.0 0.0 1.0
 outer loop
  vertex 6.38532018661499 2.4166600704193115 0.0
  vertex 4.788990020751953 4.027780055999756 0.0
  vertex 3.192660093307495 2.4166600704193115 0.0
 endloop
endfacet
facet normal 0.0 -0.0 1.0
 outer loop
  vertex 4.788990020751953 0.8055559992790222 0.0
  vertex 6.38532018661499 2.4166600704193115 0.0
  vertex 3.192660093307495 2.4166600704193115 0.0
 endloop
endfacet
facet normal 0.0 0.0 1.0
 outer loop
  vertex 6.38532018661499 2.4166600704193115 0.0
  vertex 6.38532018661499 0.8055559992790222 0.0
  vertex 7.981649875640869 0.8055559992790222 0.0
 endloop
endfacet
facet normal 0.0 -0.0 1.0
 outer loop
  vertex 9.577980041503906 2.4166600704193115 0.0
  vertex 9.577980041503906 4.027780055999756 0.0
  vertex 7.981649875640869 4.027780055999756 0.0
 endloop
endfacet
facet normal 0.0 0.0 1.0
 outer loop
  vertex 9.577980041503906 2.4166600704193115 0.0
  vertex 7.981649875640869 4.027780055999756 0.0
  vertex 6.38532018661499 2.4166600704193115 0.0
 endloop
endfacet
facet normal 0.0 -0.0 1.0
 outer loop
  vertex 7.981649875640869 0.8055559992790222 0.0
  vertex 9.577980041503906 2.4166600704193115 0.0
  vertex 6.38532018661499 2.4166600704193115 0.0
 endloop
endfacet
facet normal 0.0 -0.0 1.0
 outer loop
  vertex 12.770600318908691 2.4166600704193115 0.0
  vertex 12.770600318908691 4.027780055999756 0.0
  vertex 11.174300193786621 4.027780055999756 0.0
 endloop
endfacet
facet normal 0.0 0.0 1.0
 outer loop
  vertex 9.577980041503906 2.4166600704193115 0.0
  vertex 9.577980041503906 0.8055559992790222 0.0
  vertex 11.174300193786621 0.8055559992790222 0.0
 endloop
endfacet
facet normal 0.0 0.0 1.0
 outer loop
  vertex 12.770600318908691 2.4166600704193115 0.0
  vertex 11.174300193786621 4.027780055999756 0.0
  vertex 9.577980041503906 2.4166600704193115 0.0
 endloop
endfacet
facet normal 0.0 -0.0 1.0
 outer loop
  vertex 11.174300193786621 0.8055559992790222 0.0
  vertex 12.770600318908691 2.4166600704193115 0.0
  vertex 9.577980041503906 2.4166600704193115 0.0
 endloop
endfacet
facet normal 0.0 0.0 1.0
 outer loop
  vertex 12.770600318908691 2.4166600704193115 0.0
  vertex 12.770600318908691 0.8055559992790222 0.0
  vertex 14.366900444030762 0.8055559992790222 0.0
 endloop
endfacet
facet normal 0.0 -0.0 1.0
 outer loop
  vertex 15.963199615478516 2.4166600704193115 0.0
  vertex 15.963199615478516 4.027780055999756 0.0
  vertex 14.366900444030762 4.027780055999756 0.0
 endloop
endfacet
facet normal 0.0 0.0 1.0
 outer loop
  vertex 15.963199615478516 2.4166600704193115 0.0
  vertex 14.366900444030762 4.027780055999756 0.0
  vertex 12.770600318908691 2.4166600704193115 0.0
 endloop
endfacet
facet normal 0.0 -0.0 0.9999999999999999
 outer loop
  vertex 14.366900444030762 0.8055559992790222 0.0
  vertex 15.963199615478516 2.4166600704193115 0.0
  vertex 12.770600318908691 2.4166600704193115 0.0
 endloop
endfacet
facet normal 0.0 0.0 1.0
 outer loop
  vertex 18.35770034790039 4.833330154418945 0.0
  vertex 19.954099655151367 3.222219944000244 0.0
  vertex 20.752199172973633 4.027780055999756 0.0
 endloop
endfacet
facet normal -0.0 0.0 1.0
 outer loop
  vertex 18.35770034790039 4.833330154418945 0.0
  vertex 20.752199172973633 4.027780055999756 0.0
  vertex 20.752199172973633 5.638889789581299 0.0
 endloop
endfacet
facet normal 0.0 0.0 1.0
 outer loop
  vertex 19.155899047851563 6.091645914365728 0.0
  vertex 18.35770034790039 4.833330154418945 0.0
  vertex 20.752199172973633 5.638889789581299 0.0
 endloop
endfacet
facet normal 0.0 0.0 1.0
 outer loop
  vertex 15.963199615478516 2.4166600704193115 0.0
  vertex 15.963199615478516 0.8055559992790222 0.0
  vertex 17.559600830078125 0.8055559992790222 0.0
 endloop
endfacet
facet normal 0.0 0.0 1.0
 outer loop
  vertex 19.155899047851563 2.4166600704193115 0.0
  vertex 17.559600830078125 4.027780055999756 0.0
  vertex 15.963199615478516 2.4166600704193115 0.0
 endloop
endfacet
facet normal 0.0 -0.0 1.0
 outer loop
  vertex 17.559600830078125 0.8055559992790222 0.0
  vertex 19.155899047851563 2.4166600704193115 0.0
  vertex 15.963199615478516 2.4166600704193115 0.0
 endloop
endfacet
facet normal 0.0 0.0 1.0
 outer loop
  vertex 31.92650032043457 4.027780055999756 0.0
  vertex 31.128400802612305 5.091209283849229 0.0
  vertex 30.3302001953125 5.074998044967651 0.0
 endloop
endfacet
facet normal 0.0 0.0 1.0
 outer loop
  vertex 30.3302001953125 2.4166600704193115 0.0
  vertex 31.92650032043457 2.4166600704193115 0.0
  vertex 31.92650032043457 4.027780055999756 0.0
 endloop
endfacet
facet normal 0.0 0.0 1.0
 outer loop
  vertex 30.3302001953125 2.4166600704193115 0.0
  vertex 31.92650032043457 4.027780055999756 0.0
  vertex 30.3302001953125 5.074998044967651 0.0
 endloop
endfacet
facet normal 0.0 -0.0 1.0
 outer loop
  vertex 30.3302001953125 2.4166600704193115 0.0
  vertex 30.3302001953125 5.074998044967651 0.0
  vertex 28.73390007019043 4.027780055999756 0.0
 endloop
endfacet
facet normal 0.0 0.0 1.0
 outer loop
  vertex 33.52289962768555 2.4166600704193115 0.0
  vertex 35.11920166015625 2.4166600704193115 0.0
  vertex 35.11920166015625 4.027780055999756 0.0
 endloop
endfacet
facet normal 0.0 0.0 1.0
 outer loop
  vertex 34.32099914550781 4.833330154418945 0.0
  vertex 32.724700927734375 4.833330154418945 0.0
  vertex 31.92650032043457 4.027780055999756 0.0
 endloop
endfacet
facet normal 0.0 0.0 1.0
 outer loop
  vertex 33.52289962768555 2.4166600704193115 0.0
  vertex 35.11920166015625 4.027780055999756 0.0
  vertex 34.32099914550781 4.833330154418945 0.0
 endloop
endfacet
facet normal 0.0 -0.0 1.0
 outer loop
  vertex 33.52289962768555 2.4166600704193115 0.0
  vertex 34.32099914550781 4.833330154418945 0.0
  vertex 31.92650032043457 4.027780055999756 0.0
 endloop
endfacet
facet normal 0.0 0.0 1.0
 outer loop
  vertex 38.3119010925293 4.833330154418945 0.0
  vertex 37.51369857788086 4.833330154418945 0.0
  vertex 37.51369857788086 3.222219944000244 0.0
 endloop
endfacet
facet normal 0.0 0.0 0.9999999999999999
 outer loop
  vertex 38.3119010925293 4.833330154418945 0.0
  vertex 37.51369857788086 3.222219944000244 0.0
  vertex 39.11000061035156 3.222219944000244 0.0
 endloop
endfacet
facet normal 0.0 0.0 1.0
 outer loop
  vertex 35.11920166015625 2.4166600704193115 0.0
  vertex 35.11920166015625 0.8055559992790222 0.0
  vertex 36.71549987792969 0.8055559992790222 0.0
 endloop
endfacet
facet normal 0.0 0.0 1.0
 outer loop
  vertex 37.51369857788086 3.222219944000244 0.0
  vertex 35.11920166015625 4.027780055999756 0.0
  vertex 35.11920166015625 2.4166600704193115 0.0
 endloop
endfacet
facet normal 0.0 0.0 1.0
 outer loop
  vertex 36.71549987792969 0.8055559992790222 0.0
  vertex 38.3119010925293 0.8055559992790222 0.0
  vertex 39.11000061035156 1.611109972000122 0.0
 endloop
endfacet
facet normal 0.0 0.0 1.0
 outer loop
  vertex 36.71549987792969 0.8055559992790222 0.0
  vertex 39.11000061035156 1.611109972000122 0.0
  vertex 37.51369857788086 3.222219944000244 0.0
 endloop
endfacet
facet normal -0.0 0.0 1.0
 outer loop
  vertex 35.11920166015625 2.4166600704193115 0.0
  vertex 36.71549987792969 0.8055559992790222 0.0
  vertex 37.51369857788086 3.222219944000244 0.0
 endloop
endfacet
facet normal 0.0 0.0 1.0
 outer loop
  vertex 83.80729675292969 4.833330154418945 0.0
  vertex 83.00910186767578 3.6171604925620526 0.0
  vertex 83.40043147939022 3.222219944000244 0.0
 endloop
endfacet
facet normal 0.0 0.0 1.0
 outer loop
  vertex 85.40360260009766 5.316617375411662 0.0
  vertex 84.60540008544922 5.638889789581299 0.0
  vertex 83.80729675292969 4.833330154418945 0.0
 endloop
endfacet
facet normal -0.0 0.0 1.0
 outer loop
  vertex 83.40043147939022 3.222219944000244 0.0
  vertex 83.56783828735351 2.4166600704193115 0.0
  vertex 85.40360260009766 3.222219944000244 0.0
 endloop
endfacet
facet normal 0.0 -0.0 1.0
 outer loop
  vertex 85.40360260009766 3.222219944000244 0.0
  vertex 85.40360260009766 5.316617375411662 0.0
  vertex 83.80729675292969 4.833330154418945 0.0
 endloop
endfacet
facet normal 0.0 0.0 1.0
 outer loop
  vertex 83.40043147939022 3.222219944000244 0.0
  vertex 85.40360260009766 3.222219944000244 0.0
  vertex 83.80729675292969 4.833330154418945 0.0
 endloop
endfacet
facet normal 0.0 0.0 1.0
 outer loop
  vertex 3.192660093307495 4.027780055999756 0.0
  vertex 4.788990020751953 4.027780055999756 0.0
  vertex 4.788990020751953 5.638889789581299 0.0
 endloop
endfacet
facet normal 0.0 0.0 1.0
 outer loop
  vertex 3.9908199310302734 6.444439888000488 0.0
  vertex 2.3944900035858154 6.444439888000488 0.0
  vertex 1.5963300466537476 5.638889789581299 0.0
 endloop
endfacet
facet normal 0.0 0.0 1.0
 outer loop
  vertex 3.192660093307495 4.027780055999756 0.0
  vertex 4.788990020751953 5.638889789581299 0.0
  vertex 3.9908199310302734 6.444439888000488 0.0
 endloop
endfacet
facet normal 0.0 -0.0 0.9999999999999999
 outer loop
  vertex 3.192660093307495 4.027780055999756 0.0
  vertex 3.9908199310302734 6.444439888000488 0.0
  vertex 1.5963300466537476 5.638889789581299 0.0
 endloop
endfacet
facet normal 0.0 0.0 1.0
 outer loop
  vertex 0.7981659770011902 4.833330154418945 0.0
  vertex 0.0 4.027780055999756 0.0
  vertex 0.7981659770011902 3.222219944000244 0.0
 endloop
endfacet
facet normal 0.0 0.0 1.0
 outer loop
  vertex 3.192660093307495 4.027780055999756 0.0
  vertex 1.5963300466537476 5.638889789581299 0.0
  vertex 0.7981659770011902 4.833330154418945 0.0
 endloop
endfacet
facet normal -0.0 0.0 1.0
 outer loop
  vertex 0.7981659770011902 3.222219944000244 0.0
  vertex 3.192660093307495 2.4166600704193115 0.0
  vertex 3.192660093307495 4.027780055999756 0.0
 endloop
endfacet
facet normal 0.0 0.0 1.0
 outer loop
  vertex 0.7981659770011902 4.833330154418945 0.0
  vertex 0.7981659770011902 3.222219944000244 0.0
  vertex 3.192660093307495 4.027780055999756 0.0
 endloop
endfacet
facet normal 0.0 0.0 1.0
 outer loop
  vertex 6.38532018661499 4.027780055999756 0.0
  vertex 7.981649875640869 4.027780055999756 0.0
  vertex 7.981649875640869 5.638889789581299 0.0
 endloop
endfacet
facet normal 0.0 0.0 0.9999999999999999
 outer loop
  vertex 7.1834797859191895 6.444439888000488 0.0
  vertex 5.5871500968933105 6.444439888000488 0.0
  vertex 4.788990020751953 5.638889789581299 0.0
 endloop
endfacet
facet normal 0.0 0.0 1.0
 outer loop
  vertex 6.38532018661499 4.027780055999756 0.0
  vertex 7.981649875640869 5.638889789581299 0.0
  vertex 7.1834797859191895 6.444439888000488 0.0
 endloop
endfacet
facet normal 0.0 -0.0 1.0
 outer loop
  vertex 6.38532018661499 4.027780055999756 0.0
  vertex 7.1834797859191895 6.444439888000488 0.0
  vertex 4.788990020751953 5.638889789581299 0.0
 endloop
endfacet
facet normal 0.0 0.0 1.0
 outer loop
  vertex 9.577980041503906 4.027780055999756 0.0
  vertex 11.174300193786621 4.027780055999756 0.0
  vertex 11.174300193786621 5.638889789581299 0.0
 endloop
endfacet
facet normal 0.0 0.0 1.0
 outer loop
  vertex 10.376099586486816 6.444439888000488 0.0
  vertex 8.779809951782227 6.444439888000488 0.0
  vertex 7.981649875640869 5.638889789581299 0.0
 endloop
endfacet
facet normal 0.0 0.0 1.0
 outer loop
  vertex 9.577980041503906 4.027780055999756 0.0
  vertex 11.174300193786621 5.638889789581299 0.0
  vertex 10.376099586486816 6.444439888000488 0.0
 endloop
endfacet
facet normal 0.0 -0.0 1.0
 outer loop
  vertex 9.577980041503906 4.027780055999756 0.0
  vertex 10.376099586486816 6.444439888000488 0.0
  vertex 7.981649875640869 5.638889789581299 0.0
 endloop
endfacet
facet normal 0.0 0.0 1.0
 outer loop
  vertex 22.348600387573242 2.4166600704193115 0.0
  vertex 22.348600387573242 0.8055559992790222 0.0
  vertex 23.944900512695313 0.8055559992790222 0.0
 endloop
endfacet
facet normal 0.0 0.0 1.0
 outer loop
  vertex 25.541200637817383 2.4166600704193115 0.0
  vertex 23.944900512695313 4.027780055999756 0.0
  vertex 22.348600387573242 2.4166600704193115 0.0
 endloop
endfacet
facet normal 0.0 -0.0 1.0
 outer loop
  vertex 23.944900512695313 0.8055559992790222 0.0
  vertex 25.541200637817383 2.4166600704193115 0.0
  vertex 22.348600387573242 2.4166600704193115 0.0
 endloop
endfacet
facet normal 0.0 0.0 1.0
 outer loop
  vertex 22.348600387573242 5.638889789581299 0.0
  vertex 22.348600387573242 4.027780055999756 0.0
  vertex 23.944900512695313 4.027780055999756 0.0
 endloop
endfacet
facet normal 0.0 0.0 0.9999999999999999
 outer loop
  vertex 23.944900512695313 6.444439888000488 0.0
  vertex 22.348600387573242 5.638889789581299 0.0
  vertex 23.944900512695313 4.027780055999756 0.0
 endloop
endfacet
facet normal 0.0 0.0 0.9999999999999999
 outer loop
  vertex 23.944900512695313 6.444439888000488 0.0
  vertex 23.944900512695313 4.027780055999756 0.0
  vertex 25.541200637817383 5.638889789581299 0.0
 endloop
endfacet
facet normal 0.0 -0.0 1.0
 outer loop
  vertex 42.063240432739256 2.4166600704193115 0.0
  vertex 42.063240432739256 3.222219944000244 0.0
  vertex 41.50450134277344 4.027780055999756 0.0
 endloop
endfacet
facet normal -0.0 0.0 1.0
 outer loop
  vertex 39.11000061035156 1.611109972000122 0.0
  vertex 41.50450134277344 0.8055559992790222 0.0
  vertex 42.063240432739256 2.4166600704193115 0.0
 endloop
endfacet
facet normal 0.0 0.0 1.0
 outer loop
  vertex 42.063240432739256 2.4166600704193115 0.0
  vertex 41.50450134277344 4.027780055999756 0.0
  vertex 39.11000061035156 3.222219944000244 0.0
 endloop
endfacet
facet normal 0.0 0.0 1.0
 outer loop
  vertex 42.063240432739256 2.4166600704193115 0.0
  vertex 39.11000061035156 3.222219944000244 0.0
  vertex 39.11000061035156 1.611109972000122 0.0
 endloop
endfacet
facet normal 0.0 0.0 1.0
 outer loop
  vertex 40.70640182495117 6.686107921600342 0.0
  vertex 39.908199310302734 6.686107921600342 0.0
  vertex 39.11000061035156 6.444439888000488 0.0
 endloop
endfacet
facet normal 0.0 0.0 1.0
 outer loop
  vertex 41.50450134277344 5.638889789581299 0.0
  vertex 40.70640182495117 6.686107921600342 0.0
  vertex 39.11000061035156 6.444439888000488 0.0
 endloop
endfacet
facet normal 0.0 0.0 0.9999999999999999
 outer loop
  vertex 39.11000061035156 6.444439888000488 0.0
  vertex 38.3119010925293 4.833330154418945 0.0
  vertex 39.11000061035156 3.222219944000244 0.0
 endloop
endfacet
facet normal 0.0 0.0 0.9999999999999999
 outer loop
  vertex 39.11000061035156 6.444439888000488 0.0
  vertex 39.11000061035156 3.222219944000244 0.0
  vertex 41.50450134277344 4.027780055999756 0.0
 endloop
endfacet
facet normal 0.0 0.0 0.9999999999999999
 outer loop
  vertex 41.50450134277344 5.638889789581299 0.0
  vertex 39.11000061035156 6.444439888000488 0.0
  vertex 41.50450134277344 4.027780055999756 0.0
 endloop
endfacet
facet normal -0.0 0.0 1.0
 outer loop
  vertex 43.10089874267578 4.833330154418945 0.0
  vertex 43.61967887878418 4.712497639656067 0.0
  vertex 44.14314201772213 4.885251157917082 0.0
 endloop
endfacet
facet normal 0.0 0.0 1.0
 outer loop
  vertex 43.89899826049805 7.25 0.0
  vertex 42.856756375730036 7.198079133406281 0.0
  vertex 42.30270004272461 6.686107921600342 0.0
 endloop
endfacet
facet normal 0.0 0.0 0.9999999999999999
 outer loop
  vertex 43.10089874267578 4.833330154418945 0.0
  vertex 44.14314201772213 4.885251157917082 0.0
  vertex 44.697200775146484 5.638889789581299 0.0
 endloop
endfacet
facet normal 0.0 0.0 1.0
 outer loop
  vertex 41.50450134277344 5.638889789581299 0.0
  vertex 42.54215965270996 4.027780055999756 0.0
  vertex 43.10089874267578 4.833330154418945 0.0
 endloop
endfacet
facet normal 0.0 0.0 1.0
 outer loop
  vertex 42.30270004272461 6.686107921600342 0.0
  vertex 41.50450134277344 5.638889789581299 0.0
  vertex 43.10089874267578 4.833330154418945 0.0
 endloop
endfacet
facet normal 0.0 0.0 1.0
 outer loop
  vertex 43.10089874267578 4.833330154418945 0.0
  vertex 44.697200775146484 5.638889789581299 0.0
  vertex 43.89899826049805 7.25 0.0
 endloop
endfacet
facet normal 0.0 -0.0 1.0
 outer loop
  vertex 43.10089874267578 4.833330154418945 0.0
  vertex 43.89899826049805 7.25 0.0
  vertex 42.30270004272461 6.686107921600342 0.0
 endloop
endfacet
facet normal 0.0 0.0 1.0
 outer loop
  vertex 11.174300193786621 5.638889789581299 0.0
  vertex 11.174300193786621 4.027780055999756 0.0
  vertex 12.770600318908691 4.027780055999756 0.0
 endloop
endfacet
facet normal 0.0 -0.0 1.0
 outer loop
  vertex 14.366900444030762 5.638889789581299 0.0
  vertex 14.366900444030762 7.25 0.0
  vertex 12.770600318908691 7.25 0.0
 endloop
endfacet
facet normal -0.0 0.0 1.0
 outer loop
  vertex 11.174300193786621 5.638889789581299 0.0
  vertex 12.770600318908691 4.027780055999756 0.0
  vertex 14.366900444030762 5.638889789581299 0.0
 endloop
endfacet
facet normal 0.0 0.0 1.0
 outer loop
  vertex 11.174300193786621 5.638889789581299 0.0
  vertex 14.366900444030762 5.638889789581299 0.0
  vertex 12.770600318908691 7.25 0.0
 endloop
endfacet
facet normal 0.0 0.0 1.0
 outer loop
  vertex 14.366900444030762 5.638889789581299 0.0
  vertex 14.366900444030762 4.027780055999756 0.0
  vertex 15.963199615478516 4.027780055999756 0.0
 endloop
endfacet
facet normal 0.0 0.0 1.0
 outer loop
  vertex 16.76140022277832 6.444439888000488 0.0
  vertex 15.963199615478516 8.055560111999512 0.0
  vertex 14.366900444030762 7.25 0.0
 endloop
endfacet
facet normal 0.0 0.0 1.0
 outer loop
  vertex 16.76140022277832 6.444439888000488 0.0
  vertex 14.366900444030762 7.25 0.0
  vertex 14.366900444030762 5.638889789581299 0.0
 endloop
endfacet
facet normal 0.0 -0.0 1.0
 outer loop
  vertex 17.559600830078125 4.027780055999756 0.0
  vertex 18.35770034790039 5.98507027247892 0.0
  vertex 16.76140022277832 6.444439888000488 0.0
 endloop
endfacet
facet normal 0.0 0.0 1.0
 outer loop
  vertex 15.963199615478516 4.027780055999756 0.0
  vertex 17.559600830078125 4.027780055999756 0.0
  vertex 16.76140022277832 6.444439888000488 0.0
 endloop
endfacet
facet normal -0.0 0.0 1.0
 outer loop
  vertex 14.366900444030762 5.638889789581299 0.0
  vertex 15.963199615478516 4.027780055999756 0.0
  vertex 16.76140022277832 6.444439888000488 0.0
 endloop
endfacet
facet normal 0.0 0.0 1.0
 outer loop
  vertex 27.485400150830937 5.638889789581299 0.0
  vertex 27.377029800415038 6.444439888000488 0.0
  vertex 25.541200637817383 5.638889789581299 0.0
 endloop
endfacet
facet normal 0.0 0.0 1.0
 outer loop
  vertex 27.935699462890625 5.282539387040856 0.0
  vertex 27.485400150830937 5.638889789581299 0.0
  vertex 25.541200637817383 5.638889789581299 0.0
 endloop
endfacet
facet normal 0.0 0.0 1.0
 outer loop
  vertex 25.541200637817383 5.638889789581299 0.0
  vertex 23.944900512695313 4.027780055999756 0.0
  vertex 26.339399337768555 3.222219944000244 0.0
 endloop
endfacet
facet normal 0.0 0.0 0.9999999999999999
 outer loop
  vertex 27.935699462890625 5.282539387040856 0.0
  vertex 25.541200637817383 5.638889789581299 0.0
  vertex 26.339399337768555 3.222219944000244 0.0
 endloop
endfacet
facet normal 0.0 0.0 1.0
 outer loop
  vertex 27.935699462890625 5.282539387040856 0.0
  vertex 26.339399337768555 3.222219944000244 0.0
  vertex 27.935699462890625 3.222219944000244 0.0
 endloop
endfacet
facet normal 0.0 0.0 0.9999999999999999
 outer loop
  vertex 24.743099212646484 7.4916680335998524 0.0
  vertex 24.01475474834442 7.461459529399871 0.0
  vertex 23.944900512695313 6.444439888000488 0.0
 endloop
endfacet
facet normal 0.0 0.0 1.0
 outer loop
  vertex 26.339399337768555 7.25 0.0
  vertex 25.29709953442216 8.003639061003923 0.0
  vertex 24.743099212646484 7.4916680335998524 0.0
 endloop
endfacet
facet normal 0.0 0.0 1.0
 outer loop
  vertex 24.743099212646484 7.4916680335998524 0.0
  vertex 23.944900512695313 6.444439888000488 0.0
  vertex 25.541200637817383 5.638889789581299 0.0
 endloop
endfacet
facet normal 0.0 0.0 1.0
 outer loop
  vertex 24.743099212646484 7.4916680335998524 0.0
  vertex 25.541200637817383 5.638889789581299 0.0
  vertex 26.339399337768555 7.25 0.0
 endloop
endfacet
facet normal 0.0 0.0 1.0
 outer loop
  vertex 29.392365026474 7.874309086799621 0.0
  vertex 30.05082998275757 7.934726095199585 0.0
  vertex 30.57433733418584 8.107480118051171 0.0
 endloop
endfacet
facet normal 0.0 0.0 1.0
 outer loop
  vertex 28.73390007019043 9.102777767181395 0.0
  vertex 28.73390007019043 7.8138920783996575 0.0
  vertex 29.392365026474 7.874309086799621 0.0
 endloop
endfacet
facet normal 0.0 0.0 1.0
 outer loop
  vertex 29.531999588012695 9.207926082556066 0.0
  vertex 28.73390007019043 9.102777767181395 0.0
  vertex 29.392365026474 7.874309086799621 0.0
 endloop
endfacet
facet normal 0.0 0.0 1.0
 outer loop
  vertex 29.531999588012695 9.207926082556066 0.0
  vertex 29.392365026474 7.874309086799621 0.0
  vertex 30.57433733418584 8.107480118051171 0.0
 endloop
endfacet
facet normal -0.0 0.0 0.9999999999999999
 outer loop
  vertex 29.531999588012695 9.207926082556066 0.0
  vertex 30.57433733418584 8.107480118051171 0.0
  vertex 30.01953805662243 9.545615914443363 0.0
 endloop
endfacet
facet normal 0.0 0.0 1.0
 outer loop
  vertex 13.808230113983154 9.666669845581055 0.0
  vertex 13.489046086213904 10.069427505135536 0.0
  vertex 12.53114013671875 9.666669845581055 0.0
 endloop
endfacet
facet normal 0.0 0.0 1.0
 outer loop
  vertex 13.808230113983154 9.666669845581055 0.0
  vertex 12.53114013671875 9.666669845581055 0.0
  vertex 12.53114013671875 8.861109733581543 0.0
 endloop
endfacet
facet normal 0.0 0.0 0.9999999999999999
 outer loop
  vertex 12.53114013671875 8.861109733581543 0.0
  vertex 12.211859893798827 8.055560111999512 0.0
  vertex 12.770600318908691 7.25 0.0
 endloop
endfacet
facet normal 0.0 0.0 1.0
 outer loop
  vertex 14.36690044403076 9.102777767181395 0.0
  vertex 13.808230113983154 9.666669845581055 0.0
  vertex 12.53114013671875 8.861109733581543 0.0
 endloop
endfacet
facet normal 0.0 -0.0 0.9999999999999999
 outer loop
  vertex 14.366900444030762 7.25 0.0
  vertex 14.606360340118407 8.861109733581543 0.0
  vertex 14.36690044403076 9.102777767181395 0.0
 endloop
endfacet
facet normal 0.0 0.0 1.0
 outer loop
  vertex 12.53114013671875 8.861109733581543 0.0
  vertex 12.770600318908691 7.25 0.0
  vertex 14.366900444030762 7.25 0.0
 endloop
endfacet
facet normal 0.0 0.0 1.0
 outer loop
  vertex 14.36690044403076 9.102777767181395 0.0
  vertex 12.53114013671875 8.861109733581543 0.0
  vertex 14.366900444030762 7.25 0.0
 endloop
endfacet
facet normal -0.0 0.0 0.9999999999999999
 outer loop
  vertex 35.91740036010742 10.230541229248047 0.0
  vertex 36.71549987792969 10.172211823998758 0.0
  vertex 37.26925072669982 10.270471471484258 0.0
 endloop
endfacet
facet normal 0.0 0.0 1.0
 outer loop
  vertex 37.26925072669982 10.270471471484258 0.0
  vertex 37.75315933227539 11.277700424194336 0.0
  vertex 37.75315933227539 12.08329963684082 0.0
 endloop
endfacet
facet normal 0.0 0.0 1.0
 outer loop
  vertex 35.91740036010742 12.08329963684082 0.0
  vertex 35.91740036010742 10.230541229248047 0.0
  vertex 37.26925072669982 10.270471471484258 0.0
 endloop
endfacet
facet normal 0.0 0.0 0.9999999999999999
 outer loop
  vertex 37.75315933227539 12.08329963684082 0.0
  vertex 35.91740036010742 12.08329963684082 0.0
  vertex 37.26925072669982 10.270471471484258 0.0
 endloop
endfacet
facet normal 0.0 0.0 1.0
 outer loop
  vertex 33.283440017700194 11.277700424194336 0.0
  vertex 33.819043800234795 9.705266372941376 0.0
  vertex 34.32099914550781 9.908329010009766 0.0
 endloop
endfacet
facet normal 0.0 0.0 1.0
 outer loop
  vertex 35.11920166015625 10.230541229248047 0.0
  vertex 35.91740036010742 10.230541229248047 0.0
  vertex 35.91740036010742 12.08329963684082 0.0
 endloop
endfacet
facet normal 0.0 -0.0 1.0
 outer loop
  vertex 35.11920166015625 10.230541229248047 0.0
  vertex 35.91740036010742 12.08329963684082 0.0
  vertex 34.32099914550781 12.08329963684082 0.0
 endloop
endfacet
facet normal 0.0 0.0 1.0
 outer loop
  vertex 35.11920166015625 10.230541229248047 0.0
  vertex 34.32099914550781 12.08329963684082 0.0
  vertex 33.283440017700194 11.277700424194336 0.0
 endloop
endfacet
facet normal 0.0 -0.0 1.0
 outer loop
  vertex 34.32099914550781 9.908329010009766 0.0
  vertex 35.11920166015625 10.230541229248047 0.0
  vertex 33.283440017700194 11.277700424194336 0.0
 endloop
endfacet
facet normal 0.0 0.0 1.0
 outer loop
  vertex 49.48619842529297 9.666669845581055 0.0
  vertex 48.40459841036555 9.57196673968652 0.0
  vertex 47.889801025390625 9.294054158637827 0.0
 endloop
endfacet
facet normal 0.0 0.0 1.0
 outer loop
  vertex 51.08250045776367 10.472200393676758 0.0
  vertex 49.99502967526554 10.39262874537432 0.0
  vertex 49.48619842529297 9.666669845581055 0.0
 endloop
endfacet
facet normal 0.0 0.0 1.0
 outer loop
  vertex 48.6879997253418 7.25 0.0
  vertex 49.73030022382736 7.3019208665937185 0.0
  vertex 50.2843017578125 8.055560111999512 0.0
 endloop
endfacet
facet normal 0.0 0.0 1.0
 outer loop
  vertex 51.880699157714844 8.861109733581543 0.0
  vertex 51.08250045776367 10.472200393676758 0.0
  vertex 49.48619842529297 9.666669845581055 0.0
 endloop
endfacet
facet normal 0.0 -0.0 1.0
 outer loop
  vertex 50.2843017578125 8.055560111999512 0.0
  vertex 51.880699157714844 8.861109733581543 0.0
  vertex 49.48619842529297 9.666669845581055 0.0
 endloop
endfacet
facet normal 0.0 0.0 1.0
 outer loop
  vertex 48.6879997253418 7.25 0.0
  vertex 50.2843017578125 8.055560111999512 0.0
  vertex 49.48619842529297 9.666669845581055 0.0
 endloop
endfacet
facet normal 0.0 -0.0 1.0
 outer loop
  vertex 48.6879997253418 7.25 0.0
  vertex 49.48619842529297 9.666669845581055 0.0
  vertex 47.889801025390625 9.294054158637827 0.0
 endloop
endfacet
facet normal 0.0 0.0 1.0
 outer loop
  vertex 52.67879867553711 11.519380187988281 0.0
  vertex 52.12510411739349 11.41364529132843 0.0
  vertex 51.62720057517289 11.197468207776545 0.0
 endloop
endfacet
facet normal 0.0 0.0 1.0
 outer loop
  vertex 51.880699157714844 8.861109733581543 0.0
  vertex 52.92294243276119 8.913030784577131 0.0
  vertex 53.47700119018555 9.666669845581055 0.0
 endloop
endfacet
facet normal 0.0 0.0 1.0
 outer loop
  vertex 53.47700119018555 11.277700424194336 0.0
  vertex 52.67879867553711 11.519380187988281 0.0
  vertex 51.62720057517289 11.197468207776545 0.0
 endloop
endfacet
facet normal 0.0 0.0 1.0
 outer loop
  vertex 51.62720057517289 11.197468207776545 0.0
  vertex 51.08250045776367 10.472200393676758 0.0
  vertex 51.880699157714844 8.861109733581543 0.0
 endloop
endfacet
facet normal 0.0 -0.0 1.0
 outer loop
  vertex 53.47700119018555 9.666669845581055 0.0
  vertex 53.47700119018555 11.277700424194336 0.0
  vertex 51.62720057517289 11.197468207776545 0.0
 endloop
endfacet
facet normal 0.0 -0.0 1.0
 outer loop
  vertex 51.880699157714844 8.861109733581543 0.0
  vertex 53.47700119018555 9.666669845581055 0.0
  vertex 51.62720057517289 11.197468207776545 0.0
 endloop
endfacet
facet normal 0.0 0.0 1.0
 outer loop
  vertex 75.02749633789063 12.647149658203125 0.0
  vertex 75.58616867065429 12.08329963684082 0.0
  vertex 76.6238021850586 12.08329963684082 0.0
 endloop
endfacet
facet normal 0.0 0.0 1.0
 outer loop
  vertex 75.02749633789063 13.6943998336792 0.0
  vertex 75.02749633789063 12.647149658203125 0.0
  vertex 76.6238021850586 12.08329963684082 0.0
 endloop
endfacet
facet normal 0.0 0.0 1.0
 outer loop
  vertex 76.6238021850586 12.08329963684082 0.0
  vertex 78.22010040283203 13.6943998336792 0.0
  vertex 76.6238021850586 14.5 0.0
 endloop
endfacet
facet normal -0.0 0.0 0.9999999999999999
 outer loop
  vertex 75.02749633789063 13.6943998336792 0.0
  vertex 76.6238021850586 12.08329963684082 0.0
  vertex 76.6238021850586 14.5 0.0
 endloop
endfacet
facet normal 0.0 0.0 1.0
 outer loop
  vertex 76.6238021850586 15.305500030517578 0.0
  vertex 76.2011591354743 15.972759354882873 0.0
  vertex 75.73404323656038 16.444679314282258 0.0
 endloop
endfacet
facet normal 0.0 -0.0 1.0
 outer loop
  vertex 76.6238021850586 14.5 0.0
  vertex 76.6238021850586 15.305500030517578 0.0
  vertex 75.73404323656038 16.444679314282258 0.0
 endloop
endfacet
facet normal 0.0 0.0 1.0
 outer loop
  vertex 75.73404323656038 16.444679314282258 0.0
  vertex 75.02749633789063 16.91659927368164 0.0
  vertex 73.43109893798828 16.91659927368164 0.0
 endloop
endfacet
facet normal -0.0 0.0 1.0
 outer loop
  vertex 74.22930145263672 14.5 0.0
  vertex 75.02749633789063 13.6943998336792 0.0
  vertex 76.6238021850586 14.5 0.0
 endloop
endfacet
facet normal 0.0 0.0 1.0
 outer loop
  vertex 74.22930145263672 14.5 0.0
  vertex 76.6238021850586 14.5 0.0
  vertex 75.73404323656038 16.444679314282258 0.0
 endloop
endfacet
facet normal 0.0 -0.0 1.0
 outer loop
  vertex 74.22930145263672 14.5 0.0
  vertex 75.73404323656038 16.444679314282258 0.0
  vertex 73.43109893798828 16.91659927368164 0.0
 endloop
endfacet
facet normal 0.0 0.0 1.0
 outer loop
  vertex 74.22930145263672 14.5 0.0
  vertex 73.43109893798828 16.91659927368164 0.0
  vertex 72.63300323486328 15.063850021362306 0.0
 endloop
endfacet
facet normal 0.0 0.0 1.0
 outer loop
  vertex 21.550399780273438 19.33329963684082 0.0
  vertex 22.348600387573242 18.286050415039064 0.0
  vertex 23.146699905395508 18.527700424194336 0.0
 endloop
endfacet
facet normal 0.0 0.0 1.0
 outer loop
  vertex 23.146699905395508 18.527700424194336 0.0
  vertex 24.743099212646484 19.33329963684082 0.0
  vertex 23.750598946442505 20.2363161909726 0.0
 endloop
endfacet
facet normal 0.0 0.0 1.0
 outer loop
  vertex 23.146699905395508 18.527700424194336 0.0
  vertex 23.750598946442505 20.2363161909726 0.0
  vertex 23.146699905395508 20.380480003356933 0.0
 endloop
endfacet
facet normal -0.0 0.0 1.0
 outer loop
  vertex 21.550399780273438 19.33329963684082 0.0
  vertex 23.146699905395508 18.527700424194336 0.0
  vertex 23.146699905395508 20.380480003356933 0.0
 endloop
endfacet
facet normal 0.0 0.0 0.9999999999999999
 outer loop
  vertex 21.550399780273438 19.33329963684082 0.0
  vertex 23.146699905395508 20.380480003356933 0.0
  vertex 22.348600387573242 20.67959204157132 0.0
 endloop
endfacet
facet normal 0.0 0.0 1.0
 outer loop
  vertex 27.13759994506836 18.527700424194336 0.0
  vertex 26.893137741088864 19.469227766990663 0.0
  vertex 26.217169189453124 19.522088706493378 0.0
 endloop
endfacet
facet normal 0.0 0.0 1.0
 outer loop
  vertex 26.217169189453124 19.522088706493378 0.0
  vertex 25.541200637817383 19.574949645996092 0.0
  vertex 24.743099212646484 19.33329963684082 0.0
 endloop
endfacet
facet normal 0.0 0.0 1.0
 outer loop
  vertex 25.541200637817383 17.351907150407925 0.0
  vertex 26.0999397277832 16.91659927368164 0.0
  vertex 27.13759994506836 16.91659927368164 0.0
 endloop
endfacet
facet normal -0.0 0.0 1.0
 outer loop
  vertex 25.541200637817383 17.351907150407925 0.0
  vertex 27.13759994506836 16.91659927368164 0.0
  vertex 27.13759994506836 18.527700424194336 0.0
 endloop
endfacet
facet normal 0.0 0.0 0.9999999999999999
 outer loop
  vertex 24.743099212646484 19.33329963684082 0.0
  vertex 24.743099212646484 17.480520057678223 0.0
  vertex 25.541200637817383 17.351907150407925 0.0
 endloop
endfacet
facet normal 0.0 0.0 1.0
 outer loop
  vertex 26.217169189453124 19.522088706493378 0.0
  vertex 24.743099212646484 19.33329963684082 0.0
  vertex 25.541200637817383 17.351907150407925 0.0
 endloop
endfacet
facet normal 0.0 0.0 1.0
 outer loop
  vertex 26.217169189453124 19.522088706493378 0.0
  vertex 25.541200637817383 17.351907150407925 0.0
  vertex 27.13759994506836 18.527700424194336 0.0
 endloop
endfacet
facet normal 0.0 0.0 1.0
 outer loop
  vertex 13.56879997253418 21.75 0.0
  vertex 14.366900444030762 20.70272045135498 0.0
  vertex 15.16510009765625 20.70272045135498 0.0
 endloop
endfacet
facet normal -0.0 0.0 1.0
 outer loop
  vertex 13.56879997253418 21.75 0.0
  vertex 15.16510009765625 20.70272045135498 0.0
  vertex 15.963199615478516 22.555500030517578 0.0
 endloop
endfacet
facet normal 0.0 0.0 1.0
 outer loop
  vertex 14.366900444030762 24.16659927368164 0.0
  vertex 12.770600318908691 23.361099243164063 0.0
  vertex 13.56879997253418 21.75 0.0
 endloop
endfacet
facet normal 0.0 0.0 1.0
 outer loop
  vertex 14.366900444030762 24.16659927368164 0.0
  vertex 13.56879997253418 21.75 0.0
  vertex 15.963199615478516 22.555500030517578 0.0
 endloop
endfacet
facet normal 0.0 0.0 1.0
 outer loop
  vertex 18.35770034790039 19.865590302487767 0.0
  vertex 19.38712061285897 19.197354769706727 0.0
  vertex 19.954099655151367 19.091619873046874 0.0
 endloop
endfacet
facet normal -0.0 0.0 0.9999999999999999
 outer loop
  vertex 19.954099655151367 19.091619873046874 0.0
  vertex 20.752199172973633 18.777098845651278 0.0
  vertex 21.550399780273438 20.1387996673584 0.0
 endloop
endfacet
facet normal 0.0 0.0 1.0
 outer loop
  vertex 21.550399780273438 20.1387996673584 0.0
  vertex 20.68665568598398 21.168327195724743 0.0
  vertex 19.954099655151367 21.271413722199004 0.0
 endloop
endfacet
facet normal 0.0 0.0 1.0
 outer loop
  vertex 19.954099655151367 21.271413722199004 0.0
  vertex 19.42196617109295 21.618900490754214 0.0
  vertex 18.35770034790039 19.865590302487767 0.0
 endloop
endfacet
facet normal 0.0 0.0 1.0
 outer loop
  vertex 19.954099655151367 19.091619873046874 0.0
  vertex 21.550399780273438 20.1387996673584 0.0
  vertex 19.954099655151367 21.271413722199004 0.0
 endloop
endfacet
facet normal -0.0 0.0 0.9999999999999999
 outer loop
  vertex 18.35770034790039 19.865590302487767 0.0
  vertex 19.954099655151367 19.091619873046874 0.0
  vertex 19.954099655151367 21.271413722199004 0.0
 endloop
endfacet
facet normal -0.0 0.0 1.0
 outer loop
  vertex 15.16510009765625 20.70272045135498 0.0
  vertex 15.963199615478516 20.380480003356933 0.0
  vertex 16.76140022277832 20.944400787353516 0.0
 endloop
endfacet
facet normal 0.0 0.0 0.9999999999999999
 outer loop
  vertex 15.963199615478516 22.555500030517578 0.0
  vertex 15.16510009765625 20.70272045135498 0.0
  vertex 16.76140022277832 20.944400787353516 0.0
 endloop
endfacet
facet normal 0.0 0.0 1.0
 outer loop
  vertex 16.76140022277832 20.944400787353516 0.0
  vertex 18.35770034790039 21.75 0.0
  vertex 18.11827049255371 22.555500030517578 0.0
 endloop
endfacet
facet normal -0.0 0.0 1.0
 outer loop
  vertex 15.963199615478516 22.555500030517578 0.0
  vertex 16.76140022277832 20.944400787353516 0.0
  vertex 18.11827049255371 22.555500030517578 0.0
 endloop
endfacet
facet normal 0.0 0.0 1.0
 outer loop
  vertex 15.963199615478516 22.555500030517578 0.0
  vertex 18.11827049255371 22.555500030517578 0.0
  vertex 16.76140022277832 23.361099243164063 0.0
 endloop
endfacet
facet normal 0.0 0.0 1.0
 outer loop
  vertex 2.3944900035858154 24.16659927368164 0.0
  vertex 1.5963300466537476 23.361099243164063 0.0
  vertex 3.192660093307495 22.555500030517578 0.0
 endloop
endfacet
facet normal 0.0 0.0 1.0
 outer loop
  vertex 2.3944900035858154 24.16659927368164 0.0
  vertex 3.192660093307495 22.555500030517578 0.0
  vertex 4.788990020751953 23.361099243164063 0.0
 endloop
endfacet
facet normal 0.0 0.0 1.0
 outer loop
  vertex 3.9908199310302734 24.972200393676758 0.0
  vertex 2.3944900035858154 24.16659927368164 0.0
  vertex 4.788990020751953 23.361099243164063 0.0
 endloop
endfacet
facet normal 0.0 0.0 0.9999999999999999
 outer loop
  vertex 73.43109893798828 18.527700424194336 0.0
  vertex 72.94851330030602 19.33329963684082 0.0
  vertex 71.83480072021484 19.33329963684082 0.0
 endloop
endfacet
facet normal 0.0 0.0 1.0
 outer loop
  vertex 70.2385025024414 18.527700424194336 0.0
  vertex 70.69743089675903 17.01733100414276 0.0
  vertex 71.83480072021484 16.91659927368164 0.0
 endloop
endfacet
facet normal 0.0 0.0 1.0
 outer loop
  vertex 71.83480072021484 19.33329963684082 0.0
  vertex 70.2385025024414 18.527700424194336 0.0
  vertex 71.83480072021484 16.91659927368164 0.0
 endloop
endfacet
facet normal 0.0 0.0 1.0
 outer loop
  vertex 73.43109893798828 18.527700424194336 0.0
  vertex 71.83480072021484 19.33329963684082 0.0
  vertex 71.83480072021484 16.91659927368164 0.0
 endloop
endfacet
facet normal 0.0 0.0 0.9999999999999999
 outer loop
  vertex 68.64209747314453 20.1387996673584 0.0
  vertex 68.7469007730484 18.985892105102536 0.0
  vertex 70.2385025024414 18.527700424194336 0.0
 endloop
endfacet
facet normal 0.0 0.0 0.9999999999999999
 outer loop
  vertex 71.0365982055664 20.944400787353516 0.0
  vertex 69.44029998779297 21.75 0.0
  vertex 68.64209747314453 20.1387996673584 0.0
 endloop
endfacet
facet normal 0.0 0.0 1.0
 outer loop
  vertex 71.0365982055664 20.944400787353516 0.0
  vertex 68.64209747314453 20.1387996673584 0.0
  vertex 70.2385025024414 18.527700424194336 0.0
 endloop
endfacet
facet normal 0.0 0.0 1.0
 outer loop
  vertex 71.0365982055664 20.944400787353516 0.0
  vertex 70.2385025024414 18.527700424194336 0.0
  vertex 71.83480072021484 19.33329963684082 0.0
 endloop
endfacet
facet normal 0.0 -0.0 1.0
 outer loop
  vertex 5.0284380435943605 21.75 0.0
  vertex 5.5871500968933105 22.313850021362306 0.0
  vertex 4.788990020751953 23.361099243164063 0.0
 endloop
endfacet
facet normal 0.0 0.0 1.0
 outer loop
  vertex 5.0284380435943605 21.75 0.0
  vertex 4.788990020751953 23.361099243164063 0.0
  vertex 3.192660093307495 22.555500030517578 0.0
 endloop
endfacet
facet normal 0.0 0.0 1.0
 outer loop
  vertex 5.0284380435943605 21.75 0.0
  vertex 3.192660093307495 22.555500030517578 0.0
  vertex 3.7513719797134395 20.944400787353516 0.0
 endloop
endfacet
facet normal 0.0 0.0 0.9999999999999999
 outer loop
  vertex 58.01250870674848 22.635748402774333 0.0
  vertex 58.51044886112213 22.419571900367735 0.0
  vertex 59.18637486696243 22.36671096086502 0.0
 endloop
endfacet
facet normal 0.0 0.0 1.0
 outer loop
  vertex 58.26599884033203 24.16659927368164 0.0
  vertex 57.46780014038086 23.119419479370116 0.0
  vertex 58.01250870674848 22.635748402774333 0.0
 endloop
endfacet
facet normal 0.0 0.0 0.9999999999999999
 outer loop
  vertex 58.26599884033203 24.16659927368164 0.0
  vertex 58.01250870674848 22.635748402774333 0.0
  vertex 59.18637486696243 22.36671096086502 0.0
 endloop
endfacet
facet normal -0.0 0.0 1.0
 outer loop
  vertex 58.26599884033203 24.16659927368164 0.0
  vertex 59.18637486696243 22.36671096086502 0.0
  vertex 59.862300872802734 24.16659927368164 0.0
 endloop
endfacet
facet normal -0.0 0.0 1.0
 outer loop
  vertex 67.0457992553711 21.75 0.0
  vertex 67.0457992553711 20.944400787353516 0.0
  vertex 69.44029998779297 21.75 0.0
 endloop
endfacet
facet normal 0.0 0.0 1.0
 outer loop
  vertex 67.0457992553711 21.75 0.0
  vertex 69.44029998779297 21.75 0.0
  vertex 68.64209747314453 23.361099243164063 0.0
 endloop
endfacet
facet normal -0.0 0.0 1.0
 outer loop
  vertex 66.24759674072266 23.361099243164063 0.0
  vertex 67.0457992553711 21.75 0.0
  vertex 68.64209747314453 23.361099243164063 0.0
 endloop
endfacet
facet normal 0.0 0.0 1.0
 outer loop
  vertex 66.24759674072266 23.361099243164063 0.0
  vertex 68.64209747314453 23.361099243164063 0.0
  vertex 67.84400177001953 24.16659927368164 0.0
 endloop
endfacet
facet normal 0.0 0.0 1.0
 outer loop
  vertex 53.22350921928883 23.431776145870874 0.0
  vertex 53.73257312644274 23.2347640211244 0.0
  vertex 54.397374224662784 23.17228692770004 0.0
 endloop
endfacet
facet normal 0.0 -0.0 1.0
 outer loop
  vertex 55.073299407958984 24.16659927368164 0.0
  vertex 55.073299407958984 24.972200393676758 0.0
  vertex 54.27519989013672 25.777700424194336 0.0
 endloop
endfacet
facet normal 0.0 0.0 1.0
 outer loop
  vertex 52.67879867553711 23.873987591401168 0.0
  vertex 53.22350921928883 23.431776145870874 0.0
  vertex 54.397374224662784 23.17228692770004 0.0
 endloop
endfacet
facet normal 0.0 0.0 1.0
 outer loop
  vertex 52.67879867553711 25.777700424194336 0.0
  vertex 51.880699157714844 24.972200393676758 0.0
  vertex 52.67879867553711 23.873987591401168 0.0
 endloop
endfacet
facet normal -0.0 0.0 1.0
 outer loop
  vertex 52.67879867553711 23.873987591401168 0.0
  vertex 54.397374224662784 23.17228692770004 0.0
  vertex 55.073299407958984 24.16659927368164 0.0
 endloop
endfacet
facet normal 0.0 0.0 1.0
 outer loop
  vertex 52.67879867553711 23.873987591401168 0.0
  vertex 55.073299407958984 24.16659927368164 0.0
  vertex 54.27519989013672 25.777700424194336 0.0
 endloop
endfacet
facet normal 0.0 0.0 1.0
 outer loop
  vertex 52.67879867553711 23.873987591401168 0.0
  vertex 54.27519989013672 25.777700424194336 0.0
  vertex 52.67879867553711 25.777700424194336 0.0
 endloop
endfacet
facet normal 0.0 0.0 0.9999999999999999
 outer loop
  vertex 64.65129852294922 24.972200393676758 0.0
  vertex 63.85309982299805 23.361099243164063 0.0
  vertex 66.24759674072266 23.361099243164063 0.0
 endloop
endfacet
facet normal 0.0 0.0 1.0
 outer loop
  vertex 66.24759674072266 25.21385040283203 0.0
  vertex 64.65129852294922 24.972200393676758 0.0
  vertex 66.24759674072266 23.361099243164063 0.0
 endloop
endfacet
facet normal 0.0 0.0 1.0
 outer loop
  vertex 16.76140022277832 23.361099243164063 0.0
  vertex 18.35770034790039 23.602749252319335 0.0
  vertex 18.35770034790039 24.972200393676758 0.0
 endloop
endfacet
facet normal 0.0 0.0 1.0
 outer loop
  vertex 17.559600830078125 25.777700424194336 0.0
  vertex 15.963199615478516 26.58329963684082 0.0
  vertex 15.16510009765625 25.777700424194336 0.0
 endloop
endfacet
facet normal 0.0 0.0 1.0
 outer loop
  vertex 17.559600830078125 25.777700424194336 0.0
  vertex 15.16510009765625 25.777700424194336 0.0
  vertex 15.963199615478516 24.16659927368164 0.0
 endloop
endfacet
facet normal -0.0 0.0 1.0
 outer loop
  vertex 15.963199615478516 24.16659927368164 0.0
  vertex 16.76140022277832 23.361099243164063 0.0
  vertex 18.35770034790039 24.972200393676758 0.0
 endloop
endfacet
facet normal 0.0 0.0 1.0
 outer loop
  vertex 17.559600830078125 25.777700424194336 0.0
  vertex 15.963199615478516 24.16659927368164 0.0
  vertex 18.35770034790039 24.972200393676758 0.0
 endloop
endfacet
facet normal 0.0 0.0 1.0
 outer loop
  vertex 9.32449453473091 21.83023221641779 0.0
  vertex 9.822397518157958 21.614055132865907 0.0
  vertex 10.498348855972289 21.56118768453598 0.0
 endloop
endfacet
facet normal 0.0 0.0 1.0
 outer loop
  vertex 8.779809951782227 24.16659927368164 0.0
  vertex 7.981649875640869 22.313850021362306 0.0
  vertex 8.779809951782227 22.313850021362306 0.0
 endloop
endfacet
facet normal -0.0 0.0 1.0
 outer loop
  vertex 9.32449453473091 21.83023221641779 0.0
  vertex 10.498348855972289 21.56118768453598 0.0
  vertex 10.376099586486816 23.361099243164063 0.0
 endloop
endfacet
facet normal 0.0 0.0 1.0
 outer loop
  vertex 10.376099586486816 23.361099243164063 0.0
  vertex 8.779809951782227 24.16659927368164 0.0
  vertex 8.779809951782227 22.313850021362306 0.0
 endloop
endfacet
facet normal 0.0 -0.0 1.0
 outer loop
  vertex 9.32449453473091 21.83023221641779 0.0
  vertex 10.376099586486816 23.361099243164063 0.0
  vertex 8.779809951782227 22.313850021362306 0.0
 endloop
endfacet
facet normal 0.0 0.0 1.0
 outer loop
  vertex 8.779809951782227 25.777700424194336 0.0
  vertex 8.779809951782227 24.16659927368164 0.0
  vertex 11.174300193786621 24.972200393676758 0.0
 endloop
endfacet
facet normal 0.0 0.0 1.0
 outer loop
  vertex 10.376099586486816 26.58329963684082 0.0
  vertex 8.779809951782227 25.777700424194336 0.0
  vertex 11.174300193786621 24.972200393676758 0.0
 endloop
endfacet
facet normal -0.0 0.0 1.0
 outer loop
  vertex 63.85309982299804 21.18608055114746 0.0
  vertex 64.09255943298339 20.944400787353516 0.0
  vertex 65.44950103759766 21.75 0.0
 endloop
endfacet
facet normal 0.0 0.0 0.9999999999999999
 outer loop
  vertex 63.85309982299804 21.18608055114746 0.0
  vertex 65.44950103759766 21.75 0.0
  vertex 63.85309982299805 23.361099243164063 0.0
 endloop
endfacet
facet normal 0.0 -0.0 1.0
 outer loop
  vertex 63.85309982299804 21.18608055114746 0.0
  vertex 63.85309982299805 23.361099243164063 0.0
  vertex 63.19464263916015 21.377202834152563 0.0
 endloop
endfacet
facet normal 0.0 0.0 1.0
 outer loop
  vertex 4.788990020751953 26.58329963684082 0.0
  vertex 3.9908199310302734 25.777700424194336 0.0
  vertex 3.9908199310302734 24.972200393676758 0.0
 endloop
endfacet
facet normal 0.0 0.0 0.9999999999999999
 outer loop
  vertex 4.788990020751953 26.58329963684082 0.0
  vertex 3.9908199310302734 24.972200393676758 0.0
  vertex 6.38532018661499 24.972200393676758 0.0
 endloop
endfacet
facet normal 0.0 0.0 1.0
 outer loop
  vertex 6.38532018661499 27.3887996673584 0.0
  vertex 4.788990020751953 26.58329963684082 0.0
  vertex 6.38532018661499 24.972200393676758 0.0
 endloop
endfacet
facet normal 0.0 0.0 1.0
 outer loop
  vertex 6.38532018661499 27.3887996673584 0.0
  vertex 6.38532018661499 24.972200393676758 0.0
  vertex 7.1834797859191895 25.777700424194336 0.0
 endloop
endfacet
facet normal 0.0 -0.0 1.0
 outer loop
  vertex 7.1834797859191895 23.361099243164063 0.0
  vertex 7.1834797859191895 24.16659927368164 0.0
  vertex 6.38532018661499 24.972200393676758 0.0
 endloop
endfacet
facet normal 0.0 0.0 0.9999999999999999
 outer loop
  vertex 6.38532018661499 24.972200393676758 0.0
  vertex 3.9908199310302734 24.972200393676758 0.0
  vertex 4.788990020751953 23.361099243164063 0.0
 endloop
endfacet
facet normal 0.0 0.0 1.0
 outer loop
  vertex 7.1834797859191895 23.361099243164063 0.0
  vertex 6.38532018661499 24.972200393676758 0.0
  vertex 4.788990020751953 23.361099243164063 0.0
 endloop
endfacet
facet normal 0.0 0.0 0.9999999999999999
 outer loop
  vertex 7.1834797859191895 23.361099243164063 0.0
  vertex 4.788990020751953 23.361099243164063 0.0
  vertex 5.5871500968933105 22.313850021362306 0.0
 endloop
endfacet
facet normal 0.0 0.0 1.0
 outer loop
  vertex 13.56879997253418 24.972200393676758 0.0
  vertex 11.972399711608887 25.777700424194336 0.0
  vertex 11.174300193786621 24.972200393676758 0.0
 endloop
endfacet
facet normal 0.0 -0.0 0.9999999999999999
 outer loop
  vertex 12.770600318908691 23.361099243164063 0.0
  vertex 13.56879997253418 24.972200393676758 0.0
  vertex 11.174300193786621 24.972200393676758 0.0
 endloop
endfacet
facet normal 0.0 0.0 1.0
 outer loop
  vertex 12.770600318908691 23.361099243164063 0.0
  vertex 11.174300193786621 24.972200393676758 0.0
  vertex 10.376099586486816 23.361099243164063 0.0
 endloop
endfacet
facet normal 0.0 -0.0 1.0
 outer loop
  vertex 11.972399711608887 22.555500030517578 0.0
  vertex 12.770600318908691 23.361099243164063 0.0
  vertex 10.376099586486816 23.361099243164063 0.0
 endloop
endfacet
facet normal 0.0 -0.0 1.0
 outer loop
  vertex 60.660499572753906 24.972200393676758 0.0
  vertex 60.660499572753906 26.01938018798828 0.0
  vertex 59.862300872802734 26.15912107094966 0.0
 endloop
endfacet
facet normal 0.0 0.0 1.0
 outer loop
  vertex 59.862300872802734 24.16659927368164 0.0
  vertex 60.660499572753906 24.972200393676758 0.0
  vertex 59.862300872802734 26.15912107094966 0.0
 endloop
endfacet
facet normal 0.0 0.0 1.0
 outer loop
  vertex 59.862300872802734 26.15912107094966 0.0
  vertex 58.81472888605103 26.704124641418456 0.0
  vertex 57.46780014038086 25.777700424194336 0.0
 endloop
endfacet
facet normal 0.0 0.0 1.0
 outer loop
  vertex 59.862300872802734 26.15912107094966 0.0
  vertex 57.46780014038086 25.777700424194336 0.0
  vertex 58.26599884033203 24.16659927368164 0.0
 endloop
endfacet
facet normal 0.0 -0.0 1.0
 outer loop
  vertex 59.862300872802734 24.16659927368164 0.0
  vertex 59.862300872802734 26.15912107094966 0.0
  vertex 58.26599884033203 24.16659927368164 0.0
 endloop
endfacet
facet normal 0.0 0.0 1.0
 outer loop
  vertex 63.05500030517578 24.972200393676758 0.0
  vertex 62.2568016052246 26.01938018798828 0.0
  vertex 60.660499572753906 24.972200393676758 0.0
 endloop
endfacet
facet normal 0.0 0.0 1.0
 outer loop
  vertex 60.660499572753906 24.972200393676758 0.0
  vertex 60.660499572753906 23.361099243164063 0.0
  vertex 61.45869827270508 22.313850021362306 0.0
 endloop
endfacet
facet normal 0.0 0.0 1.0
 outer loop
  vertex 63.05500030517578 24.972200393676758 0.0
  vertex 60.660499572753906 24.972200393676758 0.0
  vertex 61.45869827270508 22.313850021362306 0.0
 endloop
endfacet
facet normal 0.0 0.0 1.0
 outer loop
  vertex 63.85309982299805 23.361099243164063 0.0
  vertex 63.05500030517578 24.972200393676758 0.0
  vertex 61.45869827270508 22.313850021362306 0.0
 endloop
endfacet
facet normal 0.0 0.0 1.0
 outer loop
  vertex 2.3944900035858154 27.3887996673584 0.0
  vertex 2.3944900035858154 25.777700424194336 0.0
  vertex 3.9908199310302734 25.777700424194336 0.0
 endloop
endfacet
facet normal 0.0 -0.0 1.0
 outer loop
  vertex 4.788990020751953 26.58329963684082 0.0
  vertex 4.788990020751953 28.194400787353516 0.0
  vertex 3.192660093307495 28.194400787353516 0.0
 endloop
endfacet
facet normal 0.0 0.0 1.0
 outer loop
  vertex 4.788990020751953 26.58329963684082 0.0
  vertex 3.192660093307495 28.194400787353516 0.0
  vertex 2.3944900035858154 27.3887996673584 0.0
 endloop
endfacet
facet normal 0.0 -0.0 1.0
 outer loop
  vertex 3.9908199310302734 25.777700424194336 0.0
  vertex 4.788990020751953 26.58329963684082 0.0
  vertex 2.3944900035858154 27.3887996673584 0.0
 endloop
endfacet
facet normal -0.0 0.0 0.9999999999999999
 outer loop
  vertex 15.963199615478516 26.58329963684082 0.0
  vertex 17.559600830078125 25.777700424194336 0.0
  vertex 17.559600830078125 28.194400787353516 0.0
 endloop
endfacet
facet normal -0.0 0.0 1.0
 outer loop
  vertex 15.963199615478516 28.194400787353516 0.0
  vertex 15.963199615478516 26.58329963684082 0.0
  vertex 17.559600830078125 28.194400787353516 0.0
 endloop
endfacet
facet normal 0.0 0.0 1.0
 outer loop
  vertex 19.155899047851563 25.777700424194336 0.0
  vertex 20.752199172973633 25.777700424194336 0.0
  vertex 19.954099655151367 27.3887996673584 0.0
 endloop
endfacet
facet normal 0.0 0.0 0.9999999999999999
 outer loop
  vertex 19.155899047851563 25.777700424194336 0.0
  vertex 19.954099655151367 27.3887996673584 0.0
  vertex 19.155899047851563 28.194400787353516 0.0
 endloop
endfacet
facet normal 0.0 0.0 1.0
 outer loop
  vertex 17.559600830078125 25.777700424194336 0.0
  vertex 19.155899047851563 25.777700424194336 0.0
  vertex 19.155899047851563 28.194400787353516 0.0
 endloop
endfacet
facet normal 0.0 0.0 1.0
 outer loop
  vertex 17.559600830078125 25.777700424194336 0.0
  vertex 19.155899047851563 28.194400787353516 0.0
  vertex 17.559600830078125 28.194400787353516 0.0
 endloop
endfacet
facet normal 0.0 0.0 1.0
 outer loop
  vertex 22.348600387573242 25.777700424194336 0.0
  vertex 23.944900512695313 25.777700424194336 0.0
  vertex 23.146699905395508 27.3887996673584 0.0
 endloop
endfacet
facet normal 0.0 0.0 1.0
 outer loop
  vertex 22.348600387573242 25.777700424194336 0.0
  vertex 23.146699905395508 27.3887996673584 0.0
  vertex 22.348600387573242 28.194400787353516 0.0
 endloop
endfacet
facet normal 0.0 -0.0 0.9999999999999999
 outer loop
  vertex 22.348600387573242 25.777700424194336 0.0
  vertex 22.348600387573242 28.194400787353516 0.0
  vertex 20.752199172973633 28.194400787353516 0.0
 endloop
endfacet
facet normal 0.0 0.0 0.9999999999999999
 outer loop
  vertex 22.348600387573242 25.777700424194336 0.0
  vertex 20.752199172973633 28.194400787353516 0.0
  vertex 20.752199172973633 25.777700424194336 0.0
 endloop
endfacet
facet normal 0.0 0.0 1.0
 outer loop
  vertex 44.697200775146484 28.194400787353516 0.0
  vertex 43.89899826049805 27.3887996673584 0.0
  vertex 45.49530029296875 26.58329963684082 0.0
 endloop
endfacet
facet normal 0.0 0.0 1.0
 outer loop
  vertex 46.29349899291992 28.194400787353516 0.0
  vertex 44.697200775146484 28.194400787353516 0.0
  vertex 45.49530029296875 26.58329963684082 0.0
 endloop
endfacet
facet normal 0.0 0.0 0.9999999999999999
 outer loop
  vertex 46.29349899291992 28.194400787353516 0.0
  vertex 45.49530029296875 26.58329963684082 0.0
  vertex 46.29349899291992 25.777700424194336 0.0
 endloop
endfacet
facet normal 0.0 0.0 1.0
 outer loop
  vertex 46.29349899291992 28.194400787353516 0.0
  vertex 46.29349899291992 25.777700424194336 0.0
  vertex 47.889801025390625 27.3887996673584 0.0
 endloop
endfacet
facet normal 0.0 -0.0 1.0
 outer loop
  vertex 15.963199615478516 26.58329963684082 0.0
  vertex 15.963199615478516 28.194400787353516 0.0
  vertex 14.366900444030762 28.194400787353516 0.0
 endloop
endfacet
facet normal 0.0 0.0 1.0
 outer loop
  vertex 12.770600318908691 26.58329963684082 0.0
  vertex 13.56879997253418 24.972200393676758 0.0
  vertex 15.16510009765625 25.777700424194336 0.0
 endloop
endfacet
facet normal 0.0 -0.0 0.9999999999999999
 outer loop
  vertex 15.16510009765625 25.777700424194336 0.0
  vertex 15.963199615478516 26.58329963684082 0.0
  vertex 14.366900444030762 28.194400787353516 0.0
 endloop
endfacet
facet normal 0.0 0.0 1.0
 outer loop
  vertex 15.16510009765625 25.777700424194336 0.0
  vertex 14.366900444030762 28.194400787353516 0.0
  vertex 12.770600318908691 26.58329963684082 0.0
 endloop
endfacet
facet normal 0.0 -0.0 1.0
 outer loop
  vertex 12.770600318908691 26.58329963684082 0.0
  vertex 12.770600318908691 28.194400787353516 0.0
  vertex 11.174300193786621 28.194400787353516 0.0
 endloop
endfacet
facet normal 0.0 0.0 1.0
 outer loop
  vertex 12.770600318908691 26.58329963684082 0.0
  vertex 11.174300193786621 28.194400787353516 0.0
  vertex 10.376099586486816 26.58329963684082 0.0
 endloop
endfacet
facet normal 0.0 0.0 1.0
 outer loop
  vertex 12.770600318908691 26.58329963684082 0.0
  vertex 10.376099586486816 26.58329963684082 0.0
  vertex 11.972399711608887 25.777700424194336 0.0
 endloop
endfacet
facet normal 0.0 0.0 0.9999999999999999
 outer loop
  vertex 23.944900512695313 28.194400787353516 0.0
  vertex 23.146699905395508 27.3887996673584 0.0
  vertex 23.944900512695313 25.777700424194336 0.0
 endloop
endfacet
facet normal -0.0 0.0 1.0
 outer loop
  vertex 23.944900512695313 25.777700424194336 0.0
  vertex 24.743099212646484 24.972200393676758 0.0
  vertex 26.339399337768555 26.58329963684082 0.0
 endloop
endfacet
facet normal 0.0 0.0 1.0
 outer loop
  vertex 23.944900512695313 28.194400787353516 0.0
  vertex 23.944900512695313 25.777700424194336 0.0
  vertex 26.339399337768555 26.58329963684082 0.0
 endloop
endfacet
facet normal 0.0 0.0 1.0
 outer loop
  vertex 25.541200637817383 28.194400787353516 0.0
  vertex 23.944900512695313 28.194400787353516 0.0
  vertex 26.339399337768555 26.58329963684082 0.0
 endloop
endfacet
facet normal 0.0 0.0 0.9999999999999999
 outer loop
  vertex 27.13759994506836 28.194400787353516 0.0
  vertex 26.339399337768555 26.58329963684082 0.0
  vertex 27.13759994506836 25.777700424194336 0.0
 endloop
endfacet
facet normal -0.0 0.0 0.9999999999999999
 outer loop
  vertex 27.13759994506836 25.777700424194336 0.0
  vertex 27.935699462890625 24.972200393676758 0.0
  vertex 29.531999588012695 26.58329963684082 0.0
 endloop
endfacet
facet normal 0.0 0.0 1.0
 outer loop
  vertex 27.13759994506836 28.194400787353516 0.0
  vertex 27.13759994506836 25.777700424194336 0.0
  vertex 29.531999588012695 26.58329963684082 0.0
 endloop
endfacet
facet normal 0.0 0.0 1.0
 outer loop
  vertex 28.73390007019043 28.194400787353516 0.0
  vertex 27.13759994506836 28.194400787353516 0.0
  vertex 29.531999588012695 26.58329963684082 0.0
 endloop
endfacet
facet normal 0.0 0.0 1.0
 outer loop
  vertex 29.531999588012695 26.58329963684082 0.0
  vertex 29.531999588012695 24.972200393676758 0.0
  vertex 31.128400802612305 24.972200393676758 0.0
 endloop
endfacet
facet normal 0.0 0.0 1.0
 outer loop
  vertex 32.724700927734375 26.58329963684082 0.0
  vertex 31.92650032043457 28.194400787353516 0.0
  vertex 30.3302001953125 28.194400787353516 0.0
 endloop
endfacet
facet normal 0.0 0.0 0.9999999999999999
 outer loop
  vertex 32.724700927734375 26.58329963684082 0.0
  vertex 30.3302001953125 28.194400787353516 0.0
  vertex 29.531999588012695 26.58329963684082 0.0
 endloop
endfacet
facet normal 0.0 -0.0 1.0
 outer loop
  vertex 31.128400802612305 24.972200393676758 0.0
  vertex 32.724700927734375 26.58329963684082 0.0
  vertex 29.531999588012695 26.58329963684082 0.0
 endloop
endfacet
facet normal 0.0 0.0 1.0
 outer loop
  vertex 32.724700927734375 26.58329963684082 0.0
  vertex 32.724700927734375 24.972200393676758 0.0
  vertex 34.32099914550781 24.972200393676758 0.0
 endloop
endfacet
facet normal 0.0 0.0 1.0
 outer loop
  vertex 35.91740036010742 26.58329963684082 0.0
  vertex 35.11920166015625 28.194400787353516 0.0
  vertex 33.52289962768555 28.194400787353516 0.0
 endloop
endfacet
facet normal 0.0 0.0 1.0
 outer loop
  vertex 35.91740036010742 26.58329963684082 0.0
  vertex 33.52289962768555 28.194400787353516 0.0
  vertex 32.724700927734375 26.58329963684082 0.0
 endloop
endfacet
facet normal 0.0 -0.0 1.0
 outer loop
  vertex 34.32099914550781 24.972200393676758 0.0
  vertex 35.91740036010742 26.58329963684082 0.0
  vertex 32.724700927734375 26.58329963684082 0.0
 endloop
endfacet
facet normal 0.0 0.0 1.0
 outer loop
  vertex 35.91740036010742 26.58329963684082 0.0
  vertex 35.91740036010742 24.972200393676758 0.0
  vertex 37.51369857788086 24.972200393676758 0.0
 endloop
endfacet
facet normal 0.0 0.0 1.0
 outer loop
  vertex 39.11000061035156 26.58329963684082 0.0
  vertex 38.3119010925293 28.194400787353516 0.0
  vertex 36.71549987792969 28.194400787353516 0.0
 endloop
endfacet
facet normal 0.0 0.0 1.0
 outer loop
  vertex 39.11000061035156 26.58329963684082 0.0
  vertex 36.71549987792969 28.194400787353516 0.0
  vertex 35.91740036010742 26.58329963684082 0.0
 endloop
endfacet
facet normal 0.0 -0.0 1.0
 outer loop
  vertex 37.51369857788086 24.972200393676758 0.0
  vertex 39.11000061035156 26.58329963684082 0.0
  vertex 35.91740036010742 26.58329963684082 0.0
 endloop
endfacet
facet normal 0.0 0.0 0.9999999999999999
 outer loop
  vertex 41.50450134277344 28.194400787353516 0.0
  vertex 41.50450134277344 25.777700424194336 0.0
  vertex 42.30270004272461 26.58329963684082 0.0
 endloop
endfacet
facet normal 0.0 0.0 1.0
 outer loop
  vertex 43.10089874267578 28.194400787353516 0.0
  vertex 41.50450134277344 28.194400787353516 0.0
  vertex 42.30270004272461 26.58329963684082 0.0
 endloop
endfacet
facet normal 0.0 0.0 1.0
 outer loop
  vertex 43.10089874267578 28.194400787353516 0.0
  vertex 42.30270004272461 26.58329963684082 0.0
  vertex 43.89899826049805 27.3887996673584 0.0
 endloop
endfacet
facet normal 0.0 0.0 0.9999999999999999
 outer loop
  vertex 39.11000061035156 24.972200393676758 0.0
  vertex 39.11000061035156 24.16659927368164 0.0
  vertex 40.94583168029785 24.16659927368164 0.0
 endloop
endfacet
facet normal -0.0 0.0 1.0
 outer loop
  vertex 39.11000061035156 24.972200393676758 0.0
  vertex 40.94583168029785 24.16659927368164 0.0
  vertex 41.50450134277344 25.777700424194336 0.0
 endloop
endfacet
facet normal 0.0 0.0 1.0
 outer loop
  vertex 39.11000061035156 26.58329963684082 0.0
  vertex 39.11000061035156 24.972200393676758 0.0
  vertex 41.50450134277344 25.777700424194336 0.0
 endloop
endfacet
facet normal -0.0 0.0 0.9999999999999999
 outer loop
  vertex 39.11000061035156 26.58329963684082 0.0
  vertex 41.50450134277344 25.777700424194336 0.0
  vertex 41.50450134277344 28.194400787353516 0.0
 endloop
endfacet
facet normal 0.0 0.0 1.0
 outer loop
  vertex 39.11000061035156 26.58329963684082 0.0
  vertex 41.50450134277344 28.194400787353516 0.0
  vertex 39.908199310302734 28.194400787353516 0.0
 endloop
endfacet
facet normal 0.0 0.0 0.9999999999999999
 outer loop
  vertex 42.30270004272461 26.58329963684082 0.0
  vertex 41.50450134277344 25.777700424194336 0.0
  vertex 42.30270004272461 24.730520057678223 0.0
 endloop
endfacet
facet normal 0.0 0.0 0.9999999999999999
 outer loop
  vertex 42.30270004272461 26.58329963684082 0.0
  vertex 42.30270004272461 24.730520057678223 0.0
  vertex 43.10089874267578 24.66892496665676 0.0
 endloop
endfacet
facet normal 0.0 -0.0 1.0
 outer loop
  vertex 44.697200775146484 24.730520057678223 0.0
  vertex 45.49530029296875 26.58329963684082 0.0
  vertex 43.89899826049805 27.3887996673584 0.0
 endloop
endfacet
facet normal 0.0 0.0 1.0
 outer loop
  vertex 43.10089874267578 24.66892496665676 0.0
  vertex 44.697200775146484 24.730520057678223 0.0
  vertex 43.89899826049805 27.3887996673584 0.0
 endloop
endfacet
facet normal 0.0 -0.0 1.0
 outer loop
  vertex 43.10089874267578 24.66892496665676 0.0
  vertex 43.89899826049805 27.3887996673584 0.0
  vertex 42.30270004272461 26.58329963684082 0.0
 endloop
endfacet
facet normal 0.0 0.0 1.0
 outer loop
  vertex 46.29349899291992 25.777700424194336 0.0
  vertex 47.09170150756836 24.730520057678223 0.0
  vertex 47.889801025390625 24.718208377067093 0.0
 endloop
endfacet
facet normal -0.0 0.0 1.0
 outer loop
  vertex 47.889801025390625 24.718208377067093 0.0
  vertex 48.42588452109787 24.244539456163317 0.0
  vertex 49.48619842529297 25.777700424194336 0.0
 endloop
endfacet
facet normal 0.0 0.0 1.0
 outer loop
  vertex 47.889801025390625 24.718208377067093 0.0
  vertex 49.48619842529297 25.777700424194336 0.0
  vertex 47.889801025390625 27.3887996673584 0.0
 endloop
endfacet
facet normal -0.0 0.0 1.0
 outer loop
  vertex 46.29349899291992 25.777700424194336 0.0
  vertex 47.889801025390625 24.718208377067093 0.0
  vertex 47.889801025390625 27.3887996673584 0.0
 endloop
endfacet
facet normal 0.0 0.0 1.0
 outer loop
  vertex 30.3302001953125 2.4166600704193115 0.0
  vertex 28.73390007019043 4.027780055999756 0.0
  vertex 27.935699462890625 3.222219944000244 0.0
 endloop
endfacet
facet normal 0.0 -0.0 1.0
 outer loop
  vertex 28.73390007019043 0.8055559992790222 0.0
  vertex 30.3302001953125 2.4166600704193115 0.0
  vertex 27.935699462890625 3.222219944000244 0.0
 endloop
endfacet
facet normal 0.0 0.0 1.0
 outer loop
  vertex 27.13759994506836 0.8055559992790222 0.0
  vertex 28.73390007019043 0.8055559992790222 0.0
  vertex 27.935699462890625 3.222219944000244 0.0
 endloop
endfacet
endsolid
