solid TSTRUCT.smooth
facet normal 1.0 -0.0 0.0
 outer loop
  vertex -14.300000190734863 24.88888931274414 25.0
  vertex -14.300000190734863 28.0 21.875
  vertex -14.300000190734863 28.0 25.0
 endloop
endfacet
facet normal -1.0 -0.0 0.0
 outer loop
  vertex -32.29999923706055 3.1111111640930176 25.0
  vertex -32.29999923706055 0.0 21.875
  vertex -32.29999923706055 0.0 25.0
 endloop
endfacet
facet normal 0.0 -1.0 0.0
 outer loop
  vertex -32.29999923706055 0.0 25.0
  vertex -32.29999923706055 0.0 21.875
  vertex -29.299999237060547 0.0 25.0
 endloop
endfacet
facet normal 0.0 0.0 1.0
 outer loop
  vertex -14.300000190734863 3.1111111640930176 25.0
  vertex -17.299999237060547 0.0 25.0
  vertex -14.300000190734863 0.0 25.0
 endloop
endfacet
facet normal -1.0 0.0 0.0
 outer loop
  vertex -32.29999923706055 0.0 0.0
  vertex -32.29999923706055 0.0 3.125
  vertex -32.29999923706055 3.1111111640930176 0.0
 endloop
endfacet
facet normal 0.0 0.0 -1.0
 outer loop
  vertex -29.299999237060547 0.0 0.0
  vertex -32.29999923706055 0.0 0.0
  vertex -32.29999923706055 3.1111111640930176 0.0
 endloop
endfacet
facet normal 0.0 -1.0 0.0
 outer loop
  vertex -14.300000190734863 0.0 0.0
  vertex -14.300000190734863 0.0 3.125
  vertex -17.299999237060547 0.0 0.0
 endloop
endfacet
facet normal 1.0 0.0 0.0
 outer loop
  vertex -14.300000190734863 0.0 3.125
  vertex -14.300000190734863 0.0 0.0
  vertex -14.300000190734863 3.1111111640930176 0.0
 endloop
endfacet
facet normal 0.0 0.0 -1.0
 outer loop
  vertex -14.300000190734863 24.88888931274414 0.0
  vertex -17.299999237060547 28.0 0.0
  vertex -14.300000190734863 28.0 0.0
 endloop
endfacet
facet normal 1.0 0.0 -0.0
 outer loop
  vertex -14.300000190734863 28.0 0.0
  vertex -14.300000190734863 28.0 3.125
  vertex -14.300000190734863 24.88888931274414 0.0
 endloop
endfacet
facet normal 0.0 -2.3931557238132078e-1 -0.9709418400789003
 outer loop
  vertex -14.300000190734863 16.950992584228516 18.12264633178711
  vertex -14.300000190734863 14.0 18.850000381469727
  vertex -17.299999237060547 14.0 18.850000381469727
 endloop
endfacet
facet normal 0.0 2.3931557238132078e-1 -0.9709418400789003
 outer loop
  vertex -14.300000190734863 11.049007415771484 18.12264633178711
  vertex -17.299999237060547 11.049007415771484 18.12264633178711
  vertex -14.300000190734863 14.0 18.850000381469727
 endloop
endfacet
facet normal 0.0 2.3931557238132078e-1 -0.9709418400789003
 outer loop
  vertex -17.299999237060547 14.0 18.850000381469727
  vertex -14.300000190734863 14.0 18.850000381469727
  vertex -17.299999237060547 11.049007415771484 18.12264633178711
 endloop
endfacet
facet normal -1.0 0.0 0.0
 outer loop
  vertex -32.29999923706055 10.922955513000488 20.530838012695313
  vertex -32.29999923706055 14.0 18.850000381469727
  vertex -32.29999923706055 11.049007415771484 18.12264633178711
 endloop
endfacet
facet normal 0.0 2.3931557238132078e-1 -0.9709418400789004
 outer loop
  vertex -32.29999923706055 14.0 18.850000381469727
  vertex -29.299999237060547 14.0 18.850000381469727
  vertex -32.29999923706055 11.049007415771484 18.12264633178711
 endloop
endfacet
facet normal 0.0 -2.3931557238132078e-1 -0.9709418400789004
 outer loop
  vertex -32.29999923706055 16.950992584228516 18.12264633178711
  vertex -29.299999237060547 16.950992584228516 18.12264633178711
  vertex -32.29999923706055 14.0 18.850000381469727
 endloop
endfacet
facet normal 0.0 -2.3931557238132078e-1 -0.9709418400789004
 outer loop
  vertex -32.29999923706055 14.0 18.850000381469727
  vertex -29.299999237060547 16.950992584228516 18.12264633178711
  vertex -29.299999237060547 14.0 18.850000381469727
 endloop
endfacet
facet normal -1.0 0.0 0.0
 outer loop
  vertex -9.0 118.16999816894531 3.125
  vertex -9.0 121.28111267089844 0.0
  vertex -9.0 118.16999816894531 0.0
 endloop
endfacet
facet normal 1.0 0.0 0.0
 outer loop
  vertex 9.0 118.16999816894531 3.125
  vertex 9.0 118.16999816894531 0.0
  vertex 9.0 121.28111267089844 0.0
 endloop
endfacet
facet normal 0.0 0.0 1.0
 outer loop
  vertex 17.299999237060547 28.0 25.0
  vertex 14.300000190734863 28.0 25.0
  vertex 14.300000190734863 24.88888931274414 25.0
 endloop
endfacet
facet normal -1.0 0.0 -0.0
 outer loop
  vertex 14.300000190734863 28.0 3.125
  vertex 14.300000190734863 28.0 0.0
  vertex 14.300000190734863 24.88888931274414 0.0
 endloop
endfacet
facet normal -0.0 -2.3931586402318444e-1 -0.9709417681956198
 outer loop
  vertex 9.0 132.1699981689453 18.850000381469727
  vertex 6.0 132.1699981689453 18.850000381469727
  vertex 9.0 135.12098693847656 18.12264633178711
 endloop
endfacet
facet normal 0.0 2.3931586402318444e-1 -0.9709417681956198
 outer loop
  vertex 9.0 129.21900939941406 18.12264633178711
  vertex 6.0 129.21900939941406 18.12264633178711
  vertex 9.0 132.1699981689453 18.850000381469727
 endloop
endfacet
facet normal 0.0 2.3931586402318444e-1 -0.9709417681956198
 outer loop
  vertex 9.0 132.1699981689453 18.850000381469727
  vertex 6.0 129.21900939941406 18.12264633178711
  vertex 6.0 132.1699981689453 18.850000381469727
 endloop
endfacet
facet normal 0.0 2.3931586402318444e-1 -0.9709417681956198
 outer loop
  vertex -9.0 129.21900939941406 18.12264633178711
  vertex -9.0 132.1699981689453 18.850000381469727
  vertex -6.0 132.1699981689453 18.850000381469727
 endloop
endfacet
facet normal -0.0 -2.3931586402318444e-1 -0.9709417681956198
 outer loop
  vertex -6.0 135.12098693847656 18.12264633178711
  vertex -9.0 132.1699981689453 18.850000381469727
  vertex -9.0 135.12098693847656 18.12264633178711
 endloop
endfacet
facet normal -0.0 -2.3931586402318444e-1 -0.9709417681956198
 outer loop
  vertex -6.0 132.1699981689453 18.850000381469727
  vertex -9.0 132.1699981689453 18.850000381469727
  vertex -6.0 135.12098693847656 18.12264633178711
 endloop
endfacet
facet normal -1.0 0.0 -0.0
 outer loop
  vertex -9.0 146.1699981689453 3.125
  vertex -9.0 146.1699981689453 0.0
  vertex -9.0 143.0588836669922 0.0
 endloop
endfacet
facet normal 0.0 1.0 0.0
 outer loop
  vertex -9.0 146.1699981689453 3.125
  vertex -6.0 146.1699981689453 0.0
  vertex -9.0 146.1699981689453 0.0
 endloop
endfacet
facet normal -0.0 -0.0 -1.0
 outer loop
  vertex 9.0 146.1699981689453 0.0
  vertex 9.0 143.0588836669922 0.0
  vertex 6.0 146.1699981689453 0.0
 endloop
endfacet
facet normal 1.0 0.0 0.0
 outer loop
  vertex 9.0 143.0588836669922 0.0
  vertex 9.0 146.1699981689453 0.0
  vertex 9.0 146.1699981689453 3.125
 endloop
endfacet
facet normal 1.0 0.0 0.0
 outer loop
  vertex 9.0 146.1699981689453 25.0
  vertex 9.0 143.0588836669922 25.0
  vertex 9.0 146.1699981689453 21.875
 endloop
endfacet
facet normal 0.0 -0.0 1.0
 outer loop
  vertex 9.0 143.0588836669922 25.0
  vertex 9.0 146.1699981689453 25.0
  vertex 6.0 146.1699981689453 25.0
 endloop
endfacet
facet normal 0.0 1.0 -0.0
 outer loop
  vertex 9.0 146.1699981689453 21.875
  vertex 6.0 146.1699981689453 25.0
  vertex 9.0 146.1699981689453 25.0
 endloop
endfacet
facet normal 0.0 2.3931557238132078e-1 -0.9709418400789003
 outer loop
  vertex 14.300000190734863 14.0 18.850000381469727
  vertex 17.299999237060547 14.0 18.850000381469727
  vertex 14.300000190734863 11.049007415771484 18.12264633178711
 endloop
endfacet
facet normal 0.0 -2.3931557238132078e-1 -0.9709418400789003
 outer loop
  vertex 14.300000190734863 16.950992584228516 18.12264633178711
  vertex 17.299999237060547 16.950992584228516 18.12264633178711
  vertex 14.300000190734863 14.0 18.850000381469727
 endloop
endfacet
facet normal 0.0 -2.3931557238132078e-1 -0.9709418400789003
 outer loop
  vertex 14.300000190734863 14.0 18.850000381469727
  vertex 17.299999237060547 16.950992584228516 18.12264633178711
  vertex 17.299999237060547 14.0 18.850000381469727
 endloop
endfacet
facet normal -0.0 -2.3931557238132078e-1 -0.9709418400789004
 outer loop
  vertex 32.29999923706055 14.0 18.850000381469727
  vertex 29.299999237060547 14.0 18.850000381469727
  vertex 32.29999923706055 16.950992584228516 18.12264633178711
 endloop
endfacet
facet normal 0.0 2.3931557238132078e-1 -0.9709418400789004
 outer loop
  vertex 29.299999237060547 11.049007415771484 18.12264633178711
  vertex 32.29999923706055 14.0 18.850000381469727
  vertex 32.29999923706055 11.049007415771484 18.12264633178711
 endloop
endfacet
facet normal 0.0 2.3931557238132078e-1 -0.9709418400789004
 outer loop
  vertex 29.299999237060547 14.0 18.850000381469727
  vertex 32.29999923706055 14.0 18.850000381469727
  vertex 29.299999237060547 11.049007415771484 18.12264633178711
 endloop
endfacet
facet normal 0.0 0.0 1.0
 outer loop
  vertex 32.29999923706055 3.1111111640930176 25.0
  vertex 29.299999237060547 0.0 25.0
  vertex 32.29999923706055 0.0 25.0
 endloop
endfacet
facet normal 1.0 0.0 0.0
 outer loop
  vertex 32.29999923706055 0.0 3.125
  vertex 32.29999923706055 0.0 0.0
  vertex 32.29999923706055 3.1111111640930176 0.0
 endloop
endfacet
facet normal 0.0 -1.0 -0.0
 outer loop
  vertex 32.29999923706055 0.0 3.125
  vertex 29.299999237060547 0.0 0.0
  vertex 32.29999923706055 0.0 0.0
 endloop
endfacet
facet normal 0.0 0.0 -1.0
 outer loop
  vertex 17.299999237060547 0.0 0.0
  vertex 14.300000190734863 0.0 0.0
  vertex 14.300000190734863 3.1111111640930176 0.0
 endloop
endfacet
facet normal -1.0 0.0 0.0
 outer loop
  vertex 14.300000190734863 3.1111111640930176 0.0
  vertex 14.300000190734863 0.0 0.0
  vertex 14.300000190734863 0.0 3.125
 endloop
endfacet
facet normal -1.0 0.0 0.0
 outer loop
  vertex 14.300000190734863 0.0 25.0
  vertex 14.300000190734863 3.1111111640930176 25.0
  vertex 14.300000190734863 0.0 21.875
 endloop
endfacet
facet normal 0.0 -1.0 0.0
 outer loop
  vertex 14.300000190734863 0.0 21.875
  vertex 17.299999237060547 0.0 25.0
  vertex 14.300000190734863 0.0 25.0
 endloop
endfacet
facet normal -1.0 0.0 0.0
 outer loop
  vertex -32.29999923706055 18.66666603088379 25.0
  vertex -32.29999923706055 21.77777862548828 25.0
  vertex -32.29999923706055 20.73935317993164 22.303890228271484
 endloop
endfacet
facet normal 0.0 0.0 1.0
 outer loop
  vertex -32.29999923706055 9.333333015441895 25.0
  vertex -29.299999237060547 12.44444465637207 25.0
  vertex -32.29999923706055 12.44444465637207 25.0
 endloop
endfacet
facet normal -0.0 0.0 1.0
 outer loop
  vertex -32.29999923706055 6.222222328186035 25.0
  vertex -32.29999923706055 3.1111111640930176 25.0
  vertex -29.299999237060547 6.222222328186035 25.0
 endloop
endfacet
facet normal 0.0 0.0 1.0
 outer loop
  vertex -29.299999237060547 0.0 25.0
  vertex -26.299999237060547 0.0 25.0
  vertex -26.299999237060547 3.1111111640930176 25.0
 endloop
endfacet
facet normal -0.0 -1.0 0.0
 outer loop
  vertex -23.299999237060547 0.0 25.0
  vertex -26.299999237060547 0.0 25.0
  vertex -26.299999237060547 0.0 21.875
 endloop
endfacet
facet normal 0.0 0.0 1.0
 outer loop
  vertex -23.299999237060547 0.0 25.0
  vertex -20.299999237060547 0.0 25.0
  vertex -20.299999237060547 3.1111111640930176 25.0
 endloop
endfacet
facet normal -0.0 -1.0 0.0
 outer loop
  vertex -17.299999237060547 0.0 25.0
  vertex -20.299999237060547 0.0 25.0
  vertex -20.299999237060547 0.0 21.875
 endloop
endfacet
facet normal 0.0 0.0 1.0
 outer loop
  vertex -14.300000190734863 12.44444465637207 25.0
  vertex -17.299999237060547 9.333333015441895 25.0
  vertex -14.300000190734863 9.333333015441895 25.0
 endloop
endfacet
facet normal 1.0 -0.0 0.0
 outer loop
  vertex -14.300000190734863 12.44444465637207 25.0
  vertex -14.300000190734863 14.673680305480957 22.241445541381836
  vertex -14.300000190734863 15.55555534362793 25.0
 endloop
endfacet
facet normal 0.0 0.0 1.0
 outer loop
  vertex -17.299999237060547 15.55555534362793 25.0
  vertex -14.300000190734863 15.55555534362793 25.0
  vertex -14.300000190734863 18.66666603088379 25.0
 endloop
endfacet
facet normal 0.9999999999999999 -0.0 0.0
 outer loop
  vertex -14.300000190734863 18.66666603088379 25.0
  vertex -14.300000190734863 20.115598678588867 22.002361297607422
  vertex -14.300000190734863 21.77777862548828 25.0
 endloop
endfacet
facet normal 0.0 -0.0 1.0
 outer loop
  vertex -14.300000190734863 21.77777862548828 25.0
  vertex -14.300000190734863 24.88888931274414 25.0
  vertex -17.299999237060547 21.77777862548828 25.0
 endloop
endfacet
facet normal 0.0 -1.0 0.0
 outer loop
  vertex -32.29999923706055 0.0 15.625
  vertex -29.299999237060547 0.0 18.75
  vertex -32.29999923706055 0.0 18.75
 endloop
endfacet
facet normal -1.0 -0.0 0.0
 outer loop
  vertex -32.29999923706055 2.79312801361084 17.305688858032227
  vertex -32.29999923706055 0.0 15.625
  vertex -32.29999923706055 0.0 18.75
 endloop
endfacet
facet normal -0.0 -1.0 0.0
 outer loop
  vertex -29.299999237060547 0.0 12.5
  vertex -32.29999923706055 0.0 12.5
  vertex -32.29999923706055 0.0 9.375
 endloop
endfacet
facet normal -0.0 -1.0 0.0
 outer loop
  vertex -29.299999237060547 0.0 6.25
  vertex -32.29999923706055 0.0 6.25
  vertex -32.29999923706055 0.0 3.125
 endloop
endfacet
facet normal 0.0 -1.0 -0.0
 outer loop
  vertex -26.299999237060547 0.0 3.125
  vertex -29.299999237060547 0.0 0.0
  vertex -26.299999237060547 0.0 0.0
 endloop
endfacet
facet normal 0.0 0.0 -1.0
 outer loop
  vertex -26.299999237060547 0.0 0.0
  vertex -26.299999237060547 3.1111111640930176 0.0
  vertex -23.299999237060547 0.0 0.0
 endloop
endfacet
facet normal 0.0 -1.0 0.0
 outer loop
  vertex -20.299999237060547 0.0 0.0
  vertex -20.299999237060547 0.0 3.125
  vertex -23.299999237060547 0.0 0.0
 endloop
endfacet
facet normal 0.0 0.0 -1.0
 outer loop
  vertex -20.299999237060547 0.0 0.0
  vertex -20.299999237060547 3.1111111640930176 0.0
  vertex -17.299999237060547 0.0 0.0
 endloop
endfacet
facet normal 0.0 -1.0 0.0
 outer loop
  vertex -17.299999237060547 0.0 6.25
  vertex -14.300000190734863 0.0 6.25
  vertex -14.300000190734863 0.0 9.375
 endloop
endfacet
facet normal 1.0 0.0 0.0
 outer loop
  vertex -14.300000190734863 0.0 9.375
  vertex -14.300000190734863 2.242518663406372 11.071958541870117
  vertex -14.300000190734863 0.0 12.5
 endloop
endfacet
facet normal 0.0 -1.0 0.0
 outer loop
  vertex -14.300000190734863 0.0 12.5
  vertex -14.300000190734863 0.0 15.625
  vertex -17.299999237060547 0.0 12.5
 endloop
endfacet
facet normal 0.0 -1.0 0.0
 outer loop
  vertex -14.300000190734863 0.0 18.75
  vertex -14.300000190734863 0.0 21.875
  vertex -17.299999237060547 0.0 18.75
 endloop
endfacet
facet normal 0.0 0.0 -1.0
 outer loop
  vertex -17.299999237060547 21.77777862548828 0.0
  vertex -14.300000190734863 21.77777862548828 0.0
  vertex -14.300000190734863 18.66666603088379 0.0
 endloop
endfacet
facet normal 1.0 0.0 0.0
 outer loop
  vertex -14.300000190734863 21.77777862548828 0.0
  vertex -14.300000190734863 20.486900329589844 2.7400476932525635
  vertex -14.300000190734863 18.66666603088379 0.0
 endloop
endfacet
facet normal 0.0 0.0 -1.0
 outer loop
  vertex -17.299999237060547 15.55555534362793 0.0
  vertex -14.300000190734863 15.55555534362793 0.0
  vertex -14.300000190734863 12.44444465637207 0.0
 endloop
endfacet
facet normal -0.0 -0.0 -1.0
 outer loop
  vertex -14.300000190734863 9.333333015441895 0.0
  vertex -14.300000190734863 6.222222328186035 0.0
  vertex -17.299999237060547 9.333333015441895 0.0
 endloop
endfacet
facet normal 1.0 0.0 0.0
 outer loop
  vertex -14.300000190734863 9.333333015441895 0.0
  vertex -14.300000190734863 7.5567827224731445 2.7165699005126953
  vertex -14.300000190734863 6.222222328186035 0.0
 endloop
endfacet
facet normal 0.0 0.0 -1.0
 outer loop
  vertex -32.29999923706055 12.44444465637207 0.0
  vertex -29.299999237060547 9.333333015441895 0.0
  vertex -32.29999923706055 9.333333015441895 0.0
 endloop
endfacet
facet normal 0.0 0.0 -1.0
 outer loop
  vertex -29.299999237060547 15.55555534362793 0.0
  vertex -32.29999923706055 15.55555534362793 0.0
  vertex -32.29999923706055 18.66666603088379 0.0
 endloop
endfacet
facet normal -1.0 0.0 0.0
 outer loop
  vertex -32.29999923706055 18.66666603088379 0.0
  vertex -32.29999923706055 20.441083908081055 2.7299938201904297
  vertex -32.29999923706055 21.77777862548828 0.0
 endloop
endfacet
facet normal 0.0 0.0 -1.0
 outer loop
  vertex -29.299999237060547 21.77777862548828 0.0
  vertex -32.29999923706055 21.77777862548828 0.0
  vertex -32.29999923706055 24.88888931274414 0.0
 endloop
endfacet
facet normal 1.0 0.0 -0.0
 outer loop
  vertex -14.300000190734863 28.0 12.5
  vertex -14.300000190734863 28.0 15.625
  vertex -14.300000190734863 25.290517807006836 13.973979949951172
 endloop
endfacet
facet normal 0.0 -1.0 0.0
 outer loop
  vertex -14.300000190734863 28.0 12.5
  vertex -11.4399995803833 28.0 15.625
  vertex -14.300000190734863 28.0 15.625
 endloop
endfacet
facet normal 0.0 -1.0 0.0
 outer loop
  vertex -14.300000190734863 28.0 9.375
  vertex -11.4399995803833 28.0 12.5
  vertex -14.300000190734863 28.0 12.5
 endloop
endfacet
facet normal 0.0 -1.0 0.0
 outer loop
  vertex -14.300000190734863 28.0 12.5
  vertex -11.4399995803833 28.0 12.5
  vertex -11.4399995803833 28.0 15.625
 endloop
endfacet
facet normal 1.0 0.0 0.0
 outer loop
  vertex -14.300000190734863 28.0 9.375
  vertex -14.300000190734863 24.765180587768555 8.083342552185059
  vertex -14.300000190734863 28.0 6.25
 endloop
endfacet
facet normal -0.0 -0.6631225365039776 -0.7485108560204928
 outer loop
  vertex -14.300000190734863 16.950992584228516 18.12264633178711
  vertex -17.299999237060547 16.950992584228516 18.12264633178711
  vertex -14.300000190734863 19.225948333740234 16.10721206665039
 endloop
endfacet
facet normal 0.0 -2.3931557238132078e-1 -0.9709418400789003
 outer loop
  vertex -17.299999237060547 14.0 18.850000381469727
  vertex -17.299999237060547 16.950992584228516 18.12264633178711
  vertex -14.300000190734863 16.950992584228516 18.12264633178711
 endloop
endfacet
facet normal 0.0 -0.935016375927267 -3.5460453571244577e-1
 outer loop
  vertex -14.300000190734863 20.303701400756836 13.26540756225586
  vertex -14.300000190734863 19.225948333740234 16.10721206665039
  vertex -17.299999237060547 19.225948333740234 16.10721206665039
 endloop
endfacet
facet normal -0.0 -0.6631225365039776 -0.7485108560204928
 outer loop
  vertex -14.300000190734863 19.225948333740234 16.10721206665039
  vertex -17.299999237060547 16.950992584228516 18.12264633178711
  vertex -17.299999237060547 19.225948333740234 16.10721206665039
 endloop
endfacet
facet normal 0.0 -0.992708871940651 1.2053669802313406e-1
 outer loop
  vertex -14.300000190734863 20.303701400756836 13.26540756225586
  vertex -17.299999237060547 20.303701400756836 13.26540756225586
  vertex -14.300000190734863 19.937353134155273 10.248258590698242
 endloop
endfacet
facet normal 0.0 -0.935016375927267 -3.5460453571244577e-1
 outer loop
  vertex -17.299999237060547 19.225948333740234 16.10721206665039
  vertex -17.299999237060547 20.303701400756836 13.26540756225586
  vertex -14.300000190734863 20.303701400756836 13.26540756225586
 endloop
endfacet
facet normal 0.0 -0.8229838037044392 0.5680648368277806
 outer loop
  vertex -14.300000190734863 19.937353134155273 10.248258590698242
  vertex -17.299999237060547 19.937353134155273 10.248258590698242
  vertex -14.300000190734863 18.21082878112793 7.746956825256348
 endloop
endfacet
facet normal 0.0 -0.992708871940651 1.2053669802313406e-1
 outer loop
  vertex -14.300000190734863 19.937353134155273 10.248258590698242
  vertex -17.299999237060547 20.303701400756836 13.26540756225586
  vertex -17.299999237060547 19.937353134155273 10.248258590698242
 endloop
endfacet
facet normal 0.0 -0.4647231975960496 0.8854560122423378
 outer loop
  vertex -14.300000190734863 18.21082878112793 7.746956825256348
  vertex -17.299999237060547 18.21082878112793 7.746956825256348
  vertex -14.300000190734863 15.519654273986816 6.334519386291504
 endloop
endfacet
facet normal 0.0 -0.8229838037044392 0.5680648368277806
 outer loop
  vertex -17.299999237060547 19.937353134155273 10.248258590698242
  vertex -17.299999237060547 18.21082878112793 7.746956825256348
  vertex -14.300000190734863 18.21082878112793 7.746956825256348
 endloop
endfacet
facet normal 0.0 0.0 0.9999999999999999
 outer loop
  vertex -14.300000190734863 15.519654273986816 6.334519386291504
  vertex -17.299999237060547 15.519654273986816 6.334519386291504
  vertex -14.300000190734863 12.480345726013184 6.334519386291504
 endloop
endfacet
facet normal 0.0 -0.4647231975960496 0.8854560122423378
 outer loop
  vertex -14.300000190734863 15.519654273986816 6.334519386291504
  vertex -17.299999237060547 18.21082878112793 7.746956825256348
  vertex -17.299999237060547 15.519654273986816 6.334519386291504
 endloop
endfacet
facet normal -0.0 0.4647231975960496 0.8854560122423378
 outer loop
  vertex -17.299999237060547 12.480345726013184 6.334519386291504
  vertex -14.300000190734863 9.78917121887207 7.746956825256348
  vertex -14.300000190734863 12.480345726013184 6.334519386291504
 endloop
endfacet
facet normal 0.0 0.0 0.9999999999999999
 outer loop
  vertex -14.300000190734863 12.480345726013184 6.334519386291504
  vertex -17.299999237060547 15.519654273986816 6.334519386291504
  vertex -17.299999237060547 12.480345726013184 6.334519386291504
 endloop
endfacet
facet normal 0.0 0.8229838037044392 0.5680648368277806
 outer loop
  vertex -14.300000190734863 8.062646865844727 10.248258590698242
  vertex -14.300000190734863 9.78917121887207 7.746956825256348
  vertex -17.299999237060547 9.78917121887207 7.746956825256348
 endloop
endfacet
facet normal 0.0 0.4647231975960496 0.8854560122423378
 outer loop
  vertex -17.299999237060547 12.480345726013184 6.334519386291504
  vertex -17.299999237060547 9.78917121887207 7.746956825256348
  vertex -14.300000190734863 9.78917121887207 7.746956825256348
 endloop
endfacet
facet normal 0.0 0.992708871940651 1.2053669802313406e-1
 outer loop
  vertex -14.300000190734863 7.696298599243164 13.26540756225586
  vertex -14.300000190734863 8.062646865844727 10.248258590698242
  vertex -17.299999237060547 8.062646865844727 10.248258590698242
 endloop
endfacet
facet normal 0.0 0.8229838037044392 0.5680648368277806
 outer loop
  vertex -14.300000190734863 8.062646865844727 10.248258590698242
  vertex -17.299999237060547 9.78917121887207 7.746956825256348
  vertex -17.299999237060547 8.062646865844727 10.248258590698242
 endloop
endfacet
facet normal 0.0 0.9350162718900497 -3.5460481003623284e-1
 outer loop
  vertex -14.300000190734863 8.774052619934082 16.10721206665039
  vertex -14.300000190734863 7.696298599243164 13.26540756225586
  vertex -17.299999237060547 7.696298599243164 13.26540756225586
 endloop
endfacet
facet normal -0.0 0.992708871940651 1.2053669802313406e-1
 outer loop
  vertex -17.299999237060547 7.696298599243164 13.26540756225586
  vertex -14.300000190734863 7.696298599243164 13.26540756225586
  vertex -17.299999237060547 8.062646865844727 10.248258590698242
 endloop
endfacet
facet normal 0.0 0.6631226922500809 -0.7485107180415016
 outer loop
  vertex -14.300000190734863 8.774052619934082 16.10721206665039
  vertex -17.299999237060547 8.774052619934082 16.10721206665039
  vertex -14.300000190734863 11.049007415771484 18.12264633178711
 endloop
endfacet
facet normal 0.0 0.9350162718900497 -3.5460481003623284e-1
 outer loop
  vertex -17.299999237060547 8.774052619934082 16.10721206665039
  vertex -14.300000190734863 8.774052619934082 16.10721206665039
  vertex -17.299999237060547 7.696298599243164 13.26540756225586
 endloop
endfacet
facet normal 0.0 0.6631226922500809 -0.7485107180415016
 outer loop
  vertex -14.300000190734863 11.049007415771484 18.12264633178711
  vertex -17.299999237060547 8.774052619934082 16.10721206665039
  vertex -17.299999237060547 11.049007415771484 18.12264633178711
 endloop
endfacet
facet normal 0.0 0.663122692250081 -0.7485107180415017
 outer loop
  vertex -29.299999237060547 11.049007415771484 18.12264633178711
  vertex -32.29999923706055 8.774052619934082 16.10721206665039
  vertex -32.29999923706055 11.049007415771484 18.12264633178711
 endloop
endfacet
facet normal 0.0 2.3931557238132078e-1 -0.9709418400789004
 outer loop
  vertex -32.29999923706055 11.049007415771484 18.12264633178711
  vertex -29.299999237060547 14.0 18.850000381469727
  vertex -29.299999237060547 11.049007415771484 18.12264633178711
 endloop
endfacet
facet normal 0.0 0.9350162718900497 -3.5460481003623284e-1
 outer loop
  vertex -32.29999923706055 8.774052619934082 16.10721206665039
  vertex -29.299999237060547 8.774052619934082 16.10721206665039
  vertex -32.29999923706055 7.696298599243164 13.26540756225586
 endloop
endfacet
facet normal 0.0 0.663122692250081 -0.7485107180415017
 outer loop
  vertex -29.299999237060547 8.774052619934082 16.10721206665039
  vertex -32.29999923706055 8.774052619934082 16.10721206665039
  vertex -29.299999237060547 11.049007415771484 18.12264633178711
 endloop
endfacet
facet normal 0.0 0.9927088719406509 1.2053669802313405e-1
 outer loop
  vertex -32.29999923706055 8.062646865844727 10.248258590698242
  vertex -32.29999923706055 7.696298599243164 13.26540756225586
  vertex -29.299999237060547 7.696298599243164 13.26540756225586
 endloop
endfacet
facet normal 0.0 0.9350162718900497 -3.5460481003623284e-1
 outer loop
  vertex -32.29999923706055 7.696298599243164 13.26540756225586
  vertex -29.299999237060547 8.774052619934082 16.10721206665039
  vertex -29.299999237060547 7.696298599243164 13.26540756225586
 endloop
endfacet
facet normal 0.0 0.8229838037044392 0.5680648368277806
 outer loop
  vertex -32.29999923706055 9.78917121887207 7.746956825256348
  vertex -32.29999923706055 8.062646865844727 10.248258590698242
  vertex -29.299999237060547 8.062646865844727 10.248258590698242
 endloop
endfacet
facet normal -0.0 0.9927088719406509 1.2053669802313405e-1
 outer loop
  vertex -32.29999923706055 8.062646865844727 10.248258590698242
  vertex -29.299999237060547 7.696298599243164 13.26540756225586
  vertex -29.299999237060547 8.062646865844727 10.248258590698242
 endloop
endfacet
facet normal -1.0 0.0 0.0
 outer loop
  vertex -32.29999923706055 8.75825309753418 5.586051940917969
  vertex -32.29999923706055 9.78917121887207 7.746956825256348
  vertex -32.29999923706055 12.480345726013184 6.334519386291504
 endloop
endfacet
facet normal -0.0 0.4647231975960496 0.8854560122423378
 outer loop
  vertex -32.29999923706055 9.78917121887207 7.746956825256348
  vertex -29.299999237060547 9.78917121887207 7.746956825256348
  vertex -32.29999923706055 12.480345726013184 6.334519386291504
 endloop
endfacet
facet normal 0.0 0.8229838037044392 0.5680648368277806
 outer loop
  vertex -29.299999237060547 9.78917121887207 7.746956825256348
  vertex -32.29999923706055 9.78917121887207 7.746956825256348
  vertex -29.299999237060547 8.062646865844727 10.248258590698242
 endloop
endfacet
facet normal 0.0 0.0 1.0
 outer loop
  vertex -32.29999923706055 15.519654273986816 6.334519386291504
  vertex -32.29999923706055 12.480345726013184 6.334519386291504
  vertex -29.299999237060547 12.480345726013184 6.334519386291504
 endloop
endfacet
facet normal -0.0 0.4647231975960496 0.8854560122423378
 outer loop
  vertex -32.29999923706055 12.480345726013184 6.334519386291504
  vertex -29.299999237060547 9.78917121887207 7.746956825256348
  vertex -29.299999237060547 12.480345726013184 6.334519386291504
 endloop
endfacet
facet normal 0.0 -0.4647231975960496 0.8854560122423378
 outer loop
  vertex -29.299999237060547 15.519654273986816 6.334519386291504
  vertex -32.29999923706055 18.21082878112793 7.746956825256348
  vertex -32.29999923706055 15.519654273986816 6.334519386291504
 endloop
endfacet
facet normal -0.0 0.0 1.0
 outer loop
  vertex -32.29999923706055 15.519654273986816 6.334519386291504
  vertex -29.299999237060547 12.480345726013184 6.334519386291504
  vertex -29.299999237060547 15.519654273986816 6.334519386291504
 endloop
endfacet
facet normal 0.0 -0.8229838037044392 0.5680648368277806
 outer loop
  vertex -29.299999237060547 18.21082878112793 7.746956825256348
  vertex -32.29999923706055 19.937353134155273 10.248258590698242
  vertex -32.29999923706055 18.21082878112793 7.746956825256348
 endloop
endfacet
facet normal 0.0 -0.4647231975960496 0.8854560122423378
 outer loop
  vertex -29.299999237060547 18.21082878112793 7.746956825256348
  vertex -32.29999923706055 18.21082878112793 7.746956825256348
  vertex -29.299999237060547 15.519654273986816 6.334519386291504
 endloop
endfacet
facet normal 0.0 -0.9927088719406509 1.2053669802313405e-1
 outer loop
  vertex -32.29999923706055 20.303701400756836 13.26540756225586
  vertex -32.29999923706055 19.937353134155273 10.248258590698242
  vertex -29.299999237060547 19.937353134155273 10.248258590698242
 endloop
endfacet
facet normal 0.0 -0.8229838037044392 0.5680648368277806
 outer loop
  vertex -29.299999237060547 18.21082878112793 7.746956825256348
  vertex -29.299999237060547 19.937353134155273 10.248258590698242
  vertex -32.29999923706055 19.937353134155273 10.248258590698242
 endloop
endfacet
facet normal 0.0 -0.9350163759272672 -3.5460453571244577e-1
 outer loop
  vertex -32.29999923706055 19.225948333740234 16.10721206665039
  vertex -32.29999923706055 20.303701400756836 13.26540756225586
  vertex -29.299999237060547 20.303701400756836 13.26540756225586
 endloop
endfacet
facet normal 0.0 -0.9927088719406509 1.2053669802313405e-1
 outer loop
  vertex -29.299999237060547 19.937353134155273 10.248258590698242
  vertex -29.299999237060547 20.303701400756836 13.26540756225586
  vertex -32.29999923706055 20.303701400756836 13.26540756225586
 endloop
endfacet
facet normal 0.0 -0.6631225365039775 -0.7485108560204928
 outer loop
  vertex -32.29999923706055 19.225948333740234 16.10721206665039
  vertex -29.299999237060547 19.225948333740234 16.10721206665039
  vertex -32.29999923706055 16.950992584228516 18.12264633178711
 endloop
endfacet
facet normal 0.0 -0.9350163759272672 -3.5460453571244577e-1
 outer loop
  vertex -29.299999237060547 20.303701400756836 13.26540756225586
  vertex -29.299999237060547 19.225948333740234 16.10721206665039
  vertex -32.29999923706055 19.225948333740234 16.10721206665039
 endloop
endfacet
facet normal 0.0 -0.6631225365039775 -0.7485108560204928
 outer loop
  vertex -32.29999923706055 16.950992584228516 18.12264633178711
  vertex -29.299999237060547 19.225948333740234 16.10721206665039
  vertex -29.299999237060547 16.950992584228516 18.12264633178711
 endloop
endfacet
facet normal -1.0 0.0 0.0
 outer loop
  vertex -9.0 118.16999816894531 9.375
  vertex -9.0 118.16999816894531 12.5
  vertex -9.0 120.41068267822266 11.079882621765137
 endloop
endfacet
facet normal 1.0 0.0 0.0
 outer loop
  vertex 9.0 120.41593170166016 11.074509620666504
  vertex 9.0 118.16999816894531 12.5
  vertex 9.0 118.16999816894531 9.375
 endloop
endfacet
facet normal 0.0 -1.0 -0.0
 outer loop
  vertex 14.300000190734863 28.0 12.5
  vertex 11.4399995803833 28.0 9.375
  vertex 14.300000190734863 28.0 9.375
 endloop
endfacet
facet normal -0.9999999999999999 0.0 -0.0
 outer loop
  vertex 14.300000190734863 28.0 12.5
  vertex 14.300000190734863 28.0 9.375
  vertex 14.300000190734863 25.75748062133789 11.071958541870117
 endloop
endfacet
facet normal 0.0 -1.0 0.0
 outer loop
  vertex 11.4399995803833 28.0 15.625
  vertex 14.300000190734863 28.0 15.625
  vertex 14.300000190734863 28.0 18.75
 endloop
endfacet
facet normal 0.0 -1.0 -0.0
 outer loop
  vertex 14.300000190734863 28.0 21.875
  vertex 11.4399995803833 28.0 18.75
  vertex 14.300000190734863 28.0 18.75
 endloop
endfacet
facet normal -0.0 -1.0 0.0
 outer loop
  vertex 14.300000190734863 28.0 18.75
  vertex 11.4399995803833 28.0 18.75
  vertex 11.4399995803833 28.0 15.625
 endloop
endfacet
facet normal 0.0 -0.6631212905367502 -0.7485119598489225
 outer loop
  vertex 9.0 137.3959503173828 16.10721206665039
  vertex 9.0 135.12098693847656 18.12264633178711
  vertex 6.0 135.12098693847656 18.12264633178711
 endloop
endfacet
facet normal 0.0 -2.3931586402318444e-1 -0.9709417681956198
 outer loop
  vertex 6.0 135.12098693847656 18.12264633178711
  vertex 9.0 135.12098693847656 18.12264633178711
  vertex 6.0 132.1699981689453 18.850000381469727
 endloop
endfacet
facet normal 0.0 -0.93501741629629 -3.5460179246953943e-1
 outer loop
  vertex 6.0 137.3959503173828 16.10721206665039
  vertex 9.0 138.47369384765625 13.26540756225586
  vertex 9.0 137.3959503173828 16.10721206665039
 endloop
endfacet
facet normal -0.0 -0.6631212905367502 -0.7485119598489225
 outer loop
  vertex 9.0 137.3959503173828 16.10721206665039
  vertex 6.0 135.12098693847656 18.12264633178711
  vertex 6.0 137.3959503173828 16.10721206665039
 endloop
endfacet
facet normal 0.0 -0.9927088719406509 1.2053669802313405e-1
 outer loop
  vertex 9.0 138.1073455810547 10.248258590698242
  vertex 9.0 138.47369384765625 13.26540756225586
  vertex 6.0 138.47369384765625 13.26540756225586
 endloop
endfacet
facet normal 0.0 -0.93501741629629 -3.5460179246953943e-1
 outer loop
  vertex 6.0 138.47369384765625 13.26540756225586
  vertex 9.0 138.47369384765625 13.26540756225586
  vertex 6.0 137.3959503173828 16.10721206665039
 endloop
endfacet
facet normal 0.0 -0.8229849772621131 0.5680631366326102
 outer loop
  vertex 9.0 138.1073455810547 10.248258590698242
  vertex 6.0 138.1073455810547 10.248258590698242
  vertex 9.0 136.38082885742188 7.746956825256348
 endloop
endfacet
facet normal 0.0 -0.9927088719406509 1.2053669802313405e-1
 outer loop
  vertex 6.0 138.47369384765625 13.26540756225586
  vertex 6.0 138.1073455810547 10.248258590698242
  vertex 9.0 138.1073455810547 10.248258590698242
 endloop
endfacet
facet normal 0.0 -4.6472281024253287e-1 0.8854562155410524
 outer loop
  vertex 9.0 136.38082885742188 7.746956825256348
  vertex 6.0 136.38082885742188 7.746956825256348
  vertex 9.0 133.6896514892578 6.334519386291504
 endloop
endfacet
facet normal 0.0 -0.8229849772621131 0.5680631366326102
 outer loop
  vertex 9.0 136.38082885742188 7.746956825256348
  vertex 6.0 138.1073455810547 10.248258590698242
  vertex 6.0 136.38082885742188 7.746956825256348
 endloop
endfacet
facet normal 0.0 -0.0 1.0
 outer loop
  vertex 9.0 130.6503448486328 6.334519386291504
  vertex 9.0 133.6896514892578 6.334519386291504
  vertex 6.0 133.6896514892578 6.334519386291504
 endloop
endfacet
facet normal 0.0 -4.6472281024253287e-1 0.8854562155410524
 outer loop
  vertex 6.0 136.38082885742188 7.746956825256348
  vertex 6.0 133.6896514892578 6.334519386291504
  vertex 9.0 133.6896514892578 6.334519386291504
 endloop
endfacet
facet normal -0.0 4.6472281024253287e-1 0.8854562155410524
 outer loop
  vertex 6.0 130.6503448486328 6.334519386291504
  vertex 9.0 127.95916748046875 7.746956825256348
  vertex 9.0 130.6503448486328 6.334519386291504
 endloop
endfacet
facet normal 0.0 0.0 1.0
 outer loop
  vertex 6.0 133.6896514892578 6.334519386291504
  vertex 6.0 130.6503448486328 6.334519386291504
  vertex 9.0 130.6503448486328 6.334519386291504
 endloop
endfacet
facet normal 0.0 0.8229838037044392 0.5680648368277806
 outer loop
  vertex 9.0 127.95916748046875 7.746956825256348
  vertex 6.0 127.95916748046875 7.746956825256348
  vertex 9.0 126.2326431274414 10.248258590698242
 endloop
endfacet
facet normal -0.0 4.6472281024253287e-1 0.8854562155410524
 outer loop
  vertex 6.0 127.95916748046875 7.746956825256348
  vertex 9.0 127.95916748046875 7.746956825256348
  vertex 6.0 130.6503448486328 6.334519386291504
 endloop
endfacet
facet normal 0.0 0.9927088719406509 1.2053669802313405e-1
 outer loop
  vertex 9.0 126.2326431274414 10.248258590698242
  vertex 6.0 126.2326431274414 10.248258590698242
  vertex 9.0 125.86629486083984 13.26540756225586
 endloop
endfacet
facet normal 0.0 0.8229838037044392 0.5680648368277806
 outer loop
  vertex 6.0 127.95916748046875 7.746956825256348
  vertex 6.0 126.2326431274414 10.248258590698242
  vertex 9.0 126.2326431274414 10.248258590698242
 endloop
endfacet
facet normal 0.0 0.9350157517031017 -0.3546061816537943
 outer loop
  vertex 6.0 125.86629486083984 13.26540756225586
  vertex 9.0 126.94405364990234 16.10721206665039
  vertex 9.0 125.86629486083984 13.26540756225586
 endloop
endfacet
facet normal 0.0 0.9927088719406509 1.2053669802313405e-1
 outer loop
  vertex 9.0 125.86629486083984 13.26540756225586
  vertex 6.0 126.2326431274414 10.248258590698242
  vertex 6.0 125.86629486083984 13.26540756225586
 endloop
endfacet
facet normal 0.0 0.6631225365039775 -0.7485108560204928
 outer loop
  vertex 9.0 129.21900939941406 18.12264633178711
  vertex 9.0 126.94405364990234 16.10721206665039
  vertex 6.0 126.94405364990234 16.10721206665039
 endloop
endfacet
facet normal 0.0 0.9350157517031017 -0.3546061816537943
 outer loop
  vertex 6.0 125.86629486083984 13.26540756225586
  vertex 6.0 126.94405364990234 16.10721206665039
  vertex 9.0 126.94405364990234 16.10721206665039
 endloop
endfacet
facet normal 0.0 0.6631225365039775 -0.7485108560204928
 outer loop
  vertex 9.0 129.21900939941406 18.12264633178711
  vertex 6.0 126.94405364990234 16.10721206665039
  vertex 6.0 129.21900939941406 18.12264633178711
 endloop
endfacet
facet normal 0.0 0.6631225365039775 -0.7485108560204928
 outer loop
  vertex -6.0 129.21900939941406 18.12264633178711
  vertex -9.0 126.94405364990234 16.10721206665039
  vertex -9.0 129.21900939941406 18.12264633178711
 endloop
endfacet
facet normal 0.0 2.3931586402318444e-1 -0.9709417681956198
 outer loop
  vertex -6.0 129.21900939941406 18.12264633178711
  vertex -9.0 129.21900939941406 18.12264633178711
  vertex -6.0 132.1699981689453 18.850000381469727
 endloop
endfacet
facet normal 0.0 0.9350157517031017 -0.3546061816537943
 outer loop
  vertex -6.0 126.94405364990234 16.10721206665039
  vertex -9.0 125.86629486083984 13.26540756225586
  vertex -9.0 126.94405364990234 16.10721206665039
 endloop
endfacet
facet normal 0.0 0.6631225365039775 -0.7485108560204928
 outer loop
  vertex -6.0 126.94405364990234 16.10721206665039
  vertex -9.0 126.94405364990234 16.10721206665039
  vertex -6.0 129.21900939941406 18.12264633178711
 endloop
endfacet
facet normal -0.0 0.9927088719406509 1.2053669802313405e-1
 outer loop
  vertex -9.0 125.86629486083984 13.26540756225586
  vertex -6.0 125.86629486083984 13.26540756225586
  vertex -9.0 126.2326431274414 10.248258590698242
 endloop
endfacet
facet normal 0.0 0.9350157517031017 -0.3546061816537943
 outer loop
  vertex -9.0 125.86629486083984 13.26540756225586
  vertex -6.0 126.94405364990234 16.10721206665039
  vertex -6.0 125.86629486083984 13.26540756225586
 endloop
endfacet
facet normal 0.0 0.8229838037044392 0.5680648368277806
 outer loop
  vertex -6.0 126.2326431274414 10.248258590698242
  vertex -9.0 127.95916748046875 7.746956825256348
  vertex -9.0 126.2326431274414 10.248258590698242
 endloop
endfacet
facet normal 0.0 0.9927088719406509 1.2053669802313405e-1
 outer loop
  vertex -6.0 125.86629486083984 13.26540756225586
  vertex -6.0 126.2326431274414 10.248258590698242
  vertex -9.0 126.2326431274414 10.248258590698242
 endloop
endfacet
facet normal 0.0 4.6472281024253287e-1 0.8854562155410524
 outer loop
  vertex -6.0 127.95916748046875 7.746956825256348
  vertex -9.0 130.6503448486328 6.334519386291504
  vertex -9.0 127.95916748046875 7.746956825256348
 endloop
endfacet
facet normal 0.0 0.8229838037044392 0.5680648368277806
 outer loop
  vertex -6.0 127.95916748046875 7.746956825256348
  vertex -9.0 127.95916748046875 7.746956825256348
  vertex -6.0 126.2326431274414 10.248258590698242
 endloop
endfacet
facet normal 0.0 0.0 1.0
 outer loop
  vertex -6.0 130.6503448486328 6.334519386291504
  vertex -9.0 133.6896514892578 6.334519386291504
  vertex -9.0 130.6503448486328 6.334519386291504
 endloop
endfacet
facet normal 0.0 4.6472281024253287e-1 0.8854562155410524
 outer loop
  vertex -6.0 127.95916748046875 7.746956825256348
  vertex -6.0 130.6503448486328 6.334519386291504
  vertex -9.0 130.6503448486328 6.334519386291504
 endloop
endfacet
facet normal 0.0 -4.6472281024253287e-1 0.8854562155410524
 outer loop
  vertex -9.0 136.38082885742188 7.746956825256348
  vertex -9.0 133.6896514892578 6.334519386291504
  vertex -6.0 133.6896514892578 6.334519386291504
 endloop
endfacet
facet normal 0.0 -0.0 1.0
 outer loop
  vertex -6.0 130.6503448486328 6.334519386291504
  vertex -6.0 133.6896514892578 6.334519386291504
  vertex -9.0 133.6896514892578 6.334519386291504
 endloop
endfacet
facet normal 0.0 -0.8229849772621131 0.5680631366326102
 outer loop
  vertex -9.0 138.1073455810547 10.248258590698242
  vertex -9.0 136.38082885742188 7.746956825256348
  vertex -6.0 136.38082885742188 7.746956825256348
 endloop
endfacet
facet normal 0.0 -4.6472281024253287e-1 0.8854562155410524
 outer loop
  vertex -6.0 136.38082885742188 7.746956825256348
  vertex -9.0 136.38082885742188 7.746956825256348
  vertex -6.0 133.6896514892578 6.334519386291504
 endloop
endfacet
facet normal 0.0 -0.9927088719406509 1.2053669802313405e-1
 outer loop
  vertex -9.0 138.1073455810547 10.248258590698242
  vertex -6.0 138.1073455810547 10.248258590698242
  vertex -9.0 138.47369384765625 13.26540756225586
 endloop
endfacet
facet normal 0.0 -0.8229849772621131 0.5680631366326102
 outer loop
  vertex -6.0 138.1073455810547 10.248258590698242
  vertex -9.0 138.1073455810547 10.248258590698242
  vertex -6.0 136.38082885742188 7.746956825256348
 endloop
endfacet
facet normal 0.0 -0.93501741629629 -3.5460179246953943e-1
 outer loop
  vertex -9.0 137.3959503173828 16.10721206665039
  vertex -9.0 138.47369384765625 13.26540756225586
  vertex -6.0 138.47369384765625 13.26540756225586
 endloop
endfacet
facet normal 0.0 -0.9927088719406509 1.2053669802313405e-1
 outer loop
  vertex -9.0 138.47369384765625 13.26540756225586
  vertex -6.0 138.1073455810547 10.248258590698242
  vertex -6.0 138.47369384765625 13.26540756225586
 endloop
endfacet
facet normal 0.0 -0.6631212905367502 -0.7485119598489225
 outer loop
  vertex -9.0 135.12098693847656 18.12264633178711
  vertex -9.0 137.3959503173828 16.10721206665039
  vertex -6.0 137.3959503173828 16.10721206665039
 endloop
endfacet
facet normal -0.0 -0.93501741629629 -3.5460179246953943e-1
 outer loop
  vertex -6.0 137.3959503173828 16.10721206665039
  vertex -9.0 137.3959503173828 16.10721206665039
  vertex -6.0 138.47369384765625 13.26540756225586
 endloop
endfacet
facet normal 0.0 -0.6631212905367502 -0.7485119598489225
 outer loop
  vertex -9.0 135.12098693847656 18.12264633178711
  vertex -6.0 137.3959503173828 16.10721206665039
  vertex -6.0 135.12098693847656 18.12264633178711
 endloop
endfacet
facet normal -1.0 -0.0 0.0
 outer loop
  vertex -9.0 133.72555541992188 25.0
  vertex -9.0 131.49176025390625 22.24632453918457
  vertex -9.0 130.61444091796875 25.0
 endloop
endfacet
facet normal -0.9999999999999999 0.0 0.0
 outer loop
  vertex -9.0 139.94778442382813 25.0
  vertex -9.0 143.0588836669922 25.0
  vertex -9.0 141.73768615722656 22.498228073120117
 endloop
endfacet
facet normal 0.0 0.0 1.0
 outer loop
  vertex -9.0 139.94778442382813 25.0
  vertex -6.0 139.94778442382813 25.0
  vertex -9.0 143.0588836669922 25.0
 endloop
endfacet
facet normal 0.0 1.0 0.0
 outer loop
  vertex -9.0 146.1699981689453 18.75
  vertex -9.0 146.1699981689453 21.875
  vertex -6.0 146.1699981689453 18.75
 endloop
endfacet
facet normal 0.0 1.0 0.0
 outer loop
  vertex -9.0 146.1699981689453 15.625
  vertex -6.0 146.1699981689453 12.5
  vertex -9.0 146.1699981689453 12.5
 endloop
endfacet
facet normal -0.9999999999999999 0.0 -0.0
 outer loop
  vertex -9.0 146.1699981689453 12.5
  vertex -9.0 146.1699981689453 9.375
  vertex -9.0 143.9275360107422 11.072274208068848
 endloop
endfacet
facet normal 0.0 1.0 0.0
 outer loop
  vertex -9.0 146.1699981689453 6.25
  vertex -9.0 146.1699981689453 9.375
  vertex -6.0 146.1699981689453 6.25
 endloop
endfacet
facet normal 0.0 0.0 -1.0
 outer loop
  vertex -6.0 139.94778442382813 0.0
  vertex -9.0 139.94778442382813 0.0
  vertex -9.0 143.0588836669922 0.0
 endloop
endfacet
facet normal -1.0 0.0 0.0
 outer loop
  vertex -9.0 139.94778442382813 0.0
  vertex -9.0 136.836669921875 0.0
  vertex -9.0 138.618408203125 2.72725772857666
 endloop
endfacet
facet normal 0.0 0.0 -1.0
 outer loop
  vertex -9.0 136.836669921875 0.0
  vertex -6.0 133.72555541992188 0.0
  vertex -9.0 133.72555541992188 0.0
 endloop
endfacet
facet normal 0.0 0.0 -1.0
 outer loop
  vertex -9.0 127.50333404541016 0.0
  vertex -9.0 130.61444091796875 0.0
  vertex -6.0 127.50333404541016 0.0
 endloop
endfacet
facet normal -1.0 0.0 -0.0
 outer loop
  vertex -9.0 125.68707275390625 2.731520414352417
  vertex -9.0 127.50333404541016 0.0
  vertex -9.0 124.39221954345703 0.0
 endloop
endfacet
facet normal -0.0 -0.0 -1.0
 outer loop
  vertex -3.0 146.1699981689453 0.0
  vertex -3.0 143.0588836669922 0.0
  vertex -6.0 146.1699981689453 0.0
 endloop
endfacet
facet normal 0.0 1.0 0.0
 outer loop
  vertex -3.0 146.1699981689453 3.125
  vertex 0.0 146.1699981689453 0.0
  vertex -3.0 146.1699981689453 0.0
 endloop
endfacet
facet normal 0.0 0.0 -1.0
 outer loop
  vertex 3.0 143.0588836669922 0.0
  vertex 0.0 146.1699981689453 0.0
  vertex 3.0 146.1699981689453 0.0
 endloop
endfacet
facet normal 0.0 1.0 0.0
 outer loop
  vertex 3.0 146.1699981689453 3.125
  vertex 6.0 146.1699981689453 0.0
  vertex 3.0 146.1699981689453 0.0
 endloop
endfacet
facet normal 1.0 0.0 0.0
 outer loop
  vertex 9.0 139.94778442382813 0.0
  vertex 9.0 138.6455841064453 2.7424299716949463
  vertex 9.0 136.836669921875 0.0
 endloop
endfacet
facet normal -0.0 -0.0 -1.0
 outer loop
  vertex 9.0 136.836669921875 0.0
  vertex 9.0 133.72555541992188 0.0
  vertex 6.0 136.836669921875 0.0
 endloop
endfacet
facet normal 0.0 0.0 -1.0
 outer loop
  vertex 6.0 130.61444091796875 0.0
  vertex 9.0 130.61444091796875 0.0
  vertex 9.0 127.50333404541016 0.0
 endloop
endfacet
facet normal 1.0 0.0 0.0
 outer loop
  vertex 9.0 127.50333404541016 0.0
  vertex 9.0 125.72166442871094 2.7274327278137207
  vertex 9.0 124.39221954345703 0.0
 endloop
endfacet
facet normal 0.0 0.0 -1.0
 outer loop
  vertex 9.0 121.28111267089844 0.0
  vertex 6.0 124.39221954345703 0.0
  vertex 9.0 124.39221954345703 0.0
 endloop
endfacet
facet normal 1.0 0.0 -0.0
 outer loop
  vertex 9.0 138.28408813476563 22.002490997314453
  vertex 9.0 139.94778442382813 25.0
  vertex 9.0 136.836669921875 25.0
 endloop
endfacet
facet normal -0.0 0.0 1.0
 outer loop
  vertex 6.0 139.94778442382813 25.0
  vertex 9.0 136.836669921875 25.0
  vertex 9.0 139.94778442382813 25.0
 endloop
endfacet
facet normal -0.0 0.0 1.0
 outer loop
  vertex 6.0 130.61444091796875 25.0
  vertex 9.0 127.50333404541016 25.0
  vertex 9.0 130.61444091796875 25.0
 endloop
endfacet
facet normal 1.0 0.0 0.0
 outer loop
  vertex 9.0 124.39221954345703 25.0
  vertex 9.0 121.28111267089844 25.0
  vertex 9.0 122.60328674316406 22.498323440551758
 endloop
endfacet
facet normal 0.0 0.0 1.0
 outer loop
  vertex 9.0 124.39221954345703 25.0
  vertex 6.0 124.39221954345703 25.0
  vertex 9.0 121.28111267089844 25.0
 endloop
endfacet
facet normal 0.0 1.0 0.0
 outer loop
  vertex 9.0 146.1699981689453 6.25
  vertex 9.0 146.1699981689453 3.125
  vertex 6.0 146.1699981689453 6.25
 endloop
endfacet
facet normal 0.9999999999999999 -0.0 0.0
 outer loop
  vertex 9.0 142.91720581054688 8.084113121032715
  vertex 9.0 146.1699981689453 6.25
  vertex 9.0 146.1699981689453 9.375
 endloop
endfacet
facet normal 0.0 1.0 0.0
 outer loop
  vertex 9.0 146.1699981689453 12.5
  vertex 9.0 146.1699981689453 9.375
  vertex 6.0 146.1699981689453 12.5
 endloop
endfacet
facet normal 1.0 0.0 -0.0
 outer loop
  vertex 9.0 146.1699981689453 12.5
  vertex 9.0 146.1699981689453 15.625
  vertex 9.0 143.45413208007813 13.978645324707031
 endloop
endfacet
facet normal 0.0 1.0 -0.0
 outer loop
  vertex 9.0 146.1699981689453 15.625
  vertex 6.0 146.1699981689453 18.75
  vertex 9.0 146.1699981689453 18.75
 endloop
endfacet
facet normal 0.0 -0.0 1.0
 outer loop
  vertex 3.0 143.0588836669922 25.0
  vertex 3.0 146.1699981689453 25.0
  vertex 0.0 146.1699981689453 25.0
 endloop
endfacet
facet normal 0.0 1.0 0.0
 outer loop
  vertex 3.0 146.1699981689453 25.0
  vertex 3.0 146.1699981689453 21.875
  vertex 0.0 146.1699981689453 25.0
 endloop
endfacet
facet normal 0.0 0.0 1.0
 outer loop
  vertex -3.0 146.1699981689453 25.0
  vertex -6.0 146.1699981689453 25.0
  vertex -3.0 143.0588836669922 25.0
 endloop
endfacet
facet normal -0.0 1.0 0.0
 outer loop
  vertex -6.0 146.1699981689453 25.0
  vertex -3.0 146.1699981689453 25.0
  vertex -3.0 146.1699981689453 21.875
 endloop
endfacet
facet normal 0.0 0.6631226922500809 -0.7485107180415016
 outer loop
  vertex 14.300000190734863 8.774052619934082 16.10721206665039
  vertex 14.300000190734863 11.049007415771484 18.12264633178711
  vertex 17.299999237060547 11.049007415771484 18.12264633178711
 endloop
endfacet
facet normal 0.0 2.3931557238132078e-1 -0.9709418400789003
 outer loop
  vertex 17.299999237060547 14.0 18.850000381469727
  vertex 17.299999237060547 11.049007415771484 18.12264633178711
  vertex 14.300000190734863 11.049007415771484 18.12264633178711
 endloop
endfacet
facet normal 0.0 0.9350162718900497 -3.5460481003623284e-1
 outer loop
  vertex 14.300000190734863 8.774052619934082 16.10721206665039
  vertex 17.299999237060547 8.774052619934082 16.10721206665039
  vertex 14.300000190734863 7.696298599243164 13.26540756225586
 endloop
endfacet
facet normal 0.0 0.6631226922500809 -0.7485107180415016
 outer loop
  vertex 14.300000190734863 8.774052619934082 16.10721206665039
  vertex 17.299999237060547 11.049007415771484 18.12264633178711
  vertex 17.299999237060547 8.774052619934082 16.10721206665039
 endloop
endfacet
facet normal -0.0 0.992708871940651 1.2053669802313406e-1
 outer loop
  vertex 14.300000190734863 7.696298599243164 13.26540756225586
  vertex 17.299999237060547 7.696298599243164 13.26540756225586
  vertex 14.300000190734863 8.062646865844727 10.248258590698242
 endloop
endfacet
facet normal 0.0 0.9350162718900497 -3.5460481003623284e-1
 outer loop
  vertex 17.299999237060547 8.774052619934082 16.10721206665039
  vertex 17.299999237060547 7.696298599243164 13.26540756225586
  vertex 14.300000190734863 7.696298599243164 13.26540756225586
 endloop
endfacet
facet normal -0.0 0.8229838037044392 0.5680648368277806
 outer loop
  vertex 14.300000190734863 8.062646865844727 10.248258590698242
  vertex 17.299999237060547 8.062646865844727 10.248258590698242
  vertex 14.300000190734863 9.78917121887207 7.746956825256348
 endloop
endfacet
facet normal 0.0 0.992708871940651 1.2053669802313406e-1
 outer loop
  vertex 17.299999237060547 8.062646865844727 10.248258590698242
  vertex 14.300000190734863 8.062646865844727 10.248258590698242
  vertex 17.299999237060547 7.696298599243164 13.26540756225586
 endloop
endfacet
facet normal 0.0 0.4647231975960496 0.8854560122423378
 outer loop
  vertex 17.299999237060547 9.78917121887207 7.746956825256348
  vertex 14.300000190734863 12.480345726013184 6.334519386291504
  vertex 14.300000190734863 9.78917121887207 7.746956825256348
 endloop
endfacet
facet normal 0.0 0.8229838037044392 0.5680648368277806
 outer loop
  vertex 17.299999237060547 8.062646865844727 10.248258590698242
  vertex 17.299999237060547 9.78917121887207 7.746956825256348
  vertex 14.300000190734863 9.78917121887207 7.746956825256348
 endloop
endfacet
facet normal 0.0 0.0 0.9999999999999999
 outer loop
  vertex 14.300000190734863 15.519654273986816 6.334519386291504
  vertex 14.300000190734863 12.480345726013184 6.334519386291504
  vertex 17.299999237060547 12.480345726013184 6.334519386291504
 endloop
endfacet
facet normal 0.0 0.4647231975960496 0.8854560122423378
 outer loop
  vertex 17.299999237060547 12.480345726013184 6.334519386291504
  vertex 14.300000190734863 12.480345726013184 6.334519386291504
  vertex 17.299999237060547 9.78917121887207 7.746956825256348
 endloop
endfacet
facet normal 0.0 -0.4647231975960496 0.8854560122423378
 outer loop
  vertex 14.300000190734863 18.21082878112793 7.746956825256348
  vertex 14.300000190734863 15.519654273986816 6.334519386291504
  vertex 17.299999237060547 15.519654273986816 6.334519386291504
 endloop
endfacet
facet normal -0.0 0.0 0.9999999999999999
 outer loop
  vertex 14.300000190734863 15.519654273986816 6.334519386291504
  vertex 17.299999237060547 12.480345726013184 6.334519386291504
  vertex 17.299999237060547 15.519654273986816 6.334519386291504
 endloop
endfacet
facet normal 0.0 -0.8229838037044392 0.5680648368277806
 outer loop
  vertex 14.300000190734863 18.21082878112793 7.746956825256348
  vertex 17.299999237060547 18.21082878112793 7.746956825256348
  vertex 14.300000190734863 19.937353134155273 10.248258590698242
 endloop
endfacet
facet normal 0.0 -0.4647231975960496 0.8854560122423378
 outer loop
  vertex 14.300000190734863 18.21082878112793 7.746956825256348
  vertex 17.299999237060547 15.519654273986816 6.334519386291504
  vertex 17.299999237060547 18.21082878112793 7.746956825256348
 endloop
endfacet
facet normal 0.0 -0.992708871940651 1.2053669802313406e-1
 outer loop
  vertex 14.300000190734863 19.937353134155273 10.248258590698242
  vertex 17.299999237060547 19.937353134155273 10.248258590698242
  vertex 14.300000190734863 20.303701400756836 13.26540756225586
 endloop
endfacet
facet normal 0.0 -0.8229838037044392 0.5680648368277806
 outer loop
  vertex 17.299999237060547 18.21082878112793 7.746956825256348
  vertex 17.299999237060547 19.937353134155273 10.248258590698242
  vertex 14.300000190734863 19.937353134155273 10.248258590698242
 endloop
endfacet
facet normal 0.0 -0.935016375927267 -3.5460453571244577e-1
 outer loop
  vertex 14.300000190734863 20.303701400756836 13.26540756225586
  vertex 17.299999237060547 20.303701400756836 13.26540756225586
  vertex 14.300000190734863 19.225948333740234 16.10721206665039
 endloop
endfacet
facet normal 0.0 -0.992708871940651 1.2053669802313406e-1
 outer loop
  vertex 14.300000190734863 20.303701400756836 13.26540756225586
  vertex 17.299999237060547 19.937353134155273 10.248258590698242
  vertex 17.299999237060547 20.303701400756836 13.26540756225586
 endloop
endfacet
facet normal 0.0 -0.6631225365039776 -0.7485108560204928
 outer loop
  vertex 14.300000190734863 16.950992584228516 18.12264633178711
  vertex 14.300000190734863 19.225948333740234 16.10721206665039
  vertex 17.299999237060547 19.225948333740234 16.10721206665039
 endloop
endfacet
facet normal -0.0 -0.935016375927267 -3.5460453571244577e-1
 outer loop
  vertex 17.299999237060547 19.225948333740234 16.10721206665039
  vertex 14.300000190734863 19.225948333740234 16.10721206665039
  vertex 17.299999237060547 20.303701400756836 13.26540756225586
 endloop
endfacet
facet normal -0.0 -0.6631225365039776 -0.7485108560204928
 outer loop
  vertex 17.299999237060547 16.950992584228516 18.12264633178711
  vertex 14.300000190734863 16.950992584228516 18.12264633178711
  vertex 17.299999237060547 19.225948333740234 16.10721206665039
 endloop
endfacet
facet normal 0.0 -0.6631225365039775 -0.7485108560204928
 outer loop
  vertex 29.299999237060547 16.950992584228516 18.12264633178711
  vertex 32.29999923706055 19.225948333740234 16.10721206665039
  vertex 32.29999923706055 16.950992584228516 18.12264633178711
 endloop
endfacet
facet normal 0.0 -2.3931557238132078e-1 -0.9709418400789004
 outer loop
  vertex 29.299999237060547 14.0 18.850000381469727
  vertex 29.299999237060547 16.950992584228516 18.12264633178711
  vertex 32.29999923706055 16.950992584228516 18.12264633178711
 endloop
endfacet
facet normal 0.0 -0.9350163759272672 -3.5460453571244577e-1
 outer loop
  vertex 29.299999237060547 19.225948333740234 16.10721206665039
  vertex 32.29999923706055 20.303701400756836 13.26540756225586
  vertex 32.29999923706055 19.225948333740234 16.10721206665039
 endloop
endfacet
facet normal 0.0 -0.6631225365039775 -0.7485108560204928
 outer loop
  vertex 29.299999237060547 19.225948333740234 16.10721206665039
  vertex 32.29999923706055 19.225948333740234 16.10721206665039
  vertex 29.299999237060547 16.950992584228516 18.12264633178711
 endloop
endfacet
facet normal 0.0 -0.9927088719406509 1.2053669802313405e-1
 outer loop
  vertex 32.29999923706055 19.937353134155273 10.248258590698242
  vertex 32.29999923706055 20.303701400756836 13.26540756225586
  vertex 29.299999237060547 20.303701400756836 13.26540756225586
 endloop
endfacet
facet normal 0.0 -0.9350163759272672 -3.5460453571244577e-1
 outer loop
  vertex 29.299999237060547 20.303701400756836 13.26540756225586
  vertex 32.29999923706055 20.303701400756836 13.26540756225586
  vertex 29.299999237060547 19.225948333740234 16.10721206665039
 endloop
endfacet
facet normal 0.0 -0.8229838037044392 0.5680648368277806
 outer loop
  vertex 32.29999923706055 18.21082878112793 7.746956825256348
  vertex 32.29999923706055 19.937353134155273 10.248258590698242
  vertex 29.299999237060547 19.937353134155273 10.248258590698242
 endloop
endfacet
facet normal 0.0 -0.9927088719406509 1.2053669802313405e-1
 outer loop
  vertex 29.299999237060547 20.303701400756836 13.26540756225586
  vertex 29.299999237060547 19.937353134155273 10.248258590698242
  vertex 32.29999923706055 19.937353134155273 10.248258590698242
 endloop
endfacet
facet normal 0.0 -0.4647231975960496 0.8854560122423378
 outer loop
  vertex 32.29999923706055 18.21082878112793 7.746956825256348
  vertex 29.299999237060547 18.21082878112793 7.746956825256348
  vertex 32.29999923706055 15.519654273986816 6.334519386291504
 endloop
endfacet
facet normal 0.0 -0.8229838037044392 0.5680648368277806
 outer loop
  vertex 29.299999237060547 18.21082878112793 7.746956825256348
  vertex 32.29999923706055 18.21082878112793 7.746956825256348
  vertex 29.299999237060547 19.937353134155273 10.248258590698242
 endloop
endfacet
facet normal 0.0 0.0 1.0
 outer loop
  vertex 32.29999923706055 15.519654273986816 6.334519386291504
  vertex 29.299999237060547 15.519654273986816 6.334519386291504
  vertex 32.29999923706055 12.480345726013184 6.334519386291504
 endloop
endfacet
facet normal 0.0 -0.4647231975960496 0.8854560122423378
 outer loop
  vertex 29.299999237060547 15.519654273986816 6.334519386291504
  vertex 32.29999923706055 15.519654273986816 6.334519386291504
  vertex 29.299999237060547 18.21082878112793 7.746956825256348
 endloop
endfacet
facet normal 0.0 0.4647231975960496 0.8854560122423378
 outer loop
  vertex 32.29999923706055 9.78917121887207 7.746956825256348
  vertex 32.29999923706055 12.480345726013184 6.334519386291504
  vertex 29.299999237060547 12.480345726013184 6.334519386291504
 endloop
endfacet
facet normal 0.0 0.0 1.0
 outer loop
  vertex 32.29999923706055 12.480345726013184 6.334519386291504
  vertex 29.299999237060547 15.519654273986816 6.334519386291504
  vertex 29.299999237060547 12.480345726013184 6.334519386291504
 endloop
endfacet
facet normal -0.0 0.8229838037044392 0.5680648368277806
 outer loop
  vertex 29.299999237060547 9.78917121887207 7.746956825256348
  vertex 32.29999923706055 8.062646865844727 10.248258590698242
  vertex 32.29999923706055 9.78917121887207 7.746956825256348
 endloop
endfacet
facet normal 0.0 0.4647231975960496 0.8854560122423378
 outer loop
  vertex 32.29999923706055 9.78917121887207 7.746956825256348
  vertex 29.299999237060547 12.480345726013184 6.334519386291504
  vertex 29.299999237060547 9.78917121887207 7.746956825256348
 endloop
endfacet
facet normal -0.0 0.9927088719406509 1.2053669802313405e-1
 outer loop
  vertex 29.299999237060547 8.062646865844727 10.248258590698242
  vertex 32.29999923706055 7.696298599243164 13.26540756225586
  vertex 32.29999923706055 8.062646865844727 10.248258590698242
 endloop
endfacet
facet normal 0.0 0.8229838037044392 0.5680648368277806
 outer loop
  vertex 29.299999237060547 9.78917121887207 7.746956825256348
  vertex 29.299999237060547 8.062646865844727 10.248258590698242
  vertex 32.29999923706055 8.062646865844727 10.248258590698242
 endloop
endfacet
facet normal 0.0 0.9350162718900497 -3.5460481003623284e-1
 outer loop
  vertex 32.29999923706055 8.774052619934082 16.10721206665039
  vertex 32.29999923706055 7.696298599243164 13.26540756225586
  vertex 29.299999237060547 7.696298599243164 13.26540756225586
 endloop
endfacet
facet normal 0.0 0.9927088719406509 1.2053669802313405e-1
 outer loop
  vertex 29.299999237060547 8.062646865844727 10.248258590698242
  vertex 29.299999237060547 7.696298599243164 13.26540756225586
  vertex 32.29999923706055 7.696298599243164 13.26540756225586
 endloop
endfacet
facet normal 0.0 0.663122692250081 -0.7485107180415017
 outer loop
  vertex 32.29999923706055 11.049007415771484 18.12264633178711
  vertex 32.29999923706055 8.774052619934082 16.10721206665039
  vertex 29.299999237060547 8.774052619934082 16.10721206665039
 endloop
endfacet
facet normal 0.0 0.9350162718900497 -3.5460481003623284e-1
 outer loop
  vertex 32.29999923706055 8.774052619934082 16.10721206665039
  vertex 29.299999237060547 7.696298599243164 13.26540756225586
  vertex 29.299999237060547 8.774052619934082 16.10721206665039
 endloop
endfacet
facet normal 0.0 0.663122692250081 -0.7485107180415017
 outer loop
  vertex 29.299999237060547 11.049007415771484 18.12264633178711
  vertex 32.29999923706055 11.049007415771484 18.12264633178711
  vertex 29.299999237060547 8.774052619934082 16.10721206665039
 endloop
endfacet
facet normal 0.0 -0.0 1.0
 outer loop
  vertex 32.29999923706055 18.66666603088379 25.0
  vertex 32.29999923706055 21.77777862548828 25.0
  vertex 29.299999237060547 18.66666603088379 25.0
 endloop
endfacet
facet normal 1.0 -0.0 0.0
 outer loop
  vertex 32.29999923706055 12.44444465637207 25.0
  vertex 32.29999923706055 14.679790496826172 22.220558166503906
  vertex 32.29999923706055 15.55555534362793 25.0
 endloop
endfacet
facet normal 0.0 0.0 1.0
 outer loop
  vertex 32.29999923706055 15.55555534362793 25.0
  vertex 29.299999237060547 12.44444465637207 25.0
  vertex 32.29999923706055 12.44444465637207 25.0
 endloop
endfacet
facet normal 0.0 0.0 1.0
 outer loop
  vertex 29.299999237060547 6.222222328186035 25.0
  vertex 32.29999923706055 6.222222328186035 25.0
  vertex 32.29999923706055 9.333333015441895 25.0
 endloop
endfacet
facet normal 0.0 -1.0 -0.0
 outer loop
  vertex 32.29999923706055 0.0 21.875
  vertex 29.299999237060547 0.0 18.75
  vertex 32.29999923706055 0.0 18.75
 endloop
endfacet
facet normal 0.0 -1.0 0.0
 outer loop
  vertex 32.29999923706055 0.0 12.5
  vertex 32.29999923706055 0.0 15.625
  vertex 29.299999237060547 0.0 12.5
 endloop
endfacet
facet normal 1.0 0.0 0.0
 outer loop
  vertex 32.29999923706055 0.0 9.375
  vertex 32.29999923706055 2.242525815963745 11.071964263916016
  vertex 32.29999923706055 0.0 12.5
 endloop
endfacet
facet normal 0.0 -1.0 0.0
 outer loop
  vertex 29.299999237060547 0.0 6.25
  vertex 32.29999923706055 0.0 6.25
  vertex 32.29999923706055 0.0 9.375
 endloop
endfacet
facet normal 0.0 0.0 -1.0
 outer loop
  vertex 32.29999923706055 6.222222328186035 0.0
  vertex 29.299999237060547 9.333333015441895 0.0
  vertex 32.29999923706055 9.333333015441895 0.0
 endloop
endfacet
facet normal 1.0 0.0 0.0
 outer loop
  vertex 32.29999923706055 10.787336349487305 2.9328794479370117
  vertex 32.29999923706055 9.333333015441895 0.0
  vertex 32.29999923706055 12.44444465637207 0.0
 endloop
endfacet
facet normal 0.0 0.0 -1.0
 outer loop
  vertex 32.29999923706055 12.44444465637207 0.0
  vertex 29.299999237060547 15.55555534362793 0.0
  vertex 32.29999923706055 15.55555534362793 0.0
 endloop
endfacet
facet normal 1.0 0.0 0.0
 outer loop
  vertex 32.29999923706055 20.533187866210938 2.7496237754821777
  vertex 32.29999923706055 18.66666603088379 0.0
  vertex 32.29999923706055 21.77777862548828 0.0
 endloop
endfacet
facet normal 0.0 0.0 -1.0
 outer loop
  vertex 32.29999923706055 18.66666603088379 0.0
  vertex 29.299999237060547 21.77777862548828 0.0
  vertex 32.29999923706055 21.77777862548828 0.0
 endloop
endfacet
facet normal 0.0 0.0 -1.0
 outer loop
  vertex 23.299999237060547 3.1111111640930176 0.0
  vertex 26.299999237060547 0.0 0.0
  vertex 23.299999237060547 0.0 0.0
 endloop
endfacet
facet normal 0.0 -1.0 -0.0
 outer loop
  vertex 26.299999237060547 0.0 3.125
  vertex 23.299999237060547 0.0 0.0
  vertex 26.299999237060547 0.0 0.0
 endloop
endfacet
facet normal 0.0 -1.0 0.0
 outer loop
  vertex 17.299999237060547 0.0 0.0
  vertex 20.299999237060547 0.0 0.0
  vertex 20.299999237060547 0.0 3.125
 endloop
endfacet
facet normal 0.0 0.0 -1.0
 outer loop
  vertex 14.300000190734863 9.333333015441895 0.0
  vertex 17.299999237060547 6.222222328186035 0.0
  vertex 14.300000190734863 6.222222328186035 0.0
 endloop
endfacet
facet normal -1.0 0.0 0.0
 outer loop
  vertex 14.300000190734863 9.333333015441895 0.0
  vertex 14.300000190734863 6.222222328186035 0.0
  vertex 14.300000190734863 7.513346195220947 2.740712881088257
 endloop
endfacet
facet normal 0.0 0.0 -1.0
 outer loop
  vertex 14.300000190734863 15.55555534362793 0.0
  vertex 17.299999237060547 12.44444465637207 0.0
  vertex 14.300000190734863 12.44444465637207 0.0
 endloop
endfacet
facet normal 0.0 0.0 -1.0
 outer loop
  vertex 14.300000190734863 21.77777862548828 0.0
  vertex 17.299999237060547 18.66666603088379 0.0
  vertex 14.300000190734863 18.66666603088379 0.0
 endloop
endfacet
facet normal -1.0 0.0 0.0
 outer loop
  vertex 14.300000190734863 21.77777862548828 0.0
  vertex 14.300000190734863 18.66666603088379 0.0
  vertex 14.300000190734863 20.443218231201172 2.7165699005126953
 endloop
endfacet
facet normal -0.9999999999999999 0.0 0.0
 outer loop
  vertex 14.300000190734863 6.222222328186035 25.0
  vertex 14.300000190734863 9.333333015441895 25.0
  vertex 14.300000190734863 7.910694122314453 22.02340316772461
 endloop
endfacet
facet normal 0.0 0.0 1.0
 outer loop
  vertex 14.300000190734863 6.222222328186035 25.0
  vertex 17.299999237060547 9.333333015441895 25.0
  vertex 14.300000190734863 9.333333015441895 25.0
 endloop
endfacet
facet normal -1.0 0.0 0.0
 outer loop
  vertex 14.300000190734863 13.330634117126465 22.24047088623047
  vertex 14.300000190734863 12.44444465637207 25.0
  vertex 14.300000190734863 15.55555534362793 25.0
 endloop
endfacet
facet normal 0.0 0.0 1.0
 outer loop
  vertex 14.300000190734863 12.44444465637207 25.0
  vertex 17.299999237060547 15.55555534362793 25.0
  vertex 14.300000190734863 15.55555534362793 25.0
 endloop
endfacet
facet normal -0.0 0.0 1.0
 outer loop
  vertex 14.300000190734863 21.77777862548828 25.0
  vertex 14.300000190734863 18.66666603088379 25.0
  vertex 17.299999237060547 21.77777862548828 25.0
 endloop
endfacet
facet normal -1.0 0.0 0.0
 outer loop
  vertex 14.300000190734863 21.77777862548828 25.0
  vertex 14.300000190734863 24.88888931274414 25.0
  vertex 14.300000190734863 23.567689895629883 22.498228073120117
 endloop
endfacet
facet normal -1.0 0.0 0.0
 outer loop
  vertex 14.300000190734863 0.0 6.25
  vertex 14.300000190734863 2.645983934402466 5.086129188537598
  vertex 14.300000190734863 0.0 3.125
 endloop
endfacet
facet normal 0.0 -1.0 0.0
 outer loop
  vertex 14.300000190734863 0.0 3.125
  vertex 17.299999237060547 0.0 6.25
  vertex 14.300000190734863 0.0 6.25
 endloop
endfacet
facet normal 0.0 -1.0 0.0
 outer loop
  vertex 14.300000190734863 0.0 12.5
  vertex 14.300000190734863 0.0 9.375
  vertex 17.299999237060547 0.0 12.5
 endloop
endfacet
facet normal -1.0 0.0 0.0
 outer loop
  vertex 14.300000190734863 0.0 15.625
  vertex 14.300000190734863 2.7113850116729736 13.973922729492188
  vertex 14.300000190734863 0.0 12.5
 endloop
endfacet
facet normal 0.0 -1.0 0.0
 outer loop
  vertex 14.300000190734863 0.0 15.625
  vertex 17.299999237060547 0.0 18.75
  vertex 14.300000190734863 0.0 18.75
 endloop
endfacet
facet normal 0.0 0.0 1.0
 outer loop
  vertex 17.299999237060547 0.0 25.0
  vertex 20.299999237060547 0.0 25.0
  vertex 20.299999237060547 3.1111111640930176 25.0
 endloop
endfacet
facet normal 0.0 -1.0 0.0
 outer loop
  vertex 20.299999237060547 0.0 21.875
  vertex 23.299999237060547 0.0 25.0
  vertex 20.299999237060547 0.0 25.0
 endloop
endfacet
facet normal 0.0 -0.0 1.0
 outer loop
  vertex 26.299999237060547 0.0 25.0
  vertex 26.299999237060547 3.1111111640930176 25.0
  vertex 23.299999237060547 0.0 25.0
 endloop
endfacet
facet normal 0.0 -1.0 0.0
 outer loop
  vertex 26.299999237060547 0.0 21.875
  vertex 29.299999237060547 0.0 25.0
  vertex 26.299999237060547 0.0 25.0
 endloop
endfacet
facet normal 0.0 -0.6631225365039775 -0.7485108560204928
 outer loop
  vertex -29.299999237060547 19.225948333740234 16.10721206665039
  vertex -26.299999237060547 19.225948333740234 16.10721206665039
  vertex -29.299999237060547 16.950992584228516 18.12264633178711
 endloop
endfacet
facet normal -0.0 -2.3931557238132078e-1 -0.9709418400789004
 outer loop
  vertex -26.299999237060547 16.950992584228516 18.12264633178711
  vertex -29.299999237060547 14.0 18.850000381469727
  vertex -29.299999237060547 16.950992584228516 18.12264633178711
 endloop
endfacet
facet normal 0.0 -0.6631225365039775 -0.7485108560204928
 outer loop
  vertex -26.299999237060547 19.225948333740234 16.10721206665039
  vertex -26.299999237060547 16.950992584228516 18.12264633178711
  vertex -29.299999237060547 16.950992584228516 18.12264633178711
 endloop
endfacet
facet normal -0.0 -0.9350163759272672 -3.5460453571244577e-1
 outer loop
  vertex -26.299999237060547 20.303701400756836 13.26540756225586
  vertex -29.299999237060547 19.225948333740234 16.10721206665039
  vertex -29.299999237060547 20.303701400756836 13.26540756225586
 endloop
endfacet
facet normal 0.0 -0.9350163759272672 -3.5460453571244577e-1
 outer loop
  vertex -29.299999237060547 19.225948333740234 16.10721206665039
  vertex -26.299999237060547 20.303701400756836 13.26540756225586
  vertex -26.299999237060547 19.225948333740234 16.10721206665039
 endloop
endfacet
facet normal 0.0 -0.9927088719406509 1.2053669802313405e-1
 outer loop
  vertex -26.299999237060547 19.937353134155273 10.248258590698242
  vertex -29.299999237060547 20.303701400756836 13.26540756225586
  vertex -29.299999237060547 19.937353134155273 10.248258590698242
 endloop
endfacet
facet normal 0.0 -0.9927088719406509 1.2053669802313405e-1
 outer loop
  vertex -26.299999237060547 19.937353134155273 10.248258590698242
  vertex -26.299999237060547 20.303701400756836 13.26540756225586
  vertex -29.299999237060547 20.303701400756836 13.26540756225586
 endloop
endfacet
facet normal 0.0 -0.8229838037044392 0.5680648368277806
 outer loop
  vertex -29.299999237060547 19.937353134155273 10.248258590698242
  vertex -29.299999237060547 18.21082878112793 7.746956825256348
  vertex -26.299999237060547 18.21082878112793 7.746956825256348
 endloop
endfacet
facet normal 0.0 -0.8229838037044392 0.5680648368277806
 outer loop
  vertex -29.299999237060547 19.937353134155273 10.248258590698242
  vertex -26.299999237060547 18.21082878112793 7.746956825256348
  vertex -26.299999237060547 19.937353134155273 10.248258590698242
 endloop
endfacet
facet normal 0.0 -0.4647231975960496 0.8854560122423378
 outer loop
  vertex -26.299999237060547 15.519654273986816 6.334519386291504
  vertex -29.299999237060547 18.21082878112793 7.746956825256348
  vertex -29.299999237060547 15.519654273986816 6.334519386291504
 endloop
endfacet
facet normal 0.0 -0.4647231975960496 0.8854560122423378
 outer loop
  vertex -26.299999237060547 15.519654273986816 6.334519386291504
  vertex -26.299999237060547 18.21082878112793 7.746956825256348
  vertex -29.299999237060547 18.21082878112793 7.746956825256348
 endloop
endfacet
facet normal 0.0 0.0 1.0
 outer loop
  vertex -29.299999237060547 15.519654273986816 6.334519386291504
  vertex -29.299999237060547 12.480345726013184 6.334519386291504
  vertex -26.299999237060547 12.480345726013184 6.334519386291504
 endloop
endfacet
facet normal -0.0 0.0 1.0
 outer loop
  vertex -29.299999237060547 15.519654273986816 6.334519386291504
  vertex -26.299999237060547 12.480345726013184 6.334519386291504
  vertex -26.299999237060547 15.519654273986816 6.334519386291504
 endloop
endfacet
facet normal 0.0 0.4647231975960496 0.8854560122423378
 outer loop
  vertex -26.299999237060547 9.78917121887207 7.746956825256348
  vertex -29.299999237060547 12.480345726013184 6.334519386291504
  vertex -29.299999237060547 9.78917121887207 7.746956825256348
 endloop
endfacet
facet normal 0.0 0.4647231975960496 0.8854560122423378
 outer loop
  vertex -26.299999237060547 9.78917121887207 7.746956825256348
  vertex -26.299999237060547 12.480345726013184 6.334519386291504
  vertex -29.299999237060547 12.480345726013184 6.334519386291504
 endloop
endfacet
facet normal 0.0 0.8229838037044392 0.5680648368277806
 outer loop
  vertex -29.299999237060547 9.78917121887207 7.746956825256348
  vertex -29.299999237060547 8.062646865844727 10.248258590698242
  vertex -26.299999237060547 8.062646865844727 10.248258590698242
 endloop
endfacet
facet normal 0.0 0.8229838037044392 0.5680648368277806
 outer loop
  vertex -26.299999237060547 8.062646865844727 10.248258590698242
  vertex -26.299999237060547 9.78917121887207 7.746956825256348
  vertex -29.299999237060547 9.78917121887207 7.746956825256348
 endloop
endfacet
facet normal 0.0 0.9927088719406509 1.2053669802313405e-1
 outer loop
  vertex -26.299999237060547 7.696298599243164 13.26540756225586
  vertex -29.299999237060547 8.062646865844727 10.248258590698242
  vertex -29.299999237060547 7.696298599243164 13.26540756225586
 endloop
endfacet
facet normal 0.0 0.9927088719406509 1.2053669802313405e-1
 outer loop
  vertex -26.299999237060547 7.696298599243164 13.26540756225586
  vertex -26.299999237060547 8.062646865844727 10.248258590698242
  vertex -29.299999237060547 8.062646865844727 10.248258590698242
 endloop
endfacet
facet normal 0.0 0.9350162718900497 -3.5460481003623284e-1
 outer loop
  vertex -29.299999237060547 7.696298599243164 13.26540756225586
  vertex -29.299999237060547 8.774052619934082 16.10721206665039
  vertex -26.299999237060547 8.774052619934082 16.10721206665039
 endloop
endfacet
facet normal 0.0 0.9350162718900497 -3.5460481003623284e-1
 outer loop
  vertex -26.299999237060547 8.774052619934082 16.10721206665039
  vertex -26.299999237060547 7.696298599243164 13.26540756225586
  vertex -29.299999237060547 7.696298599243164 13.26540756225586
 endloop
endfacet
facet normal 0.0 0.663122692250081 -0.7485107180415017
 outer loop
  vertex -26.299999237060547 11.049007415771484 18.12264633178711
  vertex -29.299999237060547 8.774052619934082 16.10721206665039
  vertex -29.299999237060547 11.049007415771484 18.12264633178711
 endloop
endfacet
facet normal 0.0 0.663122692250081 -0.7485107180415017
 outer loop
  vertex -26.299999237060547 11.049007415771484 18.12264633178711
  vertex -26.299999237060547 8.774052619934082 16.10721206665039
  vertex -29.299999237060547 8.774052619934082 16.10721206665039
 endloop
endfacet
facet normal 0.0 2.3931557238132078e-1 -0.9709418400789004
 outer loop
  vertex -29.299999237060547 14.0 18.850000381469727
  vertex -26.299999237060547 14.0 18.850000381469727
  vertex -29.299999237060547 11.049007415771484 18.12264633178711
 endloop
endfacet
facet normal 0.0 2.3931557238132078e-1 -0.9709418400789004
 outer loop
  vertex -29.299999237060547 11.049007415771484 18.12264633178711
  vertex -26.299999237060547 14.0 18.850000381469727
  vertex -26.299999237060547 11.049007415771484 18.12264633178711
 endloop
endfacet
facet normal 0.0 -2.3931557238132078e-1 -0.9709418400789004
 outer loop
  vertex -29.299999237060547 14.0 18.850000381469727
  vertex -26.299999237060547 16.950992584228516 18.12264633178711
  vertex -26.299999237060547 14.0 18.850000381469727
 endloop
endfacet
facet normal -0.0 -0.6631225365039775 -0.7485108560204928
 outer loop
  vertex -23.299999237060547 19.225948333740234 16.10721206665039
  vertex -26.299999237060547 16.950992584228516 18.12264633178711
  vertex -26.299999237060547 19.225948333740234 16.10721206665039
 endloop
endfacet
facet normal 0.0 -2.3931557238132078e-1 -0.9709418400789004
 outer loop
  vertex -26.299999237060547 16.950992584228516 18.12264633178711
  vertex -23.299999237060547 16.950992584228516 18.12264633178711
  vertex -26.299999237060547 14.0 18.850000381469727
 endloop
endfacet
facet normal 0.0 -0.6631225365039775 -0.7485108560204928
 outer loop
  vertex -23.299999237060547 19.225948333740234 16.10721206665039
  vertex -23.299999237060547 16.950992584228516 18.12264633178711
  vertex -26.299999237060547 16.950992584228516 18.12264633178711
 endloop
endfacet
facet normal -0.0 -0.9350163759272672 -3.5460453571244577e-1
 outer loop
  vertex -23.299999237060547 20.303701400756836 13.26540756225586
  vertex -26.299999237060547 19.225948333740234 16.10721206665039
  vertex -26.299999237060547 20.303701400756836 13.26540756225586
 endloop
endfacet
facet normal 0.0 -0.9350163759272672 -3.5460453571244577e-1
 outer loop
  vertex -23.299999237060547 20.303701400756836 13.26540756225586
  vertex -23.299999237060547 19.225948333740234 16.10721206665039
  vertex -26.299999237060547 19.225948333740234 16.10721206665039
 endloop
endfacet
facet normal 0.0 -0.9927088719406509 1.2053669802313405e-1
 outer loop
  vertex -26.299999237060547 19.937353134155273 10.248258590698242
  vertex -23.299999237060547 19.937353134155273 10.248258590698242
  vertex -26.299999237060547 20.303701400756836 13.26540756225586
 endloop
endfacet
facet normal 0.0 -0.9927088719406509 1.2053669802313405e-1
 outer loop
  vertex -23.299999237060547 19.937353134155273 10.248258590698242
  vertex -23.299999237060547 20.303701400756836 13.26540756225586
  vertex -26.299999237060547 20.303701400756836 13.26540756225586
 endloop
endfacet
facet normal 0.0 -0.8229838037044392 0.5680648368277806
 outer loop
  vertex -23.299999237060547 18.21082878112793 7.746956825256348
  vertex -26.299999237060547 19.937353134155273 10.248258590698242
  vertex -26.299999237060547 18.21082878112793 7.746956825256348
 endloop
endfacet
facet normal 0.0 -0.8229838037044392 0.5680648368277806
 outer loop
  vertex -23.299999237060547 18.21082878112793 7.746956825256348
  vertex -23.299999237060547 19.937353134155273 10.248258590698242
  vertex -26.299999237060547 19.937353134155273 10.248258590698242
 endloop
endfacet
facet normal 0.0 -0.4647231975960496 0.8854560122423378
 outer loop
  vertex -23.299999237060547 15.519654273986816 6.334519386291504
  vertex -26.299999237060547 18.21082878112793 7.746956825256348
  vertex -26.299999237060547 15.519654273986816 6.334519386291504
 endloop
endfacet
facet normal 0.0 -0.4647231975960496 0.8854560122423378
 outer loop
  vertex -26.299999237060547 18.21082878112793 7.746956825256348
  vertex -23.299999237060547 15.519654273986816 6.334519386291504
  vertex -23.299999237060547 18.21082878112793 7.746956825256348
 endloop
endfacet
facet normal 0.0 0.0 1.0
 outer loop
  vertex -23.299999237060547 12.480345726013184 6.334519386291504
  vertex -26.299999237060547 15.519654273986816 6.334519386291504
  vertex -26.299999237060547 12.480345726013184 6.334519386291504
 endloop
endfacet
facet normal 0.0 0.0 1.0
 outer loop
  vertex -23.299999237060547 15.519654273986816 6.334519386291504
  vertex -26.299999237060547 15.519654273986816 6.334519386291504
  vertex -23.299999237060547 12.480345726013184 6.334519386291504
 endloop
endfacet
facet normal 0.0 0.4647231975960496 0.8854560122423378
 outer loop
  vertex -23.299999237060547 9.78917121887207 7.746956825256348
  vertex -26.299999237060547 12.480345726013184 6.334519386291504
  vertex -26.299999237060547 9.78917121887207 7.746956825256348
 endloop
endfacet
facet normal 0.0 0.4647231975960496 0.8854560122423378
 outer loop
  vertex -23.299999237060547 9.78917121887207 7.746956825256348
  vertex -23.299999237060547 12.480345726013184 6.334519386291504
  vertex -26.299999237060547 12.480345726013184 6.334519386291504
 endloop
endfacet
facet normal 0.0 0.8229838037044392 0.5680648368277806
 outer loop
  vertex -23.299999237060547 8.062646865844727 10.248258590698242
  vertex -26.299999237060547 9.78917121887207 7.746956825256348
  vertex -26.299999237060547 8.062646865844727 10.248258590698242
 endloop
endfacet
facet normal 0.0 0.8229838037044392 0.5680648368277806
 outer loop
  vertex -23.299999237060547 8.062646865844727 10.248258590698242
  vertex -23.299999237060547 9.78917121887207 7.746956825256348
  vertex -26.299999237060547 9.78917121887207 7.746956825256348
 endloop
endfacet
facet normal 0.0 0.9927088719406509 1.2053669802313405e-1
 outer loop
  vertex -26.299999237060547 8.062646865844727 10.248258590698242
  vertex -26.299999237060547 7.696298599243164 13.26540756225586
  vertex -23.299999237060547 7.696298599243164 13.26540756225586
 endloop
endfacet
facet normal 0.0 0.9927088719406509 1.2053669802313405e-1
 outer loop
  vertex -23.299999237060547 7.696298599243164 13.26540756225586
  vertex -23.299999237060547 8.062646865844727 10.248258590698242
  vertex -26.299999237060547 8.062646865844727 10.248258590698242
 endloop
endfacet
facet normal 0.0 0.9350162718900497 -3.5460481003623284e-1
 outer loop
  vertex -26.299999237060547 8.774052619934082 16.10721206665039
  vertex -23.299999237060547 8.774052619934082 16.10721206665039
  vertex -26.299999237060547 7.696298599243164 13.26540756225586
 endloop
endfacet
facet normal 0.0 0.9350162718900497 -3.5460481003623284e-1
 outer loop
  vertex -26.299999237060547 7.696298599243164 13.26540756225586
  vertex -23.299999237060547 8.774052619934082 16.10721206665039
  vertex -23.299999237060547 7.696298599243164 13.26540756225586
 endloop
endfacet
facet normal 0.0 0.663122692250081 -0.7485107180415017
 outer loop
  vertex -23.299999237060547 11.049007415771484 18.12264633178711
  vertex -26.299999237060547 8.774052619934082 16.10721206665039
  vertex -26.299999237060547 11.049007415771484 18.12264633178711
 endloop
endfacet
facet normal 0.0 0.663122692250081 -0.7485107180415017
 outer loop
  vertex -23.299999237060547 11.049007415771484 18.12264633178711
  vertex -23.299999237060547 8.774052619934082 16.10721206665039
  vertex -26.299999237060547 8.774052619934082 16.10721206665039
 endloop
endfacet
facet normal 0.0 2.3931557238132078e-1 -0.9709418400789004
 outer loop
  vertex -26.299999237060547 11.049007415771484 18.12264633178711
  vertex -26.299999237060547 14.0 18.850000381469727
  vertex -23.299999237060547 14.0 18.850000381469727
 endloop
endfacet
facet normal 0.0 2.3931557238132078e-1 -0.9709418400789004
 outer loop
  vertex -23.299999237060547 14.0 18.850000381469727
  vertex -23.299999237060547 11.049007415771484 18.12264633178711
  vertex -26.299999237060547 11.049007415771484 18.12264633178711
 endloop
endfacet
facet normal 0.0 -2.3931557238132078e-1 -0.9709418400789004
 outer loop
  vertex -23.299999237060547 16.950992584228516 18.12264633178711
  vertex -23.299999237060547 14.0 18.850000381469727
  vertex -26.299999237060547 14.0 18.850000381469727
 endloop
endfacet
facet normal 0.0 -0.6631225365039775 -0.7485108560204928
 outer loop
  vertex -23.299999237060547 16.950992584228516 18.12264633178711
  vertex -23.299999237060547 19.225948333740234 16.10721206665039
  vertex -20.299999237060547 19.225948333740234 16.10721206665039
 endloop
endfacet
facet normal 0.0 -2.3931557238132078e-1 -0.9709418400789004
 outer loop
  vertex -23.299999237060547 16.950992584228516 18.12264633178711
  vertex -20.299999237060547 16.950992584228516 18.12264633178711
  vertex -23.299999237060547 14.0 18.850000381469727
 endloop
endfacet
facet normal 0.0 -0.6631225365039775 -0.7485108560204928
 outer loop
  vertex -23.299999237060547 16.950992584228516 18.12264633178711
  vertex -20.299999237060547 19.225948333740234 16.10721206665039
  vertex -20.299999237060547 16.950992584228516 18.12264633178711
 endloop
endfacet
facet normal -0.0 -0.9350163759272672 -3.5460453571244577e-1
 outer loop
  vertex -20.299999237060547 20.303701400756836 13.26540756225586
  vertex -23.299999237060547 19.225948333740234 16.10721206665039
  vertex -23.299999237060547 20.303701400756836 13.26540756225586
 endloop
endfacet
facet normal -0.0 -0.9350163759272672 -3.5460453571244577e-1
 outer loop
  vertex -20.299999237060547 19.225948333740234 16.10721206665039
  vertex -23.299999237060547 19.225948333740234 16.10721206665039
  vertex -20.299999237060547 20.303701400756836 13.26540756225586
 endloop
endfacet
facet normal 0.0 -0.9927088719406509 1.2053669802313405e-1
 outer loop
  vertex -23.299999237060547 19.937353134155273 10.248258590698242
  vertex -20.299999237060547 19.937353134155273 10.248258590698242
  vertex -23.299999237060547 20.303701400756836 13.26540756225586
 endloop
endfacet
facet normal 0.0 -0.9927088719406509 1.2053669802313405e-1
 outer loop
  vertex -23.299999237060547 20.303701400756836 13.26540756225586
  vertex -20.299999237060547 19.937353134155273 10.248258590698242
  vertex -20.299999237060547 20.303701400756836 13.26540756225586
 endloop
endfacet
facet normal 0.0 -0.8229838037044392 0.5680648368277806
 outer loop
  vertex -23.299999237060547 19.937353134155273 10.248258590698242
  vertex -23.299999237060547 18.21082878112793 7.746956825256348
  vertex -20.299999237060547 18.21082878112793 7.746956825256348
 endloop
endfacet
facet normal 0.0 -0.8229838037044392 0.5680648368277806
 outer loop
  vertex -20.299999237060547 18.21082878112793 7.746956825256348
  vertex -20.299999237060547 19.937353134155273 10.248258590698242
  vertex -23.299999237060547 19.937353134155273 10.248258590698242
 endloop
endfacet
facet normal 0.0 -0.4647231975960496 0.8854560122423378
 outer loop
  vertex -23.299999237060547 18.21082878112793 7.746956825256348
  vertex -23.299999237060547 15.519654273986816 6.334519386291504
  vertex -20.299999237060547 15.519654273986816 6.334519386291504
 endloop
endfacet
facet normal 0.0 -0.4647231975960496 0.8854560122423378
 outer loop
  vertex -20.299999237060547 18.21082878112793 7.746956825256348
  vertex -23.299999237060547 18.21082878112793 7.746956825256348
  vertex -20.299999237060547 15.519654273986816 6.334519386291504
 endloop
endfacet
facet normal 0.0 0.0 1.0
 outer loop
  vertex -20.299999237060547 12.480345726013184 6.334519386291504
  vertex -23.299999237060547 15.519654273986816 6.334519386291504
  vertex -23.299999237060547 12.480345726013184 6.334519386291504
 endloop
endfacet
facet normal 0.0 0.0 1.0
 outer loop
  vertex -20.299999237060547 15.519654273986816 6.334519386291504
  vertex -23.299999237060547 15.519654273986816 6.334519386291504
  vertex -20.299999237060547 12.480345726013184 6.334519386291504
 endloop
endfacet
facet normal -0.0 0.4647231975960496 0.8854560122423378
 outer loop
  vertex -23.299999237060547 9.78917121887207 7.746956825256348
  vertex -20.299999237060547 9.78917121887207 7.746956825256348
  vertex -23.299999237060547 12.480345726013184 6.334519386291504
 endloop
endfacet
facet normal -0.0 0.4647231975960496 0.8854560122423378
 outer loop
  vertex -23.299999237060547 12.480345726013184 6.334519386291504
  vertex -20.299999237060547 9.78917121887207 7.746956825256348
  vertex -20.299999237060547 12.480345726013184 6.334519386291504
 endloop
endfacet
facet normal -0.0 0.8229838037044392 0.5680648368277806
 outer loop
  vertex -23.299999237060547 8.062646865844727 10.248258590698242
  vertex -20.299999237060547 8.062646865844727 10.248258590698242
  vertex -23.299999237060547 9.78917121887207 7.746956825256348
 endloop
endfacet
facet normal 0.0 0.8229838037044392 0.5680648368277806
 outer loop
  vertex -20.299999237060547 8.062646865844727 10.248258590698242
  vertex -20.299999237060547 9.78917121887207 7.746956825256348
  vertex -23.299999237060547 9.78917121887207 7.746956825256348
 endloop
endfacet
facet normal 0.0 0.9927088719406509 1.2053669802313405e-1
 outer loop
  vertex -23.299999237060547 8.062646865844727 10.248258590698242
  vertex -23.299999237060547 7.696298599243164 13.26540756225586
  vertex -20.299999237060547 7.696298599243164 13.26540756225586
 endloop
endfacet
facet normal 0.0 0.9927088719406509 1.2053669802313405e-1
 outer loop
  vertex -20.299999237060547 8.062646865844727 10.248258590698242
  vertex -23.299999237060547 8.062646865844727 10.248258590698242
  vertex -20.299999237060547 7.696298599243164 13.26540756225586
 endloop
endfacet
facet normal 0.0 0.9350162718900497 -3.5460481003623284e-1
 outer loop
  vertex -23.299999237060547 8.774052619934082 16.10721206665039
  vertex -20.299999237060547 8.774052619934082 16.10721206665039
  vertex -23.299999237060547 7.696298599243164 13.26540756225586
 endloop
endfacet
facet normal 0.0 0.9350162718900497 -3.5460481003623284e-1
 outer loop
  vertex -20.299999237060547 8.774052619934082 16.10721206665039
  vertex -20.299999237060547 7.696298599243164 13.26540756225586
  vertex -23.299999237060547 7.696298599243164 13.26540756225586
 endloop
endfacet
facet normal 0.0 0.663122692250081 -0.7485107180415017
 outer loop
  vertex -20.299999237060547 11.049007415771484 18.12264633178711
  vertex -23.299999237060547 8.774052619934082 16.10721206665039
  vertex -23.299999237060547 11.049007415771484 18.12264633178711
 endloop
endfacet
facet normal 0.0 0.663122692250081 -0.7485107180415017
 outer loop
  vertex -20.299999237060547 11.049007415771484 18.12264633178711
  vertex -20.299999237060547 8.774052619934082 16.10721206665039
  vertex -23.299999237060547 8.774052619934082 16.10721206665039
 endloop
endfacet
facet normal 0.0 2.3931557238132078e-1 -0.9709418400789004
 outer loop
  vertex -23.299999237060547 14.0 18.850000381469727
  vertex -20.299999237060547 14.0 18.850000381469727
  vertex -23.299999237060547 11.049007415771484 18.12264633178711
 endloop
endfacet
facet normal 0.0 2.3931557238132078e-1 -0.9709418400789004
 outer loop
  vertex -20.299999237060547 14.0 18.850000381469727
  vertex -20.299999237060547 11.049007415771484 18.12264633178711
  vertex -23.299999237060547 11.049007415771484 18.12264633178711
 endloop
endfacet
facet normal 0.0 -2.3931557238132078e-1 -0.9709418400789004
 outer loop
  vertex -20.299999237060547 16.950992584228516 18.12264633178711
  vertex -20.299999237060547 14.0 18.850000381469727
  vertex -23.299999237060547 14.0 18.850000381469727
 endloop
endfacet
facet normal 0.0 -0.6631225365039775 -0.7485108560204928
 outer loop
  vertex -20.299999237060547 19.225948333740234 16.10721206665039
  vertex -17.299999237060547 19.225948333740234 16.10721206665039
  vertex -20.299999237060547 16.950992584228516 18.12264633178711
 endloop
endfacet
facet normal 0.0 -2.3931557238132078e-1 -0.9709418400789004
 outer loop
  vertex -20.299999237060547 16.950992584228516 18.12264633178711
  vertex -17.299999237060547 16.950992584228516 18.12264633178711
  vertex -20.299999237060547 14.0 18.850000381469727
 endloop
endfacet
facet normal 0.0 -0.6631225365039775 -0.7485108560204928
 outer loop
  vertex -20.299999237060547 16.950992584228516 18.12264633178711
  vertex -17.299999237060547 19.225948333740234 16.10721206665039
  vertex -17.299999237060547 16.950992584228516 18.12264633178711
 endloop
endfacet
facet normal -0.0 -0.9350163759272672 -3.5460453571244577e-1
 outer loop
  vertex -17.299999237060547 20.303701400756836 13.26540756225586
  vertex -20.299999237060547 19.225948333740234 16.10721206665039
  vertex -20.299999237060547 20.303701400756836 13.26540756225586
 endloop
endfacet
facet normal 0.0 -0.9350163759272672 -3.5460453571244577e-1
 outer loop
  vertex -20.299999237060547 19.225948333740234 16.10721206665039
  vertex -17.299999237060547 20.303701400756836 13.26540756225586
  vertex -17.299999237060547 19.225948333740234 16.10721206665039
 endloop
endfacet
facet normal 0.0 -0.9927088719406509 1.2053669802313405e-1
 outer loop
  vertex -17.299999237060547 19.937353134155273 10.248258590698242
  vertex -20.299999237060547 20.303701400756836 13.26540756225586
  vertex -20.299999237060547 19.937353134155273 10.248258590698242
 endloop
endfacet
facet normal 0.0 -0.9927088719406509 1.2053669802313405e-1
 outer loop
  vertex -17.299999237060547 19.937353134155273 10.248258590698242
  vertex -17.299999237060547 20.303701400756836 13.26540756225586
  vertex -20.299999237060547 20.303701400756836 13.26540756225586
 endloop
endfacet
facet normal 0.0 -0.8229838037044392 0.5680648368277806
 outer loop
  vertex -20.299999237060547 19.937353134155273 10.248258590698242
  vertex -20.299999237060547 18.21082878112793 7.746956825256348
  vertex -17.299999237060547 18.21082878112793 7.746956825256348
 endloop
endfacet
facet normal 0.0 -0.8229838037044392 0.5680648368277806
 outer loop
  vertex -17.299999237060547 18.21082878112793 7.746956825256348
  vertex -17.299999237060547 19.937353134155273 10.248258590698242
  vertex -20.299999237060547 19.937353134155273 10.248258590698242
 endloop
endfacet
facet normal 0.0 -0.4647231975960496 0.8854560122423378
 outer loop
  vertex -17.299999237060547 15.519654273986816 6.334519386291504
  vertex -20.299999237060547 18.21082878112793 7.746956825256348
  vertex -20.299999237060547 15.519654273986816 6.334519386291504
 endloop
endfacet
facet normal 0.0 -0.4647231975960496 0.8854560122423378
 outer loop
  vertex -17.299999237060547 15.519654273986816 6.334519386291504
  vertex -17.299999237060547 18.21082878112793 7.746956825256348
  vertex -20.299999237060547 18.21082878112793 7.746956825256348
 endloop
endfacet
facet normal 0.0 0.0 1.0
 outer loop
  vertex -20.299999237060547 15.519654273986816 6.334519386291504
  vertex -20.299999237060547 12.480345726013184 6.334519386291504
  vertex -17.299999237060547 12.480345726013184 6.334519386291504
 endloop
endfacet
facet normal 0.0 0.0 1.0
 outer loop
  vertex -17.299999237060547 15.519654273986816 6.334519386291504
  vertex -20.299999237060547 15.519654273986816 6.334519386291504
  vertex -17.299999237060547 12.480345726013184 6.334519386291504
 endloop
endfacet
facet normal 0.0 0.4647231975960496 0.8854560122423378
 outer loop
  vertex -17.299999237060547 9.78917121887207 7.746956825256348
  vertex -20.299999237060547 12.480345726013184 6.334519386291504
  vertex -20.299999237060547 9.78917121887207 7.746956825256348
 endloop
endfacet
facet normal -0.0 0.4647231975960496 0.8854560122423378
 outer loop
  vertex -20.299999237060547 12.480345726013184 6.334519386291504
  vertex -17.299999237060547 9.78917121887207 7.746956825256348
  vertex -17.299999237060547 12.480345726013184 6.334519386291504
 endloop
endfacet
facet normal 0.0 0.8229838037044392 0.5680648368277806
 outer loop
  vertex -20.299999237060547 9.78917121887207 7.746956825256348
  vertex -20.299999237060547 8.062646865844727 10.248258590698242
  vertex -17.299999237060547 8.062646865844727 10.248258590698242
 endloop
endfacet
facet normal 0.0 0.8229838037044392 0.5680648368277806
 outer loop
  vertex -17.299999237060547 9.78917121887207 7.746956825256348
  vertex -20.299999237060547 9.78917121887207 7.746956825256348
  vertex -17.299999237060547 8.062646865844727 10.248258590698242
 endloop
endfacet
facet normal -0.0 0.9927088719406509 1.2053669802313405e-1
 outer loop
  vertex -20.299999237060547 7.696298599243164 13.26540756225586
  vertex -17.299999237060547 7.696298599243164 13.26540756225586
  vertex -20.299999237060547 8.062646865844727 10.248258590698242
 endloop
endfacet
facet normal -0.0 0.9927088719406509 1.2053669802313405e-1
 outer loop
  vertex -20.299999237060547 8.062646865844727 10.248258590698242
  vertex -17.299999237060547 7.696298599243164 13.26540756225586
  vertex -17.299999237060547 8.062646865844727 10.248258590698242
 endloop
endfacet
facet normal 0.0 0.9350162718900497 -3.5460481003623284e-1
 outer loop
  vertex -17.299999237060547 8.774052619934082 16.10721206665039
  vertex -20.299999237060547 7.696298599243164 13.26540756225586
  vertex -20.299999237060547 8.774052619934082 16.10721206665039
 endloop
endfacet
facet normal 0.0 0.9350162718900497 -3.5460481003623284e-1
 outer loop
  vertex -20.299999237060547 7.696298599243164 13.26540756225586
  vertex -17.299999237060547 8.774052619934082 16.10721206665039
  vertex -17.299999237060547 7.696298599243164 13.26540756225586
 endloop
endfacet
facet normal 0.0 0.663122692250081 -0.7485107180415017
 outer loop
  vertex -20.299999237060547 8.774052619934082 16.10721206665039
  vertex -20.299999237060547 11.049007415771484 18.12264633178711
  vertex -17.299999237060547 11.049007415771484 18.12264633178711
 endloop
endfacet
facet normal 0.0 0.663122692250081 -0.7485107180415017
 outer loop
  vertex -17.299999237060547 8.774052619934082 16.10721206665039
  vertex -20.299999237060547 8.774052619934082 16.10721206665039
  vertex -17.299999237060547 11.049007415771484 18.12264633178711
 endloop
endfacet
facet normal 0.0 2.3931557238132078e-1 -0.9709418400789004
 outer loop
  vertex -20.299999237060547 14.0 18.850000381469727
  vertex -17.299999237060547 14.0 18.850000381469727
  vertex -20.299999237060547 11.049007415771484 18.12264633178711
 endloop
endfacet
facet normal 0.0 2.3931557238132078e-1 -0.9709418400789004
 outer loop
  vertex -20.299999237060547 11.049007415771484 18.12264633178711
  vertex -17.299999237060547 14.0 18.850000381469727
  vertex -17.299999237060547 11.049007415771484 18.12264633178711
 endloop
endfacet
facet normal 0.0 -2.3931557238132078e-1 -0.9709418400789004
 outer loop
  vertex -20.299999237060547 14.0 18.850000381469727
  vertex -17.299999237060547 16.950992584228516 18.12264633178711
  vertex -17.299999237060547 14.0 18.850000381469727
 endloop
endfacet
facet normal 0.0 0.6631225365039775 -0.7485108560204928
 outer loop
  vertex 6.0 126.94405364990234 16.10721206665039
  vertex 3.0 126.94405364990234 16.10721206665039
  vertex 6.0 129.21900939941406 18.12264633178711
 endloop
endfacet
facet normal 0.0 2.3931586402318444e-1 -0.9709417681956198
 outer loop
  vertex 6.0 129.21900939941406 18.12264633178711
  vertex 3.0 129.21900939941406 18.12264633178711
  vertex 6.0 132.1699981689453 18.850000381469727
 endloop
endfacet
facet normal 0.0 0.6631225365039775 -0.7485108560204928
 outer loop
  vertex 3.0 129.21900939941406 18.12264633178711
  vertex 6.0 129.21900939941406 18.12264633178711
  vertex 3.0 126.94405364990234 16.10721206665039
 endloop
endfacet
facet normal 0.0 0.9350157517031017 -0.3546061816537943
 outer loop
  vertex 3.0 125.86629486083984 13.26540756225586
  vertex 6.0 126.94405364990234 16.10721206665039
  vertex 6.0 125.86629486083984 13.26540756225586
 endloop
endfacet
facet normal 0.0 0.9350157517031017 -0.3546061816537943
 outer loop
  vertex 3.0 126.94405364990234 16.10721206665039
  vertex 6.0 126.94405364990234 16.10721206665039
  vertex 3.0 125.86629486083984 13.26540756225586
 endloop
endfacet
facet normal -0.0 0.9927088719406509 1.2053669802313405e-1
 outer loop
  vertex 3.0 126.2326431274414 10.248258590698242
  vertex 6.0 125.86629486083984 13.26540756225586
  vertex 6.0 126.2326431274414 10.248258590698242
 endloop
endfacet
facet normal -0.0 0.9927088719406509 1.2053669802313405e-1
 outer loop
  vertex 3.0 125.86629486083984 13.26540756225586
  vertex 6.0 125.86629486083984 13.26540756225586
  vertex 3.0 126.2326431274414 10.248258590698242
 endloop
endfacet
facet normal 0.0 0.8229838037044392 0.5680648368277806
 outer loop
  vertex 6.0 126.2326431274414 10.248258590698242
  vertex 6.0 127.95916748046875 7.746956825256348
  vertex 3.0 127.95916748046875 7.746956825256348
 endloop
endfacet
facet normal 0.0 0.8229838037044392 0.5680648368277806
 outer loop
  vertex 6.0 126.2326431274414 10.248258590698242
  vertex 3.0 127.95916748046875 7.746956825256348
  vertex 3.0 126.2326431274414 10.248258590698242
 endloop
endfacet
facet normal 0.0 4.6472281024253287e-1 0.8854562155410524
 outer loop
  vertex 6.0 127.95916748046875 7.746956825256348
  vertex 6.0 130.6503448486328 6.334519386291504
  vertex 3.0 130.6503448486328 6.334519386291504
 endloop
endfacet
facet normal -0.0 4.6472281024253287e-1 0.8854562155410524
 outer loop
  vertex 3.0 127.95916748046875 7.746956825256348
  vertex 6.0 127.95916748046875 7.746956825256348
  vertex 3.0 130.6503448486328 6.334519386291504
 endloop
endfacet
facet normal -0.0 0.0 1.0
 outer loop
  vertex 3.0 133.6896514892578 6.334519386291504
  vertex 6.0 130.6503448486328 6.334519386291504
  vertex 6.0 133.6896514892578 6.334519386291504
 endloop
endfacet
facet normal 0.0 0.0 1.0
 outer loop
  vertex 3.0 133.6896514892578 6.334519386291504
  vertex 3.0 130.6503448486328 6.334519386291504
  vertex 6.0 130.6503448486328 6.334519386291504
 endloop
endfacet
facet normal 0.0 -4.6472281024253287e-1 0.8854562155410524
 outer loop
  vertex 6.0 136.38082885742188 7.746956825256348
  vertex 3.0 136.38082885742188 7.746956825256348
  vertex 6.0 133.6896514892578 6.334519386291504
 endloop
endfacet
facet normal 0.0 -4.6472281024253287e-1 0.8854562155410524
 outer loop
  vertex 6.0 133.6896514892578 6.334519386291504
  vertex 3.0 136.38082885742188 7.746956825256348
  vertex 3.0 133.6896514892578 6.334519386291504
 endloop
endfacet
facet normal 0.0 -0.8229849772621131 0.5680631366326102
 outer loop
  vertex 6.0 136.38082885742188 7.746956825256348
  vertex 6.0 138.1073455810547 10.248258590698242
  vertex 3.0 138.1073455810547 10.248258590698242
 endloop
endfacet
facet normal 0.0 -0.8229849772621131 0.5680631366326102
 outer loop
  vertex 3.0 136.38082885742188 7.746956825256348
  vertex 6.0 136.38082885742188 7.746956825256348
  vertex 3.0 138.1073455810547 10.248258590698242
 endloop
endfacet
facet normal 0.0 -0.9927088719406509 1.2053669802313405e-1
 outer loop
  vertex 6.0 138.47369384765625 13.26540756225586
  vertex 3.0 138.47369384765625 13.26540756225586
  vertex 6.0 138.1073455810547 10.248258590698242
 endloop
endfacet
facet normal 0.0 -0.9927088719406509 1.2053669802313405e-1
 outer loop
  vertex 6.0 138.1073455810547 10.248258590698242
  vertex 3.0 138.47369384765625 13.26540756225586
  vertex 3.0 138.1073455810547 10.248258590698242
 endloop
endfacet
facet normal 0.0 -0.93501741629629 -3.5460179246953943e-1
 outer loop
  vertex 3.0 137.3959503173828 16.10721206665039
  vertex 6.0 138.47369384765625 13.26540756225586
  vertex 6.0 137.3959503173828 16.10721206665039
 endloop
endfacet
facet normal -0.0 -0.93501741629629 -3.5460179246953943e-1
 outer loop
  vertex 6.0 138.47369384765625 13.26540756225586
  vertex 3.0 137.3959503173828 16.10721206665039
  vertex 3.0 138.47369384765625 13.26540756225586
 endloop
endfacet
facet normal 0.0 -0.6631212905367502 -0.7485119598489225
 outer loop
  vertex 3.0 135.12098693847656 18.12264633178711
  vertex 6.0 137.3959503173828 16.10721206665039
  vertex 6.0 135.12098693847656 18.12264633178711
 endloop
endfacet
facet normal 0.0 -0.6631212905367502 -0.7485119598489225
 outer loop
  vertex 3.0 137.3959503173828 16.10721206665039
  vertex 6.0 137.3959503173828 16.10721206665039
  vertex 3.0 135.12098693847656 18.12264633178711
 endloop
endfacet
facet normal -0.0 -2.3931586402318444e-1 -0.9709417681956198
 outer loop
  vertex 6.0 132.1699981689453 18.850000381469727
  vertex 3.0 132.1699981689453 18.850000381469727
  vertex 6.0 135.12098693847656 18.12264633178711
 endloop
endfacet
facet normal 0.0 -2.3931586402318444e-1 -0.9709417681956198
 outer loop
  vertex 3.0 132.1699981689453 18.850000381469727
  vertex 3.0 135.12098693847656 18.12264633178711
  vertex 6.0 135.12098693847656 18.12264633178711
 endloop
endfacet
facet normal 0.0 2.3931586402318444e-1 -0.9709417681956198
 outer loop
  vertex 6.0 132.1699981689453 18.850000381469727
  vertex 3.0 129.21900939941406 18.12264633178711
  vertex 3.0 132.1699981689453 18.850000381469727
 endloop
endfacet
facet normal 0.0 0.6631225365039775 -0.7485108560204928
 outer loop
  vertex 3.0 126.94405364990234 16.10721206665039
  vertex 0.0 126.94405364990234 16.10721206665039
  vertex 3.0 129.21900939941406 18.12264633178711
 endloop
endfacet
facet normal 0.0 2.3931586402318444e-1 -0.9709417681956198
 outer loop
  vertex 3.0 129.21900939941406 18.12264633178711
  vertex 0.0 129.21900939941406 18.12264633178711
  vertex 3.0 132.1699981689453 18.850000381469727
 endloop
endfacet
facet normal 0.0 0.6631225365039775 -0.7485108560204928
 outer loop
  vertex 0.0 129.21900939941406 18.12264633178711
  vertex 3.0 129.21900939941406 18.12264633178711
  vertex 0.0 126.94405364990234 16.10721206665039
 endloop
endfacet
facet normal 0.0 0.9350157517031017 -0.3546061816537943
 outer loop
  vertex 3.0 126.94405364990234 16.10721206665039
  vertex 3.0 125.86629486083984 13.26540756225586
  vertex 0.0 125.86629486083984 13.26540756225586
 endloop
endfacet
facet normal 0.0 0.9350157517031017 -0.3546061816537943
 outer loop
  vertex 3.0 126.94405364990234 16.10721206665039
  vertex 0.0 125.86629486083984 13.26540756225586
  vertex 0.0 126.94405364990234 16.10721206665039
 endloop
endfacet
facet normal 0.0 0.9927088719406509 1.2053669802313405e-1
 outer loop
  vertex 3.0 125.86629486083984 13.26540756225586
  vertex 3.0 126.2326431274414 10.248258590698242
  vertex 0.0 126.2326431274414 10.248258590698242
 endloop
endfacet
facet normal -0.0 0.9927088719406509 1.2053669802313405e-1
 outer loop
  vertex 0.0 125.86629486083984 13.26540756225586
  vertex 3.0 125.86629486083984 13.26540756225586
  vertex 0.0 126.2326431274414 10.248258590698242
 endloop
endfacet
facet normal 0.0 0.8229838037044392 0.5680648368277806
 outer loop
  vertex 3.0 126.2326431274414 10.248258590698242
  vertex 3.0 127.95916748046875 7.746956825256348
  vertex 0.0 127.95916748046875 7.746956825256348
 endloop
endfacet
facet normal 0.0 0.8229838037044392 0.5680648368277806
 outer loop
  vertex 3.0 126.2326431274414 10.248258590698242
  vertex 0.0 127.95916748046875 7.746956825256348
  vertex 0.0 126.2326431274414 10.248258590698242
 endloop
endfacet
facet normal 0.0 4.6472281024253287e-1 0.8854562155410524
 outer loop
  vertex 3.0 127.95916748046875 7.746956825256348
  vertex 3.0 130.6503448486328 6.334519386291504
  vertex 0.0 130.6503448486328 6.334519386291504
 endloop
endfacet
facet normal 0.0 4.6472281024253287e-1 0.8854562155410524
 outer loop
  vertex 3.0 127.95916748046875 7.746956825256348
  vertex 0.0 130.6503448486328 6.334519386291504
  vertex 0.0 127.95916748046875 7.746956825256348
 endloop
endfacet
facet normal 0.0 0.0 1.0
 outer loop
  vertex 3.0 133.6896514892578 6.334519386291504
  vertex 0.0 133.6896514892578 6.334519386291504
  vertex 3.0 130.6503448486328 6.334519386291504
 endloop
endfacet
facet normal 0.0 0.0 1.0
 outer loop
  vertex 3.0 130.6503448486328 6.334519386291504
  vertex 0.0 133.6896514892578 6.334519386291504
  vertex 0.0 130.6503448486328 6.334519386291504
 endloop
endfacet
facet normal 0.0 -4.6472281024253287e-1 0.8854562155410524
 outer loop
  vertex 3.0 133.6896514892578 6.334519386291504
  vertex 3.0 136.38082885742188 7.746956825256348
  vertex 0.0 136.38082885742188 7.746956825256348
 endloop
endfacet
facet normal 0.0 -4.6472281024253287e-1 0.8854562155410524
 outer loop
  vertex 0.0 133.6896514892578 6.334519386291504
  vertex 3.0 133.6896514892578 6.334519386291504
  vertex 0.0 136.38082885742188 7.746956825256348
 endloop
endfacet
facet normal 0.0 -0.8229849772621131 0.5680631366326102
 outer loop
  vertex 3.0 138.1073455810547 10.248258590698242
  vertex 0.0 138.1073455810547 10.248258590698242
  vertex 3.0 136.38082885742188 7.746956825256348
 endloop
endfacet
facet normal 0.0 -0.8229849772621131 0.5680631366326102
 outer loop
  vertex 3.0 136.38082885742188 7.746956825256348
  vertex 0.0 138.1073455810547 10.248258590698242
  vertex 0.0 136.38082885742188 7.746956825256348
 endloop
endfacet
facet normal 0.0 -0.9927088719406509 1.2053669802313405e-1
 outer loop
  vertex 3.0 138.47369384765625 13.26540756225586
  vertex 0.0 138.47369384765625 13.26540756225586
  vertex 3.0 138.1073455810547 10.248258590698242
 endloop
endfacet
facet normal 0.0 -0.9927088719406509 1.2053669802313405e-1
 outer loop
  vertex 0.0 138.1073455810547 10.248258590698242
  vertex 3.0 138.1073455810547 10.248258590698242
  vertex 0.0 138.47369384765625 13.26540756225586
 endloop
endfacet
facet normal -0.0 -0.93501741629629 -3.5460179246953943e-1
 outer loop
  vertex 3.0 137.3959503173828 16.10721206665039
  vertex 0.0 137.3959503173828 16.10721206665039
  vertex 3.0 138.47369384765625 13.26540756225586
 endloop
endfacet
facet normal -0.0 -0.93501741629629 -3.5460179246953943e-1
 outer loop
  vertex 3.0 138.47369384765625 13.26540756225586
  vertex 0.0 137.3959503173828 16.10721206665039
  vertex 0.0 138.47369384765625 13.26540756225586
 endloop
endfacet
facet normal -0.0 -0.6631212905367502 -0.7485119598489225
 outer loop
  vertex 3.0 135.12098693847656 18.12264633178711
  vertex 0.0 135.12098693847656 18.12264633178711
  vertex 3.0 137.3959503173828 16.10721206665039
 endloop
endfacet
facet normal -0.0 -0.6631212905367502 -0.7485119598489225
 outer loop
  vertex 3.0 137.3959503173828 16.10721206665039
  vertex 0.0 135.12098693847656 18.12264633178711
  vertex 0.0 137.3959503173828 16.10721206665039
 endloop
endfacet
facet normal -0.0 -2.3931586402318444e-1 -0.9709417681956198
 outer loop
  vertex 3.0 132.1699981689453 18.850000381469727
  vertex 0.0 132.1699981689453 18.850000381469727
  vertex 3.0 135.12098693847656 18.12264633178711
 endloop
endfacet
facet normal 0.0 -2.3931586402318444e-1 -0.9709417681956198
 outer loop
  vertex 0.0 132.1699981689453 18.850000381469727
  vertex 0.0 135.12098693847656 18.12264633178711
  vertex 3.0 135.12098693847656 18.12264633178711
 endloop
endfacet
facet normal 0.0 2.3931586402318444e-1 -0.9709417681956198
 outer loop
  vertex 0.0 129.21900939941406 18.12264633178711
  vertex 0.0 132.1699981689453 18.850000381469727
  vertex 3.0 132.1699981689453 18.850000381469727
 endloop
endfacet
facet normal 0.0 0.6631225365039775 -0.7485108560204928
 outer loop
  vertex -3.0 126.94405364990234 16.10721206665039
  vertex 0.0 129.21900939941406 18.12264633178711
  vertex 0.0 126.94405364990234 16.10721206665039
 endloop
endfacet
facet normal 0.0 2.3931586402318444e-1 -0.9709417681956198
 outer loop
  vertex 0.0 132.1699981689453 18.850000381469727
  vertex 0.0 129.21900939941406 18.12264633178711
  vertex -3.0 129.21900939941406 18.12264633178711
 endloop
endfacet
facet normal 0.0 0.6631225365039775 -0.7485108560204928
 outer loop
  vertex -3.0 129.21900939941406 18.12264633178711
  vertex 0.0 129.21900939941406 18.12264633178711
  vertex -3.0 126.94405364990234 16.10721206665039
 endloop
endfacet
facet normal 0.0 0.9350157517031017 -0.3546061816537943
 outer loop
  vertex -3.0 125.86629486083984 13.26540756225586
  vertex 0.0 126.94405364990234 16.10721206665039
  vertex 0.0 125.86629486083984 13.26540756225586
 endloop
endfacet
facet normal 0.0 0.9350157517031017 -0.3546061816537943
 outer loop
  vertex 0.0 126.94405364990234 16.10721206665039
  vertex -3.0 125.86629486083984 13.26540756225586
  vertex -3.0 126.94405364990234 16.10721206665039
 endloop
endfacet
facet normal 0.0 0.9927088719406509 1.2053669802313405e-1
 outer loop
  vertex 0.0 125.86629486083984 13.26540756225586
  vertex 0.0 126.2326431274414 10.248258590698242
  vertex -3.0 126.2326431274414 10.248258590698242
 endloop
endfacet
facet normal 0.0 0.9927088719406509 1.2053669802313405e-1
 outer loop
  vertex -3.0 126.2326431274414 10.248258590698242
  vertex -3.0 125.86629486083984 13.26540756225586
  vertex 0.0 125.86629486083984 13.26540756225586
 endloop
endfacet
facet normal 0.0 0.8229838037044392 0.5680648368277806
 outer loop
  vertex 0.0 127.95916748046875 7.746956825256348
  vertex -3.0 127.95916748046875 7.746956825256348
  vertex 0.0 126.2326431274414 10.248258590698242
 endloop
endfacet
facet normal 0.0 0.8229838037044392 0.5680648368277806
 outer loop
  vertex 0.0 126.2326431274414 10.248258590698242
  vertex -3.0 127.95916748046875 7.746956825256348
  vertex -3.0 126.2326431274414 10.248258590698242
 endloop
endfacet
facet normal 0.0 4.6472281024253287e-1 0.8854562155410524
 outer loop
  vertex 0.0 130.6503448486328 6.334519386291504
  vertex -3.0 130.6503448486328 6.334519386291504
  vertex 0.0 127.95916748046875 7.746956825256348
 endloop
endfacet
facet normal 0.0 4.6472281024253287e-1 0.8854562155410524
 outer loop
  vertex 0.0 127.95916748046875 7.746956825256348
  vertex -3.0 130.6503448486328 6.334519386291504
  vertex -3.0 127.95916748046875 7.746956825256348
 endloop
endfacet
facet normal -0.0 0.0 1.0
 outer loop
  vertex -3.0 133.6896514892578 6.334519386291504
  vertex 0.0 130.6503448486328 6.334519386291504
  vertex 0.0 133.6896514892578 6.334519386291504
 endloop
endfacet
facet normal 0.0 0.0 1.0
 outer loop
  vertex -3.0 130.6503448486328 6.334519386291504
  vertex 0.0 130.6503448486328 6.334519386291504
  vertex -3.0 133.6896514892578 6.334519386291504
 endloop
endfacet
facet normal 0.0 -4.6472281024253287e-1 0.8854562155410524
 outer loop
  vertex 0.0 133.6896514892578 6.334519386291504
  vertex 0.0 136.38082885742188 7.746956825256348
  vertex -3.0 136.38082885742188 7.746956825256348
 endloop
endfacet
facet normal 0.0 -4.6472281024253287e-1 0.8854562155410524
 outer loop
  vertex 0.0 133.6896514892578 6.334519386291504
  vertex -3.0 136.38082885742188 7.746956825256348
  vertex -3.0 133.6896514892578 6.334519386291504
 endloop
endfacet
facet normal 0.0 -0.8229849772621131 0.5680631366326102
 outer loop
  vertex 0.0 136.38082885742188 7.746956825256348
  vertex 0.0 138.1073455810547 10.248258590698242
  vertex -3.0 138.1073455810547 10.248258590698242
 endloop
endfacet
facet normal 0.0 -0.8229849772621131 0.5680631366326102
 outer loop
  vertex 0.0 136.38082885742188 7.746956825256348
  vertex -3.0 138.1073455810547 10.248258590698242
  vertex -3.0 136.38082885742188 7.746956825256348
 endloop
endfacet
facet normal 0.0 -0.9927088719406509 1.2053669802313405e-1
 outer loop
  vertex 0.0 138.47369384765625 13.26540756225586
  vertex -3.0 138.47369384765625 13.26540756225586
  vertex 0.0 138.1073455810547 10.248258590698242
 endloop
endfacet
facet normal 0.0 -0.9927088719406509 1.2053669802313405e-1
 outer loop
  vertex -3.0 138.1073455810547 10.248258590698242
  vertex 0.0 138.1073455810547 10.248258590698242
  vertex -3.0 138.47369384765625 13.26540756225586
 endloop
endfacet
facet normal -0.0 -0.93501741629629 -3.5460179246953943e-1
 outer loop
  vertex 0.0 137.3959503173828 16.10721206665039
  vertex -3.0 137.3959503173828 16.10721206665039
  vertex 0.0 138.47369384765625 13.26540756225586
 endloop
endfacet
facet normal 0.0 -0.93501741629629 -3.5460179246953943e-1
 outer loop
  vertex -3.0 137.3959503173828 16.10721206665039
  vertex -3.0 138.47369384765625 13.26540756225586
  vertex 0.0 138.47369384765625 13.26540756225586
 endloop
endfacet
facet normal -0.0 -0.6631212905367502 -0.7485119598489225
 outer loop
  vertex 0.0 135.12098693847656 18.12264633178711
  vertex -3.0 135.12098693847656 18.12264633178711
  vertex 0.0 137.3959503173828 16.10721206665039
 endloop
endfacet
facet normal 0.0 -0.6631212905367502 -0.7485119598489225
 outer loop
  vertex -3.0 137.3959503173828 16.10721206665039
  vertex 0.0 137.3959503173828 16.10721206665039
  vertex -3.0 135.12098693847656 18.12264633178711
 endloop
endfacet
facet normal -0.0 -2.3931586402318444e-1 -0.9709417681956198
 outer loop
  vertex 0.0 132.1699981689453 18.850000381469727
  vertex -3.0 132.1699981689453 18.850000381469727
  vertex 0.0 135.12098693847656 18.12264633178711
 endloop
endfacet
facet normal -0.0 -2.3931586402318444e-1 -0.9709417681956198
 outer loop
  vertex 0.0 135.12098693847656 18.12264633178711
  vertex -3.0 132.1699981689453 18.850000381469727
  vertex -3.0 135.12098693847656 18.12264633178711
 endloop
endfacet
facet normal 0.0 2.3931586402318444e-1 -0.9709417681956198
 outer loop
  vertex -3.0 129.21900939941406 18.12264633178711
  vertex -3.0 132.1699981689453 18.850000381469727
  vertex 0.0 132.1699981689453 18.850000381469727
 endloop
endfacet
facet normal 0.0 0.6631225365039775 -0.7485108560204928
 outer loop
  vertex -6.0 126.94405364990234 16.10721206665039
  vertex -3.0 129.21900939941406 18.12264633178711
  vertex -3.0 126.94405364990234 16.10721206665039
 endloop
endfacet
facet normal 0.0 2.3931586402318444e-1 -0.9709417681956198
 outer loop
  vertex -6.0 129.21900939941406 18.12264633178711
  vertex -3.0 132.1699981689453 18.850000381469727
  vertex -3.0 129.21900939941406 18.12264633178711
 endloop
endfacet
facet normal 0.0 0.6631225365039775 -0.7485108560204928
 outer loop
  vertex -6.0 126.94405364990234 16.10721206665039
  vertex -6.0 129.21900939941406 18.12264633178711
  vertex -3.0 129.21900939941406 18.12264633178711
 endloop
endfacet
facet normal 0.0 0.9350157517031017 -0.3546061816537943
 outer loop
  vertex -3.0 126.94405364990234 16.10721206665039
  vertex -3.0 125.86629486083984 13.26540756225586
  vertex -6.0 125.86629486083984 13.26540756225586
 endloop
endfacet
facet normal 0.0 0.9350157517031017 -0.3546061816537943
 outer loop
  vertex -3.0 126.94405364990234 16.10721206665039
  vertex -6.0 125.86629486083984 13.26540756225586
  vertex -6.0 126.94405364990234 16.10721206665039
 endloop
endfacet
facet normal 0.0 0.9927088719406509 1.2053669802313405e-1
 outer loop
  vertex -3.0 125.86629486083984 13.26540756225586
  vertex -3.0 126.2326431274414 10.248258590698242
  vertex -6.0 126.2326431274414 10.248258590698242
 endloop
endfacet
facet normal -0.0 0.9927088719406509 1.2053669802313405e-1
 outer loop
  vertex -6.0 125.86629486083984 13.26540756225586
  vertex -3.0 125.86629486083984 13.26540756225586
  vertex -6.0 126.2326431274414 10.248258590698242
 endloop
endfacet
facet normal 0.0 0.8229838037044392 0.5680648368277806
 outer loop
  vertex -3.0 127.95916748046875 7.746956825256348
  vertex -6.0 127.95916748046875 7.746956825256348
  vertex -3.0 126.2326431274414 10.248258590698242
 endloop
endfacet
facet normal 0.0 0.8229838037044392 0.5680648368277806
 outer loop
  vertex -3.0 126.2326431274414 10.248258590698242
  vertex -6.0 127.95916748046875 7.746956825256348
  vertex -6.0 126.2326431274414 10.248258590698242
 endloop
endfacet
facet normal 0.0 4.6472281024253287e-1 0.8854562155410524
 outer loop
  vertex -3.0 127.95916748046875 7.746956825256348
  vertex -3.0 130.6503448486328 6.334519386291504
  vertex -6.0 130.6503448486328 6.334519386291504
 endloop
endfacet
facet normal 0.0 4.6472281024253287e-1 0.8854562155410524
 outer loop
  vertex -6.0 130.6503448486328 6.334519386291504
  vertex -6.0 127.95916748046875 7.746956825256348
  vertex -3.0 127.95916748046875 7.746956825256348
 endloop
endfacet
facet normal 0.0 0.0 1.0
 outer loop
  vertex -3.0 133.6896514892578 6.334519386291504
  vertex -6.0 133.6896514892578 6.334519386291504
  vertex -3.0 130.6503448486328 6.334519386291504
 endloop
endfacet
facet normal 0.0 0.0 1.0
 outer loop
  vertex -3.0 130.6503448486328 6.334519386291504
  vertex -6.0 133.6896514892578 6.334519386291504
  vertex -6.0 130.6503448486328 6.334519386291504
 endloop
endfacet
facet normal 0.0 -4.6472281024253287e-1 0.8854562155410524
 outer loop
  vertex -3.0 133.6896514892578 6.334519386291504
  vertex -3.0 136.38082885742188 7.746956825256348
  vertex -6.0 136.38082885742188 7.746956825256348
 endloop
endfacet
facet normal 0.0 -4.6472281024253287e-1 0.8854562155410524
 outer loop
  vertex -6.0 133.6896514892578 6.334519386291504
  vertex -3.0 133.6896514892578 6.334519386291504
  vertex -6.0 136.38082885742188 7.746956825256348
 endloop
endfacet
facet normal 0.0 -0.8229849772621131 0.5680631366326102
 outer loop
  vertex -6.0 138.1073455810547 10.248258590698242
  vertex -3.0 136.38082885742188 7.746956825256348
  vertex -3.0 138.1073455810547 10.248258590698242
 endloop
endfacet
facet normal 0.0 -0.8229849772621131 0.5680631366326102
 outer loop
  vertex -6.0 138.1073455810547 10.248258590698242
  vertex -6.0 136.38082885742188 7.746956825256348
  vertex -3.0 136.38082885742188 7.746956825256348
 endloop
endfacet
facet normal 0.0 -0.9927088719406509 1.2053669802313405e-1
 outer loop
  vertex -6.0 138.47369384765625 13.26540756225586
  vertex -3.0 138.1073455810547 10.248258590698242
  vertex -3.0 138.47369384765625 13.26540756225586
 endloop
endfacet
facet normal 0.0 -0.9927088719406509 1.2053669802313405e-1
 outer loop
  vertex -3.0 138.1073455810547 10.248258590698242
  vertex -6.0 138.47369384765625 13.26540756225586
  vertex -6.0 138.1073455810547 10.248258590698242
 endloop
endfacet
facet normal 0.0 -0.93501741629629 -3.5460179246953943e-1
 outer loop
  vertex -6.0 137.3959503173828 16.10721206665039
  vertex -3.0 138.47369384765625 13.26540756225586
  vertex -3.0 137.3959503173828 16.10721206665039
 endloop
endfacet
facet normal 0.0 -0.93501741629629 -3.5460179246953943e-1
 outer loop
  vertex -6.0 137.3959503173828 16.10721206665039
  vertex -6.0 138.47369384765625 13.26540756225586
  vertex -3.0 138.47369384765625 13.26540756225586
 endloop
endfacet
facet normal 0.0 -0.6631212905367502 -0.7485119598489225
 outer loop
  vertex -6.0 135.12098693847656 18.12264633178711
  vertex -3.0 137.3959503173828 16.10721206665039
  vertex -3.0 135.12098693847656 18.12264633178711
 endloop
endfacet
facet normal 0.0 -0.6631212905367502 -0.7485119598489225
 outer loop
  vertex -6.0 137.3959503173828 16.10721206665039
  vertex -3.0 137.3959503173828 16.10721206665039
  vertex -6.0 135.12098693847656 18.12264633178711
 endloop
endfacet
facet normal -0.0 -2.3931586402318444e-1 -0.9709417681956198
 outer loop
  vertex -3.0 132.1699981689453 18.850000381469727
  vertex -6.0 132.1699981689453 18.850000381469727
  vertex -3.0 135.12098693847656 18.12264633178711
 endloop
endfacet
facet normal 0.0 -2.3931586402318444e-1 -0.9709417681956198
 outer loop
  vertex -6.0 132.1699981689453 18.850000381469727
  vertex -6.0 135.12098693847656 18.12264633178711
  vertex -3.0 135.12098693847656 18.12264633178711
 endloop
endfacet
facet normal 0.0 2.3931586402318444e-1 -0.9709417681956198
 outer loop
  vertex -6.0 129.21900939941406 18.12264633178711
  vertex -6.0 132.1699981689453 18.850000381469727
  vertex -3.0 132.1699981689453 18.850000381469727
 endloop
endfacet
facet normal 0.0 -0.6631225365039775 -0.7485108560204928
 outer loop
  vertex 17.299999237060547 16.950992584228516 18.12264633178711
  vertex 17.299999237060547 19.225948333740234 16.10721206665039
  vertex 20.299999237060547 19.225948333740234 16.10721206665039
 endloop
endfacet
facet normal -0.0 -2.3931557238132078e-1 -0.9709418400789004
 outer loop
  vertex 20.299999237060547 16.950992584228516 18.12264633178711
  vertex 17.299999237060547 14.0 18.850000381469727
  vertex 17.299999237060547 16.950992584228516 18.12264633178711
 endloop
endfacet
facet normal -0.0 -0.6631225365039775 -0.7485108560204928
 outer loop
  vertex 20.299999237060547 16.950992584228516 18.12264633178711
  vertex 17.299999237060547 16.950992584228516 18.12264633178711
  vertex 20.299999237060547 19.225948333740234 16.10721206665039
 endloop
endfacet
facet normal 0.0 -0.9350163759272672 -3.5460453571244577e-1
 outer loop
  vertex 17.299999237060547 20.303701400756836 13.26540756225586
  vertex 20.299999237060547 20.303701400756836 13.26540756225586
  vertex 17.299999237060547 19.225948333740234 16.10721206665039
 endloop
endfacet
facet normal 0.0 -0.9350163759272672 -3.5460453571244577e-1
 outer loop
  vertex 20.299999237060547 20.303701400756836 13.26540756225586
  vertex 20.299999237060547 19.225948333740234 16.10721206665039
  vertex 17.299999237060547 19.225948333740234 16.10721206665039
 endloop
endfacet
facet normal 0.0 -0.9927088719406509 1.2053669802313405e-1
 outer loop
  vertex 17.299999237060547 19.937353134155273 10.248258590698242
  vertex 20.299999237060547 19.937353134155273 10.248258590698242
  vertex 17.299999237060547 20.303701400756836 13.26540756225586
 endloop
endfacet
facet normal 0.0 -0.9927088719406509 1.2053669802313405e-1
 outer loop
  vertex 17.299999237060547 20.303701400756836 13.26540756225586
  vertex 20.299999237060547 19.937353134155273 10.248258590698242
  vertex 20.299999237060547 20.303701400756836 13.26540756225586
 endloop
endfacet
facet normal 0.0 -0.8229838037044392 0.5680648368277806
 outer loop
  vertex 20.299999237060547 18.21082878112793 7.746956825256348
  vertex 17.299999237060547 19.937353134155273 10.248258590698242
  vertex 17.299999237060547 18.21082878112793 7.746956825256348
 endloop
endfacet
facet normal 0.0 -0.8229838037044392 0.5680648368277806
 outer loop
  vertex 20.299999237060547 19.937353134155273 10.248258590698242
  vertex 17.299999237060547 19.937353134155273 10.248258590698242
  vertex 20.299999237060547 18.21082878112793 7.746956825256348
 endloop
endfacet
facet normal 0.0 -0.4647231975960496 0.8854560122423378
 outer loop
  vertex 17.299999237060547 18.21082878112793 7.746956825256348
  vertex 17.299999237060547 15.519654273986816 6.334519386291504
  vertex 20.299999237060547 15.519654273986816 6.334519386291504
 endloop
endfacet
facet normal 0.0 -0.4647231975960496 0.8854560122423378
 outer loop
  vertex 20.299999237060547 18.21082878112793 7.746956825256348
  vertex 17.299999237060547 18.21082878112793 7.746956825256348
  vertex 20.299999237060547 15.519654273986816 6.334519386291504
 endloop
endfacet
facet normal 0.0 0.0 1.0
 outer loop
  vertex 17.299999237060547 12.480345726013184 6.334519386291504
  vertex 20.299999237060547 12.480345726013184 6.334519386291504
  vertex 17.299999237060547 15.519654273986816 6.334519386291504
 endloop
endfacet
facet normal 0.0 -0.0 1.0
 outer loop
  vertex 20.299999237060547 12.480345726013184 6.334519386291504
  vertex 20.299999237060547 15.519654273986816 6.334519386291504
  vertex 17.299999237060547 15.519654273986816 6.334519386291504
 endloop
endfacet
facet normal 0.0 0.4647231975960496 0.8854560122423378
 outer loop
  vertex 17.299999237060547 12.480345726013184 6.334519386291504
  vertex 17.299999237060547 9.78917121887207 7.746956825256348
  vertex 20.299999237060547 9.78917121887207 7.746956825256348
 endloop
endfacet
facet normal 0.0 0.4647231975960496 0.8854560122423378
 outer loop
  vertex 20.299999237060547 9.78917121887207 7.746956825256348
  vertex 20.299999237060547 12.480345726013184 6.334519386291504
  vertex 17.299999237060547 12.480345726013184 6.334519386291504
 endloop
endfacet
facet normal 0.0 0.8229838037044392 0.5680648368277806
 outer loop
  vertex 20.299999237060547 8.062646865844727 10.248258590698242
  vertex 17.299999237060547 9.78917121887207 7.746956825256348
  vertex 17.299999237060547 8.062646865844727 10.248258590698242
 endloop
endfacet
facet normal -0.0 0.8229838037044392 0.5680648368277806
 outer loop
  vertex 17.299999237060547 9.78917121887207 7.746956825256348
  vertex 20.299999237060547 8.062646865844727 10.248258590698242
  vertex 20.299999237060547 9.78917121887207 7.746956825256348
 endloop
endfacet
facet normal 0.0 0.9927088719406509 1.2053669802313405e-1
 outer loop
  vertex 20.299999237060547 7.696298599243164 13.26540756225586
  vertex 17.299999237060547 8.062646865844727 10.248258590698242
  vertex 17.299999237060547 7.696298599243164 13.26540756225586
 endloop
endfacet
facet normal -0.0 0.9927088719406509 1.2053669802313405e-1
 outer loop
  vertex 17.299999237060547 8.062646865844727 10.248258590698242
  vertex 20.299999237060547 7.696298599243164 13.26540756225586
  vertex 20.299999237060547 8.062646865844727 10.248258590698242
 endloop
endfacet
facet normal 0.0 0.9350162718900497 -3.5460481003623284e-1
 outer loop
  vertex 17.299999237060547 8.774052619934082 16.10721206665039
  vertex 20.299999237060547 8.774052619934082 16.10721206665039
  vertex 17.299999237060547 7.696298599243164 13.26540756225586
 endloop
endfacet
facet normal 0.0 0.9350162718900497 -3.5460481003623284e-1
 outer loop
  vertex 20.299999237060547 8.774052619934082 16.10721206665039
  vertex 20.299999237060547 7.696298599243164 13.26540756225586
  vertex 17.299999237060547 7.696298599243164 13.26540756225586
 endloop
endfacet
facet normal 0.0 0.663122692250081 -0.7485107180415017
 outer loop
  vertex 20.299999237060547 11.049007415771484 18.12264633178711
  vertex 17.299999237060547 8.774052619934082 16.10721206665039
  vertex 17.299999237060547 11.049007415771484 18.12264633178711
 endloop
endfacet
facet normal 0.0 0.663122692250081 -0.7485107180415017
 outer loop
  vertex 20.299999237060547 11.049007415771484 18.12264633178711
  vertex 20.299999237060547 8.774052619934082 16.10721206665039
  vertex 17.299999237060547 8.774052619934082 16.10721206665039
 endloop
endfacet
facet normal 0.0 2.3931557238132078e-1 -0.9709418400789004
 outer loop
  vertex 20.299999237060547 14.0 18.850000381469727
  vertex 17.299999237060547 11.049007415771484 18.12264633178711
  vertex 17.299999237060547 14.0 18.850000381469727
 endloop
endfacet
facet normal 0.0 2.3931557238132078e-1 -0.9709418400789004
 outer loop
  vertex 20.299999237060547 14.0 18.850000381469727
  vertex 20.299999237060547 11.049007415771484 18.12264633178711
  vertex 17.299999237060547 11.049007415771484 18.12264633178711
 endloop
endfacet
facet normal 0.0 -2.3931557238132078e-1 -0.9709418400789004
 outer loop
  vertex 20.299999237060547 16.950992584228516 18.12264633178711
  vertex 20.299999237060547 14.0 18.850000381469727
  vertex 17.299999237060547 14.0 18.850000381469727
 endloop
endfacet
facet normal 0.0 -0.6631225365039775 -0.7485108560204928
 outer loop
  vertex 20.299999237060547 16.950992584228516 18.12264633178711
  vertex 20.299999237060547 19.225948333740234 16.10721206665039
  vertex 23.299999237060547 19.225948333740234 16.10721206665039
 endloop
endfacet
facet normal 0.0 -2.3931557238132078e-1 -0.9709418400789004
 outer loop
  vertex 20.299999237060547 14.0 18.850000381469727
  vertex 20.299999237060547 16.950992584228516 18.12264633178711
  vertex 23.299999237060547 16.950992584228516 18.12264633178711
 endloop
endfacet
facet normal 0.0 -0.6631225365039775 -0.7485108560204928
 outer loop
  vertex 23.299999237060547 19.225948333740234 16.10721206665039
  vertex 23.299999237060547 16.950992584228516 18.12264633178711
  vertex 20.299999237060547 16.950992584228516 18.12264633178711
 endloop
endfacet
facet normal 0.0 -0.9350163759272672 -3.5460453571244577e-1
 outer loop
  vertex 20.299999237060547 19.225948333740234 16.10721206665039
  vertex 20.299999237060547 20.303701400756836 13.26540756225586
  vertex 23.299999237060547 20.303701400756836 13.26540756225586
 endloop
endfacet
facet normal -0.0 -0.9350163759272672 -3.5460453571244577e-1
 outer loop
  vertex 23.299999237060547 19.225948333740234 16.10721206665039
  vertex 20.299999237060547 19.225948333740234 16.10721206665039
  vertex 23.299999237060547 20.303701400756836 13.26540756225586
 endloop
endfacet
facet normal 0.0 -0.9927088719406509 1.2053669802313405e-1
 outer loop
  vertex 20.299999237060547 19.937353134155273 10.248258590698242
  vertex 23.299999237060547 19.937353134155273 10.248258590698242
  vertex 20.299999237060547 20.303701400756836 13.26540756225586
 endloop
endfacet
facet normal 0.0 -0.9927088719406509 1.2053669802313405e-1
 outer loop
  vertex 23.299999237060547 20.303701400756836 13.26540756225586
  vertex 20.299999237060547 20.303701400756836 13.26540756225586
  vertex 23.299999237060547 19.937353134155273 10.248258590698242
 endloop
endfacet
facet normal 0.0 -0.8229838037044392 0.5680648368277806
 outer loop
  vertex 23.299999237060547 18.21082878112793 7.746956825256348
  vertex 20.299999237060547 19.937353134155273 10.248258590698242
  vertex 20.299999237060547 18.21082878112793 7.746956825256348
 endloop
endfacet
facet normal 0.0 -0.8229838037044392 0.5680648368277806
 outer loop
  vertex 23.299999237060547 18.21082878112793 7.746956825256348
  vertex 23.299999237060547 19.937353134155273 10.248258590698242
  vertex 20.299999237060547 19.937353134155273 10.248258590698242
 endloop
endfacet
facet normal 0.0 -0.4647231975960496 0.8854560122423378
 outer loop
  vertex 23.299999237060547 15.519654273986816 6.334519386291504
  vertex 20.299999237060547 18.21082878112793 7.746956825256348
  vertex 20.299999237060547 15.519654273986816 6.334519386291504
 endloop
endfacet
facet normal 0.0 -0.4647231975960496 0.8854560122423378
 outer loop
  vertex 23.299999237060547 18.21082878112793 7.746956825256348
  vertex 20.299999237060547 18.21082878112793 7.746956825256348
  vertex 23.299999237060547 15.519654273986816 6.334519386291504
 endloop
endfacet
facet normal 0.0 0.0 1.0
 outer loop
  vertex 20.299999237060547 12.480345726013184 6.334519386291504
  vertex 23.299999237060547 12.480345726013184 6.334519386291504
  vertex 20.299999237060547 15.519654273986816 6.334519386291504
 endloop
endfacet
facet normal -0.0 0.0 1.0
 outer loop
  vertex 20.299999237060547 15.519654273986816 6.334519386291504
  vertex 23.299999237060547 12.480345726013184 6.334519386291504
  vertex 23.299999237060547 15.519654273986816 6.334519386291504
 endloop
endfacet
facet normal -0.0 0.4647231975960496 0.8854560122423378
 outer loop
  vertex 20.299999237060547 9.78917121887207 7.746956825256348
  vertex 23.299999237060547 9.78917121887207 7.746956825256348
  vertex 20.299999237060547 12.480345726013184 6.334519386291504
 endloop
endfacet
facet normal 0.0 0.4647231975960496 0.8854560122423378
 outer loop
  vertex 23.299999237060547 9.78917121887207 7.746956825256348
  vertex 23.299999237060547 12.480345726013184 6.334519386291504
  vertex 20.299999237060547 12.480345726013184 6.334519386291504
 endloop
endfacet
facet normal 0.0 0.8229838037044392 0.5680648368277806
 outer loop
  vertex 20.299999237060547 9.78917121887207 7.746956825256348
  vertex 20.299999237060547 8.062646865844727 10.248258590698242
  vertex 23.299999237060547 8.062646865844727 10.248258590698242
 endloop
endfacet
facet normal 0.0 0.8229838037044392 0.5680648368277806
 outer loop
  vertex 23.299999237060547 8.062646865844727 10.248258590698242
  vertex 23.299999237060547 9.78917121887207 7.746956825256348
  vertex 20.299999237060547 9.78917121887207 7.746956825256348
 endloop
endfacet
facet normal 0.0 0.9927088719406509 1.2053669802313405e-1
 outer loop
  vertex 20.299999237060547 8.062646865844727 10.248258590698242
  vertex 20.299999237060547 7.696298599243164 13.26540756225586
  vertex 23.299999237060547 7.696298599243164 13.26540756225586
 endloop
endfacet
facet normal -0.0 0.9927088719406509 1.2053669802313405e-1
 outer loop
  vertex 20.299999237060547 8.062646865844727 10.248258590698242
  vertex 23.299999237060547 7.696298599243164 13.26540756225586
  vertex 23.299999237060547 8.062646865844727 10.248258590698242
 endloop
endfacet
facet normal 0.0 0.9350162718900497 -3.5460481003623284e-1
 outer loop
  vertex 23.299999237060547 8.774052619934082 16.10721206665039
  vertex 20.299999237060547 7.696298599243164 13.26540756225586
  vertex 20.299999237060547 8.774052619934082 16.10721206665039
 endloop
endfacet
facet normal 0.0 0.9350162718900497 -3.5460481003623284e-1
 outer loop
  vertex 23.299999237060547 8.774052619934082 16.10721206665039
  vertex 23.299999237060547 7.696298599243164 13.26540756225586
  vertex 20.299999237060547 7.696298599243164 13.26540756225586
 endloop
endfacet
facet normal 0.0 0.663122692250081 -0.7485107180415017
 outer loop
  vertex 20.299999237060547 11.049007415771484 18.12264633178711
  vertex 23.299999237060547 11.049007415771484 18.12264633178711
  vertex 20.299999237060547 8.774052619934082 16.10721206665039
 endloop
endfacet
facet normal 0.0 0.663122692250081 -0.7485107180415017
 outer loop
  vertex 23.299999237060547 11.049007415771484 18.12264633178711
  vertex 23.299999237060547 8.774052619934082 16.10721206665039
  vertex 20.299999237060547 8.774052619934082 16.10721206665039
 endloop
endfacet
facet normal 0.0 2.3931557238132078e-1 -0.9709418400789004
 outer loop
  vertex 23.299999237060547 14.0 18.850000381469727
  vertex 20.299999237060547 11.049007415771484 18.12264633178711
  vertex 20.299999237060547 14.0 18.850000381469727
 endloop
endfacet
facet normal 0.0 2.3931557238132078e-1 -0.9709418400789004
 outer loop
  vertex 23.299999237060547 14.0 18.850000381469727
  vertex 23.299999237060547 11.049007415771484 18.12264633178711
  vertex 20.299999237060547 11.049007415771484 18.12264633178711
 endloop
endfacet
facet normal 0.0 -2.3931557238132078e-1 -0.9709418400789004
 outer loop
  vertex 20.299999237060547 14.0 18.850000381469727
  vertex 23.299999237060547 16.950992584228516 18.12264633178711
  vertex 23.299999237060547 14.0 18.850000381469727
 endloop
endfacet
facet normal -0.0 -0.6631225365039775 -0.7485108560204928
 outer loop
  vertex 26.299999237060547 19.225948333740234 16.10721206665039
  vertex 23.299999237060547 16.950992584228516 18.12264633178711
  vertex 23.299999237060547 19.225948333740234 16.10721206665039
 endloop
endfacet
facet normal -0.0 -2.3931557238132078e-1 -0.9709418400789004
 outer loop
  vertex 26.299999237060547 16.950992584228516 18.12264633178711
  vertex 23.299999237060547 14.0 18.850000381469727
  vertex 23.299999237060547 16.950992584228516 18.12264633178711
 endloop
endfacet
facet normal 0.0 -0.6631225365039775 -0.7485108560204928
 outer loop
  vertex 26.299999237060547 19.225948333740234 16.10721206665039
  vertex 26.299999237060547 16.950992584228516 18.12264633178711
  vertex 23.299999237060547 16.950992584228516 18.12264633178711
 endloop
endfacet
facet normal 0.0 -0.9350163759272672 -3.5460453571244577e-1
 outer loop
  vertex 23.299999237060547 20.303701400756836 13.26540756225586
  vertex 26.299999237060547 20.303701400756836 13.26540756225586
  vertex 23.299999237060547 19.225948333740234 16.10721206665039
 endloop
endfacet
facet normal 0.0 -0.9350163759272672 -3.5460453571244577e-1
 outer loop
  vertex 26.299999237060547 20.303701400756836 13.26540756225586
  vertex 26.299999237060547 19.225948333740234 16.10721206665039
  vertex 23.299999237060547 19.225948333740234 16.10721206665039
 endloop
endfacet
facet normal 0.0 -0.9927088719406509 1.2053669802313405e-1
 outer loop
  vertex 26.299999237060547 19.937353134155273 10.248258590698242
  vertex 23.299999237060547 20.303701400756836 13.26540756225586
  vertex 23.299999237060547 19.937353134155273 10.248258590698242
 endloop
endfacet
facet normal 0.0 -0.9927088719406509 1.2053669802313405e-1
 outer loop
  vertex 23.299999237060547 20.303701400756836 13.26540756225586
  vertex 26.299999237060547 19.937353134155273 10.248258590698242
  vertex 26.299999237060547 20.303701400756836 13.26540756225586
 endloop
endfacet
facet normal 0.0 -0.8229838037044392 0.5680648368277806
 outer loop
  vertex 23.299999237060547 18.21082878112793 7.746956825256348
  vertex 26.299999237060547 18.21082878112793 7.746956825256348
  vertex 23.299999237060547 19.937353134155273 10.248258590698242
 endloop
endfacet
facet normal 0.0 -0.8229838037044392 0.5680648368277806
 outer loop
  vertex 26.299999237060547 19.937353134155273 10.248258590698242
  vertex 23.299999237060547 19.937353134155273 10.248258590698242
  vertex 26.299999237060547 18.21082878112793 7.746956825256348
 endloop
endfacet
facet normal 0.0 -0.4647231975960496 0.8854560122423378
 outer loop
  vertex 26.299999237060547 15.519654273986816 6.334519386291504
  vertex 23.299999237060547 18.21082878112793 7.746956825256348
  vertex 23.299999237060547 15.519654273986816 6.334519386291504
 endloop
endfacet
facet normal 0.0 -0.4647231975960496 0.8854560122423378
 outer loop
  vertex 23.299999237060547 18.21082878112793 7.746956825256348
  vertex 26.299999237060547 15.519654273986816 6.334519386291504
  vertex 26.299999237060547 18.21082878112793 7.746956825256348
 endloop
endfacet
facet normal 0.0 0.0 1.0
 outer loop
  vertex 26.299999237060547 12.480345726013184 6.334519386291504
  vertex 23.299999237060547 15.519654273986816 6.334519386291504
  vertex 23.299999237060547 12.480345726013184 6.334519386291504
 endloop
endfacet
facet normal 0.0 0.0 1.0
 outer loop
  vertex 26.299999237060547 15.519654273986816 6.334519386291504
  vertex 23.299999237060547 15.519654273986816 6.334519386291504
  vertex 26.299999237060547 12.480345726013184 6.334519386291504
 endloop
endfacet
facet normal 0.0 0.4647231975960496 0.8854560122423378
 outer loop
  vertex 23.299999237060547 12.480345726013184 6.334519386291504
  vertex 23.299999237060547 9.78917121887207 7.746956825256348
  vertex 26.299999237060547 9.78917121887207 7.746956825256348
 endloop
endfacet
facet normal -0.0 0.4647231975960496 0.8854560122423378
 outer loop
  vertex 23.299999237060547 12.480345726013184 6.334519386291504
  vertex 26.299999237060547 9.78917121887207 7.746956825256348
  vertex 26.299999237060547 12.480345726013184 6.334519386291504
 endloop
endfacet
facet normal -0.0 0.8229838037044392 0.5680648368277806
 outer loop
  vertex 23.299999237060547 8.062646865844727 10.248258590698242
  vertex 26.299999237060547 8.062646865844727 10.248258590698242
  vertex 23.299999237060547 9.78917121887207 7.746956825256348
 endloop
endfacet
facet normal -0.0 0.8229838037044392 0.5680648368277806
 outer loop
  vertex 23.299999237060547 9.78917121887207 7.746956825256348
  vertex 26.299999237060547 8.062646865844727 10.248258590698242
  vertex 26.299999237060547 9.78917121887207 7.746956825256348
 endloop
endfacet
facet normal 0.0 0.9927088719406509 1.2053669802313405e-1
 outer loop
  vertex 23.299999237060547 8.062646865844727 10.248258590698242
  vertex 23.299999237060547 7.696298599243164 13.26540756225586
  vertex 26.299999237060547 7.696298599243164 13.26540756225586
 endloop
endfacet
facet normal -0.0 0.9927088719406509 1.2053669802313405e-1
 outer loop
  vertex 23.299999237060547 8.062646865844727 10.248258590698242
  vertex 26.299999237060547 7.696298599243164 13.26540756225586
  vertex 26.299999237060547 8.062646865844727 10.248258590698242
 endloop
endfacet
facet normal 0.0 0.9350162718900497 -3.5460481003623284e-1
 outer loop
  vertex 23.299999237060547 8.774052619934082 16.10721206665039
  vertex 26.299999237060547 8.774052619934082 16.10721206665039
  vertex 23.299999237060547 7.696298599243164 13.26540756225586
 endloop
endfacet
facet normal 0.0 0.9350162718900497 -3.5460481003623284e-1
 outer loop
  vertex 23.299999237060547 7.696298599243164 13.26540756225586
  vertex 26.299999237060547 8.774052619934082 16.10721206665039
  vertex 26.299999237060547 7.696298599243164 13.26540756225586
 endloop
endfacet
facet normal 0.0 0.663122692250081 -0.7485107180415017
 outer loop
  vertex 26.299999237060547 11.049007415771484 18.12264633178711
  vertex 23.299999237060547 8.774052619934082 16.10721206665039
  vertex 23.299999237060547 11.049007415771484 18.12264633178711
 endloop
endfacet
facet normal 0.0 0.663122692250081 -0.7485107180415017
 outer loop
  vertex 26.299999237060547 11.049007415771484 18.12264633178711
  vertex 26.299999237060547 8.774052619934082 16.10721206665039
  vertex 23.299999237060547 8.774052619934082 16.10721206665039
 endloop
endfacet
facet normal 0.0 2.3931557238132078e-1 -0.9709418400789004
 outer loop
  vertex 23.299999237060547 11.049007415771484 18.12264633178711
  vertex 23.299999237060547 14.0 18.850000381469727
  vertex 26.299999237060547 14.0 18.850000381469727
 endloop
endfacet
facet normal 0.0 2.3931557238132078e-1 -0.9709418400789004
 outer loop
  vertex 26.299999237060547 14.0 18.850000381469727
  vertex 26.299999237060547 11.049007415771484 18.12264633178711
  vertex 23.299999237060547 11.049007415771484 18.12264633178711
 endloop
endfacet
facet normal -0.0 -2.3931557238132078e-1 -0.9709418400789004
 outer loop
  vertex 26.299999237060547 14.0 18.850000381469727
  vertex 23.299999237060547 14.0 18.850000381469727
  vertex 26.299999237060547 16.950992584228516 18.12264633178711
 endloop
endfacet
facet normal -0.0 -0.6631225365039775 -0.7485108560204928
 outer loop
  vertex 29.299999237060547 19.225948333740234 16.10721206665039
  vertex 26.299999237060547 16.950992584228516 18.12264633178711
  vertex 26.299999237060547 19.225948333740234 16.10721206665039
 endloop
endfacet
facet normal -0.0 -2.3931557238132078e-1 -0.9709418400789004
 outer loop
  vertex 29.299999237060547 16.950992584228516 18.12264633178711
  vertex 26.299999237060547 14.0 18.850000381469727
  vertex 26.299999237060547 16.950992584228516 18.12264633178711
 endloop
endfacet
facet normal 0.0 -0.6631225365039775 -0.7485108560204928
 outer loop
  vertex 29.299999237060547 19.225948333740234 16.10721206665039
  vertex 29.299999237060547 16.950992584228516 18.12264633178711
  vertex 26.299999237060547 16.950992584228516 18.12264633178711
 endloop
endfacet
facet normal 0.0 -0.9350163759272672 -3.5460453571244577e-1
 outer loop
  vertex 26.299999237060547 19.225948333740234 16.10721206665039
  vertex 26.299999237060547 20.303701400756836 13.26540756225586
  vertex 29.299999237060547 20.303701400756836 13.26540756225586
 endloop
endfacet
facet normal 0.0 -0.9350163759272672 -3.5460453571244577e-1
 outer loop
  vertex 26.299999237060547 19.225948333740234 16.10721206665039
  vertex 29.299999237060547 20.303701400756836 13.26540756225586
  vertex 29.299999237060547 19.225948333740234 16.10721206665039
 endloop
endfacet
facet normal 0.0 -0.9927088719406509 1.2053669802313405e-1
 outer loop
  vertex 26.299999237060547 20.303701400756836 13.26540756225586
  vertex 26.299999237060547 19.937353134155273 10.248258590698242
  vertex 29.299999237060547 19.937353134155273 10.248258590698242
 endloop
endfacet
facet normal 0.0 -0.9927088719406509 1.2053669802313405e-1
 outer loop
  vertex 29.299999237060547 19.937353134155273 10.248258590698242
  vertex 29.299999237060547 20.303701400756836 13.26540756225586
  vertex 26.299999237060547 20.303701400756836 13.26540756225586
 endloop
endfacet
facet normal 0.0 -0.8229838037044392 0.5680648368277806
 outer loop
  vertex 26.299999237060547 19.937353134155273 10.248258590698242
  vertex 26.299999237060547 18.21082878112793 7.746956825256348
  vertex 29.299999237060547 18.21082878112793 7.746956825256348
 endloop
endfacet
facet normal 0.0 -0.8229838037044392 0.5680648368277806
 outer loop
  vertex 29.299999237060547 18.21082878112793 7.746956825256348
  vertex 29.299999237060547 19.937353134155273 10.248258590698242
  vertex 26.299999237060547 19.937353134155273 10.248258590698242
 endloop
endfacet
facet normal 0.0 -0.4647231975960496 0.8854560122423378
 outer loop
  vertex 26.299999237060547 15.519654273986816 6.334519386291504
  vertex 29.299999237060547 15.519654273986816 6.334519386291504
  vertex 26.299999237060547 18.21082878112793 7.746956825256348
 endloop
endfacet
facet normal 0.0 -0.4647231975960496 0.8854560122423378
 outer loop
  vertex 29.299999237060547 15.519654273986816 6.334519386291504
  vertex 29.299999237060547 18.21082878112793 7.746956825256348
  vertex 26.299999237060547 18.21082878112793 7.746956825256348
 endloop
endfacet
facet normal 0.0 0.0 1.0
 outer loop
  vertex 29.299999237060547 12.480345726013184 6.334519386291504
  vertex 26.299999237060547 15.519654273986816 6.334519386291504
  vertex 26.299999237060547 12.480345726013184 6.334519386291504
 endloop
endfacet
facet normal 0.0 -0.0 1.0
 outer loop
  vertex 29.299999237060547 12.480345726013184 6.334519386291504
  vertex 29.299999237060547 15.519654273986816 6.334519386291504
  vertex 26.299999237060547 15.519654273986816 6.334519386291504
 endloop
endfacet
facet normal 0.0 0.4647231975960496 0.8854560122423378
 outer loop
  vertex 29.299999237060547 9.78917121887207 7.746956825256348
  vertex 26.299999237060547 12.480345726013184 6.334519386291504
  vertex 26.299999237060547 9.78917121887207 7.746956825256348
 endloop
endfacet
facet normal 0.0 0.4647231975960496 0.8854560122423378
 outer loop
  vertex 29.299999237060547 12.480345726013184 6.334519386291504
  vertex 26.299999237060547 12.480345726013184 6.334519386291504
  vertex 29.299999237060547 9.78917121887207 7.746956825256348
 endloop
endfacet
facet normal 0.0 0.8229838037044392 0.5680648368277806
 outer loop
  vertex 26.299999237060547 9.78917121887207 7.746956825256348
  vertex 26.299999237060547 8.062646865844727 10.248258590698242
  vertex 29.299999237060547 8.062646865844727 10.248258590698242
 endloop
endfacet
facet normal 0.0 0.8229838037044392 0.5680648368277806
 outer loop
  vertex 29.299999237060547 8.062646865844727 10.248258590698242
  vertex 29.299999237060547 9.78917121887207 7.746956825256348
  vertex 26.299999237060547 9.78917121887207 7.746956825256348
 endloop
endfacet
facet normal 0.0 0.9927088719406509 1.2053669802313405e-1
 outer loop
  vertex 29.299999237060547 7.696298599243164 13.26540756225586
  vertex 26.299999237060547 8.062646865844727 10.248258590698242
  vertex 26.299999237060547 7.696298599243164 13.26540756225586
 endloop
endfacet
facet normal -0.0 0.9927088719406509 1.2053669802313405e-1
 outer loop
  vertex 26.299999237060547 8.062646865844727 10.248258590698242
  vertex 29.299999237060547 7.696298599243164 13.26540756225586
  vertex 29.299999237060547 8.062646865844727 10.248258590698242
 endloop
endfacet
facet normal 0.0 0.9350162718900497 -3.5460481003623284e-1
 outer loop
  vertex 26.299999237060547 7.696298599243164 13.26540756225586
  vertex 26.299999237060547 8.774052619934082 16.10721206665039
  vertex 29.299999237060547 8.774052619934082 16.10721206665039
 endloop
endfacet
facet normal 0.0 0.9350162718900497 -3.5460481003623284e-1
 outer loop
  vertex 29.299999237060547 7.696298599243164 13.26540756225586
  vertex 26.299999237060547 7.696298599243164 13.26540756225586
  vertex 29.299999237060547 8.774052619934082 16.10721206665039
 endloop
endfacet
facet normal 0.0 0.663122692250081 -0.7485107180415017
 outer loop
  vertex 26.299999237060547 11.049007415771484 18.12264633178711
  vertex 29.299999237060547 11.049007415771484 18.12264633178711
  vertex 26.299999237060547 8.774052619934082 16.10721206665039
 endloop
endfacet
facet normal 0.0 0.663122692250081 -0.7485107180415017
 outer loop
  vertex 26.299999237060547 8.774052619934082 16.10721206665039
  vertex 29.299999237060547 11.049007415771484 18.12264633178711
  vertex 29.299999237060547 8.774052619934082 16.10721206665039
 endloop
endfacet
facet normal 0.0 2.3931557238132078e-1 -0.9709418400789004
 outer loop
  vertex 26.299999237060547 14.0 18.850000381469727
  vertex 29.299999237060547 14.0 18.850000381469727
  vertex 26.299999237060547 11.049007415771484 18.12264633178711
 endloop
endfacet
facet normal 0.0 2.3931557238132078e-1 -0.9709418400789004
 outer loop
  vertex 29.299999237060547 14.0 18.850000381469727
  vertex 29.299999237060547 11.049007415771484 18.12264633178711
  vertex 26.299999237060547 11.049007415771484 18.12264633178711
 endloop
endfacet
facet normal 0.0 -2.3931557238132078e-1 -0.9709418400789004
 outer loop
  vertex 26.299999237060547 14.0 18.850000381469727
  vertex 29.299999237060547 16.950992584228516 18.12264633178711
  vertex 29.299999237060547 14.0 18.850000381469727
 endloop
endfacet
facet normal 0.0 0.0 1.0
 outer loop
  vertex -14.300000190734863 28.0 25.0
  vertex -12.297999763488768 28.0 25.0
  vertex -13.776501687589604 28.12977724751255 25.0
 endloop
endfacet
facet normal 0.0 -0.0 1.0
 outer loop
  vertex -14.300000190734863 28.0 25.0
  vertex -13.776501687589604 28.12977724751255 25.0
  vertex -15.2424318491025 28.228502402596774 25.0
 endloop
endfacet
facet normal -0.0 0.0 1.0
 outer loop
  vertex -32.29999923706055 27.066666793823238 25.0
  vertex -32.29999923706055 24.88888931274414 25.0
  vertex -29.299999237060547 28.0 25.0
 endloop
endfacet
facet normal 0.0 0.0 1.0
 outer loop
  vertex -32.29999923706055 27.066666793823238 25.0
  vertex -29.299999237060547 28.0 25.0
  vertex -30.414931567199524 27.84972546556964 25.0
 endloop
endfacet
facet normal 0.0 0.0 1.0
 outer loop
  vertex -30.414931567199524 27.84972546556964 25.0
  vertex -29.299999237060547 28.0 25.0
  vertex -29.24630499780178 28.131869022548198 25.0
 endloop
endfacet
facet normal -0.9999999999999999 0.0 0.0
 outer loop
  vertex -32.29999923706055 24.88888931274414 25.0
  vertex -32.29999923706055 27.066666793823238 25.0
  vertex -32.29999923706055 26.924427318572995 23.498199748992917
 endloop
endfacet
facet normal -1.0 0.0 0.0
 outer loop
  vertex -32.29999923706055 24.88888931274414 0.0
  vertex -32.29999923706055 26.90109252929687 1.4988115549087526
  vertex -32.29999923706055 27.066666793823238 0.0
 endloop
endfacet
facet normal 0.0 0.0 -0.9999999999999999
 outer loop
  vertex -31.399999237060545 27.06666679382324 0.0
  vertex -32.29999923706055 24.88888931274414 0.0
  vertex -32.29999923706055 27.066666793823238 0.0
 endloop
endfacet
facet normal 0.0 0.0 -1.0
 outer loop
  vertex -14.300000190734863 28.0 0.0
  vertex -17.299999237060547 28.0 0.0
  vertex -16.080426795369817 28.60184243216612 0.0
 endloop
endfacet
facet normal -0.9999999999999999 -0.0 0.0
 outer loop
  vertex -9.0 121.28111267089844 25.0
  vertex -9.0 118.16999816894531 21.875
  vertex -9.0 119.10333251953125 25.0
 endloop
endfacet
facet normal -0.9999999999999999 0.0 0.0
 outer loop
  vertex -9.0 119.10333251953125 25.0
  vertex -9.0 118.16999816894531 21.875
  vertex -9.0 118.16999816894531 23.50579201713069
 endloop
endfacet
facet normal 0.0 0.0 0.9999999999999999
 outer loop
  vertex -6.0 118.16999816894531 25.0
  vertex -9.0 121.28111267089844 25.0
  vertex -9.0 119.10333251953125 25.0
 endloop
endfacet
facet normal 0.0 0.0 0.9999999999999999
 outer loop
  vertex -6.0 118.16999816894531 25.0
  vertex -9.0 119.10333251953125 25.0
  vertex -7.620599067337334 118.5175169450312 25.0
 endloop
endfacet
facet normal 0.0 0.0 1.0
 outer loop
  vertex -6.0 118.16999816894531 25.0
  vertex -7.620599067337334 118.5175169450312 25.0
  vertex -6.191762289543369 118.07493967787147 25.0
 endloop
endfacet
facet normal 0.0 1.0 0.0
 outer loop
  vertex 10.080859896524505 118.16999816894531 0.0
  vertex 9.0 118.16999816894531 0.0
  vertex 9.873750114440918 118.16999816894531 2.1875
 endloop
endfacet
facet normal 0.0 1.0 0.0
 outer loop
  vertex 9.0 118.16999816894531 0.0
  vertex 9.0 118.16999816894531 3.125
  vertex 9.873750114440918 118.16999816894531 2.1875
 endloop
endfacet
facet normal 0.0 -0.0 -0.9999999999999999
 outer loop
  vertex 9.0 118.16999816894531 0.0
  vertex 10.080859896524505 118.16999816894531 0.0
  vertex 8.71877417688478 117.98253603115329 0.0
 endloop
endfacet
facet normal 0.0 0.0 -0.9999999999999999
 outer loop
  vertex 9.0 118.16999816894531 0.0
  vertex 8.71877417688478 117.98253603115329 0.0
  vertex 7.350208905995332 117.8015439362866 0.0
 endloop
endfacet
facet normal 1.0 -0.0 0.0
 outer loop
  vertex 32.29999923706055 24.88888931274414 25.0
  vertex 32.29999923706055 26.908963775634763 23.476264858245848
  vertex 32.29999923706055 27.066666793823238 25.0
 endloop
endfacet
facet normal 0.0 0.0 0.9999999999999999
 outer loop
  vertex 14.300000190734863 28.0 25.0
  vertex 17.299999237060547 28.0 25.0
  vertex 16.174164284172 28.617033356416506 25.0
 endloop
endfacet
facet normal 0.0 -1.0 0.0
 outer loop
  vertex 12.297999763488768 28.0 21.875
  vertex 14.300000190734863 28.0 21.875
  vertex 12.297999763488768 28.0 22.8125
 endloop
endfacet
facet normal 0.0 -1.0 0.0
 outer loop
  vertex 14.300000190734863 28.0 21.875
  vertex 14.300000190734863 28.0 25.0
  vertex 12.297999763488768 28.0 22.8125
 endloop
endfacet
facet normal -0.0 -1.0 0.0
 outer loop
  vertex 14.300000190734863 28.0 25.0
  vertex 12.297999763488768 28.0 25.0
  vertex 12.297999763488768 28.0 22.8125
 endloop
endfacet
facet normal 0.0 0.0 1.0
 outer loop
  vertex -23.299999237060547 27.066666793823238 25.0
  vertex -20.299999237060547 28.0 25.0
  vertex -22.1259797897168 27.60468460297664 25.0
 endloop
endfacet
facet normal 0.0 0.0 0.9999999999999999
 outer loop
  vertex -20.299999237060547 28.0 25.0
  vertex -20.855774531006936 27.998816737175392 25.0
  vertex -22.1259797897168 27.60468460297664 25.0
 endloop
endfacet
facet normal 0.0 -0.0 1.0
 outer loop
  vertex -20.299999237060547 28.0 25.0
  vertex -19.528148442186033 28.246939422607035 25.0
  vertex -20.855774531006936 27.998816737175392 25.0
 endloop
endfacet
facet normal -0.0 0.0 0.9999999999999999
 outer loop
  vertex -28.292610758543013 28.263738045096396 25.0
  vertex -29.299999237060547 28.0 25.0
  vertex -27.313073712587354 28.303039622306823 25.0
 endloop
endfacet
facet normal 0.0 0.0 1.0
 outer loop
  vertex -29.299999237060547 28.0 25.0
  vertex -28.292610758543013 28.263738045096396 25.0
  vertex -29.24630499780178 28.131869022548198 25.0
 endloop
endfacet
facet normal 0.0 0.0 -1.0
 outer loop
  vertex -26.299999237060547 28.0 0.0
  vertex -28.39999923706055 27.06666679382324 0.0
  vertex -27.38750290366029 27.629732628166675 0.0
 endloop
endfacet
facet normal -0.0 0.0 -1.0
 outer loop
  vertex -26.299999237060547 28.0 0.0
  vertex -27.38750290366029 27.629732628166675 0.0
  vertex -26.365223005060102 28.106781280040742 0.0
 endloop
endfacet
facet normal 0.0 0.0 -1.0
 outer loop
  vertex -23.299999237060547 27.066666793823238 0.0
  vertex -26.299999237060547 28.0 0.0
  vertex -24.306897048610377 27.580606259033082 0.0
 endloop
endfacet
facet normal 0.0 0.0 -1.0
 outer loop
  vertex -26.299999237060547 28.0 0.0
  vertex -25.325411468860224 27.963666443526748 0.0
  vertex -24.306897048610377 27.580606259033082 0.0
 endloop
endfacet
facet normal 0.0 0.0 -1.0
 outer loop
  vertex -26.299999237060547 28.0 0.0
  vertex -26.365223005060102 28.106781280040742 0.0
  vertex -25.325411468860224 27.963666443526748 0.0
 endloop
endfacet
facet normal 0.0 0.0 -1.0
 outer loop
  vertex -20.299999237060547 28.0 0.0
  vertex -22.39999923706055 27.06666679382324 0.0
  vertex -21.257948298320855 27.719778478206344 0.0
 endloop
endfacet
facet normal -0.0 0.0 -1.0
 outer loop
  vertex -20.299999237060547 28.0 0.0
  vertex -21.257948298320855 27.719778478206344 0.0
  vertex -19.990450614512035 28.226296134080833 0.0
 endloop
endfacet
facet normal 0.0 0.0 -1.0
 outer loop
  vertex -17.299999237060547 28.0 0.0
  vertex -20.299999237060547 28.0 0.0
  vertex -18.668827246078063 28.534163378406966 0.0
 endloop
endfacet
facet normal 0.0 0.0 -1.0
 outer loop
  vertex -20.299999237060547 28.0 0.0
  vertex -19.990450614512035 28.226296134080833 0.0
  vertex -18.668827246078063 28.534163378406966 0.0
 endloop
endfacet
facet normal 0.0 -1.0 0.0
 outer loop
  vertex -14.300000190734863 28.0 21.875
  vertex -14.300000190734863 28.0 18.75
  vertex -12.360155527144421 28.0 20.86958506294688
 endloop
endfacet
facet normal 0.0 -1.0 -0.0
 outer loop
  vertex -12.329077645316595 28.0 19.34104253147344
  vertex -14.300000190734863 28.0 18.75
  vertex -12.297999763488768 28.0 17.8125
 endloop
endfacet
facet normal 0.0 -1.0 0.0
 outer loop
  vertex -14.300000190734863 28.0 18.75
  vertex -14.300000190734863 28.0 15.625
  vertex -12.297999763488768 28.0 17.8125
 endloop
endfacet
facet normal 0.0 -1.0 0.0
 outer loop
  vertex -14.300000190734863 28.0 18.75
  vertex -12.329077645316595 28.0 19.34104253147344
  vertex -12.360155527144421 28.0 20.86958506294688
 endloop
endfacet
facet normal 0.0 -1.0 0.0
 outer loop
  vertex -11.4399995803833 28.0 15.625
  vertex -11.797180409251421 28.0 16.839004418139893
  vertex -12.297999763488768 28.0 17.8125
 endloop
endfacet
facet normal 0.0 -1.0 0.0
 outer loop
  vertex -14.300000190734863 28.0 15.625
  vertex -11.4399995803833 28.0 15.625
  vertex -12.297999763488768 28.0 17.8125
 endloop
endfacet
facet normal -1.0 0.0 0.0
 outer loop
  vertex -32.29999923706055 25.384126663208008 5.097994804382324
  vertex -32.29999923706055 28.0 6.25
  vertex -32.29999923706055 27.64420031607151 4.881385693771975
 endloop
endfacet
facet normal -0.9999999999999999 0.0 -0.0
 outer loop
  vertex -32.29999923706055 28.0 6.25
  vertex -32.29999923706055 28.02234546542168 5.78422446919844
  vertex -32.29999923706055 27.64420031607151 4.881385693771975
 endloop
endfacet
facet normal -1.0 0.0 0.0
 outer loop
  vertex -32.29999923706055 28.0 6.25
  vertex -32.29999923706055 27.019007301330564 8.983461284637452
  vertex -32.29999923706055 27.674394926428793 7.617657816005133
 endloop
endfacet
facet normal -1.0 0.0 0.0
 outer loop
  vertex -32.29999923706055 28.0 6.25
  vertex -32.29999923706055 27.674394926428793 7.617657816005133
  vertex -32.29999923706055 28.079669714160264 6.558915589446096
 endloop
endfacet
facet normal -1.0 0.0 0.0
 outer loop
  vertex -32.29999923706055 28.02234546542168 5.78422446919844
  vertex -32.29999923706055 28.0 6.25
  vertex -32.29999923706055 28.079669714160264 6.558915589446096
 endloop
endfacet
facet normal 0.0 1.0 0.0
 outer loop
  vertex -9.0 118.16999816894531 6.25
  vertex -9.0 118.16999816894531 3.125
  vertex -9.873750114440918 118.16999816894531 4.0625
 endloop
endfacet
facet normal 0.0 0.0 1.0
 outer loop
  vertex -4.70968807425781 117.75319928446567 25.0
  vertex -6.0 118.16999816894531 25.0
  vertex -6.191762289543369 118.07493967787147 25.0
 endloop
endfacet
facet normal 0.0 1.0 0.0
 outer loop
  vertex 9.0 118.16999816894531 12.5
  vertex 9.0 118.16999816894531 15.625
  vertex 9.873750114440918 118.16999816894531 14.6875
 endloop
endfacet
facet normal 0.0 0.0 1.0
 outer loop
  vertex 17.299999237060547 28.0 25.0
  vertex 20.299999237060547 28.0 25.0
  vertex 18.80727143087424 28.526777176139873 25.0
 endloop
endfacet
facet normal -0.0 -0.0 1.0
 outer loop
  vertex 20.299999237060547 28.0 25.0
  vertex 21.293757106363774 27.680033688247203 25.0
  vertex 20.109212531524825 28.20473378448223 25.0
 endloop
endfacet
facet normal 0.0 0.0 1.0
 outer loop
  vertex 21.293757106363774 27.680033688247203 25.0
  vertex 20.299999237060547 28.0 25.0
  vertex 22.39999923706055 27.06666679382324 25.0
 endloop
endfacet
facet normal 0.0 0.0 1.0
 outer loop
  vertex 20.299999237060547 28.0 25.0
  vertex 20.109212531524825 28.20473378448223 25.0
  vertex 18.80727143087424 28.526777176139873 25.0
 endloop
endfacet
facet normal 0.0 0.0 -1.0
 outer loop
  vertex 20.299999237060547 28.0 0.0
  vertex 21.08800542528011 28.253700571322533 0.0
  vertex 22.194002331170328 27.660183682572885 0.0
 endloop
endfacet
facet normal 0.0 0.0 -1.0
 outer loop
  vertex 20.299999237060547 28.0 0.0
  vertex 22.194002331170328 27.660183682572885 0.0
  vertex 23.299999237060547 27.066666793823238 0.0
 endloop
endfacet
facet normal -0.0 -0.0 -1.0
 outer loop
  vertex 19.85013656963065 28.748642740774343 0.0
  vertex 20.299999237060547 28.0 0.0
  vertex 18.408610002454438 28.86319957703543 0.0
 endloop
endfacet
facet normal 0.0 0.0 -1.0
 outer loop
  vertex 20.299999237060547 28.0 0.0
  vertex 19.85013656963065 28.748642740774343 0.0
  vertex 21.08800542528011 28.253700571322533 0.0
 endloop
endfacet
facet normal 0.0 -1.0 0.0
 outer loop
  vertex 14.300000190734863 28.0 3.125
  vertex 14.300000190734863 28.0 6.25
  vertex 12.297999763488768 28.0 4.0625
 endloop
endfacet
facet normal 0.0 -1.0 0.0
 outer loop
  vertex 12.297999763488768 28.0 6.25
  vertex 14.300000190734863 28.0 6.25
  vertex 12.297999763488768 28.0 7.1875
 endloop
endfacet
facet normal 0.0 -1.0 0.0
 outer loop
  vertex 14.300000190734863 28.0 6.25
  vertex 14.300000190734863 28.0 9.375
  vertex 12.297999763488768 28.0 7.1875
 endloop
endfacet
facet normal -0.0 -1.0 0.0
 outer loop
  vertex 14.300000190734863 28.0 6.25
  vertex 12.297999763488768 28.0 6.25
  vertex 12.297999763488768 28.0 4.0625
 endloop
endfacet
facet normal -0.0 -1.0 0.0
 outer loop
  vertex 14.300000190734863 28.0 9.375
  vertex 11.4399995803833 28.0 9.375
  vertex 12.297999763488768 28.0 7.1875
 endloop
endfacet
facet normal 0.0 -1.0 0.0
 outer loop
  vertex 12.297999763488768 28.0 7.1875
  vertex 11.4399995803833 28.0 9.375
  vertex 11.794710890860568 28.0 8.157673758009246
 endloop
endfacet
facet normal 0.0 -1.0 0.0
 outer loop
  vertex 11.4399995803833 28.0 18.75
  vertex 14.300000190734863 28.0 21.875
  vertex 12.297999763488768 28.0 21.875
 endloop
endfacet
facet normal 0.0 -1.0 -0.0
 outer loop
  vertex 11.701696896723998 28.0 20.278921188271184
  vertex 11.4399995803833 28.0 18.75
  vertex 12.297999763488768 28.0 21.875
 endloop
endfacet
facet normal 0.0 -1.0 0.0
 outer loop
  vertex 11.302710334664617 28.0 18.781018673234648
  vertex 11.4399995803833 28.0 18.75
  vertex 11.701696896723998 28.0 20.278921188271184
 endloop
endfacet
facet normal -0.0 -1.0 0.0
 outer loop
  vertex 11.4399995803833 28.0 18.75
  vertex 11.302710334664617 28.0 18.781018673234648
  vertex 11.096857644669356 28.0 17.319122875364073
 endloop
endfacet
facet normal 0.0 -1.0 0.0
 outer loop
  vertex 10.977057953271123 28.0 15.888091212608423
  vertex 11.4399995803833 28.0 15.625
  vertex 11.096857644669356 28.0 17.319122875364073
 endloop
endfacet
facet normal 0.0 -1.0 0.0
 outer loop
  vertex 11.4399995803833 28.0 15.625
  vertex 11.4399995803833 28.0 18.75
  vertex 11.096857644669356 28.0 17.319122875364073
 endloop
endfacet
facet normal 0.0 -1.0 0.0
 outer loop
  vertex -11.4399995803833 28.0 15.625
  vertex -11.375956933784586 28.0 15.775652281583167
  vertex -11.797180409251421 28.0 16.839004418139893
 endloop
endfacet
facet normal 0.0 -1.0 0.0
 outer loop
  vertex -11.4399995803833 28.0 15.625
  vertex -11.066108551348215 28.0 14.619498943268006
  vertex -11.375956933784586 28.0 15.775652281583167
 endloop
endfacet
facet normal 0.0 -1.0 0.0
 outer loop
  vertex 11.096601790134702 28.0 10.437340087007271
  vertex 11.4399995803833 28.0 9.375
  vertex 10.942479036332994 28.0 11.73437137813941
 endloop
endfacet
facet normal 0.0 -1.0 0.0
 outer loop
  vertex 11.367908832404392 28.0 9.225273305676783
  vertex 11.4399995803833 28.0 9.375
  vertex 11.096601790134702 28.0 10.437340087007271
 endloop
endfacet
facet normal 0.0 -1.0 -0.0
 outer loop
  vertex 11.4399995803833 28.0 9.375
  vertex 11.367908832404392 28.0 9.225273305676783
  vertex 11.794710890860568 28.0 8.157673758009246
 endloop
endfacet
facet normal -1.9141048153574447e-1 0.9663672832063329 -0.1717448733053351
 outer loop
  vertex -30.218521275645873 27.613463910702666 23.45171258815385
  vertex -30.414931567199524 27.84972546556964 25.0
  vertex -29.240917065038303 27.952479071265305 24.269725168506927
 endloop
endfacet
facet normal -2.2818146696188846e-1 0.9451178959797498 -2.3384905566183325e-1
 outer loop
  vertex -30.414931567199524 27.84972546556964 25.0
  vertex -29.24630499780178 28.131869022548198 25.0
  vertex -29.240917065038303 27.952479071265305 24.269725168506927
 endloop
endfacet
facet normal -8.518366201442736e-2 0.9947067517438716 -5.746496115866965e-2
 outer loop
  vertex -31.399999237060545 27.06666679382324 0.0
  vertex -31.243989826784205 27.163873083642443 1.4513591976299207
  vertex -29.862545604226572 27.268856183430945 1.2207999263737073
 endloop
endfacet
facet normal 1.6690323958627854e-15 0.9865607949850956 -1.6339460761719252e-1
 outer loop
  vertex -31.399999237060545 27.06666679382324 0.0
  vertex -29.862545604226572 27.268856183430945 1.2207999263737073
  vertex -29.299999237060547 27.066666793823238 0.0
 endloop
endfacet
facet normal -2.3558174643632224e-1 0.9659781559465569 1.0671196268507822e-1
 outer loop
  vertex -31.243989826784205 27.163873083642443 1.4513591976299207
  vertex -32.29999923706055 27.066666793823238 0.0
  vertex -32.29999923706055 26.90109252929687 1.4988115549087526
 endloop
endfacet
facet normal -2.4432251453043807e-1 0.9654291820269018 -9.084604220543352e-2
 outer loop
  vertex -31.243989826784205 27.163873083642443 1.4513591976299207
  vertex -32.29999923706055 26.90109252929687 1.4988115549087526
  vertex -31.587686038558072 27.23610442861914 3.14330930642111
 endloop
endfacet
facet normal -3.938635582172516e-15 0.9977646228873954 -6.682632201740371e-2
 outer loop
  vertex -31.399999237060545 27.06666679382324 0.0
  vertex -32.29999923706055 27.066666793823238 0.0
  vertex -31.243989826784205 27.163873083642443 1.4513591976299207
 endloop
endfacet
facet normal 9.077951780303986e-2 0.9958698915430482 1.4960833817023623e-3
 outer loop
  vertex -16.080426795369817 28.60184243216612 0.0
  vertex -16.582480611353187 28.645407697130924 1.4644020897479109
  vertex -15.050759310790639 28.50620156587976 1.1851888803788324
 endloop
endfacet
facet normal 6.965947572820297e-2 0.9912562627719715 -1.1206506572797774e-1
 outer loop
  vertex -16.582480611353187 28.645407697130924 1.4644020897479109
  vertex -15.343164916764115 28.68710538298824 2.603590051372408
  vertex -15.050759310790639 28.50620156587976 1.1851888803788324
 endloop
endfacet
facet normal 1.7846023628746685e-1 0.9799862324551527 -8.819823276334195e-2
 outer loop
  vertex -15.050759310790639 28.50620156587976 1.1851888803788324
  vertex -15.343164916764115 28.68710538298824 2.603590051372408
  vertex -13.833131281730696 28.37798170010395 2.2242627905629773
 endloop
endfacet
facet normal -4.942715406341741e-2 -0.961782065415331 0.2693180556268206
 outer loop
  vertex -7.620599067337334 118.5175169450312 25.0
  vertex -9.0 118.16999816894531 23.50579201713069
  vertex -6.94053309500904 118.03992872925004 23.419259139482367
 endloop
endfacet
facet normal -3.3888116461182666e-1 -0.797952486883442 4.9842891664495376e-1
 outer loop
  vertex -7.620599067337334 118.5175169450312 25.0
  vertex -9.0 119.10333251953125 25.0
  vertex -9.0 118.16999816894531 23.50579201713069
 endloop
endfacet
facet normal -2.9210195186221294e-1 -0.9430353582428744 1.5925062895329165e-1
 outer loop
  vertex -7.620599067337334 118.5175169450312 25.0
  vertex -6.94053309500904 118.03992872925004 23.419259139482367
  vertex -6.191762289543369 118.07493967787147 25.0
 endloop
endfacet
facet normal -2.9279993399264875e-2 0.9993633260376319 2.0386872186315744e-2
 outer loop
  vertex 16.98518053847957 28.66930953345585 23.602220913276017
  vertex 15.524441745589561 28.627498215324383 23.553869981804898
  vertex 16.174164284172 28.617033356416506 25.0
 endloop
endfacet
facet normal -0.4573375984031766 0.8892931581243695 0.0
 outer loop
  vertex 13.40853515432987 28.57111604193628 21.5498782644224
  vertex 12.297999763488768 28.0 21.875
  vertex 12.297999763488768 28.0 22.8125
 endloop
endfacet
facet normal -0.3055287444215564 0.9392936830350872 1.5613956366843132e-1
 outer loop
  vertex 13.841577102288028 28.37833341464782 23.55696896769839
  vertex 13.40853515432987 28.57111604193628 21.5498782644224
  vertex 12.297999763488768 28.0 22.8125
 endloop
endfacet
facet normal -1.4469824290848188e-1 0.9790748579788735 1.4309032452561843e-1
 outer loop
  vertex 13.841577102288028 28.37833341464782 23.55696896769839
  vertex 15.524441745589561 28.627498215324383 23.553869981804898
  vertex 14.920884485897782 28.771800459124965 21.95616325645454
 endloop
endfacet
facet normal -1.6452536461028652e-1 0.9778455017947667 1.2942016465602776e-1
 outer loop
  vertex 13.40853515432987 28.57111604193628 21.5498782644224
  vertex 13.841577102288028 28.37833341464782 23.55696896769839
  vertex 14.920884485897782 28.771800459124965 21.95616325645454
 endloop
endfacet
facet normal -2.3805540301115322e-1 0.9712515766253342 0.0
 outer loop
  vertex 12.297999763488768 28.0 25.0
  vertex 13.841577102288028 28.37833341464782 23.55696896769839
  vertex 12.297999763488768 28.0 22.8125
 endloop
endfacet
facet normal -1.2317003282478964e-1 0.9914945787184046 -4.204335126930067e-2
 outer loop
  vertex 14.588950827387357 28.42153378846938 1.1020373775488215
  vertex 15.1585007761645 28.546570203268725 2.3821789434519993
  vertex 16.101472786232787 28.614878250493238 1.230538232965188
 endloop
endfacet
facet normal -1.6255499419872263e-1 0.9864069853135888 -2.4023596433722625e-2
 outer loop
  vertex 13.679681613583496 28.297612926926522 2.166401258017561
  vertex 15.1585007761645 28.546570203268725 2.3821789434519993
  vertex 14.588950827387357 28.42153378846938 1.1020373775488215
 endloop
endfacet
facet normal -0.3563776278060163 0.7776587661677196 0.5179206790637506
 outer loop
  vertex -23.064433266995763 27.482529800984167 24.53767230944918
  vertex -23.299999237060547 27.066666793823238 25.0
  vertex -22.1259797897168 27.60468460297664 25.0
 endloop
endfacet
facet normal -2.6030765753842394e-1 0.9226247665113515 2.8461107435715305e-1
 outer loop
  vertex -22.1259797897168 27.60468460297664 25.0
  vertex -22.95051912866963 27.779304779060077 23.6798025905811
  vertex -23.064433266995763 27.482529800984167 24.53767230944918
 endloop
endfacet
facet normal -0.1542243339351293 0.9623982684829311 0.2236166980422569
 outer loop
  vertex -22.1259797897168 27.60468460297664 25.0
  vertex -21.041058002212548 28.04913462270382 23.835433169155017
  vertex -22.95051912866963 27.779304779060077 23.6798025905811
 endloop
endfacet
facet normal -0.2951999434340924 0.95136754399161 0.0880726384064892
 outer loop
  vertex -21.041058002212548 28.04913462270382 23.835433169155017
  vertex -22.1259797897168 27.60468460297664 25.0
  vertex -20.855774531006936 27.998816737175392 25.0
 endloop
endfacet
facet normal -0.183240727904941 0.9804632352657416 7.151699049248594e-2
 outer loop
  vertex -19.528148442186033 28.246939422607035 25.0
  vertex -21.041058002212548 28.04913462270382 23.835433169155017
  vertex -20.855774531006936 27.998816737175392 25.0
 endloop
endfacet
facet normal 0.3555893148436203 0.6328097719381693 0.6878284900384737
 outer loop
  vertex -24.19999923706055 27.06666679382324 25.0
  vertex -23.881802744590356 27.473544014340135 24.461169231526714
  vertex -25.233928084373474 27.6476534768939 25.0
 endloop
endfacet
facet normal 1.9556050607398315e-1 0.964183517172638 0.1791821243224018
 outer loop
  vertex -25.233928084373474 27.6476534768939 25.0
  vertex -23.881802744590356 27.473544014340135 24.461169231526714
  vertex -24.544465097060428 27.781925795054537 23.52499300529711
 endloop
endfacet
facet normal 1.0381806561132978e-1 0.9849495062173123 1.3818928849586876e-1
 outer loop
  vertex -25.91155323360587 27.905588416904198 23.67064110687616
  vertex -25.233928084373474 27.6476534768939 25.0
  vertex -24.544465097060428 27.781925795054537 23.52499300529711
 endloop
endfacet
facet normal 9.393632870194224e-2 0.9948905605522025 3.699646840071758e-2
 outer loop
  vertex -25.91155323360587 27.905588416904198 23.67064110687616
  vertex -24.544465097060428 27.781925795054537 23.52499300529711
  vertex -25.442238932932906 27.91660369324571 22.182805666196305
 endloop
endfacet
facet normal 4.0543199402195557e-1 0.9136526745435685 -2.9388578100430243e-2
 outer loop
  vertex -25.91155323360587 27.905588416904198 23.67064110687616
  vertex -26.27976351454854 28.11174136903137 25.0
  vertex -25.233928084373474 27.6476534768939 25.0
 endloop
endfacet
facet normal 3.150222018267938e-15 0.7980378023028292 0.602607389678944
 outer loop
  vertex -23.299999237060547 27.066666793823238 25.0
  vertex -23.881802744590356 27.473544014340135 24.461169231526714
  vertex -24.19999923706055 27.06666679382324 25.0
 endloop
endfacet
facet normal -6.894892775175905e-2 0.7589233820895651 0.64751937845876
 outer loop
  vertex -23.881802744590356 27.473544014340135 24.461169231526714
  vertex -23.299999237060547 27.066666793823238 25.0
  vertex -23.064433266995763 27.482529800984167 24.53767230944918
 endloop
endfacet
facet normal -3.072120851751513e-2 0.9426835062348303 0.332270995454057
 outer loop
  vertex -22.95051912866963 27.779304779060077 23.6798025905811
  vertex -24.544465097060428 27.781925795054537 23.52499300529711
  vertex -23.881802744590356 27.473544014340135 24.461169231526714
 endloop
endfacet
facet normal -2.612817551833329e-2 0.992777050835244 1.1709417482931575e-1
 outer loop
  vertex -23.84731629024462 27.962941376146613 22.145822020913453
  vertex -25.442238932932906 27.91660369324571 22.182805666196305
  vertex -24.544465097060428 27.781925795054537 23.52499300529711
 endloop
endfacet
facet normal -1.0499996026553632e-2 0.9921129174594001 1.2490680163081544e-1
 outer loop
  vertex -23.84731629024462 27.962941376146613 22.145822020913453
  vertex -24.544465097060428 27.781925795054537 23.52499300529711
  vertex -22.95051912866963 27.779304779060077 23.6798025905811
 endloop
endfacet
facet normal -4.052358249826022e-2 0.9459213771737314 3.2185491679832745e-1
 outer loop
  vertex -23.881802744590356 27.473544014340135 24.461169231526714
  vertex -23.064433266995763 27.482529800984167 24.53767230944918
  vertex -22.95051912866963 27.779304779060077 23.6798025905811
 endloop
endfacet
facet normal -3.909546662067694e-2 0.9744000267173979 -0.2213958726418485
 outer loop
  vertex -28.182020019012544 28.04391296527744 24.012984489696805
  vertex -28.292610758543013 28.263738045096396 25.0
  vertex -27.313073712587354 28.303039622306823 25.0
 endloop
endfacet
facet normal -2.446521290812917e-2 0.97201308077942 -2.3364936154644383e-1
 outer loop
  vertex -27.10399357376976 28.025111478355843 23.82188857814013
  vertex -28.182020019012544 28.04391296527744 24.012984489696805
  vertex -27.313073712587354 28.303039622306823 25.0
 endloop
endfacet
facet normal 9.024875939365004e-2 0.993213631828847 -7.336104536645316e-2
 outer loop
  vertex -26.879003771250925 27.902421172791932 22.437603050057756
  vertex -27.10399357376976 28.025111478355843 23.82188857814013
  vertex -25.91155323360587 27.905588416904198 23.67064110687616
 endloop
endfacet
facet normal -9.06483663348123e-3 0.9999485899085739 4.543817410815458e-3
 outer loop
  vertex -26.879003771250925 27.902421172791932 22.437603050057756
  vertex -25.91155323360587 27.905588416904198 23.67064110687616
  vertex -25.442238932932906 27.91660369324571 22.182805666196305
 endloop
endfacet
facet normal 1.7851475281936557e-1 0.9642592727860467 -0.1957971855568032
 outer loop
  vertex -27.313073712587354 28.303039622306823 25.0
  vertex -26.27976351454854 28.11174136903137 25.0
  vertex -27.10399357376976 28.025111478355843 23.82188857814013
 endloop
endfacet
facet normal 8.249800827591772e-2 0.9880272367654078 -1.3036969755360914e-1
 outer loop
  vertex -27.10399357376976 28.025111478355843 23.82188857814013
  vertex -26.27976351454854 28.11174136903137 25.0
  vertex -25.91155323360587 27.905588416904198 23.67064110687616
 endloop
endfacet
facet normal -1.3305433074348663e-1 0.9622665451403831 -2.3735972946983638e-1
 outer loop
  vertex -29.240917065038303 27.952479071265305 24.269725168506927
  vertex -29.24630499780178 28.131869022548198 25.0
  vertex -28.292610758543013 28.263738045096396 25.0
 endloop
endfacet
facet normal -1.3895813458273043e-1 0.9631973919372069 -0.2300900280295739
 outer loop
  vertex -28.292610758543013 28.263738045096396 25.0
  vertex -28.182020019012544 28.04391296527744 24.012984489696805
  vertex -29.240917065038303 27.952479071265305 24.269725168506927
 endloop
endfacet
facet normal -0.3551229938616326 0.9306546937708013 -8.814476838205704e-2
 outer loop
  vertex -32.29999923706055 26.924427318572995 23.498199748992917
  vertex -31.305065691451336 27.189718089469807 22.2907579437163
  vertex -32.29999923706055 26.782187843322752 21.996399497985838
 endloop
endfacet
facet normal -0.4581285814971013 0.8237997773964663 -0.3338744218669448
 outer loop
  vertex -28.39999923706055 27.06666679382324 0.0
  vertex -28.492746610453185 27.366472420706657 0.8670027182078526
  vertex -27.38750290366029 27.629732628166675 0.0
 endloop
endfacet
facet normal -0.2282445907850025 0.9735926606439813 4.662393973109501e-3
 outer loop
  vertex -27.38750290366029 27.629732628166675 0.0
  vertex -28.492746610453185 27.366472420706657 0.8670027182078526
  vertex -27.27858516739161 27.646592208982458 1.8114127739532166
 endloop
endfacet
facet normal -9.658871560127515e-2 0.9953183789024292 -3.456101493911251e-3
 outer loop
  vertex -25.846723469350017 27.782155244411776 0.835370352791588
  vertex -27.38750290366029 27.629732628166675 0.0
  vertex -27.27858516739161 27.646592208982458 1.8114127739532166
 endloop
endfacet
facet normal -0.0927753223586148 0.9956846627452396 2.189048915369618e-3
 outer loop
  vertex -25.71493165918781 27.79085499851456 2.463847412941632
  vertex -25.846723469350017 27.782155244411776 0.835370352791588
  vertex -27.27858516739161 27.646592208982458 1.8114127739532166
 endloop
endfacet
facet normal -3.6026788686193406e-1 0.7720273758311462 0.5236227465106063
 outer loop
  vertex -25.846723469350017 27.782155244411776 0.835370352791588
  vertex -26.365223005060102 28.106781280040742 0.0
  vertex -27.38750290366029 27.629732628166675 0.0
 endloop
endfacet
facet normal -3.730707463542098e-15 0.945090716773303 -3.2680810435012847e-1
 outer loop
  vertex -28.39999923706055 27.06666679382324 0.0
  vertex -29.299999237060547 27.066666793823238 0.0
  vertex -28.492746610453185 27.366472420706657 0.8670027182078526
 endloop
endfacet
facet normal -1.2528716695949127e-1 0.9678665325323691 -0.2180309633951867
 outer loop
  vertex -29.862545604226572 27.268856183430945 1.2207999263737073
  vertex -28.492746610453185 27.366472420706657 0.8670027182078526
  vertex -29.299999237060547 27.066666793823238 0.0
 endloop
endfacet
facet normal 4.3499319625579846e-1 0.852228184442294 -0.2906682659895224
 outer loop
  vertex -23.299999237060547 27.066666793823238 0.0
  vertex -24.306897048610377 27.580606259033082 0.0
  vertex -23.63659988024319 27.551151652986675 0.9167587021159964
 endloop
endfacet
facet normal 0.1462690854878772 0.9863782691155815 -7.525466661337082e-2
 outer loop
  vertex -23.63659988024319 27.551151652986675 0.9167587021159964
  vertex -24.306897048610377 27.580606259033082 0.0
  vertex -24.537433352354384 27.733697682324305 1.5585175522019619
 endloop
endfacet
facet normal 0.0468608950630643 0.9761694884990177 -0.2118895614169197
 outer loop
  vertex -23.448395899315003 27.77703871559518 1.9990369598664666
  vertex -23.63659988024319 27.551151652986675 0.9167587021159964
  vertex -24.537433352354384 27.733697682324305 1.5585175522019619
 endloop
endfacet
facet normal 8.376732806376427e-2 0.9928419261824452 -8.513485986004697e-2
 outer loop
  vertex -24.306897048610377 27.580606259033082 0.0
  vertex -25.846723469350017 27.782155244411776 0.835370352791588
  vertex -24.537433352354384 27.733697682324305 1.5585175522019619
 endloop
endfacet
facet normal 0.3242047092104233 0.8620242583556352 3.8962223310817584e-1
 outer loop
  vertex -25.325411468860224 27.963666443526748 0.0
  vertex -25.846723469350017 27.782155244411776 0.835370352791588
  vertex -24.306897048610377 27.580606259033082 0.0
 endloop
endfacet
facet normal 4.179286432366886e-2 0.9990882462933821 -8.719668000424445e-3
 outer loop
  vertex -24.537433352354384 27.733697682324305 1.5585175522019619
  vertex -25.846723469350017 27.782155244411776 0.835370352791588
  vertex -25.71493165918781 27.79085499851456 2.463847412941632
 endloop
endfacet
facet normal 0.1305872625529843 0.9487915117038008 2.8764845589318566e-1
 outer loop
  vertex -26.365223005060102 28.106781280040742 0.0
  vertex -25.846723469350017 27.782155244411776 0.835370352791588
  vertex -25.325411468860224 27.963666443526748 0.0
 endloop
endfacet
facet normal -4.3901026987519903e-1 0.7676666989979042 -4.6685953154430304e-1
 outer loop
  vertex -22.39999923706055 27.06666679382324 0.0
  vertex -22.575820193096945 27.585251279651413 1.0180519270417612
  vertex -21.257948298320855 27.719778478206344 0.0
 endloop
endfacet
facet normal -3.7046176889052923e-1 0.9270346819357798 -5.800669167197666e-2
 outer loop
  vertex -21.257948298320855 27.719778478206344 0.0
  vertex -20.27803666259184 28.202468416032755 1.455875393402659
  vertex -19.990450614512035 28.226296134080833 0.0
 endloop
endfacet
facet normal -3.5174063727368046e-15 0.8910556891632032 -4.5389399512428985e-1
 outer loop
  vertex -22.39999923706055 27.06666679382324 0.0
  vertex -23.299999237060547 27.066666793823238 0.0
  vertex -22.575820193096945 27.585251279651413 1.0180519270417612
 endloop
endfacet
facet normal 1.5686915696371956e-2 0.8863889158679663 -4.6267549157303156e-1
 outer loop
  vertex -23.63659988024319 27.551151652986675 0.9167587021159964
  vertex -22.575820193096945 27.585251279651413 1.0180519270417612
  vertex -23.299999237060547 27.066666793823238 0.0
 endloop
endfacet
facet normal -5.3852194880726754e-2 0.9698889830837812 -0.2375190552339687
 outer loop
  vertex -23.448395899315003 27.77703871559518 1.9990369598664666
  vertex -22.492270839311374 27.92537599832511 2.387979493962018
  vertex -22.575820193096945 27.585251279651413 1.0180519270417612
 endloop
endfacet
facet normal -1.2164367372740854e-2 0.9792544165671577 -2.0226916670648712e-1
 outer loop
  vertex -23.448395899315003 27.77703871559518 1.9990369598664666
  vertex -22.575820193096945 27.585251279651413 1.0180519270417612
  vertex -23.63659988024319 27.551151652986675 0.9167587021159964
 endloop
endfacet
facet normal -1.1433505060920808e-1 0.9930571753204599 2.7657598354508157e-2
 outer loop
  vertex -18.668827246078063 28.534163378406966 0.0
  vertex -18.997545571795282 28.460492016251624 1.2862956479785128
  vertex -17.88849112564531 28.594783026522414 1.0492954928132492
 endloop
endfacet
facet normal -1.3222578118352338e-1 0.9895172326964874 -5.806882973758348e-2
 outer loop
  vertex -18.997545571795282 28.460492016251624 1.2862956479785128
  vertex -17.834120399103544 28.686933880951468 2.4957797263398227
  vertex -17.88849112564531 28.594783026522414 1.0492954928132492
 endloop
endfacet
facet normal -2.2687155344509038e-1 0.9739222089775831 -2.197520793185765e-3
 outer loop
  vertex -19.990450614512035 28.226296134080833 0.0
  vertex -18.997545571795282 28.460492016251624 1.2862956479785128
  vertex -18.668827246078063 28.534163378406966 0.0
 endloop
endfacet
facet normal -0.2004772848031374 0.9794147435675821 -2.3571558294036777e-2
 outer loop
  vertex -19.990450614512035 28.226296134080833 0.0
  vertex -20.27803666259184 28.202468416032755 1.455875393402659
  vertex -18.997545571795282 28.460492016251624 1.2862956479785128
 endloop
endfacet
facet normal 6.0233562530743696e-2 0.9929721608734935 -1.0187347876204025e-1
 outer loop
  vertex -16.582480611353187 28.645407697130924 1.4644020897479109
  vertex -16.523421915761297 28.790903794893808 2.9174877409600954
  vertex -15.343164916764115 28.68710538298824 2.603590051372408
 endloop
endfacet
facet normal -1.869758424016981e-2 0.9978467648759116 -6.286679704151647e-2
 outer loop
  vertex -16.582480611353187 28.645407697130924 1.4644020897479109
  vertex -17.88849112564531 28.594783026522414 1.0492954928132492
  vertex -17.834120399103544 28.686933880951468 2.4957797263398227
 endloop
endfacet
facet normal -4.745046459264098e-2 0.9940930183464395 -9.760903792583936e-2
 outer loop
  vertex -16.523421915761297 28.790903794893808 2.9174877409600954
  vertex -16.582480611353187 28.645407697130924 1.4644020897479109
  vertex -17.834120399103544 28.686933880951468 2.4957797263398227
 endloop
endfacet
facet normal -0.5848224901426364 0.8062565613483439 8.906745929973597e-2
 outer loop
  vertex -31.587686038558072 27.23610442861914 3.14330930642111
  vertex -32.29999923706055 26.90109252929687 1.4988115549087526
  vertex -32.29999923706055 26.735518264770505 2.9976231098175052
 endloop
endfacet
facet normal 3.4140324743746625e-1 0.9299961004740077 1.3620233383569974e-1
 outer loop
  vertex -13.683210295240375 28.730385879445222 19.198829364779044
  vertex -13.479771187950297 28.339022246816274 21.361140920195712
  vertex -12.360155527144421 28.0 20.86958506294688
 endloop
endfacet
facet normal 1.1682296534543394e-2 0.9681243706154351 0.2501973760217054
 outer loop
  vertex -16.647372058861336 29.017727297580013 19.49317399439312
  vertex -15.07154175889296 28.68899943179293 20.691588406583097
  vertex -15.264468691127098 29.134905864392188 18.97518729315009
 endloop
endfacet
facet normal 2.1180784753707507e-1 0.9514429312618615 0.2233691658970591
 outer loop
  vertex -13.683210295240375 28.730385879445222 19.198829364779044
  vertex -15.264468691127098 29.134905864392188 18.97518729315009
  vertex -15.07154175889296 28.68899943179293 20.691588406583097
 endloop
endfacet
facet normal 0.1460328185877193 0.97578055704746 1.6287025628847937e-1
 outer loop
  vertex -13.479771187950297 28.339022246816274 21.361140920195712
  vertex -13.683210295240375 28.730385879445222 19.198829364779044
  vertex -15.07154175889296 28.68899943179293 20.691588406583097
 endloop
endfacet
facet normal 5.5606435014018366e-2 0.9791339241095004 1.9546018275588214e-1
 outer loop
  vertex -15.07154175889296 28.68899943179293 20.691588406583097
  vertex -16.647372058861336 29.017727297580013 19.49317399439312
  vertex -16.506469572913268 28.696075847047247 21.064362344355068
 endloop
endfacet
facet normal 1.7526215077841895e-1 0.9798768340429352 9.552260785027014e-2
 outer loop
  vertex -13.479771187950297 28.339022246816274 21.361140920195712
  vertex -15.07154175889296 28.68899943179293 20.691588406583097
  vertex -14.26165266053041 28.37553678606031 22.42114629176096
 endloop
endfacet
facet normal 0.1540089904537389 0.9848518721259755 0.0796744678638099
 outer loop
  vertex -13.479771187950297 28.339022246816274 21.361140920195712
  vertex -14.26165266053041 28.37553678606031 22.42114629176096
  vertex -13.166504525448198 28.183031782927866 22.68379321753731
 endloop
endfacet
facet normal 0.8788890003306948 4.7669152779056817e-1 1.7869315331202836e-2
 outer loop
  vertex -12.637515192574133 28.638811952273077 17.470020765579708
  vertex -12.329077645316595 28.0 19.34104253147344
  vertex -12.297999763488768 28.0 17.8125
 endloop
endfacet
facet normal -2.1714320066595472e-1 0.9356241089176149 0.2783098223503152
 outer loop
  vertex -17.57233187912033 29.488000496309663 16.890794279947652
  vertex -16.210822290087826 29.559689189477094 17.712069211264865
  vertex -16.543434081876825 29.970256991834535 16.07230846036757
 endloop
endfacet
facet normal -2.3327663405426724e-1 0.93109142435218 2.8044744873530275e-1
 outer loop
  vertex -15.320499965927931 30.198339425391065 16.332308530390133
  vertex -16.543434081876825 29.970256991834535 16.07230846036757
  vertex -16.210822290087826 29.559689189477094 17.712069211264865
 endloop
endfacet
facet normal 3.071889923140241e-2 0.9541176535563884 2.9785206462615416e-1
 outer loop
  vertex -16.210822290087826 29.559689189477094 17.712069211264865
  vertex -16.647372058861336 29.017727297580013 19.49317399439312
  vertex -15.264468691127098 29.134905864392188 18.97518729315009
 endloop
endfacet
facet normal 4.7391714430923687e-1 0.8805167213596813 9.63554543217458e-3
 outer loop
  vertex -13.683210295240375 28.730385879445222 19.198829364779044
  vertex -12.360155527144421 28.0 20.86958506294688
  vertex -12.329077645316595 28.0 19.34104253147344
 endloop
endfacet
facet normal 0.5652446893523441 0.7679623395913889 3.0121800432293633e-1
 outer loop
  vertex -12.637515192574133 28.638811952273077 17.470020765579708
  vertex -13.602958475605512 29.457835889764585 17.193583602402438
  vertex -13.683210295240375 28.730385879445222 19.198829364779044
 endloop
endfacet
facet normal 0.4445370603204682 0.8675765892314082 0.2229297284330478
 outer loop
  vertex -12.637515192574133 28.638811952273077 17.470020765579708
  vertex -13.683210295240375 28.730385879445222 19.198829364779044
  vertex -12.329077645316595 28.0 19.34104253147344
 endloop
endfacet
facet normal 1.0992110632916765e-2 0.9502391285349496 3.1132743551600667e-1
 outer loop
  vertex -16.210822290087826 29.559689189477094 17.712069211264865
  vertex -15.264468691127098 29.134905864392188 18.97518729315009
  vertex -14.72020826346155 29.558475372464642 17.663144586789368
 endloop
endfacet
facet normal 1.4778596933536791e-2 0.9037306706724071 4.2784631348029295e-1
 outer loop
  vertex -16.210822290087826 29.559689189477094 17.712069211264865
  vertex -14.72020826346155 29.558475372464642 17.663144586789368
  vertex -15.320499965927931 30.198339425391065 16.332308530390133
 endloop
endfacet
facet normal 2.2522644506485445e-1 0.9129760401364215 0.3402172814250728
 outer loop
  vertex -13.683210295240375 28.730385879445222 19.198829364779044
  vertex -13.602958475605512 29.457835889764585 17.193583602402438
  vertex -14.72020826346155 29.558475372464642 17.663144586789368
 endloop
endfacet
facet normal 0.1809495470422863 0.9115124579443068 0.369326820631158
 outer loop
  vertex -13.683210295240375 28.730385879445222 19.198829364779044
  vertex -14.72020826346155 29.558475372464642 17.663144586789368
  vertex -15.264468691127098 29.134905864392188 18.97518729315009
 endloop
endfacet
facet normal -0.2954380331460234 0.9380034925069993 1.8128931743343513e-1
 outer loop
  vertex -17.72710983116997 29.75420229886699 15.261213903007803
  vertex -17.57233187912033 29.488000496309663 16.890794279947652
  vertex -16.543434081876825 29.970256991834535 16.07230846036757
 endloop
endfacet
facet normal -0.3447519759340037 0.9010702716973117 2.6309397665650397e-1
 outer loop
  vertex -16.59041679085865 30.301413251643737 14.87656674573496
  vertex -17.72710983116997 29.75420229886699 15.261213903007803
  vertex -16.543434081876825 29.970256991834535 16.07230846036757
 endloop
endfacet
facet normal 0.7223694881683379 0.58316050135097 0.3716263610503143
 outer loop
  vertex -11.797180409251421 28.0 16.839004418139893
  vertex -12.637515192574133 28.638811952273077 17.470020765579708
  vertex -12.297999763488768 28.0 17.8125
 endloop
endfacet
facet normal -4.2303673141334497e-1 0.8985766304456954 0.116618879654941
 outer loop
  vertex -16.02202781906922 30.59465314308711 14.678922069020054
  vertex -16.199878029588557 30.610065333847388 13.915013116678672
  vertex -16.59041679085865 30.301413251643737 14.87656674573496
 endloop
endfacet
facet normal -4.1936394916817926e-1 0.8705142508269801 2.5756322960626676e-1
 outer loop
  vertex -15.83942373409623 30.519897289318674 15.360898091860017
  vertex -16.59041679085865 30.301413251643737 14.87656674573496
  vertex -16.543434081876825 29.970256991834535 16.07230846036757
 endloop
endfacet
facet normal -2.5223158343199087e-1 0.870385390088108 0.4228575422533727
 outer loop
  vertex -15.83942373409623 30.519897289318674 15.360898091860017
  vertex -16.543434081876825 29.970256991834535 16.07230846036757
  vertex -15.320499965927931 30.198339425391065 16.332308530390133
 endloop
endfacet
facet normal -0.3921439434786416 0.8971484103507291 0.2033417256693263
 outer loop
  vertex -16.59041679085865 30.301413251643737 14.87656674573496
  vertex -15.83942373409623 30.519897289318674 15.360898091860017
  vertex -16.02202781906922 30.59465314308711 14.678922069020054
 endloop
endfacet
facet normal -2.4320537628063238e-1 0.92524929973084 -0.2911440851121428
 outer loop
  vertex -17.652945728966163 29.493499273926318 7.140106902900608
  vertex -16.61179100341297 30.05873545648717 8.066692635179969
  vertex -16.244761522889792 29.762461771219268 6.818545819490562
 endloop
endfacet
facet normal -0.2756631602719633 0.913897878709412 -2.9799410960505723e-1
 outer loop
  vertex -16.61179100341297 30.05873545648717 8.066692635179969
  vertex -15.58088978888429 30.315224708658338 7.89965408760546
  vertex -16.244761522889792 29.762461771219268 6.818545819490562
 endloop
endfacet
facet normal -2.7610266985486015e-1 0.9118178569914799 -0.3039004958378368
 outer loop
  vertex -15.58088978888429 30.315224708658338 7.89965408760546
  vertex -16.61179100341297 30.05873545648717 8.066692635179969
  vertex -15.961081014002636 30.526155772007172 8.877943121476848
 endloop
endfacet
facet normal 0.2524379008661585 0.9198533668006343 -3.0024138587447496e-1
 outer loop
  vertex -14.326668696304974 28.8160796921566 4.041108527619781
  vertex -14.365192629674535 29.382333925245177 5.743558575969946
  vertex -13.028559754414214 28.93933507605751 5.510155757599108
 endloop
endfacet
facet normal 1.1212614642375167e-1 0.9553130326640569 -0.2735045464162559
 outer loop
  vertex -14.326668696304974 28.8160796921566 4.041108527619781
  vertex -15.789875942918865 28.923304654918077 3.8157726550110382
  vertex -15.67029386347689 29.33400568221951 5.299317725743456
 endloop
endfacet
facet normal 7.159259175146201e-2 0.9469377739149979 -3.1334223006038764e-1
 outer loop
  vertex -14.365192629674535 29.382333925245177 5.743558575969946
  vertex -14.326668696304974 28.8160796921566 4.041108527619781
  vertex -15.67029386347689 29.33400568221951 5.299317725743456
 endloop
endfacet
facet normal -3.3416444875463296e-2 0.963902318334486 -2.6415083176338566e-1
 outer loop
  vertex -15.67029386347689 29.33400568221951 5.299317725743456
  vertex -15.789875942918865 28.923304654918077 3.8157726550110382
  vertex -17.085830322287045 28.988428722332227 4.217359229359452
 endloop
endfacet
facet normal -0.1112653837641759 0.9446951995497976 -0.3084979648609995
 outer loop
  vertex -16.244761522889792 29.762461771219268 6.818545819490562
  vertex -15.67029386347689 29.33400568221951 5.299317725743456
  vertex -16.994201738887725 29.332327481003414 5.771670045017054
 endloop
endfacet
facet normal -2.3178998727445174e-1 0.9468375046874514 -2.2309670888775956e-1
 outer loop
  vertex -17.652945728966163 29.493499273926318 7.140106902900608
  vertex -16.244761522889792 29.762461771219268 6.818545819490562
  vertex -16.994201738887725 29.332327481003414 5.771670045017054
 endloop
endfacet
facet normal -0.0765500483003519 0.9744640556393829 -0.2110921466375754
 outer loop
  vertex -15.67029386347689 29.33400568221951 5.299317725743456
  vertex -17.085830322287045 28.988428722332227 4.217359229359452
  vertex -16.994201738887725 29.332327481003414 5.771670045017054
 endloop
endfacet
facet normal 2.1397645149259006e-1 0.8747189653532361 -0.434834232619746
 outer loop
  vertex -13.78473516801742 29.90008740427223 7.070714931378203
  vertex -13.028559754414214 28.93933507605751 5.510155757599108
  vertex -14.365192629674535 29.382333925245177 5.743558575969946
 endloop
endfacet
facet normal -1.2788197602495185e-1 0.9408703063676204 -0.3137025132249565
 outer loop
  vertex -15.01570566615918 29.92216177152002 6.796495937509181
  vertex -15.67029386347689 29.33400568221951 5.299317725743456
  vertex -16.244761522889792 29.762461771219268 6.818545819490562
 endloop
endfacet
facet normal -0.1255486399453386 0.9124561504652113 -0.3894371739909831
 outer loop
  vertex -15.01570566615918 29.92216177152002 6.796495937509181
  vertex -16.244761522889792 29.762461771219268 6.818545819490562
  vertex -15.58088978888429 30.315224708658338 7.89965408760546
 endloop
endfacet
facet normal 0.1033222506088619 0.9095732306616948 -0.4024935410572034
 outer loop
  vertex -14.365192629674535 29.382333925245177 5.743558575969946
  vertex -15.67029386347689 29.33400568221951 5.299317725743456
  vertex -15.01570566615918 29.92216177152002 6.796495937509181
 endloop
endfacet
facet normal 1.0568771437355975e-1 0.9098780034377671 -0.4011883920187565
 outer loop
  vertex -13.78473516801742 29.90008740427223 7.070714931378203
  vertex -14.365192629674535 29.382333925245177 5.743558575969946
  vertex -15.01570566615918 29.92216177152002 6.796495937509181
 endloop
endfacet
facet normal 3.6129447439980874e-3 0.9888752143226661 -1.4870358814964044e-1
 outer loop
  vertex -16.523421915761297 28.790903794893808 2.9174877409600954
  vertex -17.085830322287045 28.988428722332227 4.217359229359452
  vertex -15.789875942918865 28.923304654918077 3.8157726550110382
 endloop
endfacet
facet normal 3.938307798533379e-2 0.9834032784611465 -0.1771072135184499
 outer loop
  vertex -15.343164916764115 28.68710538298824 2.603590051372408
  vertex -16.523421915761297 28.790903794893808 2.9174877409600954
  vertex -15.789875942918865 28.923304654918077 3.8157726550110382
 endloop
endfacet
facet normal 0.4933364309649063 0.850213303051426 -0.1837294347598997
 outer loop
  vertex -13.028559754414214 28.93933507605751 5.510155757599108
  vertex -11.586842348831492 28.0 5.034546291587589
  vertex -12.297999763488768 28.0 3.125
 endloop
endfacet
facet normal 0.2411550523741317 0.9259006103935309 -2.9077878256041434e-1
 outer loop
  vertex -14.326668696304974 28.8160796921566 4.041108527619781
  vertex -13.028559754414214 28.93933507605751 5.510155757599108
  vertex -12.297999763488768 28.0 3.125
 endloop
endfacet
facet normal 3.1396875510952227e-1 0.9388889064094981 -1.4110720122004294e-1
 outer loop
  vertex -12.297999763488768 28.0 3.125
  vertex -13.833131281730696 28.37798170010395 2.2242627905629773
  vertex -14.326668696304974 28.8160796921566 4.041108527619781
 endloop
endfacet
facet normal 0.1500014115423045 0.9696520314826439 -1.9306608810689116e-1
 outer loop
  vertex -14.326668696304974 28.8160796921566 4.041108527619781
  vertex -13.833131281730696 28.37798170010395 2.2242627905629773
  vertex -15.343164916764115 28.68710538298824 2.603590051372408
 endloop
endfacet
facet normal 9.608485190869859e-2 0.9830499204459828 -0.1561427396481508
 outer loop
  vertex -15.343164916764115 28.68710538298824 2.603590051372408
  vertex -15.789875942918865 28.923304654918077 3.8157726550110382
  vertex -14.326668696304974 28.8160796921566 4.041108527619781
 endloop
endfacet
facet normal -3.315143456566681e-2 0.969881174011465 -0.2413120193533274
 outer loop
  vertex -30.656375737707393 27.578884252951102 4.393066474587573
  vertex -31.587686038558072 27.23610442861914 3.14330930642111
  vertex -32.29999923706055 27.64420031607151 4.881385693771975
 endloop
endfacet
facet normal -3.479583396322426e-3 0.9895610220613021 -1.4407246828030393e-1
 outer loop
  vertex -30.656375737707393 27.578884252951102 4.393066474587573
  vertex -32.29999923706055 27.64420031607151 4.881385693771975
  vertex -31.10036981458381 27.767032967447236 5.696088147465672
 endloop
endfacet
facet normal 3.3187126799441554e-3 0.9898892772906037 -1.4180340211445558e-1
 outer loop
  vertex -30.656375737707393 27.578884252951102 4.393066474587573
  vertex -31.10036981458381 27.767032967447236 5.696088147465672
  vertex -29.703913907253618 27.741281147679313 5.549004128173156
 endloop
endfacet
facet normal 1.6560156582869837e-1 0.9096282786569642 -3.8098886606126897e-1
 outer loop
  vertex -31.10036981458381 27.767032967447236 5.696088147465672
  vertex -32.29999923706055 27.64420031607151 4.881385693771975
  vertex -32.29999923706055 28.02234546542168 5.78422446919844
 endloop
endfacet
facet normal -1.6722349491293084e-1 0.9772865723494039 1.3018163562752794e-1
 outer loop
  vertex -31.329562301893883 27.41113138489533 9.328022221335996
  vertex -29.625780083028925 27.648624929138027 9.733710513286468
  vertex -30.69192390893981 27.690197920692125 8.052113704246333
 endloop
endfacet
facet normal -5.9565243201482494e-2 0.9809712678054276 1.8479002554943283e-1
 outer loop
  vertex -32.29999923706055 27.674394926428793 7.617657816005133
  vertex -31.329562301893883 27.41113138489533 9.328022221335996
  vertex -30.69192390893981 27.690197920692125 8.052113704246333
 endloop
endfacet
facet normal -0.047317648073139 0.9891387496189825 1.3916024641765476e-1
 outer loop
  vertex -30.69192390893981 27.690197920692125 8.052113704246333
  vertex -31.476321180321644 27.83534944151079 6.753676596695189
  vertex -32.29999923706055 27.674394926428793 7.617657816005133
 endloop
endfacet
facet normal -4.5988802343739016e-1 0.8005769458416253 0.3841608513184884
 outer loop
  vertex -32.29999923706055 27.019007301330564 8.983461284637452
  vertex -31.329562301893883 27.41113138489533 9.328022221335996
  vertex -32.29999923706055 27.674394926428793 7.617657816005133
 endloop
endfacet
facet normal 0.1890190806402849 0.9170806285923334 0.3510482984072021
 outer loop
  vertex -32.29999923706055 27.674394926428793 7.617657816005133
  vertex -31.476321180321644 27.83534944151079 6.753676596695189
  vertex -32.29999923706055 28.079669714160264 6.558915589446096
 endloop
endfacet
facet normal 4.440433135144828e-2 0.9954374531216972 8.445432066993094e-2
 outer loop
  vertex -30.16414922672713 27.771807237149385 6.812716463669595
  vertex -31.476321180321644 27.83534944151079 6.753676596695189
  vertex -30.69192390893981 27.690197920692125 8.052113704246333
 endloop
endfacet
facet normal 1.6525711226287067e-2 0.9996990555213829 -1.8130065033538506e-2
 outer loop
  vertex -30.16414922672713 27.771807237149385 6.812716463669595
  vertex -29.703913907253618 27.741281147679313 5.549004128173156
  vertex -31.10036981458381 27.767032967447236 5.696088147465672
 endloop
endfacet
facet normal 5.040456236895887e-2 0.9976445581483558 -0.0465265052348179
 outer loop
  vertex -31.476321180321644 27.83534944151079 6.753676596695189
  vertex -30.16414922672713 27.771807237149385 6.812716463669595
  vertex -31.10036981458381 27.767032967447236 5.696088147465672
 endloop
endfacet
facet normal 2.9893673311532776e-1 0.9516710768420924 -7.042010434916689e-2
 outer loop
  vertex -32.29999923706055 28.02234546542168 5.78422446919844
  vertex -32.29999923706055 28.079669714160264 6.558915589446096
  vertex -31.476321180321644 27.83534944151079 6.753676596695189
 endloop
endfacet
facet normal 2.0893152613572855e-1 0.9778672274874518 1.110417906013119e-2
 outer loop
  vertex -32.29999923706055 28.02234546542168 5.78422446919844
  vertex -31.476321180321644 27.83534944151079 6.753676596695189
  vertex -31.10036981458381 27.767032967447236 5.696088147465672
 endloop
endfacet
facet normal -1.5221246213298661e-1 0.9864140192248012 0.0617960277703013
 outer loop
  vertex -29.625780083028925 27.648624929138027 9.733710513286468
  vertex -31.329562301893883 27.41113138489533 9.328022221335996
  vertex -30.75767762009271 27.383032074181124 11.185188994558583
 endloop
endfacet
facet normal -2.5923896601887747e-1 0.9611915410387423 0.0943714995802804
 outer loop
  vertex -32.29999923706055 27.044182568159883 10.399670244636946
  vertex -30.75767762009271 27.383032074181124 11.185188994558583
  vertex -31.329562301893883 27.41113138489533 9.328022221335996
 endloop
endfacet
facet normal -0.369543611839346 0.9290666041046549 -1.6515571021773437e-2
 outer loop
  vertex -31.329562301893883 27.41113138489533 9.328022221335996
  vertex -32.29999923706055 27.019007301330564 8.983461284637452
  vertex -32.29999923706055 27.044182568159883 10.399670244636946
 endloop
endfacet
facet normal -0.3905691692535945 0.9193573988836539 4.7304303677775196e-2
 outer loop
  vertex -32.29999923706055 26.857358538545668 20.535459806257858
  vertex -32.29999923706055 26.782187843322752 21.996399497985838
  vertex -31.305065691451336 27.189718089469807 22.2907579437163
 endloop
endfacet
facet normal 1.8642351899599327e-1 0.9772493850541388 -1.0114302238146722e-1
 outer loop
  vertex 32.29999923706055 26.75126075744629 21.952529716491696
  vertex 31.548740519051183 26.94962661660684 22.484455881301628
  vertex 32.29999923706055 26.908963775634763 23.476264858245848
 endloop
endfacet
facet normal 2.1324240195391045e-1 0.9538746856857119 0.2113072692003548
 outer loop
  vertex 20.88384419488234 28.11875556117803 23.433206410446754
  vertex 21.293757106363774 27.680033688247203 25.0
  vertex 22.60595086937845 27.75138616749229 23.353692824276923
 endloop
endfacet
facet normal 2.8000575663102156e-1 0.9232153298868679 0.2631923838475774
 outer loop
  vertex 22.60595086937845 27.75138616749229 23.353692824276923
  vertex 21.293757106363774 27.680033688247203 25.0
  vertex 22.761120235708816 27.395665042761 24.436394669693023
 endloop
endfacet
facet normal 0.400516656750001 0.9041923877851511 1.4839991083955953e-1
 outer loop
  vertex 21.293757106363774 27.680033688247203 25.0
  vertex 20.88384419488234 28.11875556117803 23.433206410446754
  vertex 20.109212531524825 28.20473378448223 25.0
 endloop
endfacet
facet normal 0.3747422952323204 0.6758690742990429 0.6346410060578874
 outer loop
  vertex 22.761120235708816 27.395665042761 24.436394669693023
  vertex 21.293757106363774 27.680033688247203 25.0
  vertex 22.39999923706055 27.06666679382324 25.0
 endloop
endfacet
facet normal 0.2399706846531138 0.9701416187831081 3.520383518888781e-2
 outer loop
  vertex 20.109212531524825 28.20473378448223 25.0
  vertex 19.560348710843687 28.38022328265585 23.905277257417076
  vertex 18.80727143087424 28.526777176139873 25.0
 endloop
endfacet
facet normal 2.1094541664357094e-1 0.9761808561652774 5.072442462459409e-2
 outer loop
  vertex 19.560348710843687 28.38022328265585 23.905277257417076
  vertex 20.109212531524825 28.20473378448223 25.0
  vertex 20.88384419488234 28.11875556117803 23.433206410446754
 endloop
endfacet
facet normal -1.6291192533148614e-15 0.962968238159931 0.2696148591883586
 outer loop
  vertex 25.399999237060545 27.06666679382324 25.0
  vertex 24.208639428529008 27.397526268488907 23.81828781115238
  vertex 23.299999237060547 27.066666793823238 25.0
 endloop
endfacet
facet normal 1.2415777875490018e-1 0.9478267815736102 0.2936140972543057
 outer loop
  vertex 22.761120235708816 27.395665042761 24.436394669693023
  vertex 24.208639428529008 27.397526268488907 23.81828781115238
  vertex 22.60595086937845 27.75138616749229 23.353692824276923
 endloop
endfacet
facet normal 3.4024447985568114e-15 0.8636264885558984 0.5041322130796727
 outer loop
  vertex 22.761120235708816 27.395665042761 24.436394669693023
  vertex 22.39999923706055 27.06666679382324 25.0
  vertex 23.299999237060547 27.066666793823238 25.0
 endloop
endfacet
facet normal 1.6050634285987864e-1 0.9115253963315889 0.378628004437452
 outer loop
  vertex 22.761120235708816 27.395665042761 24.436394669693023
  vertex 23.299999237060547 27.066666793823238 25.0
  vertex 24.208639428529008 27.397526268488907 23.81828781115238
 endloop
endfacet
facet normal 9.303035937656665e-2 0.9752240490063202 -2.0070726562330887e-1
 outer loop
  vertex 24.19999923706055 27.06666679382324 0.0
  vertex 23.70269833850369 27.375157392552254 1.2684312581870552
  vertex 25.299499966242475 27.270176272430643 1.498472338683184
 endloop
endfacet
facet normal 8.518050357735953e-2 0.9863159211700844 -0.1411565990547918
 outer loop
  vertex 24.061572775098313 27.532676184394905 2.5856378128440043
  vertex 25.299499966242475 27.270176272430643 1.498472338683184
  vertex 23.70269833850369 27.375157392552254 1.2684312581870552
 endloop
endfacet
facet normal 0.4333404356680817 0.8918926633950334 1.2939684616369515e-1
 outer loop
  vertex 22.194002331170328 27.660183682572885 0.0
  vertex 20.918426093883646 28.224919333190748 3.7926101218794467e-1
  vertex 20.54749685485915 28.23909740806663 1.5237503986656653
 endloop
endfacet
facet normal 0.2901123889405247 0.9557056268874738 -4.9614075813645346e-2
 outer loop
  vertex 22.411711822055395 27.660161505834143 1.272603087455376
  vertex 22.194002331170328 27.660183682572885 0.0
  vertex 20.54749685485915 28.23909740806663 1.5237503986656653
 endloop
endfacet
facet normal 2.8470732147882066e-1 0.9546342479166442 -8.726507778589575e-2
 outer loop
  vertex 22.411711822055395 27.660161505834143 1.272603087455376
  vertex 20.54749685485915 28.23909740806663 1.5237503986656653
  vertex 21.79197871627726 27.966093925341692 2.5974287286553506
 endloop
endfacet
facet normal 4.5554043432455027e-1 0.8488828547612893 2.6810597081699633e-1
 outer loop
  vertex 20.918426093883646 28.224919333190748 3.7926101218794467e-1
  vertex 22.194002331170328 27.660183682572885 0.0
  vertex 21.08800542528011 28.253700571322533 0.0
 endloop
endfacet
facet normal 4.7131285879989443e-1 0.8782741880136037 -8.061414143260605e-2
 outer loop
  vertex 22.194002331170328 27.660183682572885 0.0
  vertex 22.411711822055395 27.660161505834143 1.272603087455376
  vertex 23.299999237060547 27.066666793823238 0.0
 endloop
endfacet
facet normal -3.835651102898654e-15 0.9716758243727428 -2.3631777827651998e-1
 outer loop
  vertex 24.19999923706055 27.06666679382324 0.0
  vertex 23.299999237060547 27.066666793823238 0.0
  vertex 23.70269833850369 27.375157392552254 1.2684312581870552
 endloop
endfacet
facet normal 2.0525642524480342e-1 0.934031484791895 -0.2923268467198527
 outer loop
  vertex 22.411711822055395 27.660161505834143 1.272603087455376
  vertex 23.70269833850369 27.375157392552254 1.2684312581870552
  vertex 23.299999237060547 27.066666793823238 0.0
 endloop
endfacet
facet normal 7.769423287732485e-2 0.9776657986065804 1.9527721938967013e-1
 outer loop
  vertex 19.010560917907032 28.621097685443182 0.9726000051384066
  vertex 19.85013656963065 28.748642740774343 0.0
  vertex 18.408610002454438 28.86319957703543 0.0
 endloop
endfacet
facet normal 7.900535693006343e-2 0.9777197946205648 1.9447919370326952e-1
 outer loop
  vertex 17.652041177320104 28.690020758665018 1.1779838472139752
  vertex 19.010560917907032 28.621097685443182 0.9726000051384066
  vertex 18.408610002454438 28.86319957703543 0.0
 endloop
endfacet
facet normal 6.091650076298367e-2 0.995770844939309 6.877211865027773e-2
 outer loop
  vertex 18.60883212863646 28.562360635113635 2.178910875912698
  vertex 19.010560917907032 28.621097685443182 0.9726000051384066
  vertex 17.652041177320104 28.690020758665018 1.1779838472139752
 endloop
endfacet
facet normal 0.2008460951402289 0.9729365335616971 1.1426000055956086e-1
 outer loop
  vertex 19.010560917907032 28.621097685443182 0.9726000051384066
  vertex 18.60883212863646 28.562360635113635 2.178910875912698
  vertex 20.54749685485915 28.23909740806663 1.5237503986656653
 endloop
endfacet
facet normal 0.4026019274797062 0.9075755951552642 1.1924020743102258e-1
 outer loop
  vertex 20.918426093883646 28.224919333190748 3.7926101218794467e-1
  vertex 19.85013656963065 28.748642740774343 0.0
  vertex 20.54749685485915 28.23909740806663 1.5237503986656653
 endloop
endfacet
facet normal 0.14716743932203 0.9563519409932404 2.5245338136348716e-1
 outer loop
  vertex 20.54749685485915 28.23909740806663 1.5237503986656653
  vertex 19.85013656963065 28.748642740774343 0.0
  vertex 19.010560917907032 28.621097685443182 0.9726000051384066
 endloop
endfacet
facet normal 0.3612942588045065 0.9036104383556641 2.3011873945766978e-1
 outer loop
  vertex 19.85013656963065 28.748642740774343 0.0
  vertex 20.918426093883646 28.224919333190748 3.7926101218794467e-1
  vertex 21.08800542528011 28.253700571322533 0.0
 endloop
endfacet
facet normal -7.063780604520148e-2 0.9975011479815957 1.3266998601750013e-3
 outer loop
  vertex 16.873934071277013 28.66759752439081 2.7210292295763314
  vertex 16.101472786232787 28.614878250493238 1.230538232965188
  vertex 15.1585007761645 28.546570203268725 2.3821789434519993
 endloop
endfacet
facet normal 7.705450564325303e-2 0.9955999009327594 5.332391979921879e-2
 outer loop
  vertex 16.873934071277013 28.66759752439081 2.7210292295763314
  vertex 18.60883212863646 28.562360635113635 2.178910875912698
  vertex 17.652041177320104 28.690020758665018 1.1779838472139752
 endloop
endfacet
facet normal -4.8742359047360226e-2 0.9987606673504418 -1.0065375710735387e-2
 outer loop
  vertex 16.101472786232787 28.614878250493238 1.230538232965188
  vertex 16.873934071277013 28.66759752439081 2.7210292295763314
  vertex 17.652041177320104 28.690020758665018 1.1779838472139752
 endloop
endfacet
facet normal -4.939146868929126e-2 0.9922350611418997 1.1414931564159853e-1
 outer loop
  vertex 16.931531212494587 28.789673561212165 0.0
  vertex 17.652041177320104 28.690020758665018 1.1779838472139752
  vertex 18.408610002454438 28.86319957703543 0.0
 endloop
endfacet
facet normal -4.4347175403491035e-2 0.9928177907007728 1.1111328679221218e-1
 outer loop
  vertex 16.101472786232787 28.614878250493238 1.230538232965188
  vertex 17.652041177320104 28.690020758665018 1.1779838472139752
  vertex 16.931531212494587 28.789673561212165 0.0
 endloop
endfacet
facet normal -0.3065343792388375 0.9398728484493726 -0.150584538025401
 outer loop
  vertex 13.83732677533769 28.794557691739822 5.888228953153251
  vertex 13.640752518788593 28.3845473489064 3.7293033066695362
  vertex 12.297999763488768 28.0 4.0625
 endloop
endfacet
facet normal -1.8484840500957608e-1 0.9649962471443226 -1.8604652687644854e-1
 outer loop
  vertex 13.83732677533769 28.794557691739822 5.888228953153251
  vertex 15.922673982917122 29.224757155290416 6.047693164260478
  vertex 15.291173832181249 28.720005815234895 4.057054803600521
 endloop
endfacet
facet normal -0.1638347587546371 0.9717924578374335 -1.6963959064466588e-1
 outer loop
  vertex 13.640752518788593 28.3845473489064 3.7293033066695362
  vertex 13.83732677533769 28.794557691739822 5.888228953153251
  vertex 15.291173832181249 28.720005815234895 4.057054803600521
 endloop
endfacet
facet normal -8.892944349940047e-3 0.9699546930028544 -2.4312303276844724e-1
 outer loop
  vertex 17.17839168627577 28.873422514238626 4.600089835401646
  vertex 15.291173832181249 28.720005815234895 4.057054803600521
  vertex 15.922673982917122 29.224757155290416 6.047693164260478
 endloop
endfacet
facet normal -5.1873654022592794e-2 0.9935910135305966 -1.0042918823522524e-1
 outer loop
  vertex 15.291173832181249 28.720005815234895 4.057054803600521
  vertex 17.17839168627577 28.873422514238626 4.600089835401646
  vertex 16.873934071277013 28.66759752439081 2.7210292295763314
 endloop
endfacet
facet normal -5.057885024835763e-2 0.9938107475868023 -9.890388206999486e-2
 outer loop
  vertex 15.1585007761645 28.546570203268725 2.3821789434519993
  vertex 15.291173832181249 28.720005815234895 4.057054803600521
  vertex 16.873934071277013 28.66759752439081 2.7210292295763314
 endloop
endfacet
facet normal -0.8772987362740461 4.7994471278675616e-1 0.0
 outer loop
  vertex 12.67774161805033 28.6941363041231 7.6622706719741585
  vertex 12.297999763488768 28.0 6.25
  vertex 12.297999763488768 28.0 7.1875
 endloop
endfacet
facet normal 0.1732907539380697 0.9356769358638726 -0.3073743422798494
 outer loop
  vertex 17.203428304359548 29.431018113673563 7.190783548687772
  vertex 15.934399176280811 29.7552547564191 7.462340808105351
  vertex 16.32411627667805 30.00408206879038 8.439508730194765
 endloop
endfacet
facet normal 0.3067673403414581 0.8859091746708131 -0.347934955320541
 outer loop
  vertex 16.32411627667805 30.00408206879038 8.439508730194765
  vertex 15.934399176280811 29.7552547564191 7.462340808105351
  vertex 15.361164716967375 30.29857724889301 8.340334713979404
 endloop
endfacet
facet normal 1.6157476640739357e-1 0.9235842054715938 -0.3476863676703488
 outer loop
  vertex 15.934399176280811 29.7552547564191 7.462340808105351
  vertex 17.203428304359548 29.431018113673563 7.190783548687772
  vertex 15.922673982917122 29.224757155290416 6.047693164260478
 endloop
endfacet
facet normal -0.4586731556092129 0.8886050508091244 0.0
 outer loop
  vertex 12.297999763488768 28.0 6.25
  vertex 13.83732677533769 28.794557691739822 5.888228953153251
  vertex 12.297999763488768 28.0 4.0625
 endloop
endfacet
facet normal -0.581667183145659 0.7397279220630804 -3.3832807949035426e-1
 outer loop
  vertex 12.67774161805033 28.6941363041231 7.6622706719741585
  vertex 13.707978636848829 29.62600911742614 7.928513057916587
  vertex 13.83732677533769 28.794557691739822 5.888228953153251
 endloop
endfacet
facet normal -4.9119890451643544e-1 0.8267407057479815 -0.2742689221570373
 outer loop
  vertex 12.67774161805033 28.6941363041231 7.6622706719741585
  vertex 13.83732677533769 28.794557691739822 5.888228953153251
  vertex 12.297999763488768 28.0 6.25
 endloop
endfacet
facet normal -0.2337125235196035 0.8951424953184528 -0.3796029101905732
 outer loop
  vertex 13.83732677533769 28.794557691739822 5.888228953153251
  vertex 13.707978636848829 29.62600911742614 7.928513057916587
  vertex 14.865064360078451 29.694859461530626 7.3784789304794325
 endloop
endfacet
facet normal -1.5019377478056098e-1 0.8886555143657516 -0.4332819022351468
 outer loop
  vertex 15.922673982917122 29.224757155290416 6.047693164260478
  vertex 13.83732677533769 28.794557691739822 5.888228953153251
  vertex 14.865064360078451 29.694859461530626 7.3784789304794325
 endloop
endfacet
facet normal -6.415491384433105e-3 0.8484535932301168 -0.5292308963063286
 outer loop
  vertex 14.865064360078451 29.694859461530626 7.3784789304794325
  vertex 15.361164716967375 30.29857724889301 8.340334713979404
  vertex 15.934399176280811 29.7552547564191 7.462340808105351
 endloop
endfacet
facet normal -2.5356532404215003e-2 0.9360961688994931 -0.3508290307772801
 outer loop
  vertex 14.865064360078451 29.694859461530626 7.3784789304794325
  vertex 15.934399176280811 29.7552547564191 7.462340808105351
  vertex 15.922673982917122 29.224757155290416 6.047693164260478
 endloop
endfacet
facet normal 4.2321096463471297e-1 0.8993133747984632 -1.1012689644929877e-1
 outer loop
  vertex 16.569174944996046 30.16625530655214 9.654239328579463
  vertex 15.717331886151275 30.688906851755085 10.648712121694373
  vertex 16.782091159697398 30.223433368843704 10.93938834609628
 endloop
endfacet
facet normal 3.0021792102480055e-1 0.9356632220286338 -0.1854818989511977
 outer loop
  vertex 16.569174944996046 30.16625530655214 9.654239328579463
  vertex 17.231737467019894 29.76028175001211 8.67871889190693
  vertex 16.32411627667805 30.00408206879038 8.439508730194765
 endloop
endfacet
facet normal 3.0511698585573793e-1 0.9285797549067422 -2.1128952581622223e-1
 outer loop
  vertex 16.32411627667805 30.00408206879038 8.439508730194765
  vertex 17.231737467019894 29.76028175001211 8.67871889190693
  vertex 17.203428304359548 29.431018113673563 7.190783548687772
 endloop
endfacet
facet normal -0.6929557219518937 0.6249698836702973 -0.3594788059389106
 outer loop
  vertex 12.67774161805033 28.6941363041231 7.6622706719741585
  vertex 12.297999763488768 28.0 7.1875
  vertex 11.794710890860568 28.0 8.157673758009246
 endloop
endfacet
facet normal 4.2199539818348525e-1 0.8997293366485744 -0.1113867347841664
 outer loop
  vertex 15.651541856766237 30.55704100230427 9.334312672033546
  vertex 15.717331886151275 30.688906851755085 10.648712121694373
  vertex 16.569174944996046 30.16625530655214 9.654239328579463
 endloop
endfacet
facet normal 0.4433091149195012 0.8723995684816653 -0.2059029420438007
 outer loop
  vertex 15.651541856766237 30.55704100230427 9.334312672033546
  vertex 16.569174944996046 30.16625530655214 9.654239328579463
  vertex 16.32411627667805 30.00408206879038 8.439508730194765
 endloop
endfacet
facet normal 0.3070459617607255 0.8953775880333376 -0.3225240335448413
 outer loop
  vertex 15.651541856766237 30.55704100230427 9.334312672033546
  vertex 16.32411627667805 30.00408206879038 8.439508730194765
  vertex 15.361164716967375 30.29857724889301 8.340334713979404
 endloop
endfacet
facet normal 0.2945149729607128 0.9364485118426421 1.9059148818782967e-1
 outer loop
  vertex 15.83671277973414 30.198326757942976 15.406429878030231
  vertex 16.766418431419634 30.04744924647724 14.711103895505966
  vertex 15.890517902277432 30.428706222043317 14.191344552191197
 endloop
endfacet
facet normal 1.9664217303443457e-1 0.9706731522258399 1.3829492880162603e-1
 outer loop
  vertex 16.73459904769928 29.547915191832946 17.6612913044127
  vertex 17.985186754863893 29.26273580744826 17.884710109073488
  vertex 17.853116781539715 29.46667609467703 16.641072063821415
 endloop
endfacet
facet normal 1.6749377623140632e-1 0.9531131245135525 2.5203413817131376e-1
 outer loop
  vertex 16.73459904769928 29.547915191832946 17.6612913044127
  vertex 15.704168068978037 29.97662745883156 16.724828830491546
  vertex 15.397986879107378 29.69307480919602 18.000613126594047
 endloop
endfacet
facet normal -0.5169660094409502 0.8339320630169105 1.9314103488140186e-1
 outer loop
  vertex 11.701696896723998 28.0 20.278921188271184
  vertex 12.297999763488768 28.0 21.875
  vertex 12.632056111915665 28.58948701510937 20.22389387719711
 endloop
endfacet
facet normal -0.3877061298697604 0.8901610576462956 2.3936843633077612e-1
 outer loop
  vertex 12.632056111915665 28.58948701510937 20.22389387719711
  vertex 12.297999763488768 28.0 21.875
  vertex 13.40853515432987 28.57111604193628 21.5498782644224
 endloop
endfacet
facet normal -0.3547503462829847 0.9086301306812956 0.2203258437637179
 outer loop
  vertex 13.533998153894375 29.027380617834385 19.87024008689112
  vertex 12.632056111915665 28.58948701510937 20.22389387719711
  vertex 13.40853515432987 28.57111604193628 21.5498782644224
 endloop
endfacet
facet normal -1.8746700098786634e-1 0.9560124272776063 2.2560222168984753e-1
 outer loop
  vertex 13.40853515432987 28.57111604193628 21.5498782644224
  vertex 14.920884485897782 28.771800459124965 21.95616325645454
  vertex 14.486218405875157 29.049273798560233 20.419150435419315
 endloop
endfacet
facet normal -0.1644098223093088 0.9549346275238663 0.2471219688414532
 outer loop
  vertex 13.40853515432987 28.57111604193628 21.5498782644224
  vertex 14.486218405875157 29.049273798560233 20.419150435419315
  vertex 13.533998153894375 29.027380617834385 19.87024008689112
 endloop
endfacet
facet normal -3.538368684458793e-2 0.9523498240523317 3.0294852257896376e-1
 outer loop
  vertex 15.928790786369555 29.095133989073958 20.443473330056943
  vertex 15.008249330673825 29.428742639802596 19.287223128083266
  vertex 14.486218405875157 29.049273798560233 20.419150435419315
 endloop
endfacet
facet normal -3.436313319331594e-2 0.9817674648068057 0.1869540588592719
 outer loop
  vertex 15.928790786369555 29.095133989073958 20.443473330056943
  vertex 14.486218405875157 29.049273798560233 20.419150435419315
  vertex 14.920884485897782 28.771800459124965 21.95616325645454
 endloop
endfacet
facet normal -0.1633823998243107 0.9652546029609184 -0.2039356341849287
 outer loop
  vertex -18.369026638123184 29.024353486400333 5.4154246796695755
  vertex -16.994201738887725 29.332327481003414 5.771670045017054
  vertex -17.085830322287045 28.988428722332227 4.217359229359452
 endloop
endfacet
facet normal -0.1663228605097814 0.9668123554262322 -1.9393446178290338e-1
 outer loop
  vertex -17.652945728966163 29.493499273926318 7.140106902900608
  vertex -16.994201738887725 29.332327481003414 5.771670045017054
  vertex -18.369026638123184 29.024353486400333 5.4154246796695755
 endloop
endfacet
facet normal -2.6354802164384454e-2 0.986550787782722 -1.6131635852624165e-1
 outer loop
  vertex -17.085830322287045 28.988428722332227 4.217359229359452
  vertex -16.523421915761297 28.790903794893808 2.9174877409600954
  vertex -17.834120399103544 28.686933880951468 2.4957797263398227
 endloop
endfacet
facet normal -2.7970611310932342e-2 0.9985983685872586 0.0449326513546486
 outer loop
  vertex -25.442238932932906 27.91660369324571 22.182805666196305
  vertex -23.84731629024462 27.962941376146613 22.145822020913453
  vertex -24.883242887744075 28.01164820723583 20.41847987817051
 endloop
endfacet
facet normal -1.3665033355097891e-1 0.9868731314149454 -8.607037139263533e-2
 outer loop
  vertex -29.432215499627524 27.578113346037316 21.224934644357496
  vertex -28.937271089520532 27.72555467569662 22.12967766696297
  vertex -28.16947343302856 27.75664713684585 21.26718003670523
 endloop
endfacet
facet normal -0.3212780090619388 0.899901877115403 2.9488481218497975e-1
 outer loop
  vertex 12.906814787471527 29.17246766401096 18.744158597579887
  vertex 12.632056111915665 28.58948701510937 20.22389387719711
  vertex 13.533998153894375 29.027380617834385 19.87024008689112
 endloop
endfacet
facet normal -0.7263370125810767 0.6796866512175301 1.0227707617788338e-1
 outer loop
  vertex 11.096857644669356 28.0 17.319122875364073
  vertex 11.302710334664617 28.0 18.781018673234648
  vertex 11.713828490517413 28.603112619375597 17.692629489749727
 endloop
endfacet
facet normal 0.6816382760424884 0.6800445898434704 0.2700159559330718
 outer loop
  vertex -11.95558885245977 28.629240536575118 15.654132348771153
  vertex -11.797180409251421 28.0 16.839004418139893
  vertex -11.375956933784586 28.0 15.775652281583167
 endloop
endfacet
facet normal 0.7038777046135745 0.6848149993933166 0.1886387912224238
 outer loop
  vertex -11.95558885245977 28.629240536575118 15.654132348771153
  vertex -11.375956933784586 28.0 15.775652281583167
  vertex -11.066108551348215 28.0 14.619498943268006
 endloop
endfacet
facet normal 0.7130365804357657 0.649384331586969 0.2643460324079315
 outer loop
  vertex -11.95558885245977 28.629240536575118 15.654132348771153
  vertex -12.851021098363809 29.442321874898337 16.07204543115096
  vertex -12.637515192574133 28.638811952273077 17.470020765579708
 endloop
endfacet
facet normal 0.7003525725013576 0.6649553854557848 2.5950069276223353e-1
 outer loop
  vertex -11.95558885245977 28.629240536575118 15.654132348771153
  vertex -12.637515192574133 28.638811952273077 17.470020765579708
  vertex -11.797180409251421 28.0 16.839004418139893
 endloop
endfacet
facet normal 0.5439413201913104 0.7607207086746467 0.3541635830828428
 outer loop
  vertex -13.602958475605512 29.457835889764585 17.193583602402438
  vertex -12.637515192574133 28.638811952273077 17.470020765579708
  vertex -12.851021098363809 29.442321874898337 16.07204543115096
 endloop
endfacet
facet normal 0.7132035497691122 0.6701302919559264 2.0558717956089223e-1
 outer loop
  vertex -11.066108551348215 28.0 14.619498943268006
  vertex -11.621186863001649 28.76027657879595 14.06693266122968
  vertex -11.95558885245977 28.629240536575118 15.654132348771153
 endloop
endfacet
facet normal 0.8443452257768411 0.5138112098134221 0.1519183345680256
 outer loop
  vertex -12.014848818011169 29.619118198105642 13.350127415286144
  vertex -11.621186863001649 28.76027657879595 14.06693266122968
  vertex -11.398741885373871 28.792891511337 12.720299462632147
 endloop
endfacet
facet normal 0.7897112472851198 0.5638060259105039 2.4182413249794682e-1
 outer loop
  vertex -11.621186863001649 28.76027657879595 14.06693266122968
  vertex -12.014848818011169 29.619118198105642 13.350127415286144
  vertex -12.36205203468854 29.52040922675793 14.714106248803764
 endloop
endfacet
facet normal 0.7841946307456784 0.5826929308175551 2.1332540749966236e-1
 outer loop
  vertex -11.621186863001649 28.76027657879595 14.06693266122968
  vertex -12.36205203468854 29.52040922675793 14.714106248803764
  vertex -11.95558885245977 28.629240536575118 15.654132348771153
 endloop
endfacet
facet normal 0.7140930511266781 0.6354734573489443 0.2936743082695027
 outer loop
  vertex -12.36205203468854 29.52040922675793 14.714106248803764
  vertex -12.851021098363809 29.442321874898337 16.07204543115096
  vertex -11.95558885245977 28.629240536575118 15.654132348771153
 endloop
endfacet
facet normal -0.8058770663756024 0.5842877163672672 -9.576021299149687e-2
 outer loop
  vertex 11.699401161926486 28.889114883085966 10.789435328032098
  vertex 11.096601790134702 28.0 10.437340087007271
  vertex 10.942479036332994 28.0 11.73437137813941
 endloop
endfacet
facet normal 0.8662590086755443 0.493981675476897 7.468222132141607e-2
 outer loop
  vertex -11.273515981751755 28.76490573944929 11.452881234159541
  vertex -11.78156420823582 29.57018442837058 12.019394070891982
  vertex -11.398741885373871 28.792891511337 12.720299462632147
 endloop
endfacet
facet normal 0.8193637193347179 0.5691802280177259 6.838832847545909e-2
 outer loop
  vertex -11.273515981751755 28.76490573944929 11.452881234159541
  vertex -11.398741885373871 28.792891511337 12.720299462632147
  vertex -10.79345352090845 28.0 12.067364153965752
 endloop
endfacet
facet normal 0.8392766862885678 0.5284963909399074 1.2769576584982592e-1
 outer loop
  vertex -11.398741885373871 28.792891511337 12.720299462632147
  vertex -11.78156420823582 29.57018442837058 12.019394070891982
  vertex -12.014848818011169 29.619118198105642 13.350127415286144
 endloop
endfacet
facet normal -0.7134664243189401 0.6822471710085667 -1.5970115535071663e-1
 outer loop
  vertex 11.367908832404392 28.0 9.225273305676783
  vertex 11.096601790134702 28.0 10.437340087007271
  vertex 11.977653466605034 28.662968431452345 9.33345043738017
 endloop
endfacet
facet normal -0.7570875281994778 0.6079806405201623 -2.3911924932447048e-1
 outer loop
  vertex 11.096601790134702 28.0 10.437340087007271
  vertex 11.699401161926486 28.889114883085966 10.789435328032098
  vertex 11.977653466605034 28.662968431452345 9.33345043738017
 endloop
endfacet
facet normal -0.685196706232944 0.6748851558654033 -0.2739260852128817
 outer loop
  vertex 11.367908832404392 28.0 9.225273305676783
  vertex 11.977653466605034 28.662968431452345 9.33345043738017
  vertex 11.794710890860568 28.0 8.157673758009246
 endloop
endfacet
facet normal -0.7196559112374739 0.631002496482565 -0.2897088518732765
 outer loop
  vertex 11.977653466605034 28.662968431452345 9.33345043738017
  vertex 12.871704140493009 29.54211532626182 9.027401911640132
  vertex 12.67774161805033 28.6941363041231 7.6622706719741585
 endloop
endfacet
facet normal -0.6846811008247276 0.6752843363475878 -2.7423138999216945e-1
 outer loop
  vertex 11.794710890860568 28.0 8.157673758009246
  vertex 11.977653466605034 28.662968431452345 9.33345043738017
  vertex 12.67774161805033 28.6941363041231 7.6622706719741585
 endloop
endfacet
facet normal -0.713426209902725 0.598850117737234 -0.3638702784096748
 outer loop
  vertex 11.977653466605034 28.662968431452345 9.33345043738017
  vertex 12.335505832365737 29.515412506695533 10.034757999321519
  vertex 12.871704140493009 29.54211532626182 9.027401911640132
 endloop
endfacet
facet normal -0.8100379427434445 0.5358871854941787 -2.3804086989232684e-1
 outer loop
  vertex 12.335505832365737 29.515412506695533 10.034757999321519
  vertex 11.977653466605034 28.662968431452345 9.33345043738017
  vertex 11.699401161926486 28.889114883085966 10.789435328032098
 endloop
endfacet
facet normal -0.7977620623462143 0.5686635549644221 -0.2004930251563396
 outer loop
  vertex 12.284894152310253 29.807078127648655 11.063400701336514
  vertex 12.335505832365737 29.515412506695533 10.034757999321519
  vertex 11.699401161926486 28.889114883085966 10.789435328032098
 endloop
endfacet
facet normal 0.7737182205451082 0.6181259043778405 -0.1388541736268236
 outer loop
  vertex -11.671005887603142 28.76464679605842 7.791848082551522
  vertex -11.438110937762387 28.74783489833533 9.014736759536438
  vertex -11.035822250569108 28.0 7.927279092876457
 endloop
endfacet
facet normal 0.7740357754383625 0.624129570114137 -1.0644669112130975e-1
 outer loop
  vertex -11.231679923070832 28.0 6.5030840914775325
  vertex -11.671005887603142 28.76464679605842 7.791848082551522
  vertex -11.035822250569108 28.0 7.927279092876457
 endloop
endfacet
facet normal -0.5666081504937978 0.7336116453998561 -0.375192160802586
 outer loop
  vertex 13.707978636848829 29.62600911742614 7.928513057916587
  vertex 12.67774161805033 28.6941363041231 7.6622706719741585
  vertex 12.871704140493009 29.54211532626182 9.027401911640132
 endloop
endfacet
facet normal 0.6599458456996201 0.7341643492779345 -1.5960635636815987e-1
 outer loop
  vertex -12.097987769437914 28.802612426032898 6.612936641042932
  vertex -11.231679923070832 28.0 6.5030840914775325
  vertex -11.586842348831492 28.0 5.034546291587589
 endloop
endfacet
facet normal 0.6496256253138726 0.7301645868590682 -2.1176926838539686e-1
 outer loop
  vertex -11.671005887603142 28.76464679605842 7.791848082551522
  vertex -11.231679923070832 28.0 6.5030840914775325
  vertex -12.097987769437914 28.802612426032898 6.612936641042932
 endloop
endfacet
facet normal 0.724547849746627 0.6454799618680933 -0.2416320182722152
 outer loop
  vertex -12.309211718297 29.505008435275204 7.855903916028932
  vertex -11.671005887603142 28.76464679605842 7.791848082551522
  vertex -12.097987769437914 28.802612426032898 6.612936641042932
 endloop
endfacet
facet normal 0.4570742930352431 0.8438472742990224 -2.8107804664264163e-1
 outer loop
  vertex -11.586842348831492 28.0 5.034546291587589
  vertex -13.028559754414214 28.93933507605751 5.510155757599108
  vertex -12.097987769437914 28.802612426032898 6.612936641042932
 endloop
endfacet
facet normal 4.9363536816155446e-1 0.7903964008677575 -3.6276390779031714e-1
 outer loop
  vertex -12.848081446205645 29.46956535187079 7.045406411255795
  vertex -12.309211718297 29.505008435275204 7.855903916028932
  vertex -12.097987769437914 28.802612426032898 6.612936641042932
 endloop
endfacet
facet normal 0.5116699454916946 0.7917713828223375 -3.3360447272800414e-1
 outer loop
  vertex -12.848081446205645 29.46956535187079 7.045406411255795
  vertex -12.097987769437914 28.802612426032898 6.612936641042932
  vertex -13.028559754414214 28.93933507605751 5.510155757599108
 endloop
endfacet
facet normal 0.3849107591292698 0.8574901885419498 -3.4140047460544143e-1
 outer loop
  vertex -13.78473516801742 29.90008740427223 7.070714931378203
  vertex -12.848081446205645 29.46956535187079 7.045406411255795
  vertex -13.028559754414214 28.93933507605751 5.510155757599108
 endloop
endfacet
facet normal 0.4320093199510193 0.8718279790658139 2.3083310506397597e-1
 outer loop
  vertex 14.971640704137421 31.0937304708914 12.40250967920522
  vertex 14.85421553448247 31.017852411251784 12.908855521784503
  vertex 15.392583714031451 30.833302263974556 12.598310423960031
 endloop
endfacet
facet normal 2.4759543429168064e-2 0.9877968123090303 0.1537674302357216
 outer loop
  vertex 14.971640704137421 31.0937304708914 12.40250967920522
  vertex 14.505017640475595 31.128067412882064 12.257065694098971
  vertex 14.85421553448247 31.017852411251784 12.908855521784503
 endloop
endfacet
facet normal 0.2617422827792941 0.9507223875185339 1.6618639919242123e-1
 outer loop
  vertex 14.85421553448247 31.017852411251784 12.908855521784503
  vertex 14.54848725685955 30.976484085317974 13.62703589920786
  vertex 15.245136806670443 30.800215093726745 13.538221369226479
 endloop
endfacet
facet normal 0.3692504459654427 0.9249143812212668 9.048478084408788e-2
 outer loop
  vertex 15.245136806670443 30.800215093726745 13.538221369226479
  vertex 15.392583714031451 30.833302263974556 12.598310423960031
  vertex 14.85421553448247 31.017852411251784 12.908855521784503
 endloop
endfacet
facet normal -1.2831467086251566e-1 0.9916736117110653 -1.0899223705171858e-2
 outer loop
  vertex -14.620109927773935 31.243290369492843 9.293916005124377
  vertex -14.810406392819154 31.21665890641256 9.111160704996873
  vertex -14.947198454688843 31.204540689206446 9.619005329609907
 endloop
endfacet
facet normal -1.0462906235925883e-1 0.9944229172003244 1.3259753263884245e-2
 outer loop
  vertex -14.947198454688843 31.204540689206446 9.619005329609907
  vertex -14.370674466928225 31.263759031527904 9.72708332438271
  vertex -14.620109927773935 31.243290369492843 9.293916005124377
 endloop
endfacet
facet normal -0.2978491401555508 0.9544938657117785 -1.5078130758956289e-2
 outer loop
  vertex -15.504684234070067 31.082509119414166 11.590465039360978
  vertex -14.743647900084317 31.30633880353338 10.726302401624563
  vertex -15.510470791697736 31.060930291319 10.338762282969094
 endloop
endfacet
facet normal -0.4724939019740478 0.8812379407896905 -1.3007855706635442e-2
 outer loop
  vertex -15.504684234070067 31.082509119414166 11.590465039360978
  vertex -15.510470791697736 31.060930291319 10.338762282969094
  vertex -16.290656375812386 30.65087480800319 10.898153572324814
 endloop
endfacet
facet normal -2.8856763532925794e-1 0.9568225807480476 -3.491802988609501e-2
 outer loop
  vertex -15.510470791697736 31.060930291319 10.338762282969094
  vertex -14.743647900084317 31.30633880353338 10.726302401624563
  vertex -14.947198454688843 31.204540689206446 9.619005329609907
 endloop
endfacet
facet normal -0.428227209845871 0.8898255708822561 -1.5758143974366762e-1
 outer loop
  vertex -15.531149023324314 30.89957944847854 9.483844821699595
  vertex -15.510470791697736 31.060930291319 10.338762282969094
  vertex -14.947198454688843 31.204540689206446 9.619005329609907
 endloop
endfacet
facet normal -3.8041067503020093e-1 0.8688495127910802 -0.3168410365558245
 outer loop
  vertex -15.531149023324314 30.89957944847854 9.483844821699595
  vertex -14.947198454688843 31.204540689206446 9.619005329609907
  vertex -15.13879585237276 30.839744435288427 8.84869049050064
 endloop
endfacet
facet normal -0.4730320575931006 0.8809604131933181 -1.2223864998264054e-2
 outer loop
  vertex -16.536920994194883 30.539374713056045 12.392270975675855
  vertex -15.504684234070067 31.082509119414166 11.590465039360978
  vertex -16.290656375812386 30.65087480800319 10.898153572324814
 endloop
endfacet
facet normal -0.6828601566082393 0.7112140340389264 -1.6696288301010956e-1
 outer loop
  vertex -14.947198454688843 31.204540689206446 9.619005329609907
  vertex -14.810406392819154 31.21665890641256 9.111160704996873
  vertex -15.13879585237276 30.839744435288427 8.84869049050064
 endloop
endfacet
facet normal -0.4272280708883124 0.902080402662195 6.105016443764008e-2
 outer loop
  vertex -15.504684234070067 31.082509119414166 11.590465039360978
  vertex -16.536920994194883 30.539374713056045 12.392270975675855
  vertex -15.363712876816601 31.04603429139965 13.11593428928253
 endloop
endfacet
facet normal -2.0166457604622176e-1 0.979377269002765 1.2311122157756661e-2
 outer loop
  vertex -14.743647900084317 31.30633880353338 10.726302401624563
  vertex -14.223828229101349 31.405925951591918 11.318922991561923
  vertex -14.029279268953696 31.455908194190325 10.52956857189766
 endloop
endfacet
facet normal -1.4133671340284598e-1 0.9890603190309196 -4.2232910898222814e-2
 outer loop
  vertex -14.682905163532865 31.369703479892138 12.006969708639012
  vertex -14.223828229101349 31.405925951591918 11.318922991561923
  vertex -14.743647900084317 31.30633880353338 10.726302401624563
 endloop
endfacet
facet normal -8.793841817087956e-2 0.9932870251279019 -7.515131617055343e-2
 outer loop
  vertex -14.370674466928225 31.263759031527904 9.72708332438271
  vertex -14.947198454688843 31.204540689206446 9.619005329609907
  vertex -14.743647900084317 31.30633880353338 10.726302401624563
 endloop
endfacet
facet normal -2.3726454815360098e-1 0.9627628361451367 -0.1295887939879074
 outer loop
  vertex -14.029279268953696 31.455908194190325 10.52956857189766
  vertex -14.370674466928225 31.263759031527904 9.72708332438271
  vertex -14.743647900084317 31.30633880353338 10.726302401624563
 endloop
endfacet
facet normal -3.5416180132107683e-1 0.9335624431999306 5.5050732343776804e-2
 outer loop
  vertex -15.504684234070067 31.082509119414166 11.590465039360978
  vertex -15.363712876816601 31.04603429139965 13.11593428928253
  vertex -14.682905163532865 31.369703479892138 12.006969708639012
 endloop
endfacet
facet normal -3.1526266000986114e-1 0.9484656326803397 -3.1974971896619596e-2
 outer loop
  vertex -14.743647900084317 31.30633880353338 10.726302401624563
  vertex -15.504684234070067 31.082509119414166 11.590465039360978
  vertex -14.682905163532865 31.369703479892138 12.006969708639012
 endloop
endfacet
facet normal -1.8079032060276753e-1 0.9818269791617047 5.771172295599854e-2
 outer loop
  vertex -14.40326671445614 31.29049138014698 9.170196398743581
  vertex -14.620109927773935 31.243290369492843 9.293916005124377
  vertex -14.370674466928225 31.263759031527904 9.72708332438271
 endloop
endfacet
facet normal -0.3763686203143853 0.8659819374567217 -3.2927487854579607e-1
 outer loop
  vertex -14.40326671445614 31.29049138014698 9.170196398743581
  vertex -14.595226045736226 31.099177389092265 8.886460839024014
  vertex -14.620109927773935 31.243290369492843 9.293916005124377
 endloop
endfacet
facet normal 0.1757238688489465 0.9314231409796372 -3.1870370936715653e-1
 outer loop
  vertex -14.620109927773935 31.243290369492843 9.293916005124377
  vertex -14.595226045736226 31.099177389092265 8.886460839024014
  vertex -14.810406392819154 31.21665890641256 9.111160704996873
 endloop
endfacet
facet normal -3.4926471105284035e-1 0.8879053626331235 -2.9939644056086767e-1
 outer loop
  vertex -15.531149023324314 30.89957944847854 9.483844821699595
  vertex -15.13879585237276 30.839744435288427 8.84869049050064
  vertex -15.961081014002636 30.526155772007172 8.877943121476848
 endloop
endfacet
facet normal -0.4744414597432019 0.8589325152500723 -1.9271802075292246e-1
 outer loop
  vertex -16.147025182366068 30.636261305867407 9.826442099914154
  vertex -15.531149023324314 30.89957944847854 9.483844821699595
  vertex -15.961081014002636 30.526155772007172 8.877943121476848
 endloop
endfacet
facet normal -0.50797737266707 0.8576683883758351 -7.977420910957733e-2
 outer loop
  vertex -15.510470791697736 31.060930291319 10.338762282969094
  vertex -16.147025182366068 30.636261305867407 9.826442099914154
  vertex -16.290656375812386 30.65087480800319 10.898153572324814
 endloop
endfacet
facet normal -0.4596123171723222 0.8746725574676878 -1.5396244709806128e-1
 outer loop
  vertex -15.531149023324314 30.89957944847854 9.483844821699595
  vertex -16.147025182366068 30.636261305867407 9.826442099914154
  vertex -15.510470791697736 31.060930291319 10.338762282969094
 endloop
endfacet
facet normal -3.4709452882570185e-1 0.8798636606320693 -0.3246002568674258
 outer loop
  vertex -15.58088978888429 30.315224708658338 7.89965408760546
  vertex -15.961081014002636 30.526155772007172 8.877943121476848
  vertex -15.13879585237276 30.839744435288427 8.84869049050064
 endloop
endfacet
facet normal -0.1971142258934807 0.8940364599108332 -4.0229937894622564e-1
 outer loop
  vertex -14.545620247153861 30.61687413316367 8.062764529091789
  vertex -15.58088978888429 30.315224708658338 7.89965408760546
  vertex -15.13879585237276 30.839744435288427 8.84869049050064
 endloop
endfacet
facet normal -3.4773573784101836e-1 0.7998144360689088 -4.8926140710660604e-1
 outer loop
  vertex -14.595226045736226 31.099177389092265 8.886460839024014
  vertex -14.545620247153861 30.61687413316367 8.062764529091789
  vertex -15.13879585237276 30.839744435288427 8.84869049050064
 endloop
endfacet
facet normal -0.2912497673299416 0.7044621013053308 -0.6472300370461282
 outer loop
  vertex -14.810406392819154 31.21665890641256 9.111160704996873
  vertex -14.595226045736226 31.099177389092265 8.886460839024014
  vertex -15.13879585237276 30.839744435288427 8.84869049050064
 endloop
endfacet
facet normal -1.9343359819991854e-1 0.8886738182100861 -0.4157430551618867
 outer loop
  vertex -15.01570566615918 29.92216177152002 6.796495937509181
  vertex -15.58088978888429 30.315224708658338 7.89965408760546
  vertex -14.545620247153861 30.61687413316367 8.062764529091789
 endloop
endfacet
facet normal -0.4225556895419958 0.9048714026158842 5.152119916743639e-2
 outer loop
  vertex -15.363712876816601 31.04603429139965 13.11593428928253
  vertex -16.536920994194883 30.539374713056045 12.392270975675855
  vertex -16.199878029588557 30.610065333847388 13.915013116678672
 endloop
endfacet
facet normal 0.545293635643276 0.7394083734343013 -3.9487986555682836e-1
 outer loop
  vertex -12.309211718297 29.505008435275204 7.855903916028932
  vertex -12.848081446205645 29.46956535187079 7.045406411255795
  vertex -13.019912820861679 30.20078341771611 8.177320810229798
 endloop
endfacet
facet normal 0.3587318519139264 0.8079462202046254 -0.4674765915845024
 outer loop
  vertex -13.78473516801742 29.90008740427223 7.070714931378203
  vertex -13.019912820861679 30.20078341771611 8.177320810229798
  vertex -12.848081446205645 29.46956535187079 7.045406411255795
 endloop
endfacet
facet normal 0.1295993857550026 0.8482530846107325 -0.5134887570924058
 outer loop
  vertex -13.78473516801742 29.90008740427223 7.070714931378203
  vertex -15.01570566615918 29.92216177152002 6.796495937509181
  vertex -14.545620247153861 30.61687413316367 8.062764529091789
 endloop
endfacet
facet normal -0.5368228205061949 0.6207201627392628 -0.5714260572923823
 outer loop
  vertex 13.148020795049355 30.96346342545838 10.997678002679484
  vertex 13.117607875769357 31.094370094722997 11.168448580800625
  vertex 13.370703706062079 31.139191426655728 10.979367051098285
 endloop
endfacet
facet normal -0.5855955012306685 0.6993621536932204 -0.40984202678591
 outer loop
  vertex 13.260251059787771 30.843860696354778 10.633227432498574
  vertex 13.148020795049355 30.96346342545838 10.997678002679484
  vertex 13.370703706062079 31.139191426655728 10.979367051098285
 endloop
endfacet
facet normal -0.85425358694815 0.3278421072635862 -4.0344809070212584e-1
 outer loop
  vertex 13.117607875769357 31.094370094722997 11.168448580800625
  vertex 13.148020795049355 30.96346342545838 10.997678002679484
  vertex 12.884277553366598 30.61247742512503 11.270911716785506
 endloop
endfacet
facet normal -0.8571076244075548 3.4934175397102707e-1 -3.7858533927621146e-1
 outer loop
  vertex 12.884277553366598 30.61247742512503 11.270911716785506
  vertex 13.148020795049355 30.96346342545838 10.997678002679484
  vertex 13.260251059787771 30.843860696354778 10.633227432498574
 endloop
endfacet
facet normal -0.2961468073955345 0.942383665448445 1.5559593685371467e-1
 outer loop
  vertex 14.448304928422985 31.215012614635246 9.720518657016292
  vertex 14.494824894207104 31.13752787790349 10.278355136038869
  vertex 14.672955988493623 31.273172545214766 9.79584662439892
 endloop
endfacet
facet normal -8.089469304791937e-2 0.8910214168583295 -4.4669551524103945e-1
 outer loop
  vertex 14.714705837577606 31.146416913699614 9.535447046509532
  vertex 14.448304928422985 31.215012614635246 9.720518657016292
  vertex 14.672955988493623 31.273172545214766 9.79584662439892
 endloop
endfacet
facet normal -7.999635002051302e-2 0.9863853091001741 0.1436823091920141
 outer loop
  vertex 14.448304928422985 31.215012614635246 9.720518657016292
  vertex 14.061203709253453 31.13445284961086 10.058043049373836
  vertex 14.494824894207104 31.13752787790349 10.278355136038869
 endloop
endfacet
facet normal -0.1596491632577284 0.8284290030715177 -0.536858949390842
 outer loop
  vertex 14.448304928422985 31.215012614635246 9.720518657016292
  vertex 14.714705837577606 31.146416913699614 9.535447046509532
  vertex 14.479054134115158 30.962665234983618 9.321976407967677
 endloop
endfacet
facet normal 4.5777671239990303e-1 0.7974065887420912 3.9317071841000245e-1
 outer loop
  vertex 14.998917050366435 31.014147115521858 9.941664200148733
  vertex 14.672955988493623 31.273172545214766 9.79584662439892
  vertex 14.494824894207104 31.13752787790349 10.278355136038869
 endloop
endfacet
facet normal 0.1366922800361592 0.9681003654113283 -2.0999262622523007e-1
 outer loop
  vertex 15.23136011662021 30.927139698852923 11.803560321394052
  vertex 14.505017640475595 31.128067412882064 12.257065694098971
  vertex 14.971640704137421 31.0937304708914 12.40250967920522
 endloop
endfacet
facet normal 0.667169837438743 0.7062580801074989 -2.3682046426529696e-1
 outer loop
  vertex 14.672955988493623 31.273172545214766 9.79584662439892
  vertex 14.998917050366435 31.014147115521858 9.941664200148733
  vertex 14.714705837577606 31.146416913699614 9.535447046509532
 endloop
endfacet
facet normal 0.5284567177251493 0.8489316457140434 -6.968385495047818e-3
 outer loop
  vertex 15.392583714031451 30.833302263974556 12.598310423960031
  vertex 15.23136011662021 30.927139698852923 11.803560321394052
  vertex 14.971640704137421 31.0937304708914 12.40250967920522
 endloop
endfacet
facet normal -2.039307197805061e-2 0.9994490037008515 2.618800520607509e-2
 outer loop
  vertex 13.975769961768306 31.10381102907957 11.160940357224487
  vertex 14.494824894207104 31.13752787790349 10.278355136038869
  vertex 14.061203709253453 31.13445284961086 10.058043049373836
 endloop
endfacet
facet normal -2.7024667669256897e-1 0.9627735578656792 5.814637674323699e-3
 outer loop
  vertex 13.975769961768306 31.10381102907957 11.160940357224487
  vertex 14.061203709253453 31.13445284961086 10.058043049373836
  vertex 13.65038228623855 31.01614028832886 10.554218639905047
 endloop
endfacet
facet normal 3.4708575808283265e-2 0.997682313368973 5.8526202303713595e-2
 outer loop
  vertex 14.494824894207104 31.13752787790349 10.278355136038869
  vertex 13.975769961768306 31.10381102907957 11.160940357224487
  vertex 14.811797726937817 31.084571113358646 10.993117928070953
 endloop
endfacet
facet normal 2.2129911491882087e-1 0.9748616911720186 -2.591109456156556e-2
 outer loop
  vertex 14.998917050366435 31.014147115521858 9.941664200148733
  vertex 14.494824894207104 31.13752787790349 10.278355136038869
  vertex 14.811797726937817 31.084571113358646 10.993117928070953
 endloop
endfacet
facet normal 4.0374157253652354e-1 0.9148119102907729 1.0578818264914462e-2
 outer loop
  vertex 15.717331886151275 30.688906851755085 10.648712121694373
  vertex 14.998917050366435 31.014147115521858 9.941664200148733
  vertex 14.811797726937817 31.084571113358646 10.993117928070953
 endloop
endfacet
facet normal 1.1795873244671075e-1 0.9719011175545185 -2.0370065079877278e-1
 outer loop
  vertex 13.370703706062079 31.139191426655728 10.979367051098285
  vertex 13.975769961768306 31.10381102907957 11.160940357224487
  vertex 13.65038228623855 31.01614028832886 10.554218639905047
 endloop
endfacet
facet normal -1.4276532135899345e-2 0.9714380090975128 0.2368636213326842
 outer loop
  vertex 13.975769961768306 31.10381102907957 11.160940357224487
  vertex 13.370703706062079 31.139191426655728 10.979367051098285
  vertex 13.27840415050885 30.97990418353152 11.627081393642861
 endloop
endfacet
facet normal -2.2472649652265744e-1 0.9705276852536093 8.702881084401305e-2
 outer loop
  vertex 13.664668029263678 30.896719743909042 12.667050540833538
  vertex 14.505017640475595 31.128067412882064 12.257065694098971
  vertex 13.975769961768306 31.10381102907957 11.160940357224487
 endloop
endfacet
facet normal -9.835499478188726e-2 0.9884153296077375 1.1559165712923664e-1
 outer loop
  vertex 13.27840415050885 30.97990418353152 11.627081393642861
  vertex 13.664668029263678 30.896719743909042 12.667050540833538
  vertex 13.975769961768306 31.10381102907957 11.160940357224487
 endloop
endfacet
facet normal -0.2733638235256032 0.9617493753492667 -1.7617008904981742e-2
 outer loop
  vertex 14.178617168651789 31.05202092819942 13.170298009757554
  vertex 14.505017640475595 31.128067412882064 12.257065694098971
  vertex 13.664668029263678 30.896719743909042 12.667050540833538
 endloop
endfacet
facet normal 1.6920181298333333e-2 0.9993980655483466 -3.0285541815426906e-2
 outer loop
  vertex 14.505017640475595 31.128067412882064 12.257065694098971
  vertex 14.811797726937817 31.084571113358646 10.993117928070953
  vertex 13.975769961768306 31.10381102907957 11.160940357224487
 endloop
endfacet
facet normal 0.2877792952419819 0.9569850053634364 3.691580609402317e-2
 outer loop
  vertex 14.811797726937817 31.084571113358646 10.993117928070953
  vertex 14.505017640475595 31.128067412882064 12.257065694098971
  vertex 15.23136011662021 30.927139698852923 11.803560321394052
 endloop
endfacet
facet normal 3.9241490839588344e-1 0.919460815356516 -2.4542793088420202e-2
 outer loop
  vertex 15.717331886151275 30.688906851755085 10.648712121694373
  vertex 14.811797726937817 31.084571113358646 10.993117928070953
  vertex 15.23136011662021 30.927139698852923 11.803560321394052
 endloop
endfacet
facet normal -0.4593629667767555 0.8713227784218225 -1.7257543439705741e-1
 outer loop
  vertex 13.583982994321147 30.859385439943352 9.939515309330053
  vertex 13.65038228623855 31.01614028832886 10.554218639905047
  vertex 14.061203709253453 31.13445284961086 10.058043049373836
 endloop
endfacet
facet normal -0.3642827263790021 0.8212394803372877 -0.439162625000378
 outer loop
  vertex 14.070772265779743 30.810915424122868 9.445087046945126
  vertex 13.583982994321147 30.859385439943352 9.939515309330053
  vertex 14.061203709253453 31.13445284961086 10.058043049373836
 endloop
endfacet
facet normal 0.6342950856452957 0.7465884431518247 -2.0068742082741983e-1
 outer loop
  vertex 14.998917050366435 31.014147115521858 9.941664200148733
  vertex 14.946325852293304 30.83942589457926 9.125453686606049
  vertex 14.714705837577606 31.146416913699614 9.535447046509532
 endloop
endfacet
facet normal -5.267876949225427e-2 0.7848548632119754 -0.6174364671262084
 outer loop
  vertex 14.946325852293304 30.83942589457926 9.125453686606049
  vertex 14.479054134115158 30.962665234983618 9.321976407967677
  vertex 14.714705837577606 31.146416913699614 9.535447046509532
 endloop
endfacet
facet normal -0.4708588611258595 0.7033480326828372 -0.532534954552695
 outer loop
  vertex 13.602542266549492 30.28798752407694 9.168429027992167
  vertex 13.583982994321147 30.859385439943352 9.939515309330053
  vertex 14.070772265779743 30.810915424122868 9.445087046945126
 endloop
endfacet
facet normal -0.4741060497943157 0.7041575570377511 -0.5285693789986855
 outer loop
  vertex 14.430832227403325 30.43887341328313 8.62649479254242
  vertex 13.602542266549492 30.28798752407694 9.168429027992167
  vertex 14.070772265779743 30.810915424122868 9.445087046945126
 endloop
endfacet
facet normal -0.4310250315690594 0.734895172279701 -0.523590018927863
 outer loop
  vertex 14.479054134115158 30.962665234983618 9.321976407967677
  vertex 14.430832227403325 30.43887341328313 8.62649479254242
  vertex 14.070772265779743 30.810915424122868 9.445087046945126
 endloop
endfacet
facet normal 4.9862500089852924e-1 0.8596553050437462 -0.1112019109057285
 outer loop
  vertex 14.998917050366435 31.014147115521858 9.941664200148733
  vertex 15.717331886151275 30.688906851755085 10.648712121694373
  vertex 15.651541856766237 30.55704100230427 9.334312672033546
 endloop
endfacet
facet normal 0.4173890126043847 0.8827197872915667 -2.1585223946271156e-1
 outer loop
  vertex 14.946325852293304 30.83942589457926 9.125453686606049
  vertex 14.998917050366435 31.014147115521858 9.941664200148733
  vertex 15.651541856766237 30.55704100230427 9.334312672033546
 endloop
endfacet
facet normal 4.3501676032025444e-1 0.832321768825286 -0.3435125781976807
 outer loop
  vertex 14.946325852293304 30.83942589457926 9.125453686606049
  vertex 15.651541856766237 30.55704100230427 9.334312672033546
  vertex 15.361164716967375 30.29857724889301 8.340334713979404
 endloop
endfacet
facet normal -4.117805454452288e-2 0.799488664014063 -0.5992680902041562
 outer loop
  vertex 14.430832227403325 30.43887341328313 8.62649479254242
  vertex 14.479054134115158 30.962665234983618 9.321976407967677
  vertex 14.946325852293304 30.83942589457926 9.125453686606049
 endloop
endfacet
facet normal -5.888531561983375e-2 0.8072776260896077 -0.587226833531541
 outer loop
  vertex 15.361164716967375 30.29857724889301 8.340334713979404
  vertex 14.430832227403325 30.43887341328313 8.62649479254242
  vertex 14.946325852293304 30.83942589457926 9.125453686606049
 endloop
endfacet
facet normal -0.1943208353920149 0.9808350482509568 1.4213411099835059e-2
 outer loop
  vertex -14.029279268953696 31.455908194190325 10.52956857189766
  vertex -14.223828229101349 31.405925951591918 11.318922991561923
  vertex -13.67505428710446 31.51597920007563 11.227046915698097
 endloop
endfacet
facet normal -0.1822468336216552 0.9795861760387458 8.483522469274109e-2
 outer loop
  vertex -14.223828229101349 31.405925951591918 11.318922991561923
  vertex -13.988254525831413 31.381700080268114 12.10472735995029
  vertex -13.67505428710446 31.51597920007563 11.227046915698097
 endloop
endfacet
facet normal 2.7252774455483725e-1 0.936870044058076 -2.1909620944797767e-1
 outer loop
  vertex -13.67505428710446 31.51597920007563 11.227046915698097
  vertex -13.567623609447631 31.315253931295 10.50236230555214
  vertex -14.029279268953696 31.455908194190325 10.52956857189766
 endloop
endfacet
facet normal 9.758615921859236e-2 0.977985485339436 1.8444872456688657e-1
 outer loop
  vertex -13.344293418857058 31.347342155597673 11.94620016194248
  vertex -13.67505428710446 31.51597920007563 11.227046915698097
  vertex -13.988254525831413 31.381700080268114 12.10472735995029
 endloop
endfacet
facet normal 0.085239901560968 0.9875479748772447 0.1322238877727081
 outer loop
  vertex -13.344293418857058 31.347342155597673 11.94620016194248
  vertex -13.988254525831413 31.381700080268114 12.10472735995029
  vertex -13.615459174764482 31.223548849364136 13.045592818316535
 endloop
endfacet
facet normal 0.5322847447630449 0.816601107545387 2.2323884439807387e-1
 outer loop
  vertex -13.615459174764482 31.223548849364136 13.045592818316535
  vertex -13.103718607234288 31.046748432237756 12.472142972354508
  vertex -13.344293418857058 31.347342155597673 11.94620016194248
 endloop
endfacet
facet normal 0.6490558499105354 0.7493123086236263 1.3136806248873353e-1
 outer loop
  vertex -12.783451355935222 30.90101037533967 11.721062296788768
  vertex -13.344293418857058 31.347342155597673 11.94620016194248
  vertex -13.103718607234288 31.046748432237756 12.472142972354508
 endloop
endfacet
facet normal 0.5104332908479832 0.8451958134829517 -0.1584357676315214
 outer loop
  vertex -13.20150040201001 31.18306938165991 10.976747899115177
  vertex -13.567623609447631 31.315253931295 10.50236230555214
  vertex -13.67505428710446 31.51597920007563 11.227046915698097
 endloop
endfacet
facet normal 0.552893596010186 0.8311321249835127 -5.939749415013812e-2
 outer loop
  vertex -13.20150040201001 31.18306938165991 10.976747899115177
  vertex -13.67505428710446 31.51597920007563 11.227046915698097
  vertex -13.344293418857058 31.347342155597673 11.94620016194248
 endloop
endfacet
facet normal 0.6112610141052625 0.7902124354549351 -4.3866610165206314e-2
 outer loop
  vertex -12.783451355935222 30.90101037533967 11.721062296788768
  vertex -13.20150040201001 31.18306938165991 10.976747899115177
  vertex -13.344293418857058 31.347342155597673 11.94620016194248
 endloop
endfacet
facet normal -2.2538715953377714e-2 0.999040293041769 3.7556612762460036e-2
 outer loop
  vertex -14.223828229101349 31.405925951591918 11.318922991561923
  vertex -14.682905163532865 31.369703479892138 12.006969708639012
  vertex -13.988254525831413 31.381700080268114 12.10472735995029
 endloop
endfacet
facet normal 2.8795732074697994e-1 0.9559955069682422 -5.6153112867895566e-2
 outer loop
  vertex -13.736369732588363 31.322788961190952 9.76530206673665
  vertex -14.029279268953696 31.455908194190325 10.52956857189766
  vertex -13.567623609447631 31.315253931295 10.50236230555214
 endloop
endfacet
facet normal -7.881220658267221e-2 0.9765592544541759 -2.0030141944947427e-1
 outer loop
  vertex -14.370674466928225 31.263759031527904 9.72708332438271
  vertex -14.029279268953696 31.455908194190325 10.52956857189766
  vertex -13.736369732588363 31.322788961190952 9.76530206673665
 endloop
endfacet
facet normal -6.781888666609741e-2 0.9418441078493774 -0.3291356485110373
 outer loop
  vertex -14.370674466928225 31.263759031527904 9.72708332438271
  vertex -13.736369732588363 31.322788961190952 9.76530206673665
  vertex -14.114849269952291 31.022954822934405 8.985292496942227
 endloop
endfacet
facet normal 0.6785276063844384 0.7345614230420144 -4.450073335941078e-3
 outer loop
  vertex -14.114849269952291 31.022954822934405 8.985292496942227
  vertex -14.40326671445614 31.29049138014698 9.170196398743581
  vertex -14.370674466928225 31.263759031527904 9.72708332438271
 endloop
endfacet
facet normal 1.3524042552930614e-2 0.9771449901176419 2.1214327366433314e-1
 outer loop
  vertex -14.794556236366574 31.219535594851177 14.13279075050547
  vertex -14.925610929541381 31.06859789557688 14.836373774067132
  vertex -14.541055746592273 31.08675805144182 14.72821174948349
 endloop
endfacet
facet normal 3.864404149301945e-2 0.9786666137568019 0.2017877527871314
 outer loop
  vertex -14.794556236366574 31.219535594851177 14.13279075050547
  vertex -14.541055746592273 31.08675805144182 14.72821174948349
  vertex -14.150263140154053 31.203544463148006 14.086959909426737
 endloop
endfacet
facet normal 3.3006749048998925e-2 0.97954255738239 0.198511795100401
 outer loop
  vertex -14.541055746592273 31.08675805144182 14.72821174948349
  vertex -14.160523024032805 31.02395009777361 14.974861654880272
  vertex -14.150263140154053 31.203544463148006 14.086959909426737
 endloop
endfacet
facet normal -1.9461350538704364e-1 0.9684376735636283 0.155737137329651
 outer loop
  vertex -14.541055746592273 31.08675805144182 14.72821174948349
  vertex -14.725553813791942 30.979117329651594 15.167012126632603
  vertex -14.489827335666888 31.025802927649643 15.171272281388735
 endloop
endfacet
facet normal 8.109380006885991e-2 0.9886288298550926 1.2663661543859353e-1
 outer loop
  vertex -14.160523024032805 31.02395009777361 14.974861654880272
  vertex -14.541055746592273 31.08675805144182 14.72821174948349
  vertex -14.489827335666888 31.025802927649643 15.171272281388735
 endloop
endfacet
facet normal 2.3916200199725013e-2 0.9685546238464622 2.4764885623326596e-1
 outer loop
  vertex -14.925610929541381 31.06859789557688 14.836373774067132
  vertex -14.725553813791942 30.979117329651594 15.167012126632603
  vertex -14.541055746592273 31.08675805144182 14.72821174948349
 endloop
endfacet
facet normal -0.0313620946387592 0.9944100088537959 1.0082238497110993e-1
 outer loop
  vertex -13.988254525831413 31.381700080268114 12.10472735995029
  vertex -14.682905163532865 31.369703479892138 12.006969708639012
  vertex -14.425269754251895 31.268430428573506 13.085965429457849
 endloop
endfacet
facet normal 6.181537003370708e-2 0.9879948615559047 0.141580413782149
 outer loop
  vertex -13.615459174764482 31.223548849364136 13.045592818316535
  vertex -13.988254525831413 31.381700080268114 12.10472735995029
  vertex -14.425269754251895 31.268430428573506 13.085965429457849
 endloop
endfacet
facet normal 2.8807942540592216e-2 0.9979712650847524 5.6775492175026296e-2
 outer loop
  vertex -14.425269754251895 31.268430428573506 13.085965429457849
  vertex -14.794556236366574 31.219535594851177 14.13279075050547
  vertex -14.150263140154053 31.203544463148006 14.086959909426737
 endloop
endfacet
facet normal 5.769604825850065e-2 0.9971415006936307 4.878517817746585e-2
 outer loop
  vertex -13.615459174764482 31.223548849364136 13.045592818316535
  vertex -14.425269754251895 31.268430428573506 13.085965429457849
  vertex -14.150263140154053 31.203544463148006 14.086959909426737
 endloop
endfacet
facet normal -2.2384249343370627e-1 0.9639403882822626 1.4392173557743965e-1
 outer loop
  vertex -14.425269754251895 31.268430428573506 13.085965429457849
  vertex -14.682905163532865 31.369703479892138 12.006969708639012
  vertex -15.363712876816601 31.04603429139965 13.11593428928253
 endloop
endfacet
facet normal -2.3154213761655038e-1 0.972148367693514 -3.627381560843372e-2
 outer loop
  vertex -15.363712876816601 31.04603429139965 13.11593428928253
  vertex -14.794556236366574 31.219535594851177 14.13279075050547
  vertex -14.425269754251895 31.268430428573506 13.085965429457849
 endloop
endfacet
facet normal -3.5667050404153783e-1 0.9333570829075565 4.0382017446531915e-2
 outer loop
  vertex -15.458392721733437 30.947236697538642 14.563210321806565
  vertex -14.794556236366574 31.219535594851177 14.13279075050547
  vertex -15.363712876816601 31.04603429139965 13.11593428928253
 endloop
endfacet
facet normal -4.3729452739642416e-1 0.8987220773285409 3.2743305138762314e-2
 outer loop
  vertex -16.199878029588557 30.610065333847388 13.915013116678672
  vertex -15.458392721733437 30.947236697538642 14.563210321806565
  vertex -15.363712876816601 31.04603429139965 13.11593428928253
 endloop
endfacet
facet normal -0.2913793922053708 0.9450176866893898 1.4845747418794109e-1
 outer loop
  vertex -14.794556236366574 31.219535594851177 14.13279075050547
  vertex -15.458392721733437 30.947236697538642 14.563210321806565
  vertex -14.925610929541381 31.06859789557688 14.836373774067132
 endloop
endfacet
facet normal 4.3668089237921753e-1 0.8922888909816022 1.1458766627221506e-1
 outer loop
  vertex -12.976833842972171 30.89626356801155 13.160417924523033
  vertex -13.103718607234288 31.046748432237756 12.472142972354508
  vertex -13.615459174764482 31.223548849364136 13.045592818316535
 endloop
endfacet
facet normal 0.4927604350016098 0.851768951574199 0.1779797933227653
 outer loop
  vertex -14.160523024032805 31.02395009777361 14.974861654880272
  vertex -13.499771427880928 30.789661730808223 14.266732462803345
  vertex -14.150263140154053 31.203544463148006 14.086959909426737
 endloop
endfacet
facet normal 0.4674622987757613 0.8460367072545099 0.2563218469058537
 outer loop
  vertex -13.615459174764482 31.223548849364136 13.045592818316535
  vertex -14.150263140154053 31.203544463148006 14.086959909426737
  vertex -13.499771427880928 30.789661730808223 14.266732462803345
 endloop
endfacet
facet normal 0.399395245913496 0.875152201745795 2.7311547250418716e-1
 outer loop
  vertex -13.615459174764482 31.223548849364136 13.045592818316535
  vertex -13.499771427880928 30.789661730808223 14.266732462803345
  vertex -12.976833842972171 30.89626356801155 13.160417924523033
 endloop
endfacet
facet normal 0.6180700907943072 0.7459437543077082 -2.4810739262431966e-1
 outer loop
  vertex -12.48080052068744 29.961138479232687 8.799823596503956
  vertex -12.309211718297 29.505008435275204 7.855903916028932
  vertex -13.019912820861679 30.20078341771611 8.177320810229798
 endloop
endfacet
facet normal 0.5080194093586294 0.8599065541713894 4.976944653094671e-2
 outer loop
  vertex -12.79855524364251 30.86557721287577 12.48744166020172
  vertex -12.783451355935222 30.90101037533967 11.721062296788768
  vertex -13.103718607234288 31.046748432237756 12.472142972354508
 endloop
endfacet
facet normal 0.5047001219678996 0.8580989205806877 9.457287869070008e-2
 outer loop
  vertex -12.976833842972171 30.89626356801155 13.160417924523033
  vertex -12.79855524364251 30.86557721287577 12.48744166020172
  vertex -13.103718607234288 31.046748432237756 12.472142972354508
 endloop
endfacet
facet normal 0.3321878889278699 0.7664590562299342 0.5497196754462803
 outer loop
  vertex -14.489827335666888 31.025802927649643 15.171272281388735
  vertex -14.554667874708361 30.737374774085843 15.61260196811466
  vertex -14.160523024032805 31.02395009777361 14.974861654880272
 endloop
endfacet
facet normal -1.7492719006852903e-1 0.8357515686455315 0.5204995616532857
 outer loop
  vertex -14.489827335666888 31.025802927649643 15.171272281388735
  vertex -14.725553813791942 30.979117329651594 15.167012126632603
  vertex -14.554667874708361 30.737374774085843 15.61260196811466
 endloop
endfacet
facet normal 0.6468477171015685 0.657745790057864 3.8595143028837914e-1
 outer loop
  vertex -13.853021887408572 30.463945789378243 15.413865256714823
  vertex -13.499771427880928 30.789661730808223 14.266732462803345
  vertex -14.160523024032805 31.02395009777361 14.974861654880272
 endloop
endfacet
facet normal 4.3319812659749246e-1 0.6912618162591363 0.5783567104257916
 outer loop
  vertex -13.853021887408572 30.463945789378243 15.413865256714823
  vertex -14.160523024032805 31.02395009777361 14.974861654880272
  vertex -14.554667874708361 30.737374774085843 15.61260196811466
 endloop
endfacet
facet normal 7.203110267738763e-3 0.9708033908097593 2.3976841242070332e-1
 outer loop
  vertex 13.117607875769357 31.094370094722997 11.168448580800625
  vertex 13.27840415050885 30.97990418353152 11.627081393642861
  vertex 13.370703706062079 31.139191426655728 10.979367051098285
 endloop
endfacet
facet normal -4.3246581531146683e-1 0.749388357726919 -0.5013884800135914
 outer loop
  vertex 13.65038228623855 31.01614028832886 10.554218639905047
  vertex 13.260251059787771 30.843860696354778 10.633227432498574
  vertex 13.370703706062079 31.139191426655728 10.979367051098285
 endloop
endfacet
facet normal -0.7915508092881881 4.6705852041705137e-1 0.3940858470194649
 outer loop
  vertex 12.884277553366598 30.61247742512503 11.270911716785506
  vertex 13.27840415050885 30.97990418353152 11.627081393642861
  vertex 13.117607875769357 31.094370094722997 11.168448580800625
 endloop
endfacet
facet normal -0.7080091189400892 0.6840190134908645 1.7561627681016043e-1
 outer loop
  vertex 12.5388981623269 29.824940900714807 15.155010542887808
  vertex 12.558752805130474 30.15525567087629 13.948491882330307
  vertex 12.014328304707943 29.450287944914237 14.499430663970104
 endloop
endfacet
facet normal -0.5343647435608314 0.8174517983877607 0.2150043677504786
 outer loop
  vertex 12.558752805130474 30.15525567087629 13.948491882330307
  vertex 12.5388981623269 29.824940900714807 15.155010542887808
  vertex 13.032199676884948 30.302112358011563 14.566828405451773
 endloop
endfacet
facet normal -0.7585060339529708 0.6469472794345473 7.828035570417503e-2
 outer loop
  vertex 12.118070709897388 29.730825022142696 13.186157906638982
  vertex 12.014328304707943 29.450287944914237 14.499430663970104
  vertex 12.558752805130474 30.15525567087629 13.948491882330307
 endloop
endfacet
facet normal -1.9844172669797633e-1 0.9665123421442994 1.6271070520364186e-1
 outer loop
  vertex 13.664668029263678 30.896719743909042 12.667050540833538
  vertex 13.122492135725613 30.62447255069007 13.622979972015724
  vertex 13.829582387622654 30.661813036203462 14.263541207841945
 endloop
endfacet
facet normal -4.3781713024824453e-1 0.881871234891949 1.7498367218498012e-1
 outer loop
  vertex 13.664668029263678 30.896719743909042 12.667050540833538
  vertex 13.829582387622654 30.661813036203462 14.263541207841945
  vertex 14.178617168651789 31.05202092819942 13.170298009757554
 endloop
endfacet
facet normal -0.5437018812233535 0.808774455556536 2.2421450531447604e-1
 outer loop
  vertex 13.122492135725613 30.62447255069007 13.622979972015724
  vertex 12.558752805130474 30.15525567087629 13.948491882330307
  vertex 13.032199676884948 30.302112358011563 14.566828405451773
 endloop
endfacet
facet normal -3.0340037987629603e-1 0.910224069058809 2.8185165175486143e-1
 outer loop
  vertex 13.122492135725613 30.62447255069007 13.622979972015724
  vertex 13.032199676884948 30.302112358011563 14.566828405451773
  vertex 13.829582387622654 30.661813036203462 14.263541207841945
 endloop
endfacet
facet normal -0.4977389986659505 0.8666001687712395 -3.549699554435822e-2
 outer loop
  vertex 12.851563587837664 30.42804973395963 12.626604322444036
  vertex 13.122492135725613 30.62447255069007 13.622979972015724
  vertex 13.664668029263678 30.896719743909042 12.667050540833538
 endloop
endfacet
facet normal -0.6329236362192904 0.7739680411898281 1.952285664886336e-2
 outer loop
  vertex 12.558752805130474 30.15525567087629 13.948491882330307
  vertex 13.122492135725613 30.62447255069007 13.622979972015724
  vertex 12.851563587837664 30.42804973395963 12.626604322444036
 endloop
endfacet
facet normal -0.4928521620265245 0.8335072866760814 2.4972454713875655e-1
 outer loop
  vertex 12.851563587837664 30.42804973395963 12.626604322444036
  vertex 13.664668029263678 30.896719743909042 12.667050540833538
  vertex 13.27840415050885 30.97990418353152 11.627081393642861
 endloop
endfacet
facet normal -0.6890480846366857 0.7201365090282005 8.133969156070946e-2
 outer loop
  vertex 12.884277553366598 30.61247742512503 11.270911716785506
  vertex 12.334279730971051 29.996693541442745 12.063556844861342
  vertex 12.851563587837664 30.42804973395963 12.626604322444036
 endloop
endfacet
facet normal -0.7162436446588757 0.6935813714255488 7.707089396928835e-2
 outer loop
  vertex 12.884277553366598 30.61247742512503 11.270911716785506
  vertex 12.851563587837664 30.42804973395963 12.626604322444036
  vertex 13.27840415050885 30.97990418353152 11.627081393642861
 endloop
endfacet
facet normal -0.6904162227380027 0.723403163597275 -3.647228762050287e-3
 outer loop
  vertex 12.118070709897388 29.730825022142696 13.186157906638982
  vertex 12.558752805130474 30.15525567087629 13.948491882330307
  vertex 12.851563587837664 30.42804973395963 12.626604322444036
 endloop
endfacet
facet normal -0.6692493338225394 0.741566879447778 4.673213545486388e-2
 outer loop
  vertex 12.334279730971051 29.996693541442745 12.063556844861342
  vertex 12.118070709897388 29.730825022142696 13.186157906638982
  vertex 12.851563587837664 30.42804973395963 12.626604322444036
 endloop
endfacet
facet normal 0.4249825040992228 0.9019485632598777 -7.667242296286374e-2
 outer loop
  vertex -13.195914356581618 31.098523919358186 10.013146074313122
  vertex -13.567623609447631 31.315253931295 10.50236230555214
  vertex -13.20150040201001 31.18306938165991 10.976747899115177
 endloop
endfacet
facet normal 0.6182755049480624 0.7843680848658007 -5.002106981237833e-2
 outer loop
  vertex -13.20150040201001 31.18306938165991 10.976747899115177
  vertex -12.783451355935222 30.90101037533967 11.721062296788768
  vertex -12.696759030148824 30.753215933301917 10.475077311101163
 endloop
endfacet
facet normal 0.6081998709975232 0.7910453673170947 -0.0658797674916873
 outer loop
  vertex -13.195914356581618 31.098523919358186 10.013146074313122
  vertex -13.20150040201001 31.18306938165991 10.976747899115177
  vertex -12.696759030148824 30.753215933301917 10.475077311101163
 endloop
endfacet
facet normal 0.685732641819561 0.6928232438705285 -2.2308450572795044e-1
 outer loop
  vertex -12.829105595214196 30.529026071542887 9.372005153929976
  vertex -13.195914356581618 31.098523919358186 10.013146074313122
  vertex -12.696759030148824 30.753215933301917 10.475077311101163
 endloop
endfacet
facet normal 0.74579140614681 0.6656295452968696 -2.706449603163514e-2
 outer loop
  vertex -12.148705701882687 30.162944932311557 11.060037190693807
  vertex -12.696759030148824 30.753215933301917 10.475077311101163
  vertex -12.783451355935222 30.90101037533967 11.721062296788768
 endloop
endfacet
facet normal 0.768965331675576 0.6320077985487059 0.0962208982222126
 outer loop
  vertex -12.461793179107762 30.32123587367301 12.522425393128099
  vertex -11.78156420823582 29.57018442837058 12.019394070891982
  vertex -12.148705701882687 30.162944932311557 11.060037190693807
 endloop
endfacet
facet normal 0.799217284227637 0.5914248734244589 1.0709039026291443e-1
 outer loop
  vertex -12.783451355935222 30.90101037533967 11.721062296788768
  vertex -12.461793179107762 30.32123587367301 12.522425393128099
  vertex -12.148705701882687 30.162944932311557 11.060037190693807
 endloop
endfacet
facet normal 0.848509263541198 0.5275808854721422 4.111494824518521e-2
 outer loop
  vertex -12.783451355935222 30.90101037533967 11.721062296788768
  vertex -12.79855524364251 30.86557721287577 12.48744166020172
  vertex -12.461793179107762 30.32123587367301 12.522425393128099
 endloop
endfacet
facet normal 4.1516441368712353e-1 0.9056922507137174 -8.579077225988725e-2
 outer loop
  vertex -13.736369732588363 31.322788961190952 9.76530206673665
  vertex -13.567623609447631 31.315253931295 10.50236230555214
  vertex -13.195914356581618 31.098523919358186 10.013146074313122
 endloop
endfacet
facet normal 0.6018039446643072 0.7361851530178852 -0.3096182046690932
 outer loop
  vertex -13.195914356581618 31.098523919358186 10.013146074313122
  vertex -12.829105595214196 30.529026071542887 9.372005153929976
  vertex -13.410132580175505 30.875924192965368 9.067491131552433
 endloop
endfacet
facet normal 4.8036391299215464e-1 0.8232172613637968 -3.0259519442244276e-1
 outer loop
  vertex -13.195914356581618 31.098523919358186 10.013146074313122
  vertex -13.410132580175505 30.875924192965368 9.067491131552433
  vertex -13.736369732588363 31.322788961190952 9.76530206673665
 endloop
endfacet
facet normal 2.3234988721579566e-1 0.8647801470605263 -4.4516157421859914e-1
 outer loop
  vertex -13.736369732588363 31.322788961190952 9.76530206673665
  vertex -13.410132580175505 30.875924192965368 9.067491131552433
  vertex -14.114849269952291 31.022954822934405 8.985292496942227
 endloop
endfacet
facet normal 0.7728124874372378 0.6245815686525937 1.1251099217647345e-1
 outer loop
  vertex -12.461793179107762 30.32123587367301 12.522425393128099
  vertex -12.014848818011169 29.619118198105642 13.350127415286144
  vertex -11.78156420823582 29.57018442837058 12.019394070891982
 endloop
endfacet
facet normal 0.8283330265150846 0.5250203199102411 0.1954944011108967
 outer loop
  vertex -12.461793179107762 30.32123587367301 12.522425393128099
  vertex -12.79855524364251 30.86557721287577 12.48744166020172
  vertex -12.976833842972171 30.89626356801155 13.160417924523033
 endloop
endfacet
facet normal 0.66466178125437 0.6454244722176171 3.7636679875140233e-1
 outer loop
  vertex -13.499771427880928 30.789661730808223 14.266732462803345
  vertex -12.728593083074758 30.2335524006963 13.858497193511242
  vertex -12.976833842972171 30.89626356801155 13.160417924523033
 endloop
endfacet
facet normal 0.7139774637719719 0.6747742432070863 1.8685797261569098e-1
 outer loop
  vertex -12.728593083074758 30.2335524006963 13.858497193511242
  vertex -12.014848818011169 29.619118198105642 13.350127415286144
  vertex -12.461793179107762 30.32123587367301 12.522425393128099
 endloop
endfacet
facet normal 0.8296269063109313 0.5213126951056646 0.1998806399995294
 outer loop
  vertex -12.976833842972171 30.89626356801155 13.160417924523033
  vertex -12.728593083074758 30.2335524006963 13.858497193511242
  vertex -12.461793179107762 30.32123587367301 12.522425393128099
 endloop
endfacet
facet normal -0.6312303770523152 0.7730058066890719 6.332640769354625e-2
 outer loop
  vertex 12.014328304707943 29.450287944914237 14.499430663970104
  vertex 11.962249227833707 29.30466772441414 15.757853233456515
  vertex 12.5388981623269 29.824940900714807 15.155010542887808
 endloop
endfacet
facet normal -0.5902846025584658 0.7976508712339215 1.2376257755137461e-1
 outer loop
  vertex 12.483458955646462 29.60066429977446 16.336058311509586
  vertex 12.5388981623269 29.824940900714807 15.155010542887808
  vertex 11.962249227833707 29.30466772441414 15.757853233456515
 endloop
endfacet
facet normal -0.6305832096852733 0.7544285105381741 1.8221536200378677e-1
 outer loop
  vertex 12.483458955646462 29.60066429977446 16.336058311509586
  vertex 11.962249227833707 29.30466772441414 15.757853233456515
  vertex 12.061304238844691 29.122767951020347 16.85376962432195
 endloop
endfacet
facet normal -0.481222680651476 0.8464317003754832 2.2798707907702914e-1
 outer loop
  vertex 12.91199261695163 29.589515742556113 17.281974239547164
  vertex 13.18240000375786 30.136657406298145 15.821400760608569
  vertex 12.483458955646462 29.60066429977446 16.336058311509586
 endloop
endfacet
facet normal -0.5694712158486386 0.8033570392342203 1.7412639613998937e-1
 outer loop
  vertex 13.18240000375786 30.136657406298145 15.821400760608569
  vertex 13.032199676884948 30.302112358011563 14.566828405451773
  vertex 12.5388981623269 29.824940900714807 15.155010542887808
 endloop
endfacet
facet normal -0.5398819090994124 0.8312455408777273 1.3250801861800224e-1
 outer loop
  vertex 13.18240000375786 30.136657406298145 15.821400760608569
  vertex 12.5388981623269 29.824940900714807 15.155010542887808
  vertex 12.483458955646462 29.60066429977446 16.336058311509586
 endloop
endfacet
facet normal -9.150220630339959e-2 0.9505655122458472 0.2967365046137732
 outer loop
  vertex 14.669297872914285 30.052828418005962 17.02860827940025
  vertex 14.167411663254496 30.370178071067894 15.857248080649546
  vertex 13.742566478514235 29.94700431453047 17.081836566598906
 endloop
endfacet
facet normal 2.298013746357604e-2 0.984257585196821 0.1752396052970835
 outer loop
  vertex 13.829582387622654 30.661813036203462 14.263541207841945
  vertex 14.167411663254496 30.370178071067894 15.857248080649546
  vertex 14.918200672453652 30.556757210323873 14.710845317705902
 endloop
endfacet
facet normal -1.6026906078880349e-1 0.9447229443646175 2.8602864637116854e-1
 outer loop
  vertex 14.54848725685955 30.976484085317974 13.62703589920786
  vertex 14.178617168651789 31.05202092819942 13.170298009757554
  vertex 13.829582387622654 30.661813036203462 14.263541207841945
 endloop
endfacet
facet normal -6.718428944370068e-2 0.9224753113492102 3.8016518936262794e-1
 outer loop
  vertex 14.918200672453652 30.556757210323873 14.710845317705902
  vertex 14.54848725685955 30.976484085317974 13.62703589920786
  vertex 13.829582387622654 30.661813036203462 14.263541207841945
 endloop
endfacet
facet normal -2.3255578230600962e-1 0.9467786133740357 2.2254901791196077e-1
 outer loop
  vertex 13.829582387622654 30.661813036203462 14.263541207841945
  vertex 13.18240000375786 30.136657406298145 15.821400760608569
  vertex 14.167411663254496 30.370178071067894 15.857248080649546
 endloop
endfacet
facet normal -2.3208740688621773e-1 0.9413884580962931 2.4479217007068435e-1
 outer loop
  vertex 13.742566478514235 29.94700431453047 17.081836566598906
  vertex 14.167411663254496 30.370178071067894 15.857248080649546
  vertex 13.18240000375786 30.136657406298145 15.821400760608569
 endloop
endfacet
facet normal -3.2206235867195454e-1 0.9045987580572329 2.7924348523818665e-1
 outer loop
  vertex 12.91199261695163 29.589515742556113 17.281974239547164
  vertex 13.742566478514235 29.94700431453047 17.081836566598906
  vertex 13.18240000375786 30.136657406298145 15.821400760608569
 endloop
endfacet
facet normal -3.5321969064228653e-1 0.9210956861205528 1.6376381515058644e-1
 outer loop
  vertex 13.18240000375786 30.136657406298145 15.821400760608569
  vertex 13.829582387622654 30.661813036203462 14.263541207841945
  vertex 13.032199676884948 30.302112358011563 14.566828405451773
 endloop
endfacet
facet normal -4.2761271561652264e-1 0.8859152540646686 -1.7972625867857064e-1
 outer loop
  vertex 13.583982994321147 30.859385439943352 9.939515309330053
  vertex 13.260251059787771 30.843860696354778 10.633227432498574
  vertex 13.65038228623855 31.01614028832886 10.554218639905047
 endloop
endfacet
facet normal -0.6757887100506003 0.6731475551480488 -0.3003031607664994
 outer loop
  vertex 13.583982994321147 30.859385439943352 9.939515309330053
  vertex 12.953617904272813 30.30740735668203 10.120768525856644
  vertex 13.260251059787771 30.843860696354778 10.633227432498574
 endloop
endfacet
facet normal -0.7472857052256361 0.6297474151059372 -2.1209023535470423e-1
 outer loop
  vertex 12.884277553366598 30.61247742512503 11.270911716785506
  vertex 13.260251059787771 30.843860696354778 10.633227432498574
  vertex 12.953617904272813 30.30740735668203 10.120768525856644
 endloop
endfacet
facet normal 0.6520124439586433 0.6980715680566275 -0.2959321861407413
 outer loop
  vertex -12.829105595214196 30.529026071542887 9.372005153929976
  vertex -12.48080052068744 29.961138479232687 8.799823596503956
  vertex -13.019912820861679 30.20078341771611 8.177320810229798
 endloop
endfacet
facet normal 0.5999356241911176 0.7418195841071149 -0.2996346966917567
 outer loop
  vertex -13.410132580175505 30.875924192965368 9.067491131552433
  vertex -12.829105595214196 30.529026071542887 9.372005153929976
  vertex -13.019912820861679 30.20078341771611 8.177320810229798
 endloop
endfacet
facet normal 2.3305297643577666e-1 0.8452433614052679 -4.8088457053096345e-1
 outer loop
  vertex -14.595226045736226 31.099177389092265 8.886460839024014
  vertex -14.114849269952291 31.022954822934405 8.985292496942227
  vertex -14.545620247153861 30.61687413316367 8.062764529091789
 endloop
endfacet
facet normal 2.4779797699653686e-1 0.7172509722505686 -0.6512658484843483
 outer loop
  vertex -14.114849269952291 31.022954822934405 8.985292496942227
  vertex -14.595226045736226 31.099177389092265 8.886460839024014
  vertex -14.40326671445614 31.29049138014698 9.170196398743581
 endloop
endfacet
facet normal -0.5054423085178574 0.852254803285504 0.1348696520234486
 outer loop
  vertex -16.02202781906922 30.59465314308711 14.678922069020054
  vertex -15.458392721733437 30.947236697538642 14.563210321806565
  vertex -16.199878029588557 30.610065333847388 13.915013116678672
 endloop
endfacet
facet normal -0.6562463229565884 0.598596184157659 -4.5937280276246983e-1
 outer loop
  vertex 12.953617904272813 30.30740735668203 10.120768525856644
  vertex 13.583982994321147 30.859385439943352 9.939515309330053
  vertex 13.602542266549492 30.28798752407694 9.168429027992167
 endloop
endfacet
facet normal -0.6047341069023259 0.6730519922126321 -0.4257906477691277
 outer loop
  vertex 12.953617904272813 30.30740735668203 10.120768525856644
  vertex 13.602542266549492 30.28798752407694 9.168429027992167
  vertex 12.871704140493009 29.54211532626182 9.027401911640132
 endloop
endfacet
facet normal -0.4374485028484169 0.7772837291258059 -4.5218227717587445e-1
 outer loop
  vertex 13.707978636848829 29.62600911742614 7.928513057916587
  vertex 13.602542266549492 30.28798752407694 9.168429027992167
  vertex 14.430832227403325 30.43887341328313 8.62649479254242
 endloop
endfacet
facet normal -0.6103145728701194 0.6760725056323205 -0.4128463264586471
 outer loop
  vertex 12.871704140493009 29.54211532626182 9.027401911640132
  vertex 13.602542266549492 30.28798752407694 9.168429027992167
  vertex 13.707978636848829 29.62600911742614 7.928513057916587
 endloop
endfacet
facet normal -9.537203834773368e-2 0.9626515709557217 2.5338928003741507e-1
 outer loop
  vertex 14.260341560110257 29.682800105440823 18.280458157164592
  vertex 14.669297872914285 30.052828418005962 17.02860827940025
  vertex 13.742566478514235 29.94700431453047 17.081836566598906
 endloop
endfacet
facet normal 6.583944297129124e-2 0.9508516447402426 3.0256621993210897e-1
 outer loop
  vertex 15.397986879107378 29.69307480919602 18.000613126594047
  vertex 14.669297872914285 30.052828418005962 17.02860827940025
  vertex 14.260341560110257 29.682800105440823 18.280458157164592
 endloop
endfacet
facet normal 4.376716502508309e-2 0.9759060673126903 2.1375636376011395e-1
 outer loop
  vertex 15.397986879107378 29.69307480919602 18.000613126594047
  vertex 14.260341560110257 29.682800105440823 18.280458157164592
  vertex 15.008249330673825 29.428742639802596 19.287223128083266
 endloop
endfacet
facet normal 1.4316937333126084e-1 0.9582911154552665 0.2473472631331
 outer loop
  vertex 14.669297872914285 30.052828418005962 17.02860827940025
  vertex 15.397986879107378 29.69307480919602 18.000613126594047
  vertex 15.704168068978037 29.97662745883156 16.724828830491546
 endloop
endfacet
facet normal -6.525626627818927e-2 0.954962267912608 2.8946275507332275e-1
 outer loop
  vertex 15.008249330673825 29.428742639802596 19.287223128083266
  vertex 14.260341560110257 29.682800105440823 18.280458157164592
  vertex 14.162076976022025 29.345888332244783 19.36980608060606
 endloop
endfacet
facet normal 0.2682394240594377 0.9256231797361231 2.6696318194734275e-1
 outer loop
  vertex 15.245136806670443 30.800215093726745 13.538221369226479
  vertex 14.54848725685955 30.976484085317974 13.62703589920786
  vertex 14.918200672453652 30.556757210323873 14.710845317705902
 endloop
endfacet
facet normal 2.6428123651939756e-1 0.9269964472211941 0.2661447254090562
 outer loop
  vertex 15.890517902277432 30.428706222043317 14.191344552191197
  vertex 15.245136806670443 30.800215093726745 13.538221369226479
  vertex 14.918200672453652 30.556757210323873 14.710845317705902
 endloop
endfacet
facet normal 0.2278473151056078 0.9547577000768042 1.9111079284859056e-1
 outer loop
  vertex 15.890517902277432 30.428706222043317 14.191344552191197
  vertex 14.918200672453652 30.556757210323873 14.710845317705902
  vertex 15.83671277973414 30.198326757942976 15.406429878030231
 endloop
endfacet
facet normal 3.9498731932369274e-1 0.9098343723184851 1.2722591135972053e-1
 outer loop
  vertex 15.890517902277432 30.428706222043317 14.191344552191197
  vertex 16.039430413131605 30.52592011831146 13.033820143885519
  vertex 15.245136806670443 30.800215093726745 13.538221369226479
 endloop
endfacet
facet normal 0.3764731390345053 0.9218967418546381 9.151160004780227e-2
 outer loop
  vertex 15.392583714031451 30.833302263974556 12.598310423960031
  vertex 15.245136806670443 30.800215093726745 13.538221369226479
  vertex 16.039430413131605 30.52592011831146 13.033820143885519
 endloop
endfacet
facet normal -0.7903878527410327 0.6078477024367938 -7.621163219437427e-2
 outer loop
  vertex 12.884277553366598 30.61247742512503 11.270911716785506
  vertex 12.284894152310253 29.807078127648655 11.063400701336514
  vertex 12.334279730971051 29.996693541442745 12.063556844861342
 endloop
endfacet
facet normal -0.7144912061729891 0.5972069363878038 -0.3644807147597258
 outer loop
  vertex 12.871704140493009 29.54211532626182 9.027401911640132
  vertex 12.335505832365737 29.515412506695533 10.034757999321519
  vertex 12.953617904272813 30.30740735668203 10.120768525856644
 endloop
endfacet
facet normal -0.7577734306413413 0.6179409934832047 -2.0959092629940362e-1
 outer loop
  vertex 12.284894152310253 29.807078127648655 11.063400701336514
  vertex 12.884277553366598 30.61247742512503 11.270911716785506
  vertex 12.953617904272813 30.30740735668203 10.120768525856644
 endloop
endfacet
facet normal -0.759141560985646 0.6154805129628536 -0.2118674787390907
 outer loop
  vertex 12.284894152310253 29.807078127648655 11.063400701336514
  vertex 12.953617904272813 30.30740735668203 10.120768525856644
  vertex 12.335505832365737 29.515412506695533 10.034757999321519
 endloop
endfacet
facet normal 0.5170960383678006 0.7682466138853598 0.377370941326972
 outer loop
  vertex -13.12174406560815 30.124415333486848 15.103036497252702
  vertex -13.499771427880928 30.789661730808223 14.266732462803345
  vertex -13.853021887408572 30.463945789378243 15.413865256714823
 endloop
endfacet
facet normal 0.6528605030930642 0.7083488560908286 0.2683562214219851
 outer loop
  vertex -13.12174406560815 30.124415333486848 15.103036497252702
  vertex -12.728593083074758 30.2335524006963 13.858497193511242
  vertex -13.499771427880928 30.789661730808223 14.266732462803345
 endloop
endfacet
facet normal 0.7241047741334893 0.6497330382593898 2.3134228984625996e-1
 outer loop
  vertex -12.36205203468854 29.52040922675793 14.714106248803764
  vertex -12.014848818011169 29.619118198105642 13.350127415286144
  vertex -12.728593083074758 30.2335524006963 13.858497193511242
 endloop
endfacet
facet normal 0.6815978162030157 0.6742788898659442 2.8420484800303797e-1
 outer loop
  vertex -13.12174406560815 30.124415333486848 15.103036497252702
  vertex -12.851021098363809 29.442321874898337 16.07204543115096
  vertex -12.36205203468854 29.52040922675793 14.714106248803764
 endloop
endfacet
facet normal 0.6806146243101744 0.6792452942601851 2.7457159977046935e-1
 outer loop
  vertex -12.728593083074758 30.2335524006963 13.858497193511242
  vertex -13.12174406560815 30.124415333486848 15.103036497252702
  vertex -12.36205203468854 29.52040922675793 14.714106248803764
 endloop
endfacet
facet normal 4.2907043331504896e-1 0.8089570707948446 0.401854477225103
 outer loop
  vertex -14.250195619433145 30.155136557894124 16.45958936943024
  vertex -13.853021887408572 30.463945789378243 15.413865256714823
  vertex -14.554667874708361 30.737374774085843 15.61260196811466
 endloop
endfacet
facet normal -1.4627908208595486e-1 0.9290067138368728 0.3399249266972122
 outer loop
  vertex -14.925610929541381 31.06859789557688 14.836373774067132
  vertex -15.130987245680494 30.83433034675544 15.38824229546362
  vertex -14.725553813791942 30.979117329651594 15.167012126632603
 endloop
endfacet
facet normal -4.399339778732499e-2 0.870957123551706 4.8938560449370033e-1
 outer loop
  vertex -14.725553813791942 30.979117329651594 15.167012126632603
  vertex -15.130987245680494 30.83433034675544 15.38824229546362
  vertex -14.554667874708361 30.737374774085843 15.61260196811466
 endloop
endfacet
facet normal -3.3847665917242903e-1 0.904870391570189 0.2581532987491813
 outer loop
  vertex -15.130987245680494 30.83433034675544 15.38824229546362
  vertex -14.925610929541381 31.06859789557688 14.836373774067132
  vertex -15.458392721733437 30.947236697538642 14.563210321806565
 endloop
endfacet
facet normal -0.398646661517118 0.8740155609914856 2.7780863630563213e-1
 outer loop
  vertex -15.130987245680494 30.83433034675544 15.38824229546362
  vertex -15.458392721733437 30.947236697538642 14.563210321806565
  vertex -15.83942373409623 30.519897289318674 15.360898091860017
 endloop
endfacet
facet normal -0.3740196222464924 0.802219937367311 0.4653520111324101
 outer loop
  vertex -15.320499965927931 30.198339425391065 16.332308530390133
  vertex -15.130987245680494 30.83433034675544 15.38824229546362
  vertex -15.83942373409623 30.519897289318674 15.360898091860017
 endloop
endfacet
facet normal -7.272238822144911e-2 0.8338667125584228 0.5471542377962336
 outer loop
  vertex -14.554667874708361 30.737374774085843 15.61260196811466
  vertex -15.130987245680494 30.83433034675544 15.38824229546362
  vertex -15.320499965927931 30.198339425391065 16.332308530390133
 endloop
endfacet
facet normal -3.5345237124369565e-2 0.81758024061897 0.5747288616052348
 outer loop
  vertex -14.554667874708361 30.737374774085843 15.61260196811466
  vertex -15.320499965927931 30.198339425391065 16.332308530390133
  vertex -14.250195619433145 30.155136557894124 16.45958936943024
 endloop
endfacet
facet normal -0.4838471626562173 0.8464384529985101 2.2233728539095096e-1
 outer loop
  vertex -15.458392721733437 30.947236697538642 14.563210321806565
  vertex -16.02202781906922 30.59465314308711 14.678922069020054
  vertex -15.83942373409623 30.519897289318674 15.360898091860017
 endloop
endfacet
facet normal -1.5957844473938877e-2 0.8982973962065534 0.439098092877061
 outer loop
  vertex -15.320499965927931 30.198339425391065 16.332308530390133
  vertex -14.72020826346155 29.558475372464642 17.663144586789368
  vertex -14.250195619433145 30.155136557894124 16.45958936943024
 endloop
endfacet
facet normal 0.2885563134944488 0.8082086636399707 0.5133556369221888
 outer loop
  vertex -14.250195619433145 30.155136557894124 16.45958936943024
  vertex -14.72020826346155 29.558475372464642 17.663144586789368
  vertex -13.602958475605512 29.457835889764585 17.193583602402438
 endloop
endfacet
facet normal -3.1371684020490115e-1 0.7635873579336628 -0.5643722982001691
 outer loop
  vertex 14.430832227403325 30.43887341328313 8.62649479254242
  vertex 14.865064360078451 29.694859461530626 7.3784789304794325
  vertex 13.707978636848829 29.62600911742614 7.928513057916587
 endloop
endfacet
facet normal -3.1137717559053677e-2 0.8537267055831809 -0.5197895292513129
 outer loop
  vertex 14.430832227403325 30.43887341328313 8.62649479254242
  vertex 15.361164716967375 30.29857724889301 8.340334713979404
  vertex 14.865064360078451 29.694859461530626 7.3784789304794325
 endloop
endfacet
facet normal -2.0865148595086508e-1 0.9223498474367002 0.3251696731615539
 outer loop
  vertex 14.162076976022025 29.345888332244783 19.36980608060606
  vertex 13.533998153894375 29.027380617834385 19.87024008689112
  vertex 14.486218405875157 29.049273798560233 20.419150435419315
 endloop
endfacet
facet normal -6.518520260928684e-2 0.9547966097226794 2.9002469450525015e-1
 outer loop
  vertex 15.008249330673825 29.428742639802596 19.287223128083266
  vertex 14.162076976022025 29.345888332244783 19.36980608060606
  vertex 14.486218405875157 29.049273798560233 20.419150435419315
 endloop
endfacet
facet normal 0.0 0.0 1.0
 outer loop
  vertex -25.233928084373474 27.6476534768939 25.0
  vertex -26.27976351454854 28.11174136903137 25.0
  vertex -27.313073712587354 28.303039622306823 25.0
 endloop
endfacet
facet normal 0.0 0.0 1.0
 outer loop
  vertex -26.299999237060547 24.88888931274414 25.0
  vertex -24.19999923706055 27.06666679382324 25.0
  vertex -25.233928084373474 27.6476534768939 25.0
 endloop
endfacet
facet normal 0.0 -0.0 1.0
 outer loop
  vertex -26.299999237060547 24.88888931274414 25.0
  vertex -25.233928084373474 27.6476534768939 25.0
  vertex -27.313073712587354 28.303039622306823 25.0
 endloop
endfacet
facet normal 0.0 0.0 -1.0
 outer loop
  vertex 16.931531212494587 28.789673561212165 0.0
  vertex 18.408610002454438 28.86319957703543 0.0
  vertex 20.299999237060547 28.0 0.0
 endloop
endfacet
facet normal 0.0 0.0 1.0
 outer loop
  vertex -14.300000190734863 24.88888931274414 25.0
  vertex -20.299999237060547 24.88888931274414 25.0
  vertex -17.299999237060547 21.77777862548828 25.0
 endloop
endfacet
facet normal 0.0 -0.0 1.0
 outer loop
  vertex -20.299999237060547 24.88888931274414 25.0
  vertex -20.299999237060547 28.0 25.0
  vertex -23.299999237060547 27.066666793823238 25.0
 endloop
endfacet
facet normal 0.0 0.0 0.9999999999999999
 outer loop
  vertex -23.299999237060547 27.066666793823238 25.0
  vertex -24.19999923706055 27.06666679382324 25.0
  vertex -26.299999237060547 24.88888931274414 25.0
 endloop
endfacet
facet normal 0.0 -0.0 1.0
 outer loop
  vertex -14.300000190734863 18.66666603088379 25.0
  vertex -14.300000190734863 21.77777862548828 25.0
  vertex -17.299999237060547 21.77777862548828 25.0
 endloop
endfacet
facet normal 0.0 0.0 1.0
 outer loop
  vertex -32.29999923706055 15.55555534362793 25.0
  vertex -32.29999923706055 12.44444465637207 25.0
  vertex -29.299999237060547 12.44444465637207 25.0
 endloop
endfacet
facet normal 0.0 -0.0 1.0
 outer loop
  vertex -14.300000190734863 12.44444465637207 25.0
  vertex -14.300000190734863 15.55555534362793 25.0
  vertex -17.299999237060547 15.55555534362793 25.0
 endloop
endfacet
facet normal 0.0 0.0 1.0
 outer loop
  vertex -32.29999923706055 9.333333015441895 25.0
  vertex -32.29999923706055 6.222222328186035 25.0
  vertex -29.299999237060547 6.222222328186035 25.0
 endloop
endfacet
facet normal 0.0 -0.0 1.0
 outer loop
  vertex -14.300000190734863 6.222222328186035 25.0
  vertex -14.300000190734863 9.333333015441895 25.0
  vertex -17.299999237060547 9.333333015441895 25.0
 endloop
endfacet
facet normal 0.0 0.0 1.0
 outer loop
  vertex -32.29999923706055 3.1111111640930176 25.0
  vertex -32.29999923706055 0.0 25.0
  vertex -29.299999237060547 0.0 25.0
 endloop
endfacet
facet normal 0.0 0.0 1.0
 outer loop
  vertex -26.299999237060547 3.1111111640930176 25.0
  vertex -29.299999237060547 6.222222328186035 25.0
  vertex -32.29999923706055 3.1111111640930176 25.0
 endloop
endfacet
facet normal 0.0 0.0 1.0
 outer loop
  vertex -26.299999237060547 3.1111111640930176 25.0
  vertex -32.29999923706055 3.1111111640930176 25.0
  vertex -29.299999237060547 0.0 25.0
 endloop
endfacet
facet normal 0.0 -1.0 0.0
 outer loop
  vertex -14.300000190734863 0.0 21.875
  vertex -14.300000190734863 0.0 25.0
  vertex -17.299999237060547 0.0 25.0
 endloop
endfacet
facet normal 0.0 -1.0 0.0
 outer loop
  vertex -14.300000190734863 0.0 21.875
  vertex -17.299999237060547 0.0 25.0
  vertex -20.299999237060547 0.0 21.875
 endloop
endfacet
facet normal -0.0 -1.0 0.0
 outer loop
  vertex -14.300000190734863 0.0 21.875
  vertex -20.299999237060547 0.0 21.875
  vertex -17.299999237060547 0.0 18.75
 endloop
endfacet
facet normal 0.0 -1.0 0.0
 outer loop
  vertex -20.299999237060547 0.0 21.875
  vertex -20.299999237060547 0.0 25.0
  vertex -23.299999237060547 0.0 25.0
 endloop
endfacet
facet normal 0.0 -1.0 0.0
 outer loop
  vertex -20.299999237060547 0.0 21.875
  vertex -23.299999237060547 0.0 25.0
  vertex -26.299999237060547 0.0 21.875
 endloop
endfacet
facet normal 0.0 -1.0 0.0
 outer loop
  vertex -26.299999237060547 0.0 21.875
  vertex -26.299999237060547 0.0 25.0
  vertex -29.299999237060547 0.0 25.0
 endloop
endfacet
facet normal 0.0 -1.0 0.0
 outer loop
  vertex -32.29999923706055 0.0 21.875
  vertex -32.29999923706055 0.0 18.75
  vertex -29.299999237060547 0.0 18.75
 endloop
endfacet
facet normal 0.0 -1.0 0.0
 outer loop
  vertex -26.299999237060547 0.0 21.875
  vertex -29.299999237060547 0.0 25.0
  vertex -32.29999923706055 0.0 21.875
 endloop
endfacet
facet normal -0.0 -1.0 0.0
 outer loop
  vertex -26.299999237060547 0.0 21.875
  vertex -32.29999923706055 0.0 21.875
  vertex -29.299999237060547 0.0 18.75
 endloop
endfacet
facet normal 0.0 -1.0 0.0
 outer loop
  vertex -14.300000190734863 0.0 15.625
  vertex -14.300000190734863 0.0 18.75
  vertex -17.299999237060547 0.0 18.75
 endloop
endfacet
facet normal 0.0 -1.0 0.0
 outer loop
  vertex -32.29999923706055 0.0 15.625
  vertex -32.29999923706055 0.0 12.5
  vertex -29.299999237060547 0.0 12.5
 endloop
endfacet
facet normal 0.0 -1.0 0.0
 outer loop
  vertex -14.300000190734863 0.0 9.375
  vertex -14.300000190734863 0.0 12.5
  vertex -17.299999237060547 0.0 12.5
 endloop
endfacet
facet normal 0.0 -1.0 0.0
 outer loop
  vertex -32.29999923706055 0.0 9.375
  vertex -32.29999923706055 0.0 6.25
  vertex -29.299999237060547 0.0 6.25
 endloop
endfacet
facet normal 0.0 -1.0 0.0
 outer loop
  vertex -14.300000190734863 0.0 3.125
  vertex -14.300000190734863 0.0 6.25
  vertex -17.299999237060547 0.0 6.25
 endloop
endfacet
facet normal 0.0 -1.0 0.0
 outer loop
  vertex -20.299999237060547 0.0 3.125
  vertex -20.299999237060547 0.0 0.0
  vertex -17.299999237060547 0.0 0.0
 endloop
endfacet
facet normal 0.0 -1.0 0.0
 outer loop
  vertex -14.300000190734863 0.0 3.125
  vertex -17.299999237060547 0.0 6.25
  vertex -20.299999237060547 0.0 3.125
 endloop
endfacet
facet normal -0.0 -1.0 0.0
 outer loop
  vertex -14.300000190734863 0.0 3.125
  vertex -20.299999237060547 0.0 3.125
  vertex -17.299999237060547 0.0 0.0
 endloop
endfacet
facet normal 0.0 -1.0 0.0
 outer loop
  vertex -26.299999237060547 0.0 3.125
  vertex -26.299999237060547 0.0 0.0
  vertex -23.299999237060547 0.0 0.0
 endloop
endfacet
facet normal -0.0 -1.0 0.0
 outer loop
  vertex -20.299999237060547 0.0 3.125
  vertex -26.299999237060547 0.0 3.125
  vertex -23.299999237060547 0.0 0.0
 endloop
endfacet
facet normal 0.0 -1.0 0.0
 outer loop
  vertex -32.29999923706055 0.0 3.125
  vertex -32.29999923706055 0.0 0.0
  vertex -29.299999237060547 0.0 0.0
 endloop
endfacet
facet normal 0.0 -1.0 0.0
 outer loop
  vertex -26.299999237060547 0.0 3.125
  vertex -29.299999237060547 0.0 6.25
  vertex -32.29999923706055 0.0 3.125
 endloop
endfacet
facet normal -0.0 -1.0 0.0
 outer loop
  vertex -26.299999237060547 0.0 3.125
  vertex -32.29999923706055 0.0 3.125
  vertex -29.299999237060547 0.0 0.0
 endloop
endfacet
facet normal 0.0 0.0 -1.0
 outer loop
  vertex -32.29999923706055 24.88888931274414 0.0
  vertex -31.399999237060545 27.06666679382324 0.0
  vertex -29.299999237060547 27.066666793823238 0.0
 endloop
endfacet
facet normal 0.0 -0.0 -1.0
 outer loop
  vertex -29.299999237060547 27.066666793823238 0.0
  vertex -29.299999237060547 21.77777862548828 0.0
  vertex -32.29999923706055 24.88888931274414 0.0
 endloop
endfacet
facet normal 0.0 -0.0 -1.0
 outer loop
  vertex -14.300000190734863 24.88888931274414 0.0
  vertex -14.300000190734863 21.77777862548828 0.0
  vertex -17.299999237060547 21.77777862548828 0.0
 endloop
endfacet
facet normal 0.0 0.0 -1.0
 outer loop
  vertex -32.29999923706055 18.66666603088379 0.0
  vertex -32.29999923706055 21.77777862548828 0.0
  vertex -29.299999237060547 21.77777862548828 0.0
 endloop
endfacet
facet normal 0.0 -0.0 -1.0
 outer loop
  vertex -14.300000190734863 18.66666603088379 0.0
  vertex -14.300000190734863 15.55555534362793 0.0
  vertex -17.299999237060547 15.55555534362793 0.0
 endloop
endfacet
facet normal 0.0 0.0 -1.0
 outer loop
  vertex -32.29999923706055 12.44444465637207 0.0
  vertex -32.29999923706055 15.55555534362793 0.0
  vertex -29.299999237060547 15.55555534362793 0.0
 endloop
endfacet
facet normal 0.0 -0.0 -1.0
 outer loop
  vertex -14.300000190734863 12.44444465637207 0.0
  vertex -14.300000190734863 9.333333015441895 0.0
  vertex -17.299999237060547 9.333333015441895 0.0
 endloop
endfacet
facet normal 0.0 0.0 -1.0
 outer loop
  vertex -32.29999923706055 6.222222328186035 0.0
  vertex -32.29999923706055 9.333333015441895 0.0
  vertex -29.299999237060547 9.333333015441895 0.0
 endloop
endfacet
facet normal 1.0 0.0 0.0
 outer loop
  vertex -14.300000190734863 11.049007415771484 18.12264633178711
  vertex -14.300000190734863 14.0 18.850000381469727
  vertex -14.300000190734863 14.673680305480957 22.241445541381836
 endloop
endfacet
facet normal 1.0 0.0 0.0
 outer loop
  vertex -14.300000190734863 24.88888931274414 25.0
  vertex -14.300000190734863 21.77777862548828 25.0
  vertex -14.300000190734863 20.115598678588867 22.002361297607422
 endloop
endfacet
facet normal 1.0 0.0 0.0
 outer loop
  vertex -14.300000190734863 20.486900329589844 2.7400476932525635
  vertex -14.300000190734863 21.77777862548828 0.0
  vertex -14.300000190734863 24.88888931274414 0.0
 endloop
endfacet
facet normal 1.0 0.0 0.0
 outer loop
  vertex -14.300000190734863 3.1111111640930176 0.0
  vertex -14.300000190734863 6.222222328186035 0.0
  vertex -14.300000190734863 7.5567827224731445 2.7165699005126953
 endloop
endfacet
facet normal 1.0 0.0 0.0
 outer loop
  vertex -14.300000190734863 3.1111111640930176 25.0
  vertex -14.300000190734863 0.0 25.0
  vertex -14.300000190734863 0.0 21.875
 endloop
endfacet
facet normal -0.9999999999999999 0.0 -0.0
 outer loop
  vertex -32.29999923706055 10.922955513000488 20.530838012695313
  vertex -32.29999923706055 11.049007415771484 18.12264633178711
  vertex -32.29999923706055 8.774052619934082 16.10721206665039
 endloop
endfacet
facet normal -1.0 0.0 0.0
 outer loop
  vertex -32.29999923706055 8.062646865844727 10.248258590698242
  vertex -32.29999923706055 9.78917121887207 7.746956825256348
  vertex -32.29999923706055 8.75825309753418 5.586051940917969
 endloop
endfacet
facet normal -1.0 0.0 -0.0
 outer loop
  vertex -32.29999923706055 8.062646865844727 10.248258590698242
  vertex -32.29999923706055 8.75825309753418 5.586051940917969
  vertex -32.29999923706055 5.3456926345825195 5.328474998474121
 endloop
endfacet
facet normal -1.0 0.0 -0.0
 outer loop
  vertex -32.29999923706055 26.735518264770505 2.9976231098175052
  vertex -32.29999923706055 26.90109252929687 1.4988115549087526
  vertex -32.29999923706055 24.88888931274414 0.0
 endloop
endfacet
facet normal -1.0 0.0 0.0
 outer loop
  vertex -32.29999923706055 24.88888931274414 0.0
  vertex -32.29999923706055 21.77777862548828 0.0
  vertex -32.29999923706055 20.441083908081055 2.7299938201904297
 endloop
endfacet
facet normal -1.0 0.0 0.0
 outer loop
  vertex -32.29999923706055 24.88888931274414 25.0
  vertex -32.29999923706055 26.924427318572995 23.498199748992917
  vertex -32.29999923706055 26.782187843322752 21.996399497985838
 endloop
endfacet
facet normal -1.0 0.0 0.0
 outer loop
  vertex -32.29999923706055 20.73935317993164 22.303890228271484
  vertex -32.29999923706055 21.77777862548828 25.0
  vertex -32.29999923706055 24.88888931274414 25.0
 endloop
endfacet
facet normal -1.0 0.0 0.0
 outer loop
  vertex -32.29999923706055 0.0 12.5
  vertex -32.29999923706055 0.0 15.625
  vertex -32.29999923706055 2.79312801361084 17.305688858032227
 endloop
endfacet
facet normal 0.0 -1.0 0.0
 outer loop
  vertex 10.942479036332994 28.0 11.73437137813941
  vertex 11.4399995803833 28.0 9.375
  vertex 14.300000190734863 28.0 12.5
 endloop
endfacet
facet normal 0.0 -1.0 0.0
 outer loop
  vertex 14.300000190734863 28.0 12.5
  vertex 14.300000190734863 28.0 15.625
  vertex 11.4399995803833 28.0 15.625
 endloop
endfacet
facet normal 0.0 -1.0 0.0
 outer loop
  vertex -11.586842348831492 28.0 5.034546291587589
  vertex -11.231679923070832 28.0 6.5030840914775325
  vertex -14.300000190734863 28.0 6.25
 endloop
endfacet
facet normal -0.0 -1.0 0.0
 outer loop
  vertex -11.586842348831492 28.0 5.034546291587589
  vertex -14.300000190734863 28.0 6.25
  vertex -14.300000190734863 28.0 3.125
 endloop
endfacet
facet normal 0.0 -1.0 0.0
 outer loop
  vertex -11.586842348831492 28.0 5.034546291587589
  vertex -14.300000190734863 28.0 3.125
  vertex -12.297999763488768 28.0 3.125
 endloop
endfacet
facet normal -1.0 0.0 -0.0
 outer loop
  vertex -9.0 131.49176025390625 22.24632453918457
  vertex -9.0 132.1699981689453 18.850000381469727
  vertex -9.0 129.21900939941406 18.12264633178711
 endloop
endfacet
facet normal -1.0 0.0 0.0
 outer loop
  vertex -9.0 135.12098693847656 18.12264633178711
  vertex -9.0 132.1699981689453 18.850000381469727
  vertex -9.0 131.49176025390625 22.24632453918457
 endloop
endfacet
facet normal -1.0 0.0 0.0
 outer loop
  vertex -9.0 125.68707275390625 2.731520414352417
  vertex -9.0 124.39221954345703 0.0
  vertex -9.0 121.28111267089844 0.0
 endloop
endfacet
facet normal -1.0 0.0 0.0
 outer loop
  vertex -9.0 143.0588836669922 0.0
  vertex -9.0 139.94778442382813 0.0
  vertex -9.0 138.618408203125 2.72725772857666
 endloop
endfacet
facet normal -1.0 0.0 0.0
 outer loop
  vertex -9.0 143.0588836669922 25.0
  vertex -9.0 146.1699981689453 25.0
  vertex -9.0 146.1699981689453 21.875
 endloop
endfacet
facet normal -1.0 0.0 0.0
 outer loop
  vertex -9.0 146.1699981689453 21.875
  vertex -9.0 141.73768615722656 22.498228073120117
  vertex -9.0 143.0588836669922 25.0
 endloop
endfacet
facet normal 0.0 0.0 -1.0
 outer loop
  vertex -9.0 124.39221954345703 0.0
  vertex -9.0 127.50333404541016 0.0
  vertex -6.0 127.50333404541016 0.0
 endloop
endfacet
facet normal 0.0 -0.0 -1.0
 outer loop
  vertex 9.0 127.50333404541016 0.0
  vertex 9.0 124.39221954345703 0.0
  vertex 6.0 124.39221954345703 0.0
 endloop
endfacet
facet normal 0.0 0.0 -1.0
 outer loop
  vertex -9.0 130.61444091796875 0.0
  vertex -9.0 133.72555541992188 0.0
  vertex -6.0 133.72555541992188 0.0
 endloop
endfacet
facet normal 0.0 -0.0 -1.0
 outer loop
  vertex 9.0 133.72555541992188 0.0
  vertex 9.0 130.61444091796875 0.0
  vertex 6.0 130.61444091796875 0.0
 endloop
endfacet
facet normal 0.0 0.0 -1.0
 outer loop
  vertex -9.0 136.836669921875 0.0
  vertex -9.0 139.94778442382813 0.0
  vertex -6.0 139.94778442382813 0.0
 endloop
endfacet
facet normal 0.0 -0.0 -1.0
 outer loop
  vertex 9.0 139.94778442382813 0.0
  vertex 9.0 136.836669921875 0.0
  vertex 6.0 136.836669921875 0.0
 endloop
endfacet
facet normal 0.0 0.0 -1.0
 outer loop
  vertex -9.0 143.0588836669922 0.0
  vertex -9.0 146.1699981689453 0.0
  vertex -6.0 146.1699981689453 0.0
 endloop
endfacet
facet normal -0.0 0.0 -1.0
 outer loop
  vertex -3.0 143.0588836669922 0.0
  vertex -6.0 139.94778442382813 0.0
  vertex -9.0 143.0588836669922 0.0
 endloop
endfacet
facet normal 0.0 0.0 -1.0
 outer loop
  vertex -3.0 143.0588836669922 0.0
  vertex -9.0 143.0588836669922 0.0
  vertex -6.0 146.1699981689453 0.0
 endloop
endfacet
facet normal 1.0 0.0 0.0
 outer loop
  vertex 9.0 137.3959503173828 16.10721206665039
  vertex 9.0 138.47369384765625 13.26540756225586
  vertex 9.0 143.45413208007813 13.978645324707031
 endloop
endfacet
facet normal 1.0 0.0 0.0
 outer loop
  vertex 9.0 143.0588836669922 25.0
  vertex 9.0 139.94778442382813 25.0
  vertex 9.0 138.28408813476563 22.002490997314453
 endloop
endfacet
facet normal 1.0 0.0 0.0
 outer loop
  vertex 9.0 138.6455841064453 2.7424299716949463
  vertex 9.0 139.94778442382813 0.0
  vertex 9.0 143.0588836669922 0.0
 endloop
endfacet
facet normal 1.0 0.0 0.0
 outer loop
  vertex 9.0 121.28111267089844 0.0
  vertex 9.0 124.39221954345703 0.0
  vertex 9.0 125.72166442871094 2.7274327278137207
 endloop
endfacet
facet normal 1.0 0.0 -0.0
 outer loop
  vertex 9.0 146.1699981689453 9.375
  vertex 9.0 146.1699981689453 12.5
  vertex 9.0 143.45413208007813 13.978645324707031
 endloop
endfacet
facet normal 1.0 0.0 0.0
 outer loop
  vertex 9.0 121.28111267089844 25.0
  vertex 9.0 118.16999816894531 25.0
  vertex 9.0 118.16999816894531 21.875
 endloop
endfacet
facet normal 1.0 0.0 0.0
 outer loop
  vertex 9.0 118.16999816894531 21.875
  vertex 9.0 122.60328674316406 22.498323440551758
  vertex 9.0 121.28111267089844 25.0
 endloop
endfacet
facet normal 0.0 0.0 1.0
 outer loop
  vertex 6.0 124.39221954345703 25.0
  vertex 9.0 124.39221954345703 25.0
  vertex 9.0 127.50333404541016 25.0
 endloop
endfacet
facet normal 0.0 0.0 1.0
 outer loop
  vertex 6.0 130.61444091796875 25.0
  vertex 9.0 130.61444091796875 25.0
  vertex 9.0 133.72555541992188 25.0
 endloop
endfacet
facet normal 0.0 0.0 1.0
 outer loop
  vertex -6.0 139.94778442382813 25.0
  vertex -9.0 139.94778442382813 25.0
  vertex -9.0 136.836669921875 25.0
 endloop
endfacet
facet normal 0.0 0.0 1.0
 outer loop
  vertex 6.0 139.94778442382813 25.0
  vertex 9.0 139.94778442382813 25.0
  vertex 9.0 143.0588836669922 25.0
 endloop
endfacet
facet normal 0.0 0.0 1.0
 outer loop
  vertex 6.0 146.1699981689453 25.0
  vertex 3.0 146.1699981689453 25.0
  vertex 3.0 143.0588836669922 25.0
 endloop
endfacet
facet normal 0.0 0.0 1.0
 outer loop
  vertex 9.0 143.0588836669922 25.0
  vertex 6.0 146.1699981689453 25.0
  vertex 3.0 143.0588836669922 25.0
 endloop
endfacet
facet normal 0.0 -0.0 1.0
 outer loop
  vertex 6.0 139.94778442382813 25.0
  vertex 9.0 143.0588836669922 25.0
  vertex 3.0 143.0588836669922 25.0
 endloop
endfacet
facet normal 0.0 1.0 0.0
 outer loop
  vertex -9.0 146.1699981689453 21.875
  vertex -9.0 146.1699981689453 25.0
  vertex -6.0 146.1699981689453 25.0
 endloop
endfacet
facet normal 0.0 1.0 0.0
 outer loop
  vertex -3.0 146.1699981689453 21.875
  vertex -6.0 146.1699981689453 18.75
  vertex -9.0 146.1699981689453 21.875
 endloop
endfacet
facet normal 0.0 1.0 0.0
 outer loop
  vertex -3.0 146.1699981689453 21.875
  vertex -9.0 146.1699981689453 21.875
  vertex -6.0 146.1699981689453 25.0
 endloop
endfacet
facet normal 0.0 1.0 0.0
 outer loop
  vertex -3.0 146.1699981689453 21.875
  vertex -3.0 146.1699981689453 25.0
  vertex 0.0 146.1699981689453 25.0
 endloop
endfacet
facet normal 0.0 1.0 0.0
 outer loop
  vertex 3.0 146.1699981689453 21.875
  vertex -3.0 146.1699981689453 21.875
  vertex 0.0 146.1699981689453 25.0
 endloop
endfacet
facet normal 0.0 1.0 0.0
 outer loop
  vertex 9.0 146.1699981689453 21.875
  vertex 9.0 146.1699981689453 18.75
  vertex 6.0 146.1699981689453 18.75
 endloop
endfacet
facet normal 0.0 1.0 0.0
 outer loop
  vertex 3.0 146.1699981689453 21.875
  vertex 3.0 146.1699981689453 25.0
  vertex 6.0 146.1699981689453 25.0
 endloop
endfacet
facet normal 0.0 1.0 0.0
 outer loop
  vertex 9.0 146.1699981689453 21.875
  vertex 6.0 146.1699981689453 18.75
  vertex 3.0 146.1699981689453 21.875
 endloop
endfacet
facet normal 0.0 1.0 0.0
 outer loop
  vertex 9.0 146.1699981689453 21.875
  vertex 3.0 146.1699981689453 21.875
  vertex 6.0 146.1699981689453 25.0
 endloop
endfacet
facet normal 0.0 1.0 0.0
 outer loop
  vertex -9.0 146.1699981689453 15.625
  vertex -9.0 146.1699981689453 18.75
  vertex -6.0 146.1699981689453 18.75
 endloop
endfacet
facet normal 0.0 1.0 0.0
 outer loop
  vertex 9.0 146.1699981689453 15.625
  vertex 9.0 146.1699981689453 12.5
  vertex 6.0 146.1699981689453 12.5
 endloop
endfacet
facet normal 0.0 1.0 0.0
 outer loop
  vertex -9.0 146.1699981689453 9.375
  vertex -9.0 146.1699981689453 12.5
  vertex -6.0 146.1699981689453 12.5
 endloop
endfacet
facet normal 0.0 1.0 0.0
 outer loop
  vertex 9.0 146.1699981689453 9.375
  vertex 9.0 146.1699981689453 6.25
  vertex 6.0 146.1699981689453 6.25
 endloop
endfacet
facet normal 0.0 1.0 0.0
 outer loop
  vertex -9.0 146.1699981689453 3.125
  vertex -9.0 146.1699981689453 6.25
  vertex -6.0 146.1699981689453 6.25
 endloop
endfacet
facet normal 0.0 1.0 0.0
 outer loop
  vertex -3.0 146.1699981689453 3.125
  vertex -3.0 146.1699981689453 0.0
  vertex -6.0 146.1699981689453 0.0
 endloop
endfacet
facet normal 0.0 1.0 0.0
 outer loop
  vertex -9.0 146.1699981689453 3.125
  vertex -6.0 146.1699981689453 6.25
  vertex -3.0 146.1699981689453 3.125
 endloop
endfacet
facet normal 0.0 1.0 -0.0
 outer loop
  vertex -6.0 146.1699981689453 0.0
  vertex -9.0 146.1699981689453 3.125
  vertex -3.0 146.1699981689453 3.125
 endloop
endfacet
facet normal 0.0 1.0 0.0
 outer loop
  vertex 3.0 146.1699981689453 3.125
  vertex 3.0 146.1699981689453 0.0
  vertex 0.0 146.1699981689453 0.0
 endloop
endfacet
facet normal 0.0 1.0 -0.0
 outer loop
  vertex 0.0 146.1699981689453 0.0
  vertex -3.0 146.1699981689453 3.125
  vertex 3.0 146.1699981689453 3.125
 endloop
endfacet
facet normal 0.0 1.0 0.0
 outer loop
  vertex 9.0 146.1699981689453 3.125
  vertex 9.0 146.1699981689453 0.0
  vertex 6.0 146.1699981689453 0.0
 endloop
endfacet
facet normal 0.0 1.0 0.0
 outer loop
  vertex 3.0 146.1699981689453 3.125
  vertex 6.0 146.1699981689453 6.25
  vertex 9.0 146.1699981689453 3.125
 endloop
endfacet
facet normal 0.0 1.0 -0.0
 outer loop
  vertex 6.0 146.1699981689453 0.0
  vertex 3.0 146.1699981689453 3.125
  vertex 9.0 146.1699981689453 3.125
 endloop
endfacet
facet normal 1.0 0.0 -0.0
 outer loop
  vertex 32.29999923706055 10.787336349487305 2.9328794479370117
  vertex 32.29999923706055 12.480345726013184 6.334519386291504
  vertex 32.29999923706055 9.78917121887207 7.746956825256348
 endloop
endfacet
facet normal 1.0 0.0 0.0
 outer loop
  vertex 32.29999923706055 10.787336349487305 2.9328794479370117
  vertex 32.29999923706055 12.44444465637207 0.0
  vertex 32.29999923706055 15.55555534362793 0.0
 endloop
endfacet
facet normal 1.0 0.0 0.0
 outer loop
  vertex 32.29999923706055 11.049007415771484 18.12264633178711
  vertex 32.29999923706055 14.0 18.850000381469727
  vertex 32.29999923706055 14.679790496826172 22.220558166503906
 endloop
endfacet
facet normal 1.0 0.0 -0.0
 outer loop
  vertex 32.29999923706055 26.75126075744629 21.952529716491696
  vertex 32.29999923706055 26.908963775634763 23.476264858245848
  vertex 32.29999923706055 24.88888931274414 25.0
 endloop
endfacet
facet normal 1.0 0.0 0.0
 outer loop
  vertex 32.29999923706055 20.533187866210938 2.7496237754821777
  vertex 32.29999923706055 21.77777862548828 0.0
  vertex 32.29999923706055 24.88888931274414 0.0
 endloop
endfacet
facet normal 1.0 0.0 0.0
 outer loop
  vertex 32.29999923706055 3.1111111640930176 25.0
  vertex 32.29999923706055 0.0 25.0
  vertex 32.29999923706055 0.0 21.875
 endloop
endfacet
facet normal 0.0 0.0 -0.9999999999999999
 outer loop
  vertex 23.299999237060547 27.066666793823238 0.0
  vertex 24.19999923706055 27.06666679382324 0.0
  vertex 26.299999237060547 24.88888931274414 0.0
 endloop
endfacet
facet normal 0.0 -0.0 -1.0
 outer loop
  vertex 32.29999923706055 24.88888931274414 0.0
  vertex 32.29999923706055 21.77777862548828 0.0
  vertex 29.299999237060547 21.77777862548828 0.0
 endloop
endfacet
facet normal 0.0 -0.0 -1.0
 outer loop
  vertex 32.29999923706055 18.66666603088379 0.0
  vertex 32.29999923706055 15.55555534362793 0.0
  vertex 29.299999237060547 15.55555534362793 0.0
 endloop
endfacet
facet normal 0.0 0.0 -1.0
 outer loop
  vertex 14.300000190734863 15.55555534362793 0.0
  vertex 14.300000190734863 18.66666603088379 0.0
  vertex 17.299999237060547 18.66666603088379 0.0
 endloop
endfacet
facet normal 0.0 -0.0 -1.0
 outer loop
  vertex 32.29999923706055 12.44444465637207 0.0
  vertex 32.29999923706055 9.333333015441895 0.0
  vertex 29.299999237060547 9.333333015441895 0.0
 endloop
endfacet
facet normal 0.0 0.0 -1.0
 outer loop
  vertex 14.300000190734863 9.333333015441895 0.0
  vertex 14.300000190734863 12.44444465637207 0.0
  vertex 17.299999237060547 12.44444465637207 0.0
 endloop
endfacet
facet normal 0.0 0.0 -1.0
 outer loop
  vertex 14.300000190734863 3.1111111640930176 0.0
  vertex 14.300000190734863 6.222222328186035 0.0
  vertex 17.299999237060547 6.222222328186035 0.0
 endloop
endfacet
facet normal -1.0 0.0 0.0
 outer loop
  vertex 14.300000190734863 8.774052619934082 16.10721206665039
  vertex 14.300000190734863 7.696298599243164 13.26540756225586
  vertex 14.300000190734863 2.7113850116729736 13.973922729492188
 endloop
endfacet
facet normal -1.0 0.0 0.0
 outer loop
  vertex 14.300000190734863 13.330634117126465 22.24047088623047
  vertex 14.300000190734863 16.950992584228516 18.12264633178711
  vertex 14.300000190734863 14.0 18.850000381469727
 endloop
endfacet
facet normal -1.0 0.0 -0.0
 outer loop
  vertex 14.300000190734863 13.330634117126465 22.24047088623047
  vertex 14.300000190734863 14.0 18.850000381469727
  vertex 14.300000190734863 11.049007415771484 18.12264633178711
 endloop
endfacet
facet normal -1.0 0.0 0.0
 outer loop
  vertex 14.300000190734863 24.88888931274414 0.0
  vertex 14.300000190734863 21.77777862548828 0.0
  vertex 14.300000190734863 20.443218231201172 2.7165699005126953
 endloop
endfacet
facet normal -1.0 0.0 0.0
 outer loop
  vertex 14.300000190734863 3.1111111640930176 25.0
  vertex 14.300000190734863 6.222222328186035 25.0
  vertex 14.300000190734863 7.910694122314453 22.02340316772461
 endloop
endfacet
facet normal -1.0 0.0 0.0
 outer loop
  vertex 14.300000190734863 3.1111111640930176 0.0
  vertex 14.300000190734863 0.0 3.125
  vertex 14.300000190734863 2.645983934402466 5.086129188537598
 endloop
endfacet
facet normal -1.0 0.0 0.0
 outer loop
  vertex 14.300000190734863 7.513346195220947 2.740712881088257
  vertex 14.300000190734863 6.222222328186035 0.0
  vertex 14.300000190734863 3.1111111640930176 0.0
 endloop
endfacet
facet normal -1.0 0.0 0.0
 outer loop
  vertex 14.300000190734863 3.1111111640930176 0.0
  vertex 14.300000190734863 2.645983934402466 5.086129188537598
  vertex 14.300000190734863 7.513346195220947 2.740712881088257
 endloop
endfacet
facet normal -1.0 0.0 0.0
 outer loop
  vertex 14.300000190734863 2.645983934402466 5.086129188537598
  vertex 14.300000190734863 0.0 6.25
  vertex 14.300000190734863 0.0 9.375
 endloop
endfacet
facet normal -1.0 0.0 0.0
 outer loop
  vertex 14.300000190734863 24.88888931274414 25.0
  vertex 14.300000190734863 28.0 25.0
  vertex 14.300000190734863 28.0 21.875
 endloop
endfacet
facet normal -0.9999999999999999 0.0 -0.0
 outer loop
  vertex 14.300000190734863 24.88888931274414 25.0
  vertex 14.300000190734863 28.0 21.875
  vertex 14.300000190734863 23.567689895629883 22.498228073120117
 endloop
endfacet
facet normal 0.0 0.0 1.0
 outer loop
  vertex 26.299999237060547 24.88888931274414 25.0
  vertex 25.399999237060545 27.06666679382324 25.0
  vertex 23.299999237060547 27.066666793823238 25.0
 endloop
endfacet
facet normal 0.0 0.0 1.0
 outer loop
  vertex 14.300000190734863 24.88888931274414 25.0
  vertex 14.300000190734863 21.77777862548828 25.0
  vertex 17.299999237060547 21.77777862548828 25.0
 endloop
endfacet
facet normal 0.0 0.0 1.0
 outer loop
  vertex 14.300000190734863 18.66666603088379 25.0
  vertex 14.300000190734863 15.55555534362793 25.0
  vertex 17.299999237060547 15.55555534362793 25.0
 endloop
endfacet
facet normal 0.0 -0.0 1.0
 outer loop
  vertex 32.29999923706055 15.55555534362793 25.0
  vertex 32.29999923706055 18.66666603088379 25.0
  vertex 29.299999237060547 18.66666603088379 25.0
 endloop
endfacet
facet normal 0.0 0.0 1.0
 outer loop
  vertex 14.300000190734863 12.44444465637207 25.0
  vertex 14.300000190734863 9.333333015441895 25.0
  vertex 17.299999237060547 9.333333015441895 25.0
 endloop
endfacet
facet normal 0.0 -0.0 1.0
 outer loop
  vertex 32.29999923706055 9.333333015441895 25.0
  vertex 32.29999923706055 12.44444465637207 25.0
  vertex 29.299999237060547 12.44444465637207 25.0
 endloop
endfacet
facet normal 0.0 0.0 1.0
 outer loop
  vertex 26.299999237060547 3.1111111640930176 25.0
  vertex 26.299999237060547 0.0 25.0
  vertex 29.299999237060547 0.0 25.0
 endloop
endfacet
facet normal 0.0 -0.0 1.0
 outer loop
  vertex 32.29999923706055 3.1111111640930176 25.0
  vertex 32.29999923706055 6.222222328186035 25.0
  vertex 29.299999237060547 6.222222328186035 25.0
 endloop
endfacet
facet normal 0.0 0.0 1.0
 outer loop
  vertex 32.29999923706055 3.1111111640930176 25.0
  vertex 29.299999237060547 6.222222328186035 25.0
  vertex 26.299999237060547 3.1111111640930176 25.0
 endloop
endfacet
facet normal 0.0 0.0 1.0
 outer loop
  vertex 32.29999923706055 3.1111111640930176 25.0
  vertex 26.299999237060547 3.1111111640930176 25.0
  vertex 29.299999237060547 0.0 25.0
 endloop
endfacet
facet normal 0.0 -1.0 0.0
 outer loop
  vertex 32.29999923706055 0.0 21.875
  vertex 32.29999923706055 0.0 25.0
  vertex 29.299999237060547 0.0 25.0
 endloop
endfacet
facet normal 0.0 -1.0 0.0
 outer loop
  vertex 26.299999237060547 0.0 21.875
  vertex 29.299999237060547 0.0 18.75
  vertex 32.29999923706055 0.0 21.875
 endloop
endfacet
facet normal 0.0 -1.0 -0.0
 outer loop
  vertex 29.299999237060547 0.0 25.0
  vertex 26.299999237060547 0.0 21.875
  vertex 32.29999923706055 0.0 21.875
 endloop
endfacet
facet normal 0.0 -1.0 0.0
 outer loop
  vertex 26.299999237060547 0.0 21.875
  vertex 26.299999237060547 0.0 25.0
  vertex 23.299999237060547 0.0 25.0
 endloop
endfacet
facet normal 0.0 -1.0 -0.0
 outer loop
  vertex 23.299999237060547 0.0 25.0
  vertex 20.299999237060547 0.0 21.875
  vertex 26.299999237060547 0.0 21.875
 endloop
endfacet
facet normal 0.0 -1.0 0.0
 outer loop
  vertex 14.300000190734863 0.0 21.875
  vertex 14.300000190734863 0.0 18.75
  vertex 17.299999237060547 0.0 18.75
 endloop
endfacet
facet normal 0.0 -1.0 0.0
 outer loop
  vertex 20.299999237060547 0.0 21.875
  vertex 20.299999237060547 0.0 25.0
  vertex 17.299999237060547 0.0 25.0
 endloop
endfacet
facet normal 0.0 -1.0 0.0
 outer loop
  vertex 14.300000190734863 0.0 21.875
  vertex 17.299999237060547 0.0 18.75
  vertex 20.299999237060547 0.0 21.875
 endloop
endfacet
facet normal 0.0 -1.0 -0.0
 outer loop
  vertex 17.299999237060547 0.0 25.0
  vertex 14.300000190734863 0.0 21.875
  vertex 20.299999237060547 0.0 21.875
 endloop
endfacet
facet normal 0.0 -1.0 0.0
 outer loop
  vertex 32.29999923706055 0.0 15.625
  vertex 32.29999923706055 0.0 18.75
  vertex 29.299999237060547 0.0 18.75
 endloop
endfacet
facet normal 0.0 -1.0 0.0
 outer loop
  vertex 14.300000190734863 0.0 15.625
  vertex 14.300000190734863 0.0 12.5
  vertex 17.299999237060547 0.0 12.5
 endloop
endfacet
facet normal 0.0 -1.0 0.0
 outer loop
  vertex 32.29999923706055 0.0 9.375
  vertex 32.29999923706055 0.0 12.5
  vertex 29.299999237060547 0.0 12.5
 endloop
endfacet
facet normal 0.0 -1.0 0.0
 outer loop
  vertex 14.300000190734863 0.0 9.375
  vertex 14.300000190734863 0.0 6.25
  vertex 17.299999237060547 0.0 6.25
 endloop
endfacet
facet normal 0.0 -1.0 0.0
 outer loop
  vertex 32.29999923706055 0.0 3.125
  vertex 32.29999923706055 0.0 6.25
  vertex 29.299999237060547 0.0 6.25
 endloop
endfacet
facet normal 0.0 -1.0 0.0
 outer loop
  vertex 26.299999237060547 0.0 3.125
  vertex 26.299999237060547 0.0 0.0
  vertex 29.299999237060547 0.0 0.0
 endloop
endfacet
facet normal 0.0 -1.0 0.0
 outer loop
  vertex 32.29999923706055 0.0 3.125
  vertex 29.299999237060547 0.0 6.25
  vertex 26.299999237060547 0.0 3.125
 endloop
endfacet
facet normal -0.0 -1.0 0.0
 outer loop
  vertex 32.29999923706055 0.0 3.125
  vertex 26.299999237060547 0.0 3.125
  vertex 29.299999237060547 0.0 0.0
 endloop
endfacet
facet normal 0.0 -1.0 0.0
 outer loop
  vertex 20.299999237060547 0.0 3.125
  vertex 20.299999237060547 0.0 0.0
  vertex 23.299999237060547 0.0 0.0
 endloop
endfacet
facet normal -0.0 -1.0 0.0
 outer loop
  vertex 26.299999237060547 0.0 3.125
  vertex 20.299999237060547 0.0 3.125
  vertex 23.299999237060547 0.0 0.0
 endloop
endfacet
facet normal 0.0 -1.0 0.0
 outer loop
  vertex 14.300000190734863 0.0 3.125
  vertex 14.300000190734863 0.0 0.0
  vertex 17.299999237060547 0.0 0.0
 endloop
endfacet
facet normal 0.0 -1.0 0.0
 outer loop
  vertex 20.299999237060547 0.0 3.125
  vertex 17.299999237060547 0.0 6.25
  vertex 14.300000190734863 0.0 3.125
 endloop
endfacet
facet normal -0.0 -1.0 0.0
 outer loop
  vertex 20.299999237060547 0.0 3.125
  vertex 14.300000190734863 0.0 3.125
  vertex 17.299999237060547 0.0 0.0
 endloop
endfacet
facet normal -0.3148794466759171 0.9477481667482937 -5.122837579229862e-2
 outer loop
  vertex -30.218521275645873 27.613463910702666 23.45171258815385
  vertex -31.305065691451336 27.189718089469807 22.2907579437163
  vertex -32.29999923706055 26.924427318572995 23.498199748992917
 endloop
endfacet
facet normal -3.8216005255608093e-1 0.9199790332175282 -8.713364832529227e-2
 outer loop
  vertex -32.29999923706055 26.924427318572995 23.498199748992917
  vertex -32.29999923706055 27.066666793823238 25.0
  vertex -30.414931567199524 27.84972546556964 25.0
 endloop
endfacet
facet normal -3.1267626357318823e-1 0.9322749199783936 -0.1819258853961959
 outer loop
  vertex -30.218521275645873 27.613463910702666 23.45171258815385
  vertex -32.29999923706055 26.924427318572995 23.498199748992917
  vertex -30.414931567199524 27.84972546556964 25.0
 endloop
endfacet
facet normal -9.301198555799815e-2 0.9888778297484755 1.1605778032731756e-1
 outer loop
  vertex -18.725754396290544 28.462223854509187 22.171229382566707
  vertex -20.419095713760026 28.295570734089683 22.23411648807082
  vertex -21.041058002212548 28.04913462270382 23.835433169155017
 endloop
endfacet
facet normal -2.7594243907296777e-2 0.997298699177801 6.807247844357463e-2
 outer loop
  vertex -19.528148442186033 28.246939422607035 25.0
  vertex -17.69329194500867 28.39167561576544 23.623324115920017
  vertex -18.725754396290544 28.462223854509187 22.171229382566707
 endloop
endfacet
facet normal -0.1534771214038726 0.9876458271580705 3.163057544262669e-2
 outer loop
  vertex -19.528148442186033 28.246939422607035 25.0
  vertex -18.725754396290544 28.462223854509187 22.171229382566707
  vertex -21.041058002212548 28.04913462270382 23.835433169155017
 endloop
endfacet
facet normal -2.2273957883514445e-1 0.9656252583221588 -1.3399604662304965e-1
 outer loop
  vertex -29.240917065038303 27.952479071265305 24.269725168506927
  vertex -28.937271089520532 27.72555467569662 22.12967766696297
  vertex -30.218521275645873 27.613463910702666 23.45171258815385
 endloop
endfacet
facet normal -1.6899659954896923e-1 0.9794259195367674 -1.1029513806348523e-1
 outer loop
  vertex -22.492270839311374 27.92537599832511 2.387979493962018
  vertex -20.606042723607782 28.309936948009664 2.912778911701036
  vertex -20.27803666259184 28.202468416032755 1.455875393402659
 endloop
endfacet
facet normal -2.2619907142779613e-1 0.9598355291421578 -0.1659811347159563
 outer loop
  vertex -20.27803666259184 28.202468416032755 1.455875393402659
  vertex -21.257948298320855 27.719778478206344 0.0
  vertex -22.575820193096945 27.585251279651413 1.0180519270417612
 endloop
endfacet
facet normal -2.1298723214345108e-1 0.9512241087019374 -2.2317960025073208e-1
 outer loop
  vertex -20.27803666259184 28.202468416032755 1.455875393402659
  vertex -22.575820193096945 27.585251279651413 1.0180519270417612
  vertex -22.492270839311374 27.92537599832511 2.387979493962018
 endloop
endfacet
facet normal 0.1174457228271127 0.9917184353368217 -5.197159996289759e-2
 outer loop
  vertex 16.98518053847957 28.66930953345585 23.602220913276017
  vertex 18.80727143087424 28.526777176139873 25.0
  vertex 19.560348710843687 28.38022328265585 23.905277257417076
 endloop
endfacet
facet normal 9.899040513019787e-2 0.989746645486611 1.0296833221995998e-1
 outer loop
  vertex 16.98518053847957 28.66930953345585 23.602220913276017
  vertex 19.560348710843687 28.38022328265585 23.905277257417076
  vertex 17.923374291942103 28.718545005997566 22.22701340549101
 endloop
endfacet
facet normal -3.9322890276378736e-1 0.9098652474746475 1.3234901385762687e-1
 outer loop
  vertex -17.72710983116997 29.75420229886699 15.261213903007803
  vertex -16.59041679085865 30.301413251643737 14.87656674573496
  vertex -16.199878029588557 30.610065333847388 13.915013116678672
 endloop
endfacet
facet normal -0.4061622493885987 0.906469992640092 0.1155178757364653
 outer loop
  vertex -18.466328166377306 29.603914166584904 13.841425851956421
  vertex -17.72710983116997 29.75420229886699 15.261213903007803
  vertex -16.199878029588557 30.610065333847388 13.915013116678672
 endloop
endfacet
facet normal -2.1126354746534137e-1 0.9701425866748129 -1.1912629865929132e-1
 outer loop
  vertex -18.997545571795282 28.460492016251624 1.2862956479785128
  vertex -20.27803666259184 28.202468416032755 1.455875393402659
  vertex -20.606042723607782 28.309936948009664 2.912778911701036
 endloop
endfacet
facet normal -1.4684283368253678e-1 0.9846357503049298 9.449667410830344e-2
 outer loop
  vertex -22.95051912866963 27.779304779060077 23.6798025905811
  vertex -21.041058002212548 28.04913462270382 23.835433169155017
  vertex -20.419095713760026 28.295570734089683 22.23411648807082
 endloop
endfacet
facet normal 0.09194552467746 0.9568439807851691 -2.7567302538873384e-1
 outer loop
  vertex 15.922673982917122 29.224757155290416 6.047693164260478
  vertex 17.203428304359548 29.431018113673563 7.190783548687772
  vertex 18.386936873974165 28.920820911150347 5.814657591788877
 endloop
endfacet
facet normal 0.1075536101126846 0.9835093184194549 -1.4540165588406379e-1
 outer loop
  vertex 17.17839168627577 28.873422514238626 4.600089835401646
  vertex 15.922673982917122 29.224757155290416 6.047693164260478
  vertex 18.386936873974165 28.920820911150347 5.814657591788877
 endloop
endfacet
facet normal 2.1180103654049454e-1 0.9619261701077221 -0.1727378481464375
 outer loop
  vertex 24.061572775098313 27.532676184394905 2.5856378128440043
  vertex 23.70269833850369 27.375157392552254 1.2684312581870552
  vertex 22.411711822055395 27.660161505834143 1.272603087455376
 endloop
endfacet
facet normal 0.1850878184455152 0.9729701754799253 -1.3809973602307637e-1
 outer loop
  vertex 24.061572775098313 27.532676184394905 2.5856378128440043
  vertex 22.411711822055395 27.660161505834143 1.272603087455376
  vertex 21.79197871627726 27.966093925341692 2.5974287286553506
 endloop
endfacet
facet normal 8.652233716319765e-2 0.9918089493662644 9.396218988936225e-2
 outer loop
  vertex 14.178617168651789 31.05202092819942 13.170298009757554
  vertex 14.54848725685955 30.976484085317974 13.62703589920786
  vertex 14.85421553448247 31.017852411251784 12.908855521784503
 endloop
endfacet
facet normal 0.0950005174555921 0.988662424248228 1.1628203886579515e-1
 outer loop
  vertex 14.505017640475595 31.128067412882064 12.257065694098971
  vertex 14.178617168651789 31.05202092819942 13.170298009757554
  vertex 14.85421553448247 31.017852411251784 12.908855521784503
 endloop
endfacet
facet normal -4.3041148384649275e-1 0.747237958002224 -0.5063411781533541
 outer loop
  vertex 14.448304928422985 31.215012614635246 9.720518657016292
  vertex 14.479054134115158 30.962665234983618 9.321976407967677
  vertex 14.070772265779743 30.810915424122868 9.445087046945126
 endloop
endfacet
facet normal -0.5123399432841518 0.756150112228956 -0.4071176614834212
 outer loop
  vertex 14.448304928422985 31.215012614635246 9.720518657016292
  vertex 14.070772265779743 30.810915424122868 9.445087046945126
  vertex 14.061203709253453 31.13445284961086 10.058043049373836
 endloop
endfacet
facet normal 0.7601453590356018 0.6173774154769591 -2.0254421738382572e-1
 outer loop
  vertex -12.48080052068744 29.961138479232687 8.799823596503956
  vertex -11.768571729617378 29.468519625972004 9.971250056991432
  vertex -11.438110937762387 28.74783489833533 9.014736759536438
 endloop
endfacet
facet normal 0.744995169290122 0.6536980455161254 -1.3289493226899277e-1
 outer loop
  vertex -11.438110937762387 28.74783489833533 9.014736759536438
  vertex -11.671005887603142 28.76464679605842 7.791848082551522
  vertex -12.309211718297 29.505008435275204 7.855903916028932
 endloop
endfacet
facet normal 0.7623230178538846 0.626082565411146 -1.6396413552464414e-1
 outer loop
  vertex -12.48080052068744 29.961138479232687 8.799823596503956
  vertex -11.438110937762387 28.74783489833533 9.014736759536438
  vertex -12.309211718297 29.505008435275204 7.855903916028932
 endloop
endfacet
facet normal 1.6938940528470844e-1 0.9491393133324147 0.2654087286887244
 outer loop
  vertex 15.83671277973414 30.198326757942976 15.406429878030231
  vertex 14.918200672453652 30.556757210323873 14.710845317705902
  vertex 14.167411663254496 30.370178071067894 15.857248080649546
 endloop
endfacet
facet normal 1.3191201647124867e-1 0.9695852116283049 2.0616434537083309e-1
 outer loop
  vertex 14.167411663254496 30.370178071067894 15.857248080649546
  vertex 14.669297872914285 30.052828418005962 17.02860827940025
  vertex 15.704168068978037 29.97662745883156 16.724828830491546
 endloop
endfacet
facet normal 1.4833836085537094e-1 0.972697600131674 1.7847999718966756e-1
 outer loop
  vertex 14.167411663254496 30.370178071067894 15.857248080649546
  vertex 15.704168068978037 29.97662745883156 16.724828830491546
  vertex 15.83671277973414 30.198326757942976 15.406429878030231
 endloop
endfacet
facet normal 0.4165222876245993 0.908839255191006 2.281210502843205e-2
 outer loop
  vertex 15.23136011662021 30.927139698852923 11.803560321394052
  vertex 15.392583714031451 30.833302263974556 12.598310423960031
  vertex 16.039430413131605 30.52592011831146 13.033820143885519
 endloop
endfacet
facet normal 4.0468478968776767e-1 0.9142729300395659 -1.8309297972179617e-2
 outer loop
  vertex 16.782091159697398 30.223433368843704 10.93938834609628
  vertex 15.717331886151275 30.688906851755085 10.648712121694373
  vertex 15.23136011662021 30.927139698852923 11.803560321394052
 endloop
endfacet
facet normal -2.6014447871114366e-1 0.9286254447792549 2.6453663924802234e-1
 outer loop
  vertex 12.906814787471527 29.17246766401096 18.744158597579887
  vertex 13.533998153894375 29.027380617834385 19.87024008689112
  vertex 14.162076976022025 29.345888332244783 19.36980608060606
 endloop
endfacet
facet normal 0.0 0.0 0.9999999999999999
 outer loop
  vertex -26.299999237060547 24.88888931274414 25.0
  vertex -27.313073712587354 28.303039622306823 25.0
  vertex -29.299999237060547 28.0 25.0
 endloop
endfacet
facet normal 0.0 0.0 1.0
 outer loop
  vertex -26.299999237060547 24.88888931274414 25.0
  vertex -29.299999237060547 28.0 25.0
  vertex -32.29999923706055 24.88888931274414 25.0
 endloop
endfacet
facet normal 0.0 0.0 1.0
 outer loop
  vertex -29.299999237060547 12.44444465637207 25.0
  vertex -32.29999923706055 9.333333015441895 25.0
  vertex -29.299999237060547 6.222222328186035 25.0
 endloop
endfacet
facet normal 0.0 0.0 1.0
 outer loop
  vertex -20.299999237060547 3.1111111640930176 25.0
  vertex -20.299999237060547 0.0 25.0
  vertex -17.299999237060547 0.0 25.0
 endloop
endfacet
facet normal -0.0 0.0 1.0
 outer loop
  vertex -20.299999237060547 3.1111111640930176 25.0
  vertex -17.299999237060547 0.0 25.0
  vertex -14.300000190734863 3.1111111640930176 25.0
 endloop
endfacet
facet normal 0.0 0.0 1.0
 outer loop
  vertex -26.299999237060547 3.1111111640930176 25.0
  vertex -26.299999237060547 0.0 25.0
  vertex -23.299999237060547 0.0 25.0
 endloop
endfacet
facet normal -0.0 0.0 1.0
 outer loop
  vertex -26.299999237060547 3.1111111640930176 25.0
  vertex -23.299999237060547 0.0 25.0
  vertex -20.299999237060547 3.1111111640930176 25.0
 endloop
endfacet
facet normal 0.0 0.0 -1.0
 outer loop
  vertex -28.39999923706055 27.06666679382324 0.0
  vertex -26.299999237060547 28.0 0.0
  vertex -23.299999237060547 27.066666793823238 0.0
 endloop
endfacet
facet normal 0.0 0.0 -1.0
 outer loop
  vertex -29.299999237060547 21.77777862548828 0.0
  vertex -29.299999237060547 27.066666793823238 0.0
  vertex -28.39999923706055 27.06666679382324 0.0
 endloop
endfacet
facet normal 0.0 0.0 -1.0
 outer loop
  vertex -22.39999923706055 27.06666679382324 0.0
  vertex -20.299999237060547 28.0 0.0
  vertex -17.299999237060547 28.0 0.0
 endloop
endfacet
facet normal 0.0 0.0 -1.0
 outer loop
  vertex -23.299999237060547 21.77777862548828 0.0
  vertex -23.299999237060547 27.066666793823238 0.0
  vertex -22.39999923706055 27.06666679382324 0.0
 endloop
endfacet
facet normal 0.0 0.0 -1.0
 outer loop
  vertex -17.299999237060547 28.0 0.0
  vertex -14.300000190734863 24.88888931274414 0.0
  vertex -17.299999237060547 21.77777862548828 0.0
 endloop
endfacet
facet normal 0.0 -0.0 -1.0
 outer loop
  vertex -26.299999237060547 3.1111111640930176 0.0
  vertex -26.299999237060547 0.0 0.0
  vertex -29.299999237060547 0.0 0.0
 endloop
endfacet
facet normal -0.0 0.0 -1.0
 outer loop
  vertex -26.299999237060547 3.1111111640930176 0.0
  vertex -29.299999237060547 0.0 0.0
  vertex -32.29999923706055 3.1111111640930176 0.0
 endloop
endfacet
facet normal 0.0 0.0 -1.0
 outer loop
  vertex -26.299999237060547 3.1111111640930176 0.0
  vertex -32.29999923706055 3.1111111640930176 0.0
  vertex -32.29999923706055 6.222222328186035 0.0
 endloop
endfacet
facet normal 0.0 -0.0 -1.0
 outer loop
  vertex -20.299999237060547 3.1111111640930176 0.0
  vertex -20.299999237060547 0.0 0.0
  vertex -23.299999237060547 0.0 0.0
 endloop
endfacet
facet normal -0.0 0.0 -1.0
 outer loop
  vertex -20.299999237060547 3.1111111640930176 0.0
  vertex -23.299999237060547 0.0 0.0
  vertex -26.299999237060547 3.1111111640930176 0.0
 endloop
endfacet
facet normal 0.0 -0.0 -1.0
 outer loop
  vertex -14.300000190734863 3.1111111640930176 0.0
  vertex -14.300000190734863 0.0 0.0
  vertex -17.299999237060547 0.0 0.0
 endloop
endfacet
facet normal -0.0 0.0 -1.0
 outer loop
  vertex -14.300000190734863 3.1111111640930176 0.0
  vertex -17.299999237060547 0.0 0.0
  vertex -20.299999237060547 3.1111111640930176 0.0
 endloop
endfacet
facet normal 0.0 0.0 -1.0
 outer loop
  vertex -20.299999237060547 3.1111111640930176 0.0
  vertex -14.300000190734863 6.222222328186035 0.0
  vertex -14.300000190734863 3.1111111640930176 0.0
 endloop
endfacet
facet normal 1.0 0.0 0.0
 outer loop
  vertex -14.300000190734863 0.0 15.625
  vertex -14.300000190734863 0.0 12.5
  vertex -14.300000190734863 2.242518663406372 11.071958541870117
 endloop
endfacet
facet normal 1.0 0.0 -0.0
 outer loop
  vertex -14.300000190734863 28.0 9.375
  vertex -14.300000190734863 28.0 12.5
  vertex -14.300000190734863 25.290517807006836 13.973979949951172
 endloop
endfacet
facet normal 1.0 0.0 0.0
 outer loop
  vertex -14.300000190734863 24.765180587768555 8.083342552185059
  vertex -14.300000190734863 28.0 9.375
  vertex -14.300000190734863 25.290517807006836 13.973979949951172
 endloop
endfacet
facet normal 0.9999999999999999 0.0 -0.0
 outer loop
  vertex -14.300000190734863 24.765180587768555 8.083342552185059
  vertex -14.300000190734863 25.290517807006836 13.973979949951172
  vertex -14.300000190734863 20.303701400756836 13.26540756225586
 endloop
endfacet
facet normal 1.0 0.0 0.0
 outer loop
  vertex -14.300000190734863 7.5567827224731445 2.7165699005126953
  vertex -14.300000190734863 9.333333015441895 0.0
  vertex -14.300000190734863 12.44444465637207 0.0
 endloop
endfacet
facet normal 0.9999999999999999 -0.0 0.0
 outer loop
  vertex -14.300000190734863 7.5567827224731445 2.7165699005126953
  vertex -14.300000190734863 12.44444465637207 0.0
  vertex -14.300000190734863 12.480345726013184 6.334519386291504
 endloop
endfacet
facet normal 1.0 0.0 0.0
 outer loop
  vertex -14.300000190734863 7.5567827224731445 2.7165699005126953
  vertex -14.300000190734863 12.480345726013184 6.334519386291504
  vertex -14.300000190734863 9.78917121887207 7.746956825256348
 endloop
endfacet
facet normal 1.0 0.0 0.0
 outer loop
  vertex -14.300000190734863 15.55555534362793 0.0
  vertex -14.300000190734863 18.66666603088379 0.0
  vertex -14.300000190734863 20.486900329589844 2.7400476932525635
 endloop
endfacet
facet normal 1.0 0.0 0.0
 outer loop
  vertex -14.300000190734863 20.486900329589844 2.7400476932525635
  vertex -14.300000190734863 18.21082878112793 7.746956825256348
  vertex -14.300000190734863 15.519654273986816 6.334519386291504
 endloop
endfacet
facet normal 1.0 0.0 -0.0
 outer loop
  vertex -14.300000190734863 15.55555534362793 0.0
  vertex -14.300000190734863 20.486900329589844 2.7400476932525635
  vertex -14.300000190734863 15.519654273986816 6.334519386291504
 endloop
endfacet
facet normal 1.0 0.0 0.0
 outer loop
  vertex -14.300000190734863 15.55555534362793 0.0
  vertex -14.300000190734863 15.519654273986816 6.334519386291504
  vertex -14.300000190734863 12.480345726013184 6.334519386291504
 endloop
endfacet
facet normal 1.0 0.0 0.0
 outer loop
  vertex -14.300000190734863 15.55555534362793 0.0
  vertex -14.300000190734863 12.480345726013184 6.334519386291504
  vertex -14.300000190734863 12.44444465637207 0.0
 endloop
endfacet
facet normal 1.0 0.0 -0.0
 outer loop
  vertex -14.300000190734863 8.774052619934082 16.10721206665039
  vertex -14.300000190734863 11.049007415771484 18.12264633178711
  vertex -14.300000190734863 5.252862930297852 19.636425018310547
 endloop
endfacet
facet normal 1.0 0.0 -0.0
 outer loop
  vertex -14.300000190734863 20.303701400756836 13.26540756225586
  vertex -14.300000190734863 25.290517807006836 13.973979949951172
  vertex -14.300000190734863 19.225948333740234 16.10721206665039
 endloop
endfacet
facet normal 1.0 0.0 0.0
 outer loop
  vertex -14.300000190734863 14.673680305480957 22.241445541381836
  vertex -14.300000190734863 14.0 18.850000381469727
  vertex -14.300000190734863 16.950992584228516 18.12264633178711
 endloop
endfacet
facet normal 1.0 0.0 0.0
 outer loop
  vertex -14.300000190734863 18.66666603088379 25.0
  vertex -14.300000190734863 15.55555534362793 25.0
  vertex -14.300000190734863 14.673680305480957 22.241445541381836
 endloop
endfacet
facet normal 1.0 0.0 0.0
 outer loop
  vertex -14.300000190734863 20.115598678588867 22.002361297607422
  vertex -14.300000190734863 18.66666603088379 25.0
  vertex -14.300000190734863 14.673680305480957 22.241445541381836
 endloop
endfacet
facet normal 1.0 0.0 0.0
 outer loop
  vertex -14.300000190734863 20.115598678588867 22.002361297607422
  vertex -14.300000190734863 14.673680305480957 22.241445541381836
  vertex -14.300000190734863 16.950992584228516 18.12264633178711
 endloop
endfacet
facet normal -1.0 0.0 -0.0
 outer loop
  vertex -32.29999923706055 27.019007301330564 8.983461284637452
  vertex -32.29999923706055 28.0 6.25
  vertex -32.29999923706055 25.384126663208008 5.097994804382324
 endloop
endfacet
facet normal -1.0 0.0 0.0
 outer loop
  vertex -32.29999923706055 20.441083908081055 2.7299938201904297
  vertex -32.29999923706055 18.66666603088379 0.0
  vertex -32.29999923706055 15.55555534362793 0.0
 endloop
endfacet
facet normal -1.0 0.0 0.0
 outer loop
  vertex -32.29999923706055 15.519654273986816 6.334519386291504
  vertex -32.29999923706055 18.21082878112793 7.746956825256348
  vertex -32.29999923706055 20.441083908081055 2.7299938201904297
 endloop
endfacet
facet normal -1.0 0.0 0.0
 outer loop
  vertex -32.29999923706055 15.519654273986816 6.334519386291504
  vertex -32.29999923706055 20.441083908081055 2.7299938201904297
  vertex -32.29999923706055 15.55555534362793 0.0
 endloop
endfacet
facet normal -1.0 0.0 0.0
 outer loop
  vertex -32.29999923706055 12.480345726013184 6.334519386291504
  vertex -32.29999923706055 15.519654273986816 6.334519386291504
  vertex -32.29999923706055 15.55555534362793 0.0
 endloop
endfacet
facet normal -1.0 0.0 -0.0
 outer loop
  vertex -32.29999923706055 12.480345726013184 6.334519386291504
  vertex -32.29999923706055 15.55555534362793 0.0
  vertex -32.29999923706055 12.44444465637207 0.0
 endloop
endfacet
facet normal -1.0 0.0 0.0
 outer loop
  vertex -32.29999923706055 9.333333015441895 25.0
  vertex -32.29999923706055 12.44444465637207 25.0
  vertex -32.29999923706055 10.922955513000488 20.530838012695313
 endloop
endfacet
facet normal -1.0 0.0 0.0
 outer loop
  vertex -32.29999923706055 6.222222328186035 0.0
  vertex -32.29999923706055 5.3456926345825195 5.328474998474121
  vertex -32.29999923706055 8.75825309753418 5.586051940917969
 endloop
endfacet
facet normal -1.0 0.0 0.0
 outer loop
  vertex -32.29999923706055 9.333333015441895 0.0
  vertex -32.29999923706055 6.222222328186035 0.0
  vertex -32.29999923706055 8.75825309753418 5.586051940917969
 endloop
endfacet
facet normal -1.0 0.0 0.0
 outer loop
  vertex -32.29999923706055 8.75825309753418 5.586051940917969
  vertex -32.29999923706055 12.480345726013184 6.334519386291504
  vertex -32.29999923706055 12.44444465637207 0.0
 endloop
endfacet
facet normal -1.0 0.0 0.0
 outer loop
  vertex -32.29999923706055 8.75825309753418 5.586051940917969
  vertex -32.29999923706055 12.44444465637207 0.0
  vertex -32.29999923706055 9.333333015441895 0.0
 endloop
endfacet
facet normal -1.0 0.0 -0.0
 outer loop
  vertex -32.29999923706055 5.3456926345825195 5.328474998474121
  vertex -32.29999923706055 6.222222328186035 0.0
  vertex -32.29999923706055 3.1111111640930176 0.0
 endloop
endfacet
facet normal -0.9999999999999999 0.0 0.0
 outer loop
  vertex -32.29999923706055 3.1111111640930176 0.0
  vertex -32.29999923706055 0.0 3.125
  vertex -32.29999923706055 5.3456926345825195 5.328474998474121
 endloop
endfacet
facet normal -1.0 0.0 0.0
 outer loop
  vertex -9.0 127.50333404541016 25.0
  vertex -9.0 130.61444091796875 25.0
  vertex -9.0 131.49176025390625 22.24632453918457
 endloop
endfacet
facet normal -0.9999999999999999 0.0 -0.0
 outer loop
  vertex -9.0 146.1699981689453 15.625
  vertex -9.0 146.1699981689453 12.5
  vertex -9.0 143.9275360107422 11.072274208068848
 endloop
endfacet
facet normal -1.0 0.0 0.0
 outer loop
  vertex -9.0 138.618408203125 2.72725772857666
  vertex -9.0 136.836669921875 0.0
  vertex -9.0 133.72555541992188 0.0
 endloop
endfacet
facet normal -1.0 0.0 0.0
 outer loop
  vertex -9.0 133.6896514892578 6.334519386291504
  vertex -9.0 136.38082885742188 7.746956825256348
  vertex -9.0 138.618408203125 2.72725772857666
 endloop
endfacet
facet normal -0.9999999999999999 0.0 0.0
 outer loop
  vertex -9.0 133.6896514892578 6.334519386291504
  vertex -9.0 138.618408203125 2.72725772857666
  vertex -9.0 133.72555541992188 0.0
 endloop
endfacet
facet normal -1.0 0.0 -0.0
 outer loop
  vertex -9.0 133.6896514892578 6.334519386291504
  vertex -9.0 133.72555541992188 0.0
  vertex -9.0 130.61444091796875 0.0
 endloop
endfacet
facet normal -1.0 -0.0 0.0
 outer loop
  vertex -9.0 133.6896514892578 6.334519386291504
  vertex -9.0 130.61444091796875 0.0
  vertex -9.0 130.6503448486328 6.334519386291504
 endloop
endfacet
facet normal -1.0 0.0 0.0
 outer loop
  vertex -9.0 130.61444091796875 0.0
  vertex -9.0 127.50333404541016 0.0
  vertex -9.0 125.68707275390625 2.731520414352417
 endloop
endfacet
facet normal -1.0 0.0 0.0
 outer loop
  vertex -9.0 125.68707275390625 2.731520414352417
  vertex -9.0 127.95916748046875 7.746956825256348
  vertex -9.0 130.6503448486328 6.334519386291504
 endloop
endfacet
facet normal -1.0 0.0 0.0
 outer loop
  vertex -9.0 130.61444091796875 0.0
  vertex -9.0 125.68707275390625 2.731520414352417
  vertex -9.0 130.6503448486328 6.334519386291504
 endloop
endfacet
facet normal -1.0 0.0 0.0
 outer loop
  vertex -9.0 136.836669921875 25.0
  vertex -9.0 139.94778442382813 25.0
  vertex -9.0 141.73768615722656 22.498228073120117
 endloop
endfacet
facet normal -1.0 0.0 0.0
 outer loop
  vertex -9.0 131.49176025390625 22.24632453918457
  vertex -9.0 133.72555541992188 25.0
  vertex -9.0 136.836669921875 25.0
 endloop
endfacet
facet normal -0.9999999999999999 0.0 0.0
 outer loop
  vertex -9.0 143.9275360107422 11.072274208068848
  vertex -9.0 146.1699981689453 9.375
  vertex -9.0 146.1699981689453 6.25
 endloop
endfacet
facet normal 0.0 0.0 -1.0
 outer loop
  vertex 3.0 143.0588836669922 0.0
  vertex 3.0 146.1699981689453 0.0
  vertex 6.0 146.1699981689453 0.0
 endloop
endfacet
facet normal 0.0 0.0 -1.0
 outer loop
  vertex 3.0 143.0588836669922 0.0
  vertex 6.0 146.1699981689453 0.0
  vertex 9.0 143.0588836669922 0.0
 endloop
endfacet
facet normal 0.0 0.0 -1.0
 outer loop
  vertex -3.0 143.0588836669922 0.0
  vertex -3.0 146.1699981689453 0.0
  vertex 0.0 146.1699981689453 0.0
 endloop
endfacet
facet normal 0.0 0.0 -1.0
 outer loop
  vertex -3.0 143.0588836669922 0.0
  vertex 0.0 146.1699981689453 0.0
  vertex 3.0 143.0588836669922 0.0
 endloop
endfacet
facet normal 1.0 0.0 0.0
 outer loop
  vertex 9.0 118.16999816894531 15.625
  vertex 9.0 118.16999816894531 12.5
  vertex 9.0 120.41593170166016 11.074509620666504
 endloop
endfacet
facet normal 1.0 0.0 0.0
 outer loop
  vertex 9.0 125.72166442871094 2.7274327278137207
  vertex 9.0 127.50333404541016 0.0
  vertex 9.0 130.61444091796875 0.0
 endloop
endfacet
facet normal 0.9999999999999999 0.0 0.0
 outer loop
  vertex 9.0 130.6503448486328 6.334519386291504
  vertex 9.0 127.95916748046875 7.746956825256348
  vertex 9.0 125.72166442871094 2.7274327278137207
 endloop
endfacet
facet normal 1.0 0.0 0.0
 outer loop
  vertex 9.0 130.6503448486328 6.334519386291504
  vertex 9.0 125.72166442871094 2.7274327278137207
  vertex 9.0 130.61444091796875 0.0
 endloop
endfacet
facet normal 1.0 0.0 0.0
 outer loop
  vertex 9.0 130.6503448486328 6.334519386291504
  vertex 9.0 130.61444091796875 0.0
  vertex 9.0 133.72555541992188 0.0
 endloop
endfacet
facet normal 1.0 -0.0 0.0
 outer loop
  vertex 9.0 130.6503448486328 6.334519386291504
  vertex 9.0 133.72555541992188 0.0
  vertex 9.0 133.6896514892578 6.334519386291504
 endloop
endfacet
facet normal 1.0 0.0 0.0
 outer loop
  vertex 9.0 142.91720581054688 8.084113121032715
  vertex 9.0 146.1699981689453 9.375
  vertex 9.0 143.45413208007813 13.978645324707031
 endloop
endfacet
facet normal 1.0 -0.0 0.0
 outer loop
  vertex 9.0 138.1073455810547 10.248258590698242
  vertex 9.0 142.91720581054688 8.084113121032715
  vertex 9.0 143.45413208007813 13.978645324707031
 endloop
endfacet
facet normal 1.0 0.0 0.0
 outer loop
  vertex 9.0 138.1073455810547 10.248258590698242
  vertex 9.0 143.45413208007813 13.978645324707031
  vertex 9.0 138.47369384765625 13.26540756225586
 endloop
endfacet
facet normal 0.0 0.0 1.0
 outer loop
  vertex -6.0 146.1699981689453 25.0
  vertex -9.0 146.1699981689453 25.0
  vertex -9.0 143.0588836669922 25.0
 endloop
endfacet
facet normal -0.0 0.0 1.0
 outer loop
  vertex -9.0 143.0588836669922 25.0
  vertex -6.0 139.94778442382813 25.0
  vertex -3.0 143.0588836669922 25.0
 endloop
endfacet
facet normal 0.0 0.0 1.0
 outer loop
  vertex -6.0 146.1699981689453 25.0
  vertex -9.0 143.0588836669922 25.0
  vertex -3.0 143.0588836669922 25.0
 endloop
endfacet
facet normal 0.0 0.0 1.0
 outer loop
  vertex 0.0 146.1699981689453 25.0
  vertex -3.0 146.1699981689453 25.0
  vertex -3.0 143.0588836669922 25.0
 endloop
endfacet
facet normal 0.0 0.0 1.0
 outer loop
  vertex 0.0 146.1699981689453 25.0
  vertex -3.0 143.0588836669922 25.0
  vertex 3.0 143.0588836669922 25.0
 endloop
endfacet
facet normal 0.0 0.0 1.0
 outer loop
  vertex 9.0 136.836669921875 25.0
  vertex 6.0 139.94778442382813 25.0
  vertex 3.0 136.836669921875 25.0
 endloop
endfacet
facet normal 1.0 0.0 0.0
 outer loop
  vertex 32.29999923706055 0.0 15.625
  vertex 32.29999923706055 0.0 12.5
  vertex 32.29999923706055 2.242525815963745 11.071964263916016
 endloop
endfacet
facet normal 1.0 0.0 0.0
 outer loop
  vertex 32.29999923706055 15.55555534362793 0.0
  vertex 32.29999923706055 18.66666603088379 0.0
  vertex 32.29999923706055 20.533187866210938 2.7496237754821777
 endloop
endfacet
facet normal 1.0 0.0 0.0
 outer loop
  vertex 32.29999923706055 15.519654273986816 6.334519386291504
  vertex 32.29999923706055 12.480345726013184 6.334519386291504
  vertex 32.29999923706055 10.787336349487305 2.9328794479370117
 endloop
endfacet
facet normal 1.0 0.0 0.0
 outer loop
  vertex 32.29999923706055 20.533187866210938 2.7496237754821777
  vertex 32.29999923706055 18.21082878112793 7.746956825256348
  vertex 32.29999923706055 15.519654273986816 6.334519386291504
 endloop
endfacet
facet normal 0.9999999999999999 0.0 -0.0
 outer loop
  vertex 32.29999923706055 15.55555534362793 0.0
  vertex 32.29999923706055 20.533187866210938 2.7496237754821777
  vertex 32.29999923706055 15.519654273986816 6.334519386291504
 endloop
endfacet
facet normal 0.9999999999999999 0.0 0.0
 outer loop
  vertex 32.29999923706055 15.55555534362793 0.0
  vertex 32.29999923706055 15.519654273986816 6.334519386291504
  vertex 32.29999923706055 10.787336349487305 2.9328794479370117
 endloop
endfacet
facet normal 1.0 0.0 -0.0
 outer loop
  vertex 32.29999923706055 8.774052619934082 16.10721206665039
  vertex 32.29999923706055 11.049007415771484 18.12264633178711
  vertex 32.29999923706055 5.252862930297852 19.636425018310547
 endloop
endfacet
facet normal 1.0 0.0 0.0
 outer loop
  vertex 32.29999923706055 6.222222328186035 0.0
  vertex 32.29999923706055 9.333333015441895 0.0
  vertex 32.29999923706055 10.787336349487305 2.9328794479370117
 endloop
endfacet
facet normal 0.9999999999999999 0.0 0.0
 outer loop
  vertex 32.29999923706055 14.679790496826172 22.220558166503906
  vertex 32.29999923706055 14.0 18.850000381469727
  vertex 32.29999923706055 16.950992584228516 18.12264633178711
 endloop
endfacet
facet normal 1.0 0.0 0.0
 outer loop
  vertex 32.29999923706055 18.66666603088379 25.0
  vertex 32.29999923706055 15.55555534362793 25.0
  vertex 32.29999923706055 14.679790496826172 22.220558166503906
 endloop
endfacet
facet normal -0.9999999999999999 0.0 -0.0
 outer loop
  vertex 14.300000190734863 28.0 15.625
  vertex 14.300000190734863 28.0 12.5
  vertex 14.300000190734863 25.75748062133789 11.071958541870117
 endloop
endfacet
facet normal -1.0 0.0 0.0
 outer loop
  vertex 14.300000190734863 12.44444465637207 0.0
  vertex 14.300000190734863 9.333333015441895 0.0
  vertex 14.300000190734863 7.513346195220947 2.740712881088257
 endloop
endfacet
facet normal -1.0 0.0 0.0
 outer loop
  vertex 14.300000190734863 7.513346195220947 2.740712881088257
  vertex 14.300000190734863 9.78917121887207 7.746956825256348
  vertex 14.300000190734863 12.480345726013184 6.334519386291504
 endloop
endfacet
facet normal -1.0 0.0 0.0
 outer loop
  vertex 14.300000190734863 12.44444465637207 0.0
  vertex 14.300000190734863 7.513346195220947 2.740712881088257
  vertex 14.300000190734863 12.480345726013184 6.334519386291504
 endloop
endfacet
facet normal -1.0 0.0 0.0
 outer loop
  vertex 14.300000190734863 12.44444465637207 0.0
  vertex 14.300000190734863 12.480345726013184 6.334519386291504
  vertex 14.300000190734863 15.519654273986816 6.334519386291504
 endloop
endfacet
facet normal -1.0 0.0 0.0
 outer loop
  vertex 14.300000190734863 12.44444465637207 0.0
  vertex 14.300000190734863 15.519654273986816 6.334519386291504
  vertex 14.300000190734863 15.55555534362793 0.0
 endloop
endfacet
facet normal -1.0 0.0 0.0
 outer loop
  vertex 14.300000190734863 20.443218231201172 2.7165699005126953
  vertex 14.300000190734863 18.66666603088379 0.0
  vertex 14.300000190734863 15.55555534362793 0.0
 endloop
endfacet
facet normal -1.0 -0.0 0.0
 outer loop
  vertex 14.300000190734863 20.443218231201172 2.7165699005126953
  vertex 14.300000190734863 15.55555534362793 0.0
  vertex 14.300000190734863 15.519654273986816 6.334519386291504
 endloop
endfacet
facet normal -1.0 0.0 0.0
 outer loop
  vertex 14.300000190734863 20.443218231201172 2.7165699005126953
  vertex 14.300000190734863 15.519654273986816 6.334519386291504
  vertex 14.300000190734863 18.21082878112793 7.746956825256348
 endloop
endfacet
facet normal -1.0 0.0 0.0
 outer loop
  vertex 14.300000190734863 9.333333015441895 25.0
  vertex 14.300000190734863 12.44444465637207 25.0
  vertex 14.300000190734863 13.330634117126465 22.24047088623047
 endloop
endfacet
facet normal -1.0 0.0 0.0
 outer loop
  vertex 14.300000190734863 13.330634117126465 22.24047088623047
  vertex 14.300000190734863 11.049007415771484 18.12264633178711
  vertex 14.300000190734863 7.910694122314453 22.02340316772461
 endloop
endfacet
facet normal -0.9999999999999999 0.0 -0.0
 outer loop
  vertex 14.300000190734863 9.333333015441895 25.0
  vertex 14.300000190734863 13.330634117126465 22.24047088623047
  vertex 14.300000190734863 7.910694122314453 22.02340316772461
 endloop
endfacet
facet normal -1.0 0.0 0.0
 outer loop
  vertex 14.300000190734863 18.66666603088379 25.0
  vertex 14.300000190734863 21.77777862548828 25.0
  vertex 14.300000190734863 23.567689895629883 22.498228073120117
 endloop
endfacet
facet normal -1.0 0.0 0.0
 outer loop
  vertex 14.300000190734863 13.330634117126465 22.24047088623047
  vertex 14.300000190734863 15.55555534362793 25.0
  vertex 14.300000190734863 18.66666603088379 25.0
 endloop
endfacet
facet normal -1.0 0.0 0.0
 outer loop
  vertex 14.300000190734863 0.0 9.375
  vertex 14.300000190734863 0.0 12.5
  vertex 14.300000190734863 2.7113850116729736 13.973922729492188
 endloop
endfacet
facet normal 0.0 0.0 1.0
 outer loop
  vertex 22.39999923706055 27.06666679382324 25.0
  vertex 20.299999237060547 28.0 25.0
  vertex 17.299999237060547 28.0 25.0
 endloop
endfacet
facet normal 0.0 0.0 1.0
 outer loop
  vertex 17.299999237060547 28.0 25.0
  vertex 14.300000190734863 24.88888931274414 25.0
  vertex 17.299999237060547 21.77777862548828 25.0
 endloop
endfacet
facet normal 0.0 0.0 1.0
 outer loop
  vertex 29.299999237060547 12.44444465637207 25.0
  vertex 32.29999923706055 15.55555534362793 25.0
  vertex 29.299999237060547 18.66666603088379 25.0
 endloop
endfacet
facet normal 0.0 0.0 1.0
 outer loop
  vertex 29.299999237060547 6.222222328186035 25.0
  vertex 32.29999923706055 9.333333015441895 25.0
  vertex 29.299999237060547 12.44444465637207 25.0
 endloop
endfacet
facet normal 0.0 0.0 1.0
 outer loop
  vertex 20.299999237060547 3.1111111640930176 25.0
  vertex 20.299999237060547 0.0 25.0
  vertex 23.299999237060547 0.0 25.0
 endloop
endfacet
facet normal -0.0 0.0 1.0
 outer loop
  vertex 20.299999237060547 3.1111111640930176 25.0
  vertex 23.299999237060547 0.0 25.0
  vertex 26.299999237060547 3.1111111640930176 25.0
 endloop
endfacet
facet normal 0.0 0.0 1.0
 outer loop
  vertex 14.300000190734863 3.1111111640930176 25.0
  vertex 14.300000190734863 0.0 25.0
  vertex 17.299999237060547 0.0 25.0
 endloop
endfacet
facet normal -0.0 0.0 1.0
 outer loop
  vertex 14.300000190734863 3.1111111640930176 25.0
  vertex 17.299999237060547 0.0 25.0
  vertex 20.299999237060547 3.1111111640930176 25.0
 endloop
endfacet
facet normal 0.0 0.0 1.0
 outer loop
  vertex 20.299999237060547 3.1111111640930176 25.0
  vertex 14.300000190734863 6.222222328186035 25.0
  vertex 14.300000190734863 3.1111111640930176 25.0
 endloop
endfacet
facet normal 0.0 0.0 1.0
 outer loop
  vertex -26.299999237060547 24.88888931274414 25.0
  vertex -32.29999923706055 24.88888931274414 25.0
  vertex -32.29999923706055 21.77777862548828 25.0
 endloop
endfacet
facet normal 0.0 -0.0 1.0
 outer loop
  vertex -26.299999237060547 18.66666603088379 25.0
  vertex -26.299999237060547 24.88888931274414 25.0
  vertex -32.29999923706055 21.77777862548828 25.0
 endloop
endfacet
facet normal 0.0 -1.0 -0.0
 outer loop
  vertex -29.299999237060547 0.0 18.75
  vertex -32.29999923706055 0.0 15.625
  vertex -29.299999237060547 0.0 12.5
 endloop
endfacet
facet normal 0.0 -1.0 0.0
 outer loop
  vertex -17.299999237060547 0.0 6.25
  vertex -14.300000190734863 0.0 9.375
  vertex -17.299999237060547 0.0 12.5
 endloop
endfacet
facet normal 0.0 0.0 -1.0
 outer loop
  vertex -23.299999237060547 21.77777862548828 0.0
  vertex -29.299999237060547 21.77777862548828 0.0
  vertex -28.39999923706055 27.06666679382324 0.0
 endloop
endfacet
facet normal 0.0 0.0 -1.0
 outer loop
  vertex -23.299999237060547 21.77777862548828 0.0
  vertex -28.39999923706055 27.06666679382324 0.0
  vertex -23.299999237060547 27.066666793823238 0.0
 endloop
endfacet
facet normal 0.0 0.0 -1.0
 outer loop
  vertex -17.299999237060547 21.77777862548828 0.0
  vertex -23.299999237060547 21.77777862548828 0.0
  vertex -22.39999923706055 27.06666679382324 0.0
 endloop
endfacet
facet normal 0.0 0.0 -1.0
 outer loop
  vertex -17.299999237060547 21.77777862548828 0.0
  vertex -22.39999923706055 27.06666679382324 0.0
  vertex -17.299999237060547 28.0 0.0
 endloop
endfacet
facet normal 0.0 0.0 -1.0
 outer loop
  vertex -26.299999237060547 3.1111111640930176 0.0
  vertex -32.29999923706055 6.222222328186035 0.0
  vertex -29.299999237060547 9.333333015441895 0.0
 endloop
endfacet
facet normal 1.0 0.0 0.0
 outer loop
  vertex -14.300000190734863 14.673680305480957 22.241445541381836
  vertex -14.300000190734863 12.44444465637207 25.0
  vertex -14.300000190734863 9.333333015441895 25.0
 endloop
endfacet
facet normal 1.0 0.0 0.0
 outer loop
  vertex -14.300000190734863 9.333333015441895 25.0
  vertex -14.300000190734863 6.222222328186035 25.0
  vertex -14.300000190734863 5.252862930297852 19.636425018310547
 endloop
endfacet
facet normal 1.0 0.0 0.0
 outer loop
  vertex -14.300000190734863 9.333333015441895 25.0
  vertex -14.300000190734863 5.252862930297852 19.636425018310547
  vertex -14.300000190734863 11.049007415771484 18.12264633178711
 endloop
endfacet
facet normal 1.0 0.0 0.0
 outer loop
  vertex -14.300000190734863 14.673680305480957 22.241445541381836
  vertex -14.300000190734863 9.333333015441895 25.0
  vertex -14.300000190734863 11.049007415771484 18.12264633178711
 endloop
endfacet
facet normal 1.0 0.0 -0.0
 outer loop
  vertex -14.300000190734863 28.0 3.125
  vertex -14.300000190734863 28.0 6.25
  vertex -14.300000190734863 24.765180587768555 8.083342552185059
 endloop
endfacet
facet normal 1.0 0.0 0.0
 outer loop
  vertex -14.300000190734863 28.0 3.125
  vertex -14.300000190734863 24.765180587768555 8.083342552185059
  vertex -14.300000190734863 20.486900329589844 2.7400476932525635
 endloop
endfacet
facet normal 0.9999999999999999 0.0 0.0
 outer loop
  vertex -14.300000190734863 28.0 3.125
  vertex -14.300000190734863 20.486900329589844 2.7400476932525635
  vertex -14.300000190734863 24.88888931274414 0.0
 endloop
endfacet
facet normal 1.0 0.0 0.0
 outer loop
  vertex -14.300000190734863 7.5567827224731445 2.7165699005126953
  vertex -14.300000190734863 9.78917121887207 7.746956825256348
  vertex -14.300000190734863 8.062646865844727 10.248258590698242
 endloop
endfacet
facet normal 1.0 0.0 0.0
 outer loop
  vertex -14.300000190734863 8.062646865844727 10.248258590698242
  vertex -14.300000190734863 7.696298599243164 13.26540756225586
  vertex -14.300000190734863 2.242518663406372 11.071958541870117
 endloop
endfacet
facet normal 1.0 0.0 0.0
 outer loop
  vertex -14.300000190734863 25.290517807006836 13.973979949951172
  vertex -14.300000190734863 28.0 15.625
  vertex -14.300000190734863 28.0 18.75
 endloop
endfacet
facet normal 1.0 0.0 0.0
 outer loop
  vertex -14.300000190734863 5.252862930297852 19.636425018310547
  vertex -14.300000190734863 0.0 21.875
  vertex -14.300000190734863 0.0 18.75
 endloop
endfacet
facet normal 1.0 0.0 0.0
 outer loop
  vertex -14.300000190734863 5.252862930297852 19.636425018310547
  vertex -14.300000190734863 0.0 18.75
  vertex -14.300000190734863 0.0 15.625
 endloop
endfacet
facet normal 1.0 0.0 -0.0
 outer loop
  vertex -14.300000190734863 7.696298599243164 13.26540756225586
  vertex -14.300000190734863 8.774052619934082 16.10721206665039
  vertex -14.300000190734863 5.252862930297852 19.636425018310547
 endloop
endfacet
facet normal 1.0 0.0 0.0
 outer loop
  vertex -14.300000190734863 0.0 15.625
  vertex -14.300000190734863 2.242518663406372 11.071958541870117
  vertex -14.300000190734863 7.696298599243164 13.26540756225586
 endloop
endfacet
facet normal 1.0 0.0 0.0
 outer loop
  vertex -14.300000190734863 5.252862930297852 19.636425018310547
  vertex -14.300000190734863 0.0 15.625
  vertex -14.300000190734863 7.696298599243164 13.26540756225586
 endloop
endfacet
facet normal -1.0 0.0 0.0
 outer loop
  vertex -32.29999923706055 15.55555534362793 25.0
  vertex -32.29999923706055 18.66666603088379 25.0
  vertex -32.29999923706055 20.73935317993164 22.303890228271484
 endloop
endfacet
facet normal -1.0 0.0 0.0
 outer loop
  vertex -32.29999923706055 14.0 18.850000381469727
  vertex -32.29999923706055 10.922955513000488 20.530838012695313
  vertex -32.29999923706055 12.44444465637207 25.0
 endloop
endfacet
facet normal -1.0 0.0 0.0
 outer loop
  vertex -32.29999923706055 14.0 18.850000381469727
  vertex -32.29999923706055 12.44444465637207 25.0
  vertex -32.29999923706055 15.55555534362793 25.0
 endloop
endfacet
facet normal -1.0 0.0 0.0
 outer loop
  vertex -32.29999923706055 16.950992584228516 18.12264633178711
  vertex -32.29999923706055 14.0 18.850000381469727
  vertex -32.29999923706055 15.55555534362793 25.0
 endloop
endfacet
facet normal -1.0 0.0 0.0
 outer loop
  vertex -32.29999923706055 16.950992584228516 18.12264633178711
  vertex -32.29999923706055 15.55555534362793 25.0
  vertex -32.29999923706055 20.73935317993164 22.303890228271484
 endloop
endfacet
facet normal -0.9999999999999999 0.0 -0.0
 outer loop
  vertex -32.29999923706055 25.384126663208008 5.097994804382324
  vertex -32.29999923706055 26.735518264770505 2.9976231098175052
  vertex -32.29999923706055 24.88888931274414 0.0
 endloop
endfacet
facet normal -1.0 0.0 0.0
 outer loop
  vertex -32.29999923706055 20.441083908081055 2.7299938201904297
  vertex -32.29999923706055 25.384126663208008 5.097994804382324
  vertex -32.29999923706055 24.88888931274414 0.0
 endloop
endfacet
facet normal -1.0 0.0 0.0
 outer loop
  vertex -32.29999923706055 6.222222328186035 25.0
  vertex -32.29999923706055 9.333333015441895 25.0
  vertex -32.29999923706055 10.922955513000488 20.530838012695313
 endloop
endfacet
facet normal -1.0 0.0 0.0
 outer loop
  vertex -32.29999923706055 19.225948333740234 16.10721206665039
  vertex -32.29999923706055 16.950992584228516 18.12264633178711
  vertex -32.29999923706055 20.73935317993164 22.303890228271484
 endloop
endfacet
facet normal -1.0 -0.0 0.0
 outer loop
  vertex -32.29999923706055 5.3456926345825195 5.328474998474121
  vertex -32.29999923706055 0.0 3.125
  vertex -32.29999923706055 0.0 6.25
 endloop
endfacet
facet normal -1.0 0.0 0.0
 outer loop
  vertex -32.29999923706055 5.3456926345825195 5.328474998474121
  vertex -32.29999923706055 0.0 6.25
  vertex -32.29999923706055 0.0 9.375
 endloop
endfacet
facet normal -0.9999999999999999 -0.0 0.0
 outer loop
  vertex -9.0 129.21900939941406 18.12264633178711
  vertex -9.0 126.94405364990234 16.10721206665039
  vertex -9.0 123.40673828125 19.32479476928711
 endloop
endfacet
facet normal -1.0 -0.0 0.0
 outer loop
  vertex -9.0 123.40673828125 19.32479476928711
  vertex -9.0 118.16999816894531 18.75
  vertex -9.0 118.16999816894531 21.875
 endloop
endfacet
facet normal -1.0 0.0 0.0
 outer loop
  vertex -9.0 123.40673828125 19.32479476928711
  vertex -9.0 118.16999816894531 21.875
  vertex -9.0 121.28111267089844 25.0
 endloop
endfacet
facet normal -1.0 0.0 0.0
 outer loop
  vertex -9.0 135.12098693847656 18.12264633178711
  vertex -9.0 131.49176025390625 22.24632453918457
  vertex -9.0 136.836669921875 25.0
 endloop
endfacet
facet normal -0.9999999999999999 0.0 0.0
 outer loop
  vertex -9.0 135.12098693847656 18.12264633178711
  vertex -9.0 136.836669921875 25.0
  vertex -9.0 141.73768615722656 22.498228073120117
 endloop
endfacet
facet normal -1.0 0.0 0.0
 outer loop
  vertex -9.0 137.3959503173828 16.10721206665039
  vertex -9.0 135.12098693847656 18.12264633178711
  vertex -9.0 141.73768615722656 22.498228073120117
 endloop
endfacet
facet normal -1.0 0.0 -0.0
 outer loop
  vertex -9.0 146.1699981689453 6.25
  vertex -9.0 146.1699981689453 3.125
  vertex -9.0 143.0588836669922 0.0
 endloop
endfacet
facet normal -1.0 0.0 0.0
 outer loop
  vertex -9.0 138.618408203125 2.72725772857666
  vertex -9.0 146.1699981689453 6.25
  vertex -9.0 143.0588836669922 0.0
 endloop
endfacet
facet normal -1.0 0.0 0.0
 outer loop
  vertex -9.0 118.16999816894531 6.25
  vertex -9.0 118.16999816894531 9.375
  vertex -9.0 120.41068267822266 11.079882621765137
 endloop
endfacet
facet normal -1.0 0.0 0.0
 outer loop
  vertex -9.0 121.28111267089844 0.0
  vertex -9.0 118.16999816894531 3.125
  vertex -9.0 118.16999816894531 6.25
 endloop
endfacet
facet normal -1.0 0.0 0.0
 outer loop
  vertex -9.0 121.28111267089844 0.0
  vertex -9.0 118.16999816894531 6.25
  vertex -9.0 125.68707275390625 2.731520414352417
 endloop
endfacet
facet normal 0.0 0.0 -1.0
 outer loop
  vertex -6.0 133.72555541992188 0.0
  vertex -9.0 136.836669921875 0.0
  vertex -6.0 139.94778442382813 0.0
 endloop
endfacet
facet normal 0.0 0.0 -1.0
 outer loop
  vertex 6.0 136.836669921875 0.0
  vertex 9.0 133.72555541992188 0.0
  vertex 6.0 130.61444091796875 0.0
 endloop
endfacet
facet normal 0.0 0.0 -1.0
 outer loop
  vertex 3.0 143.0588836669922 0.0
  vertex 9.0 143.0588836669922 0.0
  vertex 9.0 139.94778442382813 0.0
 endloop
endfacet
facet normal -0.0 0.0 -0.9999999999999999
 outer loop
  vertex 9.0 139.94778442382813 0.0
  vertex 6.0 136.836669921875 0.0
  vertex 3.0 143.0588836669922 0.0
 endloop
endfacet
facet normal 1.0 0.0 0.0
 outer loop
  vertex 9.0 133.72555541992188 0.0
  vertex 9.0 136.836669921875 0.0
  vertex 9.0 138.6455841064453 2.7424299716949463
 endloop
endfacet
facet normal 1.0 0.0 0.0
 outer loop
  vertex 9.0 138.6455841064453 2.7424299716949463
  vertex 9.0 136.38082885742188 7.746956825256348
  vertex 9.0 133.6896514892578 6.334519386291504
 endloop
endfacet
facet normal 1.0 0.0 -0.0
 outer loop
  vertex 9.0 133.72555541992188 0.0
  vertex 9.0 138.6455841064453 2.7424299716949463
  vertex 9.0 133.6896514892578 6.334519386291504
 endloop
endfacet
facet normal 1.0 0.0 0.0
 outer loop
  vertex 9.0 143.45413208007813 13.978645324707031
  vertex 9.0 146.1699981689453 15.625
  vertex 9.0 146.1699981689453 18.75
 endloop
endfacet
facet normal 1.0 0.0 0.0
 outer loop
  vertex 9.0 127.50333404541016 25.0
  vertex 9.0 124.39221954345703 25.0
  vertex 9.0 122.60328674316406 22.498323440551758
 endloop
endfacet
facet normal 1.0 0.0 0.0
 outer loop
  vertex 9.0 138.28408813476563 22.002490997314453
  vertex 9.0 136.836669921875 25.0
  vertex 9.0 133.72555541992188 25.0
 endloop
endfacet
facet normal 1.0 0.0 0.0
 outer loop
  vertex 9.0 133.72555541992188 25.0
  vertex 9.0 130.61444091796875 25.0
  vertex 9.0 132.1699981689453 18.850000381469727
 endloop
endfacet
facet normal 1.0 0.0 0.0
 outer loop
  vertex 9.0 138.28408813476563 22.002490997314453
  vertex 9.0 133.72555541992188 25.0
  vertex 9.0 132.1699981689453 18.850000381469727
 endloop
endfacet
facet normal 0.9999999999999999 0.0 0.0
 outer loop
  vertex 9.0 138.28408813476563 22.002490997314453
  vertex 9.0 132.1699981689453 18.850000381469727
  vertex 9.0 135.12098693847656 18.12264633178711
 endloop
endfacet
facet normal 0.9999999999999999 0.0 -0.0
 outer loop
  vertex 9.0 146.1699981689453 3.125
  vertex 9.0 146.1699981689453 6.25
  vertex 9.0 142.91720581054688 8.084113121032715
 endloop
endfacet
facet normal 1.0 0.0 0.0
 outer loop
  vertex 9.0 142.91720581054688 8.084113121032715
  vertex 9.0 138.1073455810547 10.248258590698242
  vertex 9.0 136.38082885742188 7.746956825256348
 endloop
endfacet
facet normal 1.0 0.0 0.0
 outer loop
  vertex 9.0 142.91720581054688 8.084113121032715
  vertex 9.0 136.38082885742188 7.746956825256348
  vertex 9.0 138.6455841064453 2.7424299716949463
 endloop
endfacet
facet normal 1.0 -0.0 0.0
 outer loop
  vertex 9.0 138.6455841064453 2.7424299716949463
  vertex 9.0 143.0588836669922 0.0
  vertex 9.0 146.1699981689453 3.125
 endloop
endfacet
facet normal 1.0 0.0 0.0
 outer loop
  vertex 9.0 142.91720581054688 8.084113121032715
  vertex 9.0 138.6455841064453 2.7424299716949463
  vertex 9.0 146.1699981689453 3.125
 endloop
endfacet
facet normal 1.0 0.0 0.0
 outer loop
  vertex 9.0 125.72166442871094 2.7274327278137207
  vertex 9.0 127.95916748046875 7.746956825256348
  vertex 9.0 126.2326431274414 10.248258590698242
 endloop
endfacet
facet normal 1.0 0.0 0.0
 outer loop
  vertex 9.0 126.2326431274414 10.248258590698242
  vertex 9.0 125.86629486083984 13.26540756225586
  vertex 9.0 120.41593170166016 11.074509620666504
 endloop
endfacet
facet normal -0.0 0.0 1.0
 outer loop
  vertex -9.0 133.72555541992188 25.0
  vertex -9.0 130.61444091796875 25.0
  vertex -3.0 133.72555541992188 25.0
 endloop
endfacet
facet normal 0.0 0.0 1.0
 outer loop
  vertex -9.0 136.836669921875 25.0
  vertex -9.0 133.72555541992188 25.0
  vertex -3.0 133.72555541992188 25.0
 endloop
endfacet
facet normal 0.0 0.0 1.0
 outer loop
  vertex 3.0 136.836669921875 25.0
  vertex 6.0 139.94778442382813 25.0
  vertex 3.0 143.0588836669922 25.0
 endloop
endfacet
facet normal 0.0 -0.0 1.0
 outer loop
  vertex 3.0 136.836669921875 25.0
  vertex 3.0 143.0588836669922 25.0
  vertex -3.0 143.0588836669922 25.0
 endloop
endfacet
facet normal 0.0 -0.0 1.0
 outer loop
  vertex 9.0 133.72555541992188 25.0
  vertex 9.0 136.836669921875 25.0
  vertex 3.0 136.836669921875 25.0
 endloop
endfacet
facet normal 0.0 -0.0 0.9999999999999999
 outer loop
  vertex 6.0 130.61444091796875 25.0
  vertex 9.0 133.72555541992188 25.0
  vertex 3.0 136.836669921875 25.0
 endloop
endfacet
facet normal 0.0 1.0 -0.0
 outer loop
  vertex -6.0 146.1699981689453 12.5
  vertex -9.0 146.1699981689453 15.625
  vertex -6.0 146.1699981689453 18.75
 endloop
endfacet
facet normal 0.0 1.0 -0.0
 outer loop
  vertex -6.0 146.1699981689453 6.25
  vertex -9.0 146.1699981689453 9.375
  vertex -6.0 146.1699981689453 12.5
 endloop
endfacet
facet normal 0.0 1.0 0.0
 outer loop
  vertex 0.0 146.1699981689453 12.5
  vertex -6.0 146.1699981689453 6.25
  vertex -6.0 146.1699981689453 12.5
 endloop
endfacet
facet normal 1.0 0.0 0.0
 outer loop
  vertex 32.29999923706055 14.679790496826172 22.220558166503906
  vertex 32.29999923706055 12.44444465637207 25.0
  vertex 32.29999923706055 9.333333015441895 25.0
 endloop
endfacet
facet normal 1.0 0.0 0.0
 outer loop
  vertex 32.29999923706055 9.333333015441895 25.0
  vertex 32.29999923706055 6.222222328186035 25.0
  vertex 32.29999923706055 5.252862930297852 19.636425018310547
 endloop
endfacet
facet normal 1.0 0.0 0.0
 outer loop
  vertex 32.29999923706055 9.333333015441895 25.0
  vertex 32.29999923706055 5.252862930297852 19.636425018310547
  vertex 32.29999923706055 11.049007415771484 18.12264633178711
 endloop
endfacet
facet normal 1.0 0.0 0.0
 outer loop
  vertex 32.29999923706055 14.679790496826172 22.220558166503906
  vertex 32.29999923706055 9.333333015441895 25.0
  vertex 32.29999923706055 11.049007415771484 18.12264633178711
 endloop
endfacet
facet normal 1.0 0.0 0.0
 outer loop
  vertex 32.29999923706055 7.696298599243164 13.26540756225586
  vertex 32.29999923706055 2.242525815963745 11.071964263916016
  vertex 32.29999923706055 8.062646865844727 10.248258590698242
 endloop
endfacet
facet normal 1.0 0.0 0.0
 outer loop
  vertex 32.29999923706055 5.252862930297852 19.636425018310547
  vertex 32.29999923706055 0.0 21.875
  vertex 32.29999923706055 0.0 18.75
 endloop
endfacet
facet normal 1.0 0.0 0.0
 outer loop
  vertex 32.29999923706055 5.252862930297852 19.636425018310547
  vertex 32.29999923706055 0.0 18.75
  vertex 32.29999923706055 0.0 15.625
 endloop
endfacet
facet normal 1.0 0.0 -0.0
 outer loop
  vertex 32.29999923706055 7.696298599243164 13.26540756225586
  vertex 32.29999923706055 8.774052619934082 16.10721206665039
  vertex 32.29999923706055 5.252862930297852 19.636425018310547
 endloop
endfacet
facet normal 1.0 0.0 0.0
 outer loop
  vertex 32.29999923706055 0.0 15.625
  vertex 32.29999923706055 2.242525815963745 11.071964263916016
  vertex 32.29999923706055 7.696298599243164 13.26540756225586
 endloop
endfacet
facet normal 1.0 0.0 0.0
 outer loop
  vertex 32.29999923706055 5.252862930297852 19.636425018310547
  vertex 32.29999923706055 0.0 15.625
  vertex 32.29999923706055 7.696298599243164 13.26540756225586
 endloop
endfacet
facet normal 1.0 0.0 0.0
 outer loop
  vertex 32.29999923706055 18.66666603088379 25.0
  vertex 32.29999923706055 14.679790496826172 22.220558166503906
  vertex 32.29999923706055 16.950992584228516 18.12264633178711
 endloop
endfacet
facet normal 0.0 0.0 -1.0
 outer loop
  vertex 14.300000190734863 24.88888931274414 0.0
  vertex 14.300000190734863 28.0 0.0
  vertex 16.931531212494587 28.789673561212165 0.0
 endloop
endfacet
facet normal 0.0 -0.0 -1.0
 outer loop
  vertex 16.931531212494587 28.789673561212165 0.0
  vertex 20.299999237060547 28.0 0.0
  vertex 14.300000190734863 24.88888931274414 0.0
 endloop
endfacet
facet normal 0.0 -0.0 -1.0
 outer loop
  vertex 23.299999237060547 3.1111111640930176 0.0
  vertex 23.299999237060547 0.0 0.0
  vertex 20.299999237060547 0.0 0.0
 endloop
endfacet
facet normal 0.0 0.0 -1.0
 outer loop
  vertex 17.299999237060547 0.0 0.0
  vertex 14.300000190734863 3.1111111640930176 0.0
  vertex 17.299999237060547 6.222222328186035 0.0
 endloop
endfacet
facet normal 0.0 0.0 -1.0
 outer loop
  vertex 23.299999237060547 3.1111111640930176 0.0
  vertex 20.299999237060547 0.0 0.0
  vertex 17.299999237060547 0.0 0.0
 endloop
endfacet
facet normal -0.0 0.0 -1.0
 outer loop
  vertex 23.299999237060547 3.1111111640930176 0.0
  vertex 17.299999237060547 0.0 0.0
  vertex 17.299999237060547 6.222222328186035 0.0
 endloop
endfacet
facet normal 0.0 -0.0 -1.0
 outer loop
  vertex 32.29999923706055 3.1111111640930176 0.0
  vertex 32.29999923706055 0.0 0.0
  vertex 29.299999237060547 0.0 0.0
 endloop
endfacet
facet normal 0.0 0.0 -1.0
 outer loop
  vertex 32.29999923706055 3.1111111640930176 0.0
  vertex 29.299999237060547 0.0 0.0
  vertex 26.299999237060547 0.0 0.0
 endloop
endfacet
facet normal 0.0 0.0 -1.0
 outer loop
  vertex 29.299999237060547 15.55555534362793 0.0
  vertex 32.29999923706055 12.44444465637207 0.0
  vertex 29.299999237060547 9.333333015441895 0.0
 endloop
endfacet
facet normal -1.0 0.0 0.0
 outer loop
  vertex 14.300000190734863 2.7113850116729736 13.973922729492188
  vertex 14.300000190734863 0.0 15.625
  vertex 14.300000190734863 0.0 18.75
 endloop
endfacet
facet normal -0.9999999999999999 0.0 0.0
 outer loop
  vertex 14.300000190734863 28.0 15.625
  vertex 14.300000190734863 25.75748062133789 11.071958541870117
  vertex 14.300000190734863 20.303701400756836 13.26540756225586
 endloop
endfacet
facet normal -1.0 0.0 0.0
 outer loop
  vertex 14.300000190734863 20.443218231201172 2.7165699005126953
  vertex 14.300000190734863 18.21082878112793 7.746956825256348
  vertex 14.300000190734863 19.937353134155273 10.248258590698242
 endloop
endfacet
facet normal -1.0 0.0 0.0
 outer loop
  vertex 14.300000190734863 19.937353134155273 10.248258590698242
  vertex 14.300000190734863 20.303701400756836 13.26540756225586
  vertex 14.300000190734863 25.75748062133789 11.071958541870117
 endloop
endfacet
facet normal 0.0 0.0 1.0
 outer loop
  vertex 17.299999237060547 21.77777862548828 25.0
  vertex 22.39999923706055 27.06666679382324 25.0
  vertex 17.299999237060547 28.0 25.0
 endloop
endfacet
facet normal 0.0 0.0 1.0
 outer loop
  vertex 17.299999237060547 15.55555534362793 25.0
  vertex 14.300000190734863 12.44444465637207 25.0
  vertex 17.299999237060547 9.333333015441895 25.0
 endloop
endfacet
facet normal 0.0 -1.0 0.0
 outer loop
  vertex 29.299999237060547 0.0 12.5
  vertex 32.29999923706055 0.0 15.625
  vertex 29.299999237060547 0.0 18.75
 endloop
endfacet
facet normal 0.0 -1.0 0.0
 outer loop
  vertex 29.299999237060547 0.0 6.25
  vertex 32.29999923706055 0.0 9.375
  vertex 29.299999237060547 0.0 12.5
 endloop
endfacet
facet normal 0.0 0.0 1.0
 outer loop
  vertex -26.299999237060547 18.66666603088379 25.0
  vertex -32.29999923706055 21.77777862548828 25.0
  vertex -32.29999923706055 18.66666603088379 25.0
 endloop
endfacet
facet normal -0.0 0.0 1.0
 outer loop
  vertex -32.29999923706055 18.66666603088379 25.0
  vertex -32.29999923706055 15.55555534362793 25.0
  vertex -26.299999237060547 18.66666603088379 25.0
 endloop
endfacet
facet normal 0.0 0.0 1.0
 outer loop
  vertex -20.299999237060547 3.1111111640930176 25.0
  vertex -14.300000190734863 3.1111111640930176 25.0
  vertex -14.300000190734863 6.222222328186035 25.0
 endloop
endfacet
facet normal 0.0 0.0 1.0
 outer loop
  vertex -17.299999237060547 9.333333015441895 25.0
  vertex -20.299999237060547 3.1111111640930176 25.0
  vertex -14.300000190734863 6.222222328186035 25.0
 endloop
endfacet
facet normal 0.0 -1.0 -0.0
 outer loop
  vertex -29.299999237060547 0.0 12.5
  vertex -32.29999923706055 0.0 9.375
  vertex -29.299999237060547 0.0 6.25
 endloop
endfacet
facet normal 0.0 0.0 -1.0
 outer loop
  vertex -17.299999237060547 15.55555534362793 0.0
  vertex -14.300000190734863 12.44444465637207 0.0
  vertex -17.299999237060547 9.333333015441895 0.0
 endloop
endfacet
facet normal -0.0 0.0 -1.0
 outer loop
  vertex -14.300000190734863 6.222222328186035 0.0
  vertex -20.299999237060547 3.1111111640930176 0.0
  vertex -17.299999237060547 9.333333015441895 0.0
 endloop
endfacet
facet normal 0.9999999999999999 0.0 0.0
 outer loop
  vertex -14.300000190734863 24.765180587768555 8.083342552185059
  vertex -14.300000190734863 20.303701400756836 13.26540756225586
  vertex -14.300000190734863 19.937353134155273 10.248258590698242
 endloop
endfacet
facet normal 1.0 -0.0 0.0
 outer loop
  vertex -14.300000190734863 18.21082878112793 7.746956825256348
  vertex -14.300000190734863 20.486900329589844 2.7400476932525635
  vertex -14.300000190734863 24.765180587768555 8.083342552185059
 endloop
endfacet
facet normal 1.0 0.0 0.0
 outer loop
  vertex -14.300000190734863 19.937353134155273 10.248258590698242
  vertex -14.300000190734863 18.21082878112793 7.746956825256348
  vertex -14.300000190734863 24.765180587768555 8.083342552185059
 endloop
endfacet
facet normal 1.0 0.0 0.0
 outer loop
  vertex -14.300000190734863 2.242518663406372 11.071958541870117
  vertex -14.300000190734863 0.0 9.375
  vertex -14.300000190734863 0.0 6.25
 endloop
endfacet
facet normal 1.0 0.0 0.0
 outer loop
  vertex -14.300000190734863 0.0 6.25
  vertex -14.300000190734863 0.0 3.125
  vertex -14.300000190734863 3.1111111640930176 0.0
 endloop
endfacet
facet normal 1.0 0.0 0.0
 outer loop
  vertex -14.300000190734863 0.0 6.25
  vertex -14.300000190734863 3.1111111640930176 0.0
  vertex -14.300000190734863 7.5567827224731445 2.7165699005126953
 endloop
endfacet
facet normal 1.0 -0.0 0.0
 outer loop
  vertex -14.300000190734863 0.0 6.25
  vertex -14.300000190734863 7.5567827224731445 2.7165699005126953
  vertex -14.300000190734863 8.062646865844727 10.248258590698242
 endloop
endfacet
facet normal 1.0 0.0 0.0
 outer loop
  vertex -14.300000190734863 0.0 6.25
  vertex -14.300000190734863 8.062646865844727 10.248258590698242
  vertex -14.300000190734863 2.242518663406372 11.071958541870117
 endloop
endfacet
facet normal 1.0 0.0 0.0
 outer loop
  vertex -14.300000190734863 20.115598678588867 22.002361297607422
  vertex -14.300000190734863 16.950992584228516 18.12264633178711
  vertex -14.300000190734863 19.225948333740234 16.10721206665039
 endloop
endfacet
facet normal 1.0 0.0 -0.0
 outer loop
  vertex -14.300000190734863 28.0 18.75
  vertex -14.300000190734863 28.0 21.875
  vertex -14.300000190734863 24.88888931274414 25.0
 endloop
endfacet
facet normal 0.9999999999999999 0.0 0.0
 outer loop
  vertex -14.300000190734863 28.0 18.75
  vertex -14.300000190734863 24.88888931274414 25.0
  vertex -14.300000190734863 20.115598678588867 22.002361297607422
 endloop
endfacet
facet normal 1.0 -0.0 0.0
 outer loop
  vertex -14.300000190734863 19.225948333740234 16.10721206665039
  vertex -14.300000190734863 25.290517807006836 13.973979949951172
  vertex -14.300000190734863 28.0 18.75
 endloop
endfacet
facet normal 1.0 0.0 0.0
 outer loop
  vertex -14.300000190734863 19.225948333740234 16.10721206665039
  vertex -14.300000190734863 28.0 18.75
  vertex -14.300000190734863 20.115598678588867 22.002361297607422
 endloop
endfacet
facet normal 0.9999999999999999 0.0 0.0
 outer loop
  vertex -14.300000190734863 3.1111111640930176 25.0
  vertex -14.300000190734863 0.0 21.875
  vertex -14.300000190734863 5.252862930297852 19.636425018310547
 endloop
endfacet
facet normal 1.0 -0.0 0.0
 outer loop
  vertex -14.300000190734863 3.1111111640930176 25.0
  vertex -14.300000190734863 5.252862930297852 19.636425018310547
  vertex -14.300000190734863 6.222222328186035 25.0
 endloop
endfacet
facet normal -1.0 0.0 0.0
 outer loop
  vertex -32.29999923706055 19.937353134155273 10.248258590698242
  vertex -32.29999923706055 25.384126663208008 5.097994804382324
  vertex -32.29999923706055 20.441083908081055 2.7299938201904297
 endloop
endfacet
facet normal -0.9999999999999999 0.0 0.0
 outer loop
  vertex -32.29999923706055 18.21082878112793 7.746956825256348
  vertex -32.29999923706055 19.937353134155273 10.248258590698242
  vertex -32.29999923706055 20.441083908081055 2.7299938201904297
 endloop
endfacet
facet normal -1.0 0.0 0.0
 outer loop
  vertex -32.29999923706055 2.79312801361084 17.305688858032227
  vertex -32.29999923706055 0.0 18.75
  vertex -32.29999923706055 0.0 21.875
 endloop
endfacet
facet normal -1.0 0.0 0.0
 outer loop
  vertex -32.29999923706055 0.0 21.875
  vertex -32.29999923706055 3.1111111640930176 25.0
  vertex -32.29999923706055 6.222222328186035 25.0
 endloop
endfacet
facet normal -1.0 0.0 0.0
 outer loop
  vertex -32.29999923706055 2.79312801361084 17.305688858032227
  vertex -32.29999923706055 0.0 21.875
  vertex -32.29999923706055 6.222222328186035 25.0
 endloop
endfacet
facet normal -1.0 0.0 0.0
 outer loop
  vertex -32.29999923706055 10.922955513000488 20.530838012695313
  vertex -32.29999923706055 8.774052619934082 16.10721206665039
  vertex -32.29999923706055 2.79312801361084 17.305688858032227
 endloop
endfacet
facet normal -1.0 -0.0 0.0
 outer loop
  vertex -32.29999923706055 10.922955513000488 20.530838012695313
  vertex -32.29999923706055 2.79312801361084 17.305688858032227
  vertex -32.29999923706055 6.222222328186035 25.0
 endloop
endfacet
facet normal -1.0 0.0 0.0
 outer loop
  vertex -32.29999923706055 2.79312801361084 17.305688858032227
  vertex -32.29999923706055 8.774052619934082 16.10721206665039
  vertex -32.29999923706055 7.696298599243164 13.26540756225586
 endloop
endfacet
facet normal -1.0 0.0 0.0
 outer loop
  vertex -32.29999923706055 0.0 12.5
  vertex -32.29999923706055 2.79312801361084 17.305688858032227
  vertex -32.29999923706055 7.696298599243164 13.26540756225586
 endloop
endfacet
facet normal -1.0 0.0 0.0
 outer loop
  vertex -32.29999923706055 8.062646865844727 10.248258590698242
  vertex -32.29999923706055 5.3456926345825195 5.328474998474121
  vertex -32.29999923706055 0.0 9.375
 endloop
endfacet
facet normal -0.9999999999999999 -0.0 0.0
 outer loop
  vertex -32.29999923706055 8.062646865844727 10.248258590698242
  vertex -32.29999923706055 0.0 9.375
  vertex -32.29999923706055 0.0 12.5
 endloop
endfacet
facet normal -1.0 0.0 -0.0
 outer loop
  vertex -32.29999923706055 7.696298599243164 13.26540756225586
  vertex -32.29999923706055 8.062646865844727 10.248258590698242
  vertex -32.29999923706055 0.0 12.5
 endloop
endfacet
facet normal -1.0 0.0 0.0
 outer loop
  vertex -9.0 120.41068267822266 11.079882621765137
  vertex -9.0 118.16999816894531 12.5
  vertex -9.0 118.16999816894531 15.625
 endloop
endfacet
facet normal -1.0 0.0 0.0
 outer loop
  vertex -9.0 118.16999816894531 15.625
  vertex -9.0 118.16999816894531 18.75
  vertex -9.0 123.40673828125 19.32479476928711
 endloop
endfacet
facet normal -0.9999999999999999 0.0 0.0
 outer loop
  vertex -9.0 123.40673828125 19.32479476928711
  vertex -9.0 126.94405364990234 16.10721206665039
  vertex -9.0 125.86629486083984 13.26540756225586
 endloop
endfacet
facet normal -1.0 0.0 0.0
 outer loop
  vertex -9.0 118.16999816894531 15.625
  vertex -9.0 123.40673828125 19.32479476928711
  vertex -9.0 125.86629486083984 13.26540756225586
 endloop
endfacet
facet normal -1.0 0.0 0.0
 outer loop
  vertex -9.0 120.41068267822266 11.079882621765137
  vertex -9.0 118.16999816894531 15.625
  vertex -9.0 125.86629486083984 13.26540756225586
 endloop
endfacet
facet normal -1.0 0.0 0.0
 outer loop
  vertex -9.0 141.73768615722656 22.498228073120117
  vertex -9.0 146.1699981689453 21.875
  vertex -9.0 146.1699981689453 18.75
 endloop
endfacet
facet normal -0.9999999999999999 0.0 -0.0
 outer loop
  vertex -9.0 146.1699981689453 18.75
  vertex -9.0 146.1699981689453 15.625
  vertex -9.0 143.9275360107422 11.072274208068848
 endloop
endfacet
facet normal -1.0 0.0 0.0
 outer loop
  vertex -9.0 143.9275360107422 11.072274208068848
  vertex -9.0 138.47369384765625 13.26540756225586
  vertex -9.0 137.3959503173828 16.10721206665039
 endloop
endfacet
facet normal -1.0 0.0 0.0
 outer loop
  vertex -9.0 146.1699981689453 18.75
  vertex -9.0 143.9275360107422 11.072274208068848
  vertex -9.0 137.3959503173828 16.10721206665039
 endloop
endfacet
facet normal -1.0 -0.0 0.0
 outer loop
  vertex -9.0 146.1699981689453 18.75
  vertex -9.0 137.3959503173828 16.10721206665039
  vertex -9.0 141.73768615722656 22.498228073120117
 endloop
endfacet
facet normal -1.0 0.0 0.0
 outer loop
  vertex -9.0 138.1073455810547 10.248258590698242
  vertex -9.0 138.47369384765625 13.26540756225586
  vertex -9.0 143.9275360107422 11.072274208068848
 endloop
endfacet
facet normal -1.0 0.0 0.0
 outer loop
  vertex -9.0 138.618408203125 2.72725772857666
  vertex -9.0 136.38082885742188 7.746956825256348
  vertex -9.0 138.1073455810547 10.248258590698242
 endloop
endfacet
facet normal -0.9999999999999999 0.0 0.0
 outer loop
  vertex -9.0 138.1073455810547 10.248258590698242
  vertex -9.0 143.9275360107422 11.072274208068848
  vertex -9.0 146.1699981689453 6.25
 endloop
endfacet
facet normal -1.0 0.0 0.0
 outer loop
  vertex -9.0 138.618408203125 2.72725772857666
  vertex -9.0 138.1073455810547 10.248258590698242
  vertex -9.0 146.1699981689453 6.25
 endloop
endfacet
facet normal -1.0 0.0 0.0
 outer loop
  vertex -9.0 120.41068267822266 11.079882621765137
  vertex -9.0 125.86629486083984 13.26540756225586
  vertex -9.0 126.2326431274414 10.248258590698242
 endloop
endfacet
facet normal -1.0 0.0 -0.0
 outer loop
  vertex -9.0 126.2326431274414 10.248258590698242
  vertex -9.0 127.95916748046875 7.746956825256348
  vertex -9.0 125.68707275390625 2.731520414352417
 endloop
endfacet
facet normal -0.9999999999999999 0.0 0.0
 outer loop
  vertex -9.0 126.2326431274414 10.248258590698242
  vertex -9.0 125.68707275390625 2.731520414352417
  vertex -9.0 118.16999816894531 6.25
 endloop
endfacet
facet normal -1.0 -0.0 0.0
 outer loop
  vertex -9.0 126.2326431274414 10.248258590698242
  vertex -9.0 118.16999816894531 6.25
  vertex -9.0 120.41068267822266 11.079882621765137
 endloop
endfacet
facet normal 0.0 0.0 -1.0
 outer loop
  vertex 6.0 130.61444091796875 0.0
  vertex 9.0 127.50333404541016 0.0
  vertex 6.0 124.39221954345703 0.0
 endloop
endfacet
facet normal 0.9999999999999999 0.0 0.0
 outer loop
  vertex 9.0 138.28408813476563 22.002490997314453
  vertex 9.0 135.12098693847656 18.12264633178711
  vertex 9.0 137.3959503173828 16.10721206665039
 endloop
endfacet
facet normal 1.0 0.0 -0.0
 outer loop
  vertex 9.0 146.1699981689453 18.75
  vertex 9.0 146.1699981689453 21.875
  vertex 9.0 143.0588836669922 25.0
 endloop
endfacet
facet normal 1.0 0.0 0.0
 outer loop
  vertex 9.0 146.1699981689453 18.75
  vertex 9.0 143.0588836669922 25.0
  vertex 9.0 138.28408813476563 22.002490997314453
 endloop
endfacet
facet normal 1.0 -0.0 0.0
 outer loop
  vertex 9.0 137.3959503173828 16.10721206665039
  vertex 9.0 143.45413208007813 13.978645324707031
  vertex 9.0 146.1699981689453 18.75
 endloop
endfacet
facet normal 1.0 0.0 0.0
 outer loop
  vertex 9.0 137.3959503173828 16.10721206665039
  vertex 9.0 146.1699981689453 18.75
  vertex 9.0 138.28408813476563 22.002490997314453
 endloop
endfacet
facet normal 1.0 0.0 0.0
 outer loop
  vertex 9.0 129.21900939941406 18.12264633178711
  vertex 9.0 132.1699981689453 18.850000381469727
  vertex 9.0 130.61444091796875 25.0
 endloop
endfacet
facet normal 1.0 0.0 -0.0
 outer loop
  vertex 9.0 129.21900939941406 18.12264633178711
  vertex 9.0 130.61444091796875 25.0
  vertex 9.0 127.50333404541016 25.0
 endloop
endfacet
facet normal 0.9999999999999999 0.0 0.0
 outer loop
  vertex 9.0 129.21900939941406 18.12264633178711
  vertex 9.0 127.50333404541016 25.0
  vertex 9.0 122.60328674316406 22.498323440551758
 endloop
endfacet
facet normal 1.0 0.0 -0.0
 outer loop
  vertex 9.0 126.94405364990234 16.10721206665039
  vertex 9.0 129.21900939941406 18.12264633178711
  vertex 9.0 122.60328674316406 22.498323440551758
 endloop
endfacet
facet normal 1.0 0.0 0.0
 outer loop
  vertex 9.0 120.41593170166016 11.074509620666504
  vertex 9.0 118.16999816894531 9.375
  vertex 9.0 118.16999816894531 6.25
 endloop
endfacet
facet normal 1.0 0.0 0.0
 outer loop
  vertex 9.0 118.16999816894531 6.25
  vertex 9.0 118.16999816894531 3.125
  vertex 9.0 121.28111267089844 0.0
 endloop
endfacet
facet normal 1.0 0.0 0.0
 outer loop
  vertex 9.0 118.16999816894531 6.25
  vertex 9.0 121.28111267089844 0.0
  vertex 9.0 125.72166442871094 2.7274327278137207
 endloop
endfacet
facet normal 1.0 -0.0 0.0
 outer loop
  vertex 9.0 118.16999816894531 6.25
  vertex 9.0 125.72166442871094 2.7274327278137207
  vertex 9.0 126.2326431274414 10.248258590698242
 endloop
endfacet
facet normal 1.0 0.0 0.0
 outer loop
  vertex 9.0 118.16999816894531 6.25
  vertex 9.0 126.2326431274414 10.248258590698242
  vertex 9.0 120.41593170166016 11.074509620666504
 endloop
endfacet
facet normal 0.0 0.0 1.0
 outer loop
  vertex -3.0 133.72555541992188 25.0
  vertex -9.0 130.61444091796875 25.0
  vertex -9.0 127.50333404541016 25.0
 endloop
endfacet
facet normal -0.0 0.0 1.0
 outer loop
  vertex -9.0 127.50333404541016 25.0
  vertex -3.0 124.39221954345703 25.0
  vertex -3.0 133.72555541992188 25.0
 endloop
endfacet
facet normal 0.0 0.0 0.9999999999999999
 outer loop
  vertex -6.0 139.94778442382813 25.0
  vertex -9.0 136.836669921875 25.0
  vertex -3.0 133.72555541992188 25.0
 endloop
endfacet
facet normal 0.0 0.0 0.9999999999999999
 outer loop
  vertex -3.0 133.72555541992188 25.0
  vertex 3.0 136.836669921875 25.0
  vertex -3.0 143.0588836669922 25.0
 endloop
endfacet
facet normal -0.0 0.0 0.9999999999999999
 outer loop
  vertex -6.0 139.94778442382813 25.0
  vertex -3.0 133.72555541992188 25.0
  vertex -3.0 143.0588836669922 25.0
 endloop
endfacet
facet normal 0.0 1.0 0.0
 outer loop
  vertex 6.0 146.1699981689453 18.75
  vertex 9.0 146.1699981689453 15.625
  vertex 6.0 146.1699981689453 12.5
 endloop
endfacet
facet normal 0.0 1.0 0.0
 outer loop
  vertex 6.0 146.1699981689453 18.75
  vertex 6.0 146.1699981689453 12.5
  vertex 0.0 146.1699981689453 12.5
 endloop
endfacet
facet normal 0.0 1.0 0.0
 outer loop
  vertex 6.0 146.1699981689453 12.5
  vertex 9.0 146.1699981689453 9.375
  vertex 6.0 146.1699981689453 6.25
 endloop
endfacet
facet normal 1.0 0.0 0.0
 outer loop
  vertex 32.29999923706055 2.242525815963745 11.071964263916016
  vertex 32.29999923706055 0.0 9.375
  vertex 32.29999923706055 0.0 6.25
 endloop
endfacet
facet normal 1.0 0.0 0.0
 outer loop
  vertex 32.29999923706055 0.0 3.125
  vertex 32.29999923706055 3.1111111640930176 0.0
  vertex 32.29999923706055 6.222222328186035 0.0
 endloop
endfacet
facet normal 1.0 0.0 0.0
 outer loop
  vertex 32.29999923706055 10.787336349487305 2.9328794479370117
  vertex 32.29999923706055 9.78917121887207 7.746956825256348
  vertex 32.29999923706055 8.062646865844727 10.248258590698242
 endloop
endfacet
facet normal 1.0 0.0 0.0
 outer loop
  vertex 32.29999923706055 2.242525815963745 11.071964263916016
  vertex 32.29999923706055 0.0 6.25
  vertex 32.29999923706055 0.0 3.125
 endloop
endfacet
facet normal 1.0 0.0 0.0
 outer loop
  vertex 32.29999923706055 6.222222328186035 0.0
  vertex 32.29999923706055 10.787336349487305 2.9328794479370117
  vertex 32.29999923706055 8.062646865844727 10.248258590698242
 endloop
endfacet
facet normal 1.0 -0.0 0.0
 outer loop
  vertex 32.29999923706055 0.0 3.125
  vertex 32.29999923706055 6.222222328186035 0.0
  vertex 32.29999923706055 8.062646865844727 10.248258590698242
 endloop
endfacet
facet normal 0.9999999999999999 0.0 0.0
 outer loop
  vertex 32.29999923706055 2.242525815963745 11.071964263916016
  vertex 32.29999923706055 0.0 3.125
  vertex 32.29999923706055 8.062646865844727 10.248258590698242
 endloop
endfacet
facet normal 0.9999999999999999 0.0 0.0
 outer loop
  vertex 32.29999923706055 3.1111111640930176 25.0
  vertex 32.29999923706055 0.0 21.875
  vertex 32.29999923706055 5.252862930297852 19.636425018310547
 endloop
endfacet
facet normal 1.0 -0.0 0.0
 outer loop
  vertex 32.29999923706055 3.1111111640930176 25.0
  vertex 32.29999923706055 5.252862930297852 19.636425018310547
  vertex 32.29999923706055 6.222222328186035 25.0
 endloop
endfacet
facet normal 0.0 0.0 -1.0
 outer loop
  vertex 20.299999237060547 28.0 0.0
  vertex 23.299999237060547 27.066666793823238 0.0
  vertex 26.299999237060547 24.88888931274414 0.0
 endloop
endfacet
facet normal 0.0 0.0 -1.0
 outer loop
  vertex 17.299999237060547 18.66666603088379 0.0
  vertex 14.300000190734863 21.77777862548828 0.0
  vertex 14.300000190734863 24.88888931274414 0.0
 endloop
endfacet
facet normal 0.0 0.0 -1.0
 outer loop
  vertex 17.299999237060547 18.66666603088379 0.0
  vertex 14.300000190734863 24.88888931274414 0.0
  vertex 20.299999237060547 28.0 0.0
 endloop
endfacet
facet normal 0.0 0.0 -1.0
 outer loop
  vertex 17.299999237060547 18.66666603088379 0.0
  vertex 20.299999237060547 28.0 0.0
  vertex 26.299999237060547 24.88888931274414 0.0
 endloop
endfacet
facet normal 0.0 0.0 -1.0
 outer loop
  vertex 17.299999237060547 6.222222328186035 0.0
  vertex 14.300000190734863 9.333333015441895 0.0
  vertex 17.299999237060547 12.44444465637207 0.0
 endloop
endfacet
facet normal 0.0 0.0 -1.0
 outer loop
  vertex 29.299999237060547 9.333333015441895 0.0
  vertex 32.29999923706055 6.222222328186035 0.0
  vertex 32.29999923706055 3.1111111640930176 0.0
 endloop
endfacet
facet normal -0.0 0.0 -1.0
 outer loop
  vertex 32.29999923706055 3.1111111640930176 0.0
  vertex 26.299999237060547 0.0 0.0
  vertex 23.299999237060547 3.1111111640930176 0.0
 endloop
endfacet
facet normal 0.0 -0.0 -1.0
 outer loop
  vertex 29.299999237060547 9.333333015441895 0.0
  vertex 32.29999923706055 3.1111111640930176 0.0
  vertex 23.299999237060547 3.1111111640930176 0.0
 endloop
endfacet
facet normal -0.9999999999999999 0.0 0.0
 outer loop
  vertex 14.300000190734863 7.910694122314453 22.02340316772461
  vertex 14.300000190734863 11.049007415771484 18.12264633178711
  vertex 14.300000190734863 8.774052619934082 16.10721206665039
 endloop
endfacet
facet normal -1.0 0.0 0.0
 outer loop
  vertex 14.300000190734863 0.0 18.75
  vertex 14.300000190734863 0.0 21.875
  vertex 14.300000190734863 3.1111111640930176 25.0
 endloop
endfacet
facet normal -1.0 0.0 0.0
 outer loop
  vertex 14.300000190734863 0.0 18.75
  vertex 14.300000190734863 3.1111111640930176 25.0
  vertex 14.300000190734863 7.910694122314453 22.02340316772461
 endloop
endfacet
facet normal -1.0 -0.0 0.0
 outer loop
  vertex 14.300000190734863 8.774052619934082 16.10721206665039
  vertex 14.300000190734863 2.7113850116729736 13.973922729492188
  vertex 14.300000190734863 0.0 18.75
 endloop
endfacet
facet normal -0.9999999999999999 0.0 0.0
 outer loop
  vertex 14.300000190734863 8.774052619934082 16.10721206665039
  vertex 14.300000190734863 0.0 18.75
  vertex 14.300000190734863 7.910694122314453 22.02340316772461
 endloop
endfacet
facet normal -1.0 0.0 0.0
 outer loop
  vertex 14.300000190734863 23.567689895629883 22.498228073120117
  vertex 14.300000190734863 28.0 21.875
  vertex 14.300000190734863 28.0 18.75
 endloop
endfacet
facet normal -1.0 0.0 0.0
 outer loop
  vertex 14.300000190734863 23.567689895629883 22.498228073120117
  vertex 14.300000190734863 28.0 18.75
  vertex 14.300000190734863 28.0 15.625
 endloop
endfacet
facet normal -0.9999999999999999 0.0 0.0
 outer loop
  vertex 14.300000190734863 25.75748062133789 11.071958541870117
  vertex 14.300000190734863 28.0 9.375
  vertex 14.300000190734863 28.0 6.25
 endloop
endfacet
facet normal -1.0 0.0 -0.0
 outer loop
  vertex 14.300000190734863 28.0 6.25
  vertex 14.300000190734863 28.0 3.125
  vertex 14.300000190734863 24.88888931274414 0.0
 endloop
endfacet
facet normal -1.0 0.0 0.0
 outer loop
  vertex 14.300000190734863 28.0 6.25
  vertex 14.300000190734863 24.88888931274414 0.0
  vertex 14.300000190734863 20.443218231201172 2.7165699005126953
 endloop
endfacet
facet normal -0.9999999999999999 -0.0 0.0
 outer loop
  vertex 14.300000190734863 28.0 6.25
  vertex 14.300000190734863 20.443218231201172 2.7165699005126953
  vertex 14.300000190734863 19.937353134155273 10.248258590698242
 endloop
endfacet
facet normal -0.9999999999999999 0.0 0.0
 outer loop
  vertex 14.300000190734863 28.0 6.25
  vertex 14.300000190734863 19.937353134155273 10.248258590698242
  vertex 14.300000190734863 25.75748062133789 11.071958541870117
 endloop
endfacet
facet normal -1.0 0.0 0.0
 outer loop
  vertex 14.300000190734863 2.7113850116729736 13.973922729492188
  vertex 14.300000190734863 7.696298599243164 13.26540756225586
  vertex 14.300000190734863 8.062646865844727 10.248258590698242
 endloop
endfacet
facet normal -1.0 0.0 -0.0
 outer loop
  vertex 14.300000190734863 8.062646865844727 10.248258590698242
  vertex 14.300000190734863 9.78917121887207 7.746956825256348
  vertex 14.300000190734863 7.513346195220947 2.740712881088257
 endloop
endfacet
facet normal -1.0 0.0 0.0
 outer loop
  vertex 14.300000190734863 8.062646865844727 10.248258590698242
  vertex 14.300000190734863 7.513346195220947 2.740712881088257
  vertex 14.300000190734863 2.645983934402466 5.086129188537598
 endloop
endfacet
facet normal -1.0 0.0 0.0
 outer loop
  vertex 14.300000190734863 8.062646865844727 10.248258590698242
  vertex 14.300000190734863 2.645983934402466 5.086129188537598
  vertex 14.300000190734863 0.0 9.375
 endloop
endfacet
facet normal -1.0 -0.0 0.0
 outer loop
  vertex 14.300000190734863 8.062646865844727 10.248258590698242
  vertex 14.300000190734863 0.0 9.375
  vertex 14.300000190734863 2.7113850116729736 13.973922729492188
 endloop
endfacet
facet normal 0.0 0.0 1.0
 outer loop
  vertex 20.299999237060547 3.1111111640930176 25.0
  vertex 17.299999237060547 9.333333015441895 25.0
  vertex 14.300000190734863 6.222222328186035 25.0
 endloop
endfacet
facet normal 0.0 -1.0 -0.0
 outer loop
  vertex 17.299999237060547 0.0 18.75
  vertex 14.300000190734863 0.0 15.625
  vertex 17.299999237060547 0.0 12.5
 endloop
endfacet
facet normal 0.0 0.0 1.0
 outer loop
  vertex -26.299999237060547 18.66666603088379 25.0
  vertex -32.29999923706055 15.55555534362793 25.0
  vertex -29.299999237060547 12.44444465637207 25.0
 endloop
endfacet
facet normal 0.0 0.0 -1.0
 outer loop
  vertex -29.299999237060547 9.333333015441895 0.0
  vertex -32.29999923706055 12.44444465637207 0.0
  vertex -29.299999237060547 15.55555534362793 0.0
 endloop
endfacet
facet normal 1.0 0.0 0.0
 outer loop
  vertex 9.0 122.60328674316406 22.498323440551758
  vertex 9.0 118.16999816894531 21.875
  vertex 9.0 118.16999816894531 18.75
 endloop
endfacet
facet normal 1.0 0.0 0.0
 outer loop
  vertex 9.0 118.16999816894531 18.75
  vertex 9.0 118.16999816894531 15.625
  vertex 9.0 120.41593170166016 11.074509620666504
 endloop
endfacet
facet normal 1.0 0.0 0.0
 outer loop
  vertex 9.0 120.41593170166016 11.074509620666504
  vertex 9.0 125.86629486083984 13.26540756225586
  vertex 9.0 126.94405364990234 16.10721206665039
 endloop
endfacet
facet normal 1.0 0.0 0.0
 outer loop
  vertex 9.0 118.16999816894531 18.75
  vertex 9.0 120.41593170166016 11.074509620666504
  vertex 9.0 126.94405364990234 16.10721206665039
 endloop
endfacet
facet normal 1.0 -0.0 0.0
 outer loop
  vertex 9.0 118.16999816894531 18.75
  vertex 9.0 126.94405364990234 16.10721206665039
  vertex 9.0 122.60328674316406 22.498323440551758
 endloop
endfacet
facet normal 0.0 0.0 -1.0
 outer loop
  vertex 29.299999237060547 21.77777862548828 0.0
  vertex 32.29999923706055 18.66666603088379 0.0
  vertex 29.299999237060547 15.55555534362793 0.0
 endloop
endfacet
facet normal 0.0 0.0 -1.0
 outer loop
  vertex 23.299999237060547 3.1111111640930176 0.0
  vertex 17.299999237060547 6.222222328186035 0.0
  vertex 29.299999237060547 9.333333015441895 0.0
 endloop
endfacet
facet normal -0.9999999999999999 0.0 0.0
 outer loop
  vertex 14.300000190734863 16.950992584228516 18.12264633178711
  vertex 14.300000190734863 13.330634117126465 22.24047088623047
  vertex 14.300000190734863 18.66666603088379 25.0
 endloop
endfacet
facet normal -1.0 0.0 0.0
 outer loop
  vertex 14.300000190734863 16.950992584228516 18.12264633178711
  vertex 14.300000190734863 18.66666603088379 25.0
  vertex 14.300000190734863 23.567689895629883 22.498228073120117
 endloop
endfacet
facet normal -1.0 0.0 0.0
 outer loop
  vertex 14.300000190734863 19.225948333740234 16.10721206665039
  vertex 14.300000190734863 16.950992584228516 18.12264633178711
  vertex 14.300000190734863 23.567689895629883 22.498228073120117
 endloop
endfacet
facet normal -0.9999999999999999 0.0 0.0
 outer loop
  vertex 14.300000190734863 19.225948333740234 16.10721206665039
  vertex 14.300000190734863 23.567689895629883 22.498228073120117
  vertex 14.300000190734863 28.0 15.625
 endloop
endfacet
facet normal -1.0 0.0 0.0
 outer loop
  vertex 14.300000190734863 19.225948333740234 16.10721206665039
  vertex 14.300000190734863 28.0 15.625
  vertex 14.300000190734863 20.303701400756836 13.26540756225586
 endloop
endfacet
facet normal 0.0 0.0 1.0
 outer loop
  vertex 20.299999237060547 3.1111111640930176 25.0
  vertex 26.299999237060547 3.1111111640930176 25.0
  vertex 29.299999237060547 6.222222328186035 25.0
 endloop
endfacet
facet normal 0.0 0.0 1.0
 outer loop
  vertex 17.299999237060547 9.333333015441895 25.0
  vertex 20.299999237060547 3.1111111640930176 25.0
  vertex 29.299999237060547 6.222222328186035 25.0
 endloop
endfacet
facet normal 0.0 -1.0 -0.0
 outer loop
  vertex 17.299999237060547 0.0 12.5
  vertex 14.300000190734863 0.0 9.375
  vertex 17.299999237060547 0.0 6.25
 endloop
endfacet
facet normal 0.0 -1.0 0.0
 outer loop
  vertex 17.299999237060547 0.0 6.25
  vertex 20.299999237060547 0.0 3.125
  vertex 26.299999237060547 0.0 3.125
 endloop
endfacet
facet normal 0.0 0.0 1.0
 outer loop
  vertex -29.299999237060547 6.222222328186035 25.0
  vertex -26.299999237060547 3.1111111640930176 25.0
  vertex -20.299999237060547 3.1111111640930176 25.0
 endloop
endfacet
facet normal 0.0 0.0 -1.0
 outer loop
  vertex -17.299999237060547 9.333333015441895 0.0
  vertex -20.299999237060547 3.1111111640930176 0.0
  vertex -26.299999237060547 3.1111111640930176 0.0
 endloop
endfacet
facet normal -0.0 0.0 -1.0
 outer loop
  vertex -17.299999237060547 9.333333015441895 0.0
  vertex -26.299999237060547 3.1111111640930176 0.0
  vertex -29.299999237060547 9.333333015441895 0.0
 endloop
endfacet
facet normal 0.0 0.0 -1.0
 outer loop
  vertex -6.0 139.94778442382813 0.0
  vertex -3.0 143.0588836669922 0.0
  vertex 3.0 143.0588836669922 0.0
 endloop
endfacet
facet normal 0.0 0.0 -1.0
 outer loop
  vertex -6.0 139.94778442382813 0.0
  vertex 3.0 143.0588836669922 0.0
  vertex 6.0 136.836669921875 0.0
 endloop
endfacet
facet normal 0.0 0.0 -1.0
 outer loop
  vertex -9.0 121.28111267089844 0.0
  vertex -9.0 124.39221954345703 0.0
  vertex -6.0 127.50333404541016 0.0
 endloop
endfacet
facet normal 0.0 0.0 1.0
 outer loop
  vertex 6.0 124.39221954345703 25.0
  vertex 9.0 127.50333404541016 25.0
  vertex 6.0 130.61444091796875 25.0
 endloop
endfacet
facet normal 0.0 0.0 0.9999999999999999
 outer loop
  vertex 6.0 130.61444091796875 25.0
  vertex 3.0 136.836669921875 25.0
  vertex -3.0 133.72555541992188 25.0
 endloop
endfacet
facet normal 0.0 0.0 1.0
 outer loop
  vertex 6.0 130.61444091796875 25.0
  vertex -3.0 133.72555541992188 25.0
  vertex -3.0 124.39221954345703 25.0
 endloop
endfacet
facet normal 0.0 -0.0 1.0
 outer loop
  vertex 6.0 124.39221954345703 25.0
  vertex 6.0 130.61444091796875 25.0
  vertex -3.0 124.39221954345703 25.0
 endloop
endfacet
facet normal 0.0 0.0 -1.0
 outer loop
  vertex 14.300000190734863 15.55555534362793 0.0
  vertex 17.299999237060547 18.66666603088379 0.0
  vertex 17.299999237060547 12.44444465637207 0.0
 endloop
endfacet
facet normal -0.0 0.0 1.0
 outer loop
  vertex 17.299999237060547 9.333333015441895 25.0
  vertex 29.299999237060547 6.222222328186035 25.0
  vertex 29.299999237060547 12.44444465637207 25.0
 endloop
endfacet
facet normal 0.0 -1.0 0.0
 outer loop
  vertex 26.299999237060547 0.0 3.125
  vertex 29.299999237060547 0.0 6.25
  vertex 29.299999237060547 0.0 12.5
 endloop
endfacet
facet normal 0.0 -1.0 0.0
 outer loop
  vertex 17.299999237060547 0.0 12.5
  vertex 17.299999237060547 0.0 6.25
  vertex 26.299999237060547 0.0 3.125
 endloop
endfacet
facet normal -0.0 -1.0 0.0
 outer loop
  vertex 29.299999237060547 0.0 12.5
  vertex 17.299999237060547 0.0 12.5
  vertex 26.299999237060547 0.0 3.125
 endloop
endfacet
facet normal 0.0 0.0 -1.0
 outer loop
  vertex -6.0 127.50333404541016 0.0
  vertex -9.0 130.61444091796875 0.0
  vertex -6.0 133.72555541992188 0.0
 endloop
endfacet
facet normal 0.0 -0.0 -1.0
 outer loop
  vertex 6.0 130.61444091796875 0.0
  vertex 6.0 124.39221954345703 0.0
  vertex -6.0 127.50333404541016 0.0
 endloop
endfacet
facet normal 0.0 0.0 -1.0
 outer loop
  vertex -6.0 133.72555541992188 0.0
  vertex -6.0 139.94778442382813 0.0
  vertex 6.0 136.836669921875 0.0
 endloop
endfacet
facet normal 0.0 0.0 -1.0
 outer loop
  vertex -6.0 133.72555541992188 0.0
  vertex 6.0 136.836669921875 0.0
  vertex 6.0 130.61444091796875 0.0
 endloop
endfacet
facet normal 0.0 0.0 -1.0
 outer loop
  vertex -6.0 127.50333404541016 0.0
  vertex -6.0 133.72555541992188 0.0
  vertex 6.0 130.61444091796875 0.0
 endloop
endfacet
facet normal 0.0 0.0 -1.0
 outer loop
  vertex 26.299999237060547 24.88888931274414 0.0
  vertex 29.299999237060547 21.77777862548828 0.0
  vertex 29.299999237060547 15.55555534362793 0.0
 endloop
endfacet
facet normal 0.0 0.0 -1.0
 outer loop
  vertex 17.299999237060547 18.66666603088379 0.0
  vertex 26.299999237060547 24.88888931274414 0.0
  vertex 29.299999237060547 15.55555534362793 0.0
 endloop
endfacet
facet normal 0.0 0.0 -1.0
 outer loop
  vertex 17.299999237060547 12.44444465637207 0.0
  vertex 17.299999237060547 18.66666603088379 0.0
  vertex 29.299999237060547 15.55555534362793 0.0
 endloop
endfacet
facet normal 0.0 0.0 -1.0
 outer loop
  vertex 17.299999237060547 12.44444465637207 0.0
  vertex 29.299999237060547 15.55555534362793 0.0
  vertex 29.299999237060547 9.333333015441895 0.0
 endloop
endfacet
facet normal 0.0 0.0 -1.0
 outer loop
  vertex 17.299999237060547 12.44444465637207 0.0
  vertex 29.299999237060547 9.333333015441895 0.0
  vertex 17.299999237060547 6.222222328186035 0.0
 endloop
endfacet
facet normal 0.0 0.0 -1.0
 outer loop
  vertex -7.730469171969722 117.72023742149149 0.0
  vertex -9.873750114440918 118.16999816894531 0.0
  vertex -9.0 118.16999816894531 0.0
 endloop
endfacet
facet normal -0.4779399606464454 0.7911562551284842 -0.3816348699848418
 outer loop
  vertex -32.29999923706055 26.735518264770505 2.9976231098175052
  vertex -32.29999923706055 27.64420031607151 4.881385693771975
  vertex -31.587686038558072 27.23610442861914 3.14330930642111
 endloop
endfacet
facet normal -1.0 -0.0 0.0
 outer loop
  vertex -32.29999923706055 27.64420031607151 4.881385693771975
  vertex -32.29999923706055 26.735518264770505 2.9976231098175052
  vertex -32.29999923706055 25.384126663208008 5.097994804382324
 endloop
endfacet
facet normal -0.0 1.0 0.0
 outer loop
  vertex -9.719677651148665 118.16999816894531 15.11408359237988
  vertex -9.0 118.16999816894531 15.625
  vertex -9.0 118.16999816894531 12.5
 endloop
endfacet
facet normal 0.8254596591800412 0.5575296955316548 0.0881872420860907
 outer loop
  vertex -11.066108551348215 28.0 14.619498943268006
  vertex -10.79345352090845 28.0 12.067364153965752
  vertex -11.398741885373871 28.792891511337 12.720299462632147
 endloop
endfacet
facet normal 0.7487852620537119 0.6479915291661673 1.3938295971906403e-1
 outer loop
  vertex -11.066108551348215 28.0 14.619498943268006
  vertex -11.398741885373871 28.792891511337 12.720299462632147
  vertex -11.621186863001649 28.76027657879595 14.06693266122968
 endloop
endfacet
facet normal -0.0 -1.0 0.0
 outer loop
  vertex -11.066108551348215 28.0 14.619498943268006
  vertex -11.4399995803833 28.0 15.625
  vertex -11.4399995803833 28.0 12.5
 endloop
endfacet
facet normal 0.0 -1.0 0.0
 outer loop
  vertex -10.79345352090845 28.0 12.067364153965752
  vertex -11.066108551348215 28.0 14.619498943268006
  vertex -11.4399995803833 28.0 12.5
 endloop
endfacet
facet normal 1.773953284047593e-3 0.9961190290628235 -8.799848310444774e-2
 outer loop
  vertex -28.182020019012544 28.04391296527744 24.012984489696805
  vertex -27.10399357376976 28.025111478355843 23.82188857814013
  vertex -26.879003771250925 27.902421172791932 22.437603050057756
 endloop
endfacet
facet normal -1.1443263486529053e-1 0.9860596490931449 -0.1207954490371674
 outer loop
  vertex -28.937271089520532 27.72555467569662 22.12967766696297
  vertex -29.240917065038303 27.952479071265305 24.269725168506927
  vertex -28.182020019012544 28.04391296527744 24.012984489696805
 endloop
endfacet
facet normal -6.372969724403166e-2 0.9878935486385603 -1.4143854583350468e-1
 outer loop
  vertex -28.937271089520532 27.72555467569662 22.12967766696297
  vertex -28.182020019012544 28.04391296527744 24.012984489696805
  vertex -26.879003771250925 27.902421172791932 22.437603050057756
 endloop
endfacet
facet normal -8.027887091779197e-2 0.996138138554699 -3.555434995811167e-2
 outer loop
  vertex -28.16947343302856 27.75664713684585 21.26718003670523
  vertex -28.937271089520532 27.72555467569662 22.12967766696297
  vertex -26.879003771250925 27.902421172791932 22.437603050057756
 endloop
endfacet
facet normal 0.0 1.0 0.0
 outer loop
  vertex 9.873750114440918 118.16999816894531 14.6875
  vertex 9.0 118.16999816894531 15.625
  vertex 9.0 118.16999816894531 18.75
 endloop
endfacet
facet normal 0.0 -1.0 0.0
 outer loop
  vertex -12.343861082592223 28.0 0.0
  vertex -12.297999763488768 28.0 3.125
  vertex -14.300000190734863 28.0 3.125
 endloop
endfacet
facet normal 0.0 -0.9999999999999999 0.0
 outer loop
  vertex -12.343861082592223 28.0 0.0
  vertex -14.300000190734863 28.0 3.125
  vertex -14.300000190734863 28.0 0.0
 endloop
endfacet
facet normal 0.1363321495135583 -0.9905790906226691 1.2907758526509699e-2
 outer loop
  vertex 8.71877417688478 117.98253603115329 0.0
  vertex 10.080859896524505 118.16999816894531 0.0
  vertex 9.873750114440918 118.16999816894531 2.1875
 endloop
endfacet
facet normal 1.3109172641051292e-1 -0.9912454143288437 1.573174620790473e-2
 outer loop
  vertex 7.350208905995332 117.8015439362866 0.0
  vertex 8.71877417688478 117.98253603115329 0.0
  vertex 9.873750114440918 118.16999816894531 2.1875
 endloop
endfacet
facet normal -8.629869574369409e-2 0.993071637242241 7.975749756575991e-2
 outer loop
  vertex -24.883242887744075 28.01164820723583 20.41847987817051
  vertex -23.84731629024462 27.962941376146613 22.145822020913453
  vertex -22.536490745469774 28.293116929533202 19.453091568327196
 endloop
endfacet
facet normal 0.0 0.0 0.9999999999999999
 outer loop
  vertex 7.708748726610271 117.70389741626491 25.0
  vertex 9.873750114440918 118.16999816894531 25.0
  vertex 9.0 118.16999816894531 25.0
 endloop
endfacet
facet normal 0.0 1.0 0.0
 outer loop
  vertex -9.719677651148665 118.16999816894531 15.11408359237988
  vertex -9.0 118.16999816894531 18.75
  vertex -9.0 118.16999816894531 15.625
 endloop
endfacet
facet normal -9.955091735157585e-2 0.9794419706499 1.7545096461376322e-1
 outer loop
  vertex -23.84731629024462 27.962941376146613 22.145822020913453
  vertex -22.95051912866963 27.779304779060077 23.6798025905811
  vertex -20.419095713760026 28.295570734089683 22.23411648807082
 endloop
endfacet
facet normal -1.3774868042418545e-1 0.98499108919122 1.0400891911412957e-1
 outer loop
  vertex -20.419095713760026 28.295570734089683 22.23411648807082
  vertex -19.27937492805748 28.771764504391058 19.233877769598347
  vertex -22.536490745469774 28.293116929533202 19.453091568327196
 endloop
endfacet
facet normal -9.819438664575722e-2 0.9924205759607383 7.388682454280815e-2
 outer loop
  vertex -23.84731629024462 27.962941376146613 22.145822020913453
  vertex -20.419095713760026 28.295570734089683 22.23411648807082
  vertex -22.536490745469774 28.293116929533202 19.453091568327196
 endloop
endfacet
facet normal 3.0555485407623906e-1 0.9513410942657219 3.982905361349923e-2
 outer loop
  vertex -12.360155527144421 28.0 20.86958506294688
  vertex -13.479771187950297 28.339022246816274 21.361140920195712
  vertex -13.166504525448198 28.183031782927866 22.68379321753731
 endloop
endfacet
facet normal 0.0 1.0 0.0
 outer loop
  vertex -9.317833101024053 118.16999816894531 20.827784589100798
  vertex -9.0 118.16999816894531 23.50579201713069
  vertex -9.0 118.16999816894531 21.875
 endloop
endfacet
facet normal 0.0 1.0 0.0
 outer loop
  vertex -9.873750114440918 118.16999816894531 0.0
  vertex -9.873750114440918 118.16999816894531 4.0625
  vertex -9.0 118.16999816894531 3.125
 endloop
endfacet
facet normal 0.0 1.0 0.0
 outer loop
  vertex -9.873750114440918 118.16999816894531 0.0
  vertex -9.0 118.16999816894531 3.125
  vertex -9.0 118.16999816894531 0.0
 endloop
endfacet
facet normal 0.2903969547566067 0.9331234005670824 -2.1201492396105806e-1
 outer loop
  vertex 19.718979821476996 28.950601566715747 8.521918984088222
  vertex 17.203428304359548 29.431018113673563 7.190783548687772
  vertex 17.231737467019894 29.76028175001211 8.67871889190693
 endloop
endfacet
facet normal 2.5474461015492794e-1 0.9574151467199168 -1.3587280974607852e-1
 outer loop
  vertex 18.386936873974165 28.920820911150347 5.814657591788877
  vertex 17.203428304359548 29.431018113673563 7.190783548687772
  vertex 19.718979821476996 28.950601566715747 8.521918984088222
 endloop
endfacet
facet normal 9.311605359217942e-2 0.9952113086308914 -2.9729644071311304e-2
 outer loop
  vertex 30.33178084262756 27.09267120223817 23.461295924851296
  vertex 32.29999923706055 26.908963775634763 23.476264858245848
  vertex 31.548740519051183 26.94962661660684 22.484455881301628
 endloop
endfacet
facet normal -0.3152268688467843 0.946862863142166 6.389631882410744e-2
 outer loop
  vertex -19.884691461927115 29.02810747921623 15.376784224400263
  vertex -17.72710983116997 29.75420229886699 15.261213903007803
  vertex -18.466328166377306 29.603914166584904 13.841425851956421
 endloop
endfacet
facet normal 4.0037084574336673e-1 0.9101055025682256 -0.1068230315698777
 outer loop
  vertex 17.231737467019894 29.76028175001211 8.67871889190693
  vertex 16.569174944996046 30.16625530655214 9.654239328579463
  vertex 16.782091159697398 30.223433368843704 10.93938834609628
 endloop
endfacet
facet normal 0.351360782910444 0.9361662820434092 1.1759787310152396e-2
 outer loop
  vertex 16.782091159697398 30.223433368843704 10.93938834609628
  vertex 18.393726624689855 29.604262993980086 12.077243027358934
  vertex 19.57249016619692 29.17537929465478 11.000282853693198
 endloop
endfacet
facet normal 0.3513552855189308 0.9284765595165564 -1.2033595375534696e-1
 outer loop
  vertex 17.231737467019894 29.76028175001211 8.67871889190693
  vertex 16.782091159697398 30.223433368843704 10.93938834609628
  vertex 19.57249016619692 29.17537929465478 11.000282853693198
 endloop
endfacet
facet normal 3.0493930349267934e-1 0.9499316863346047 -6.813084824727922e-2
 outer loop
  vertex 17.231737467019894 29.76028175001211 8.67871889190693
  vertex 19.57249016619692 29.17537929465478 11.000282853693198
  vertex 19.718979821476996 28.950601566715747 8.521918984088222
 endloop
endfacet
facet normal 0.0 1.0 0.0
 outer loop
  vertex 9.873750114440918 118.16999816894531 2.1875
  vertex 9.0 118.16999816894531 3.125
  vertex 9.0 118.16999816894531 6.25
 endloop
endfacet
facet normal 0.8470733337598312 0.5314594060479034 4.203207848239223e-3
 outer loop
  vertex -12.148705701882687 30.162944932311557 11.060037190693807
  vertex -11.78156420823582 29.57018442837058 12.019394070891982
  vertex -11.273515981751755 28.76490573944929 11.452881234159541
 endloop
endfacet
facet normal 0.8516008069314082 0.5229390518335699 -3.620516125059143e-2
 outer loop
  vertex -12.148705701882687 30.162944932311557 11.060037190693807
  vertex -11.273515981751755 28.76490573944929 11.452881234159541
  vertex -11.768571729617378 29.468519625972004 9.971250056991432
 endloop
endfacet
facet normal -0.0 0.9903760317648425 1.3840273012380946e-1
 outer loop
  vertex 25.399999237060545 27.06666679382324 25.0
  vertex 28.39999923706055 27.06666679382324 25.0
  vertex 27.349394541883488 27.225785683219666 23.86138420739036
 endloop
endfacet
facet normal 0.0 0.0 1.0
 outer loop
  vertex 28.39999923706055 27.06666679382324 25.0
  vertex 25.399999237060545 27.06666679382324 25.0
  vertex 26.299999237060547 24.88888931274414 25.0
 endloop
endfacet
facet normal -8.556683144538563e-2 0.9945338340585373 -5.9839537675543834e-2
 outer loop
  vertex -29.862545604226572 27.268856183430945 1.2207999263737073
  vertex -31.243989826784205 27.163873083642443 1.4513591976299207
  vertex -31.587686038558072 27.23610442861914 3.14330930642111
 endloop
endfacet
facet normal -9.274207230778742e-2 0.9882344471535036 1.2162066223823234e-1
 outer loop
  vertex -19.27937492805748 28.771764504391058 19.233877769598347
  vertex -20.419095713760026 28.295570734089683 22.23411648807082
  vertex -18.725754396290544 28.462223854509187 22.171229382566707
 endloop
endfacet
facet normal -0.0479076411820911 0.9923701296615263 1.1360626598886814e-1
 outer loop
  vertex -19.27937492805748 28.771764504391058 19.233877769598347
  vertex -18.725754396290544 28.462223854509187 22.171229382566707
  vertex -16.506469572913268 28.696075847047247 21.064362344355068
 endloop
endfacet
facet normal -1.1137358243339518e-1 0.9715769876526122 0.2088877263024985
 outer loop
  vertex -16.647372058861336 29.017727297580013 19.49317399439312
  vertex -19.27937492805748 28.771764504391058 19.233877769598347
  vertex -16.506469572913268 28.696075847047247 21.064362344355068
 endloop
endfacet
facet normal -0.2599232394877123 0.959680752007425 -1.0701758640838814e-1
 outer loop
  vertex -29.432215499627524 27.578113346037316 21.224934644357496
  vertex -31.305065691451336 27.189718089469807 22.2907579437163
  vertex -30.218521275645873 27.613463910702666 23.45171258815385
 endloop
endfacet
facet normal -1.6084012065741993e-1 0.984319884596757 -0.0724211320978458
 outer loop
  vertex -29.432215499627524 27.578113346037316 21.224934644357496
  vertex -30.218521275645873 27.613463910702666 23.45171258815385
  vertex -28.937271089520532 27.72555467569662 22.12967766696297
 endloop
endfacet
facet normal 1.5204184068773033e-1 0.9876653462787602 -3.7422485758480284e-2
 outer loop
  vertex 20.54749685485915 28.23909740806663 1.5237503986656653
  vertex 18.60883212863646 28.562360635113635 2.178910875912698
  vertex 20.322551496067497 28.36561200776064 3.9488426305650686
 endloop
endfacet
facet normal 0.2376727891868234 0.9709239572701847 -2.8606196513351615e-2
 outer loop
  vertex 21.79197871627726 27.966093925341692 2.5974287286553506
  vertex 20.54749685485915 28.23909740806663 1.5237503986656653
  vertex 20.322551496067497 28.36561200776064 3.9488426305650686
 endloop
endfacet
facet normal 3.1636737351221605e-1 0.9481201781969611 -3.1301959567167005e-2
 outer loop
  vertex 19.57249016619692 29.17537929465478 11.000282853693198
  vertex 18.393726624689855 29.604262993980086 12.077243027358934
  vertex 21.011461348127106 28.783870608222255 13.685298392756025
 endloop
endfacet
facet normal 2.4274633328743797e-1 0.9700234311233508 1.1347279285639934e-2
 outer loop
  vertex 19.57249016619692 29.17537929465478 11.000282853693198
  vertex 21.011461348127106 28.783870608222255 13.685298392756025
  vertex 22.168283434186304 28.50574073366657 12.713979703497094
 endloop
endfacet
facet normal -9.316950753972361e-3 0.9971346466541845 -7.507123863692913e-2
 outer loop
  vertex -23.448395899315003 27.77703871559518 1.9990369598664666
  vertex -24.537433352354384 27.733697682324305 1.5585175522019619
  vertex -25.71493165918781 27.79085499851456 2.463847412941632
 endloop
endfacet
facet normal -7.880984785919481e-2 0.9950409530134615 -6.0683685669813296e-2
 outer loop
  vertex -25.71493165918781 27.79085499851456 2.463847412941632
  vertex -25.298167863017262 28.003574062296344 5.410588149045077
  vertex -23.176160174718504 28.08729438019289 4.027515297782053
 endloop
endfacet
facet normal -2.4315568751326923e-2 0.9886947614357977 -1.4795750006576383e-1
 outer loop
  vertex -23.448395899315003 27.77703871559518 1.9990369598664666
  vertex -25.71493165918781 27.79085499851456 2.463847412941632
  vertex -23.176160174718504 28.08729438019289 4.027515297782053
 endloop
endfacet
facet normal -9.688771479747983e-2 0.9857151603463687 -1.3776208979488777e-1
 outer loop
  vertex -22.492270839311374 27.92537599832511 2.387979493962018
  vertex -23.448395899315003 27.77703871559518 1.9990369598664666
  vertex -23.176160174718504 28.08729438019289 4.027515297782053
 endloop
endfacet
facet normal -0.1320346712162477 0.9853868118811645 -1.0760890561422834e-1
 outer loop
  vertex -23.176160174718504 28.08729438019289 4.027515297782053
  vertex -21.057107924541192 28.531734439900475 5.4972543074166635
  vertex -20.606042723607782 28.309936948009664 2.912778911701036
 endloop
endfacet
facet normal -1.5409406430855163e-1 0.9749235875695792 -1.6055845585123482e-1
 outer loop
  vertex -22.492270839311374 27.92537599832511 2.387979493962018
  vertex -23.176160174718504 28.08729438019289 4.027515297782053
  vertex -20.606042723607782 28.309936948009664 2.912778911701036
 endloop
endfacet
facet normal -0.1417959840319549 0.9886967619187104 -4.870946400718043e-2
 outer loop
  vertex -17.834120399103544 28.686933880951468 2.4957797263398227
  vertex -18.997545571795282 28.460492016251624 1.2862956479785128
  vertex -20.606042723607782 28.309936948009664 2.912778911701036
 endloop
endfacet
facet normal -9.511639450539132e-2 0.9867473155939965 -1.3146332821108944e-1
 outer loop
  vertex -18.369026638123184 29.024353486400333 5.4154246796695755
  vertex -17.085830322287045 28.988428722332227 4.217359229359452
  vertex -17.834120399103544 28.686933880951468 2.4957797263398227
 endloop
endfacet
facet normal -1.5424969535025596e-1 0.9778799343472703 -1.4127230969065152e-1
 outer loop
  vertex -18.369026638123184 29.024353486400333 5.4154246796695755
  vertex -17.834120399103544 28.686933880951468 2.4957797263398227
  vertex -20.606042723607782 28.309936948009664 2.912778911701036
 endloop
endfacet
facet normal -0.1824539814734956 0.9763906741199233 -1.1563648272111632e-1
 outer loop
  vertex -18.369026638123184 29.024353486400333 5.4154246796695755
  vertex -20.606042723607782 28.309936948009664 2.912778911701036
  vertex -21.057107924541192 28.531734439900475 5.4972543074166635
 endloop
endfacet
facet normal 0.1647243850665483 0.9862399381864545 1.4023597627775341e-2
 outer loop
  vertex 27.459884708802676 27.608147509382903 13.68281241077971
  vertex 22.168283434186304 28.50574073366657 12.713979703497094
  vertex 22.610239507570977 28.3838652403788 16.093821154308667
 endloop
endfacet
facet normal 2.1434048597403507e-1 0.9738255430848339 7.564368914815432e-2
 outer loop
  vertex 22.610239507570977 28.3838652403788 16.093821154308667
  vertex 17.985186754863893 29.26273580744826 17.884710109073488
  vertex 20.67322820024381 28.437719222240215 20.889139387741007
 endloop
endfacet
facet normal 1.4107313009789282e-1 0.9889355554565926 4.587852567534737e-2
 outer loop
  vertex 23.369705998017736 28.152225043296113 18.751642218985513
  vertex 22.610239507570977 28.3838652403788 16.093821154308667
  vertex 20.67322820024381 28.437719222240215 20.889139387741007
 endloop
endfacet
facet normal 0.0426320122388773 0.9980356845514837 -4.5905161957187204e-2
 outer loop
  vertex 29.44884890779272 27.08200555690486 1.2608957011593853
  vertex 25.299499966242475 27.270176272430643 1.498472338683184
  vertex 27.329100839776544 27.372699469309683 5.6123403702619985
 endloop
endfacet
facet normal 9.754975377828531e-2 0.9950501590146784 -1.895327366601965e-2
 outer loop
  vertex 29.44884890779272 27.08200555690486 1.2608957011593853
  vertex 27.329100839776544 27.372699469309683 5.6123403702619985
  vertex 31.31293273776539 26.929642042294873 2.8559541447787673
 endloop
endfacet
facet normal 1.3099929862840143e-1 0.9873581896271848 -8.923558222477752e-2
 outer loop
  vertex 24.061572775098313 27.532676184394905 2.5856378128440043
  vertex 27.329100839776544 27.372699469309683 5.6123403702619985
  vertex 25.299499966242475 27.270176272430643 1.498472338683184
 endloop
endfacet
facet normal -4.0657879935476626e-1 0.9123729669745468 4.763663557913371e-2
 outer loop
  vertex -18.466328166377306 29.603914166584904 13.841425851956421
  vertex -16.199878029588557 30.610065333847388 13.915013116678672
  vertex -16.536920994194883 30.539374713056045 12.392270975675855
 endloop
endfacet
facet normal -0.4170644355489789 0.9083454878289766 3.1076218253677845e-2
 outer loop
  vertex -18.971666414732056 29.458694657670225 11.304143966485563
  vertex -18.466328166377306 29.603914166584904 13.841425851956421
  vertex -16.536920994194883 30.539374713056045 12.392270975675855
 endloop
endfacet
facet normal -0.4193137179636626 0.9052503717131949 -6.854028334207943e-2
 outer loop
  vertex -16.290656375812386 30.65087480800319 10.898153572324814
  vertex -16.147025182366068 30.636261305867407 9.826442099914154
  vertex -17.717174203216427 29.907284389944408 9.8042420104825
 endloop
endfacet
facet normal -3.8708010363187545e-1 0.9207769182502343 -4.8361763718229596e-2
 outer loop
  vertex -17.717174203216427 29.907284389944408 9.8042420104825
  vertex -18.971666414732056 29.458694657670225 11.304143966485563
  vertex -16.536920994194883 30.539374713056045 12.392270975675855
 endloop
endfacet
facet normal -4.5683088469668715e-1 0.8895088840479328 -8.915603571457554e-3
 outer loop
  vertex -16.290656375812386 30.65087480800319 10.898153572324814
  vertex -17.717174203216427 29.907284389944408 9.8042420104825
  vertex -16.536920994194883 30.539374713056045 12.392270975675855
 endloop
endfacet
facet normal 1.9509566643465343e-1 0.9797130464435455 -4.5826057726207174e-2
 outer loop
  vertex 32.29999923706055 26.874586218339388 5.881165004322974
  vertex 32.29999923706055 26.739468765258785 2.992495584487915
  vertex 31.31293273776539 26.929642042294873 2.8559541447787673
 endloop
endfacet
facet normal -0.2886270411774227 0.9555383520332807 -6.033977870930832e-2
 outer loop
  vertex 12.297999763488768 28.0 4.0625
  vertex 13.640752518788593 28.3845473489064 3.7293033066695362
  vertex 13.679681613583496 28.297612926926522 2.166401258017561
 endloop
endfacet
facet normal -0.0 0.0 -1.0
 outer loop
  vertex 32.29999923706055 24.88888931274414 0.0
  vertex 29.299999237060547 21.77777862548828 0.0
  vertex 26.299999237060547 24.88888931274414 0.0
 endloop
endfacet
facet normal 0.0 -0.0 -1.0
 outer loop
  vertex 32.29999923706055 27.06666679382324 0.0
  vertex 32.29999923706055 24.88888931274414 0.0
  vertex 26.299999237060547 24.88888931274414 0.0
 endloop
endfacet
facet normal -0.8327710755530546 0.550003731519973 -6.315244283726432e-2
 outer loop
  vertex 12.334279730971051 29.996693541442745 12.063556844861342
  vertex 12.284894152310253 29.807078127648655 11.063400701336514
  vertex 11.699401161926486 28.889114883085966 10.789435328032098
 endloop
endfacet
facet normal -0.8081920872156284 0.5800960098804459 -1.0155869969053234e-1
 outer loop
  vertex 12.334279730971051 29.996693541442745 12.063556844861342
  vertex 11.699401161926486 28.889114883085966 10.789435328032098
  vertex 10.942479036332994 28.0 11.73437137813941
 endloop
endfacet
facet normal -0.8184938772615775 0.5741063485340917 -2.1671950954215636e-2
 outer loop
  vertex 12.334279730971051 29.996693541442745 12.063556844861342
  vertex 10.942479036332994 28.0 11.73437137813941
  vertex 12.118070709897388 29.730825022142696 13.186157906638982
 endloop
endfacet
facet normal -3.361899996039343e-4 0.9985578127069153 5.368595401280375e-2
 outer loop
  vertex -26.879003771250925 27.902421172791932 22.437603050057756
  vertex -25.442238932932906 27.91660369324571 22.182805666196305
  vertex -24.883242887744075 28.01164820723583 20.41847987817051
 endloop
endfacet
facet normal 1.3422237236205875e-1 0.9885898559163748 6.836996077768509e-2
 outer loop
  vertex 20.67322820024381 28.437719222240215 20.889139387741007
  vertex 17.923374291942103 28.718545005997566 22.22701340549101
  vertex 19.560348710843687 28.38022328265585 23.905277257417076
 endloop
endfacet
facet normal 0.2278641692166658 0.9682792183083906 1.0253426636637601e-1
 outer loop
  vertex 20.67322820024381 28.437719222240215 20.889139387741007
  vertex 19.560348710843687 28.38022328265585 23.905277257417076
  vertex 20.88384419488234 28.11875556117803 23.433206410446754
 endloop
endfacet
facet normal -1.8180279089206547e-1 0.9794766069574851 -8.702483350692602e-2
 outer loop
  vertex 13.640752518788593 28.3845473489064 3.7293033066695362
  vertex 15.291173832181249 28.720005815234895 4.057054803600521
  vertex 15.1585007761645 28.546570203268725 2.3821789434519993
 endloop
endfacet
facet normal -1.5738334300600917e-1 0.9857882772954445 -5.8753346212219705e-2
 outer loop
  vertex 13.679681613583496 28.297612926926522 2.166401258017561
  vertex 13.640752518788593 28.3845473489064 3.7293033066695362
  vertex 15.1585007761645 28.546570203268725 2.3821789434519993
 endloop
endfacet
facet normal -0.2105695403546602 0.977578881049927 0.0
 outer loop
  vertex 12.297999763488768 28.0 0.0
  vertex 12.297999763488768 28.0 4.0625
  vertex 13.679681613583496 28.297612926926522 2.166401258017561
 endloop
endfacet
facet normal -1.6762598564157194e-1 0.9854395388684081 -2.8468301187650976e-2
 outer loop
  vertex 12.297999763488768 28.0 0.0
  vertex 13.679681613583496 28.297612926926522 2.166401258017561
  vertex 14.588950827387357 28.42153378846938 1.1020373775488215
 endloop
endfacet
facet normal 0.0 -1.0 0.0
 outer loop
  vertex 12.297999763488768 28.0 0.0
  vertex 14.300000190734863 28.0 0.0
  vertex 14.300000190734863 28.0 3.125
 endloop
endfacet
facet normal 0.0 -1.0 0.0
 outer loop
  vertex 12.297999763488768 28.0 4.0625
  vertex 12.297999763488768 28.0 0.0
  vertex 14.300000190734863 28.0 3.125
 endloop
endfacet
facet normal 5.019927859648571e-2 0.9737481220039256 2.2202393412022134e-1
 outer loop
  vertex 24.208639428529008 27.397526268488907 23.81828781115238
  vertex 25.399999237060545 27.06666679382324 25.0
  vertex 27.349394541883488 27.225785683219666 23.86138420739036
 endloop
endfacet
facet normal 5.239691791515915e-2 0.9903736988280676 1.2811908391260057e-1
 outer loop
  vertex 24.208639428529008 27.397526268488907 23.81828781115238
  vertex 27.349394541883488 27.225785683219666 23.86138420739036
  vertex 26.021457426437745 27.6078539657702 21.451044102471887
 endloop
endfacet
facet normal -6.271800176305259e-2 -0.9980035300330041 7.4435405898211566e-3
 outer loop
  vertex -6.94053309500904 118.03992872925004 23.419259139482367
  vertex -9.0 118.16999816894531 23.50579201713069
  vertex -9.317833101024053 118.16999816894531 20.827784589100798
 endloop
endfacet
facet normal -0.0 0.9999999999999999 0.0
 outer loop
  vertex -9.317833101024053 118.16999816894531 20.827784589100798
  vertex -9.0 118.16999816894531 21.875
  vertex -9.0 118.16999816894531 18.75
 endloop
endfacet
facet normal 0.0 1.0 0.0
 outer loop
  vertex -9.719677651148665 118.16999816894531 15.11408359237988
  vertex -9.317833101024053 118.16999816894531 20.827784589100798
  vertex -9.0 118.16999816894531 18.75
 endloop
endfacet
facet normal 6.696702681211597e-2 0.9943664747548236 8.216283346872802e-2
 outer loop
  vertex -14.26165266053041 28.37553678606031 22.42114629176096
  vertex -15.2424318491025 28.228502402596774 25.0
  vertex -13.776501687589604 28.12977724751255 25.0
 endloop
endfacet
facet normal 0.2410354939699045 0.9705098545770652 -3.53734582534807e-3
 outer loop
  vertex -13.833131281730696 28.37798170010395 2.2242627905629773
  vertex -12.297999763488768 28.0 3.125
  vertex -12.343861082592223 28.0 0.0
 endloop
endfacet
facet normal -3.183056162227422e-2 0.9942927168689568 1.0182734666168523e-1
 outer loop
  vertex 14.920884485897782 28.771800459124965 21.95616325645454
  vertex 15.524441745589561 28.627498215324383 23.553869981804898
  vertex 16.98518053847957 28.66930953345585 23.602220913276017
 endloop
endfacet
facet normal 1.3651210417144925e-2 0.9988903012341271 4.507560930859861e-2
 outer loop
  vertex 14.920884485897782 28.771800459124965 21.95616325645454
  vertex 16.98518053847957 28.66930953345585 23.602220913276017
  vertex 17.923374291942103 28.718545005997566 22.22701340549101
 endloop
endfacet
facet normal -1.4252468545321794e-3 0.9781028382942898 0.2081172899882617
 outer loop
  vertex 14.920884485897782 28.771800459124965 21.95616325645454
  vertex 17.923374291942103 28.718545005997566 22.22701340549101
  vertex 15.928790786369555 29.095133989073958 20.443473330056943
 endloop
endfacet
facet normal -1.0906438854773576e-1 0.9824692950671614 -1.5119207453085473e-1
 outer loop
  vertex -27.27858516739161 27.646592208982458 1.8114127739532166
  vertex -28.492746610453185 27.366472420706657 0.8670027182078526
  vertex -29.862545604226572 27.268856183430945 1.2207999263737073
 endloop
endfacet
facet normal -1.7294602728960354e-1 0.9751336401286312 -1.3857869798143144e-1
 outer loop
  vertex -29.862545604226572 27.268856183430945 1.2207999263737073
  vertex -31.587686038558072 27.23610442861914 3.14330930642111
  vertex -30.656375737707393 27.578884252951102 4.393066474587573
 endloop
endfacet
facet normal -1.2010750183634283e-1 0.9849031900011826 -1.2465911249534545e-1
 outer loop
  vertex -21.057107924541192 28.531734439900475 5.4972543074166635
  vertex -23.176160174718504 28.08729438019289 4.027515297782053
  vertex -25.298167863017262 28.003574062296344 5.410588149045077
 endloop
endfacet
facet normal 0.3346371184245351 0.9344774252659084 1.2153164460716538e-1
 outer loop
  vertex 16.039430413131605 30.52592011831146 13.033820143885519
  vertex 15.890517902277432 30.428706222043317 14.191344552191197
  vertex 16.766418431419634 30.04744924647724 14.711103895505966
 endloop
endfacet
facet normal 1.4083733704797025e-1 0.9895613031173901 3.0549498618623685e-2
 outer loop
  vertex 31.548740519051183 26.94962661660684 22.484455881301628
  vertex 29.69008339246676 27.273426254989833 20.56457913811745
  vertex 30.33178084262756 27.09267120223817 23.461295924851296
 endloop
endfacet
facet normal -3.872561667724728e-2 0.9980366316460247 4.922609577880304e-2
 outer loop
  vertex -30.16414922672713 27.771807237149385 6.812716463669595
  vertex -30.69192390893981 27.690197920692125 8.052113704246333
  vertex -29.625780083028925 27.648624929138027 9.733710513286468
 endloop
endfacet
facet normal -3.363079731251045e-2 0.9982666935462385 4.829677037220298e-2
 outer loop
  vertex -25.298167863017262 28.003574062296344 5.410588149045077
  vertex -30.16414922672713 27.771807237149385 6.812716463669595
  vertex -29.625780083028925 27.648624929138027 9.733710513286468
 endloop
endfacet
facet normal -6.576394289020239e-2 0.995870354212153 -6.258866843842478e-2
 outer loop
  vertex -25.298167863017262 28.003574062296344 5.410588149045077
  vertex -25.71493165918781 27.79085499851456 2.463847412941632
  vertex -27.27858516739161 27.646592208982458 1.8114127739532166
 endloop
endfacet
facet normal -1.1543527115497094e-1 0.9853944244062999 -0.1251899617475598
 outer loop
  vertex -27.27858516739161 27.646592208982458 1.8114127739532166
  vertex -29.862545604226572 27.268856183430945 1.2207999263737073
  vertex -30.656375737707393 27.578884252951102 4.393066474587573
 endloop
endfacet
facet normal -6.081281955112121e-2 0.9970778902289126 -4.6232908138070954e-2
 outer loop
  vertex -29.703913907253618 27.741281147679313 5.549004128173156
  vertex -30.16414922672713 27.771807237149385 6.812716463669595
  vertex -25.298167863017262 28.003574062296344 5.410588149045077
 endloop
endfacet
facet normal -7.772285579724279e-2 0.9941030526431984 -7.561929920460213e-2
 outer loop
  vertex -27.27858516739161 27.646592208982458 1.8114127739532166
  vertex -30.656375737707393 27.578884252951102 4.393066474587573
  vertex -29.703913907253618 27.741281147679313 5.549004128173156
 endloop
endfacet
facet normal -6.133913889467573e-2 0.9959959087751205 -0.0650358342983438
 outer loop
  vertex -25.298167863017262 28.003574062296344 5.410588149045077
  vertex -27.27858516739161 27.646592208982458 1.8114127739532166
  vertex -29.703913907253618 27.741281147679313 5.549004128173156
 endloop
endfacet
facet normal 0.0 0.0 -1.0
 outer loop
  vertex 24.19999923706055 27.06666679382324 0.0
  vertex 32.29999923706055 27.06666679382324 0.0
  vertex 26.299999237060547 24.88888931274414 0.0
 endloop
endfacet
facet normal 3.557043016034003e-2 0.9864641275744307 -1.6007270069260818e-1
 outer loop
  vertex 24.19999923706055 27.06666679382324 0.0
  vertex 25.299499966242475 27.270176272430643 1.498472338683184
  vertex 29.44884890779272 27.08200555690486 1.2608957011593853
 endloop
endfacet
facet normal 0.0 0.9999260149185654 -1.2164073704018922e-2
 outer loop
  vertex 32.29999923706055 27.06666679382324 0.0
  vertex 24.19999923706055 27.06666679382324 0.0
  vertex 29.44884890779272 27.08200555690486 1.2608957011593853
 endloop
endfacet
facet normal -0.7292659995115454 0.6743799068624526 0.1156842391020348
 outer loop
  vertex 11.096857644669356 28.0 17.319122875364073
  vertex 11.713828490517413 28.603112619375597 17.692629489749727
  vertex 12.061304238844691 29.122767951020347 16.85376962432195
 endloop
endfacet
facet normal -0.7441815179792048 0.6650658815057735 6.229961119553541e-2
 outer loop
  vertex 10.977057953271123 28.0 15.888091212608423
  vertex 11.096857644669356 28.0 17.319122875364073
  vertex 12.061304238844691 29.122767951020347 16.85376962432195
 endloop
endfacet
facet normal -0.7780545839715898 0.6045680449875466 1.7067086260030526e-1
 outer loop
  vertex 10.977057953271123 28.0 15.888091212608423
  vertex 12.061304238844691 29.122767951020347 16.85376962432195
  vertex 11.962249227833707 29.30466772441414 15.757853233456515
 endloop
endfacet
facet normal 0.0 0.0 1.0
 outer loop
  vertex 16.174164284172 28.617033356416506 25.0
  vertex 12.297999763488768 28.0 25.0
  vertex 14.300000190734863 28.0 25.0
 endloop
endfacet
facet normal -1.4594456059190736e-1 0.9866171620357616 7.271011490937818e-2
 outer loop
  vertex 16.174164284172 28.617033356416506 25.0
  vertex 15.524441745589561 28.627498215324383 23.553869981804898
  vertex 13.841577102288028 28.37833341464782 23.55696896769839
 endloop
endfacet
facet normal -0.1565636965537453 0.983523239866792 9.038719800588682e-2
 outer loop
  vertex 12.297999763488768 28.0 25.0
  vertex 16.174164284172 28.617033356416506 25.0
  vertex 13.841577102288028 28.37833341464782 23.55696896769839
 endloop
endfacet
facet normal 9.321629188626897e-2 0.9903557818569908 -1.0249950375198023e-1
 outer loop
  vertex 32.29999923706055 27.066666793823238 25.0
  vertex 32.29999923706055 26.908963775634763 23.476264858245848
  vertex 30.33178084262756 27.09267120223817 23.461295924851296
 endloop
endfacet
facet normal 9.108221615644712e-16 0.9998572221842441 1.6897788198671413e-2
 outer loop
  vertex 28.39999923706055 27.06666679382324 25.0
  vertex 32.29999923706055 27.066666793823238 25.0
  vertex 30.33178084262756 27.09267120223817 23.461295924851296
 endloop
endfacet
facet normal -8.508607526424827e-2 0.9959150218645931 -3.022629683857444e-2
 outer loop
  vertex -28.16947343302856 27.75664713684585 21.26718003670523
  vertex -26.879003771250925 27.902421172791932 22.437603050057756
  vertex -24.883242887744075 28.01164820723583 20.41847987817051
 endloop
endfacet
facet normal -2.8300623204403347e-1 0.9577826177754775 -5.059574795763223e-2
 outer loop
  vertex -18.894097863893293 29.336391208073554 8.555049288961705
  vertex -21.084910176816862 28.76032549678464 9.904328933653373
  vertex -18.971666414732056 29.458694657670225 11.304143966485563
 endloop
endfacet
facet normal -3.9070680632037597e-1 0.9190502649715971 -5.1911481876067686e-2
 outer loop
  vertex -17.717174203216427 29.907284389944408 9.8042420104825
  vertex -18.894097863893293 29.336391208073554 8.555049288961705
  vertex -18.971666414732056 29.458694657670225 11.304143966485563
 endloop
endfacet
facet normal 0.1004817808187086 0.9948305889549011 -1.4680293019748387e-2
 outer loop
  vertex 32.29999923706055 26.874586218339388 5.881165004322974
  vertex 31.31293273776539 26.929642042294873 2.8559541447787673
  vertex 27.329100839776544 27.372699469309683 5.6123403702619985
 endloop
endfacet
facet normal 2.1033959955597883e-1 -0.9770109194968095 -3.474069720988682e-2
 outer loop
  vertex 9.873750114440918 118.16999816894531 25.0
  vertex 7.708748726610271 117.70389741626491 25.0
  vertex 6.928047967321135 117.66708817246412 21.308385776620625
 endloop
endfacet
facet normal 0.0 1.0 0.0
 outer loop
  vertex 9.0 118.16999816894531 21.875
  vertex 9.0 118.16999816894531 25.0
  vertex 9.873750114440918 118.16999816894531 25.0
 endloop
endfacet
facet normal 0.0 1.0 0.0
 outer loop
  vertex 9.873750114440918 118.16999816894531 25.0
  vertex 9.873750114440918 118.16999816894531 14.6875
  vertex 9.0 118.16999816894531 18.75
 endloop
endfacet
facet normal 0.0 1.0 0.0
 outer loop
  vertex 9.873750114440918 118.16999816894531 25.0
  vertex 9.0 118.16999816894531 18.75
  vertex 9.0 118.16999816894531 21.875
 endloop
endfacet
facet normal 2.498882209279404e-2 0.9932976656201706 -1.1285081410399417e-1
 outer loop
  vertex 18.60883212863646 28.562360635113635 2.178910875912698
  vertex 16.873934071277013 28.66759752439081 2.7210292295763314
  vertex 17.17839168627577 28.873422514238626 4.600089835401646
 endloop
endfacet
facet normal 1.2452209297780613e-1 0.9788851018283423 -1.6210553901376354e-1
 outer loop
  vertex 17.17839168627577 28.873422514238626 4.600089835401646
  vertex 18.386936873974165 28.920820911150347 5.814657591788877
  vertex 20.322551496067497 28.36561200776064 3.9488426305650686
 endloop
endfacet
facet normal 1.5181837951563987e-1 0.9877080730452297 -3.720137205163497e-2
 outer loop
  vertex 18.60883212863646 28.562360635113635 2.178910875912698
  vertex 17.17839168627577 28.873422514238626 4.600089835401646
  vertex 20.322551496067497 28.36561200776064 3.9488426305650686
 endloop
endfacet
facet normal 5.609540246868466e-2 0.9946071737182004 8.723460213796835e-2
 outer loop
  vertex 27.349394541883488 27.225785683219666 23.86138420739036
  vertex 28.39999923706055 27.06666679382324 25.0
  vertex 30.33178084262756 27.09267120223817 23.461295924851296
 endloop
endfacet
facet normal -0.5627405302188077 0.7832851004085378 0.2641733278115754
 outer loop
  vertex 12.483458955646462 29.60066429977446 16.336058311509586
  vertex 12.061304238844691 29.122767951020347 16.85376962432195
  vertex 12.91199261695163 29.589515742556113 17.281974239547164
 endloop
endfacet
facet normal -3.0232340578918404e-1 0.9500881721590565 7.702612177366372e-2
 outer loop
  vertex -21.92793105616037 28.55368727840482 13.208972478168045
  vertex -19.884691461927115 29.02810747921623 15.376784224400263
  vertex -18.466328166377306 29.603914166584904 13.841425851956421
 endloop
endfacet
facet normal -0.2908540566249887 0.9567621851505369 3.1684082372099892e-3
 outer loop
  vertex -18.971666414732056 29.458694657670225 11.304143966485563
  vertex -21.92793105616037 28.55368727840482 13.208972478168045
  vertex -18.466328166377306 29.603914166584904 13.841425851956421
 endloop
endfacet
facet normal 2.3697204118304088e-1 0.9715080487982584 4.045097989385453e-3
 outer loop
  vertex 22.610239507570977 28.3838652403788 16.093821154308667
  vertex 22.168283434186304 28.50574073366657 12.713979703497094
  vertex 21.011461348127106 28.783870608222255 13.685298392756025
 endloop
endfacet
facet normal 0.0 -1.0 0.0
 outer loop
  vertex 10.942479036332994 28.0 11.73437137813941
  vertex 14.300000190734863 28.0 12.5
  vertex 11.4399995803833 28.0 15.625
 endloop
endfacet
facet normal 0.0 -0.9999999999999999 -0.0
 outer loop
  vertex 10.977057953271123 28.0 15.888091212608423
  vertex 10.942479036332994 28.0 11.73437137813941
  vertex 11.4399995803833 28.0 15.625
 endloop
endfacet
facet normal 0.4217486583966605 0.9065215046024163 1.862339480299717e-2
 outer loop
  vertex 16.782091159697398 30.223433368843704 10.93938834609628
  vertex 15.23136011662021 30.927139698852923 11.803560321394052
  vertex 16.039430413131605 30.52592011831146 13.033820143885519
 endloop
endfacet
facet normal 0.3623800915790648 0.9320103791255403 -6.109208575191588e-3
 outer loop
  vertex 18.393726624689855 29.604262993980086 12.077243027358934
  vertex 16.782091159697398 30.223433368843704 10.93938834609628
  vertex 16.039430413131605 30.52592011831146 13.033820143885519
 endloop
endfacet
facet normal 0.3945173972520956 0.9144827582025487 8.987384611604912e-2
 outer loop
  vertex 18.393726624689855 29.604262993980086 12.077243027358934
  vertex 16.039430413131605 30.52592011831146 13.033820143885519
  vertex 16.766418431419634 30.04744924647724 14.711103895505966
 endloop
endfacet
facet normal -0.2053736743799487 -0.9786836331888252 -0.0
 outer loop
  vertex -9.873750114440918 118.16999816894531 4.0625
  vertex -9.873750114440918 118.16999816894531 0.0
  vertex -7.730469171969722 117.72023742149149 0.0
 endloop
endfacet
facet normal 1.7513003062868762e-1 0.983897569989876 0.0357077602211599
 outer loop
  vertex 27.459884708802676 27.608147509382903 13.68281241077971
  vertex 22.610239507570977 28.3838652403788 16.093821154308667
  vertex 23.369705998017736 28.152225043296113 18.751642218985513
 endloop
endfacet
facet normal 2.1943544860321512e-1 0.9683890028181958 -0.1186205004081756
 outer loop
  vertex 18.386936873974165 28.920820911150347 5.814657591788877
  vertex 19.718979821476996 28.950601566715747 8.521918984088222
  vertex 21.94290035671563 28.323366382129134 7.515342092105255
 endloop
endfacet
facet normal 2.0243855740794467e-1 0.9759879701051561 -8.041214264405072e-2
 outer loop
  vertex 20.322551496067497 28.36561200776064 3.9488426305650686
  vertex 18.386936873974165 28.920820911150347 5.814657591788877
  vertex 21.94290035671563 28.323366382129134 7.515342092105255
 endloop
endfacet
facet normal 0.1864386693783906 0.9786427870426426 -8.659629281801841e-2
 outer loop
  vertex 24.061572775098313 27.532676184394905 2.5856378128440043
  vertex 21.79197871627726 27.966093925341692 2.5974287286553506
  vertex 20.322551496067497 28.36561200776064 3.9488426305650686
 endloop
endfacet
facet normal -0.2105817308724028 -0.9700297504844191 1.2123373209597545e-1
 outer loop
  vertex -6.191762289543369 118.07493967787147 25.0
  vertex -6.94053309500904 118.03992872925004 23.419259139482367
  vertex -4.70968807425781 117.75319928446567 25.0
 endloop
endfacet
facet normal 0.0 0.0 -1.0
 outer loop
  vertex -16.080426795369817 28.60184243216612 0.0
  vertex -12.343861082592223 28.0 0.0
  vertex -14.300000190734863 28.0 0.0
 endloop
endfacet
facet normal 1.5874759133658164e-1 0.9855915353781082 -5.838259702905653e-2
 outer loop
  vertex -12.343861082592223 28.0 0.0
  vertex -16.080426795369817 28.60184243216612 0.0
  vertex -15.050759310790639 28.50620156587976 1.1851888803788324
 endloop
endfacet
facet normal 1.5700992545515086e-1 0.985625875848893 -6.236598564659159e-2
 outer loop
  vertex -12.343861082592223 28.0 0.0
  vertex -15.050759310790639 28.50620156587976 1.1851888803788324
  vertex -13.833131281730696 28.37798170010395 2.2242627905629773
 endloop
endfacet
facet normal 0.5189842292154052 0.7604706968592799 3.9030717267820386e-1
 outer loop
  vertex -12.851021098363809 29.442321874898337 16.07204543115096
  vertex -13.12174406560815 30.124415333486848 15.103036497252702
  vertex -13.853021887408572 30.463945789378243 15.413865256714823
 endloop
endfacet
facet normal 0.4991399108767058 0.8038581304563766 0.3235296825164165
 outer loop
  vertex -14.250195619433145 30.155136557894124 16.45958936943024
  vertex -13.602958475605512 29.457835889764585 17.193583602402438
  vertex -12.851021098363809 29.442321874898337 16.07204543115096
 endloop
endfacet
facet normal 0.5016399094743462 0.7591871486312652 4.1471951313592564e-1
 outer loop
  vertex -14.250195619433145 30.155136557894124 16.45958936943024
  vertex -12.851021098363809 29.442321874898337 16.07204543115096
  vertex -13.853021887408572 30.463945789378243 15.413865256714823
 endloop
endfacet
facet normal 2.3247410510254485e-1 0.8454937870305954 -0.48072450171531
 outer loop
  vertex -14.545620247153861 30.61687413316367 8.062764529091789
  vertex -14.114849269952291 31.022954822934405 8.985292496942227
  vertex -13.410132580175505 30.875924192965368 9.067491131552433
 endloop
endfacet
facet normal 2.6795988531038256e-1 0.8667181808382582 -0.4207102267224634
 outer loop
  vertex -13.019912820861679 30.20078341771611 8.177320810229798
  vertex -13.78473516801742 29.90008740427223 7.070714931378203
  vertex -14.545620247153861 30.61687413316367 8.062764529091789
 endloop
endfacet
facet normal 2.6195623323765865e-1 0.8207635296265288 -0.50766737171394
 outer loop
  vertex -13.410132580175505 30.875924192965368 9.067491131552433
  vertex -13.019912820861679 30.20078341771611 8.177320810229798
  vertex -14.545620247153861 30.61687413316367 8.062764529091789
 endloop
endfacet
facet normal 1.9068304521358587e-1 0.9787794624976692 -7.503825731483353e-2
 outer loop
  vertex 24.061572775098313 27.532676184394905 2.5856378128440043
  vertex 20.322551496067497 28.36561200776064 3.9488426305650686
  vertex 21.94290035671563 28.323366382129134 7.515342092105255
 endloop
endfacet
facet normal 1.3921961008457265e-1 0.9853790127204666 -9.821456846078501e-2
 outer loop
  vertex 27.329100839776544 27.372699469309683 5.6123403702619985
  vertex 24.061572775098313 27.532676184394905 2.5856378128440043
  vertex 21.94290035671563 28.323366382129134 7.515342092105255
 endloop
endfacet
facet normal 2.3375458196034718e-1 0.9554519835370064 1.8019517909129426e-1
 outer loop
  vertex 15.704168068978037 29.97662745883156 16.724828830491546
  vertex 16.73459904769928 29.547915191832946 17.6612913044127
  vertex 17.853116781539715 29.46667609467703 16.641072063821415
 endloop
endfacet
facet normal 2.3381618847635774e-1 0.9595073684113693 1.5708469044014764e-1
 outer loop
  vertex 15.704168068978037 29.97662745883156 16.724828830491546
  vertex 17.853116781539715 29.46667609467703 16.641072063821415
  vertex 16.766418431419634 30.04744924647724 14.711103895505966
 endloop
endfacet
facet normal 2.9212816494251503e-1 0.9379021508493911 1.8708471524794543e-1
 outer loop
  vertex 15.704168068978037 29.97662745883156 16.724828830491546
  vertex 16.766418431419634 30.04744924647724 14.711103895505966
  vertex 15.83671277973414 30.198326757942976 15.406429878030231
 endloop
endfacet
facet normal 0.8733003285459843 0.4831775125315347 -6.233801043757072e-2
 outer loop
  vertex -11.438110937762387 28.74783489833533 9.014736759536438
  vertex -11.768571729617378 29.468519625972004 9.971250056991432
  vertex -11.273515981751755 28.76490573944929 11.452881234159541
 endloop
endfacet
facet normal 0.8476894368700696 0.5281665811656298 -4.962540839846915e-2
 outer loop
  vertex -10.79345352090845 28.0 12.067364153965752
  vertex -11.035822250569108 28.0 7.927279092876457
  vertex -11.438110937762387 28.74783489833533 9.014736759536438
 endloop
endfacet
facet normal 0.8670425897294265 0.4943621218783113 -0.0619938710459596
 outer loop
  vertex -10.79345352090845 28.0 12.067364153965752
  vertex -11.438110937762387 28.74783489833533 9.014736759536438
  vertex -11.273515981751755 28.76490573944929 11.452881234159541
 endloop
endfacet
facet normal 4.574654645970415e-2 0.9864800744911592 1.5736682026058446e-1
 outer loop
  vertex -14.26165266053041 28.37553678606031 22.42114629176096
  vertex -15.07154175889296 28.68899943179293 20.691588406583097
  vertex -16.506469572913268 28.696075847047247 21.064362344355068
 endloop
endfacet
facet normal -5.954664453410502e-2 0.9941022784111806 9.063584932259705e-2
 outer loop
  vertex -16.506469572913268 28.696075847047247 21.064362344355068
  vertex -18.725754396290544 28.462223854509187 22.171229382566707
  vertex -17.69329194500867 28.39167561576544 23.623324115920017
 endloop
endfacet
facet normal 2.8393055823853246e-2 0.9973043433374816 6.766004094868916e-2
 outer loop
  vertex -17.69329194500867 28.39167561576544 23.623324115920017
  vertex -15.2424318491025 28.228502402596774 25.0
  vertex -14.26165266053041 28.37553678606031 22.42114629176096
 endloop
endfacet
facet normal 5.471958241518438e-2 0.988218766831192 1.4293157867646283e-1
 outer loop
  vertex -16.506469572913268 28.696075847047247 21.064362344355068
  vertex -17.69329194500867 28.39167561576544 23.623324115920017
  vertex -14.26165266053041 28.37553678606031 22.42114629176096
 endloop
endfacet
facet normal -0.1679385326930408 0.9854052496561013 -2.7805452470783518e-2
 outer loop
  vertex 16.931531212494587 28.789673561212165 0.0
  vertex 12.297999763488768 28.0 0.0
  vertex 14.588950827387357 28.42153378846938 1.1020373775488215
 endloop
endfacet
facet normal -0.1309920359351168 0.9900046452288614 5.226747503801266e-2
 outer loop
  vertex 16.931531212494587 28.789673561212165 0.0
  vertex 14.588950827387357 28.42153378846938 1.1020373775488215
  vertex 16.101472786232787 28.614878250493238 1.230538232965188
 endloop
endfacet
facet normal 0.0 0.0 -1.0
 outer loop
  vertex 12.297999763488768 28.0 0.0
  vertex 16.931531212494587 28.789673561212165 0.0
  vertex 14.300000190734863 28.0 0.0
 endloop
endfacet
facet normal 0.7449571289603814 0.6414707889133338 -1.8317779063524783e-1
 outer loop
  vertex -11.768571729617378 29.468519625972004 9.971250056991432
  vertex -12.48080052068744 29.961138479232687 8.799823596503956
  vertex -12.829105595214196 30.529026071542887 9.372005153929976
 endloop
endfacet
facet normal 0.7827854460278522 0.61127566972969 -1.1657187089300362e-1
 outer loop
  vertex -12.696759030148824 30.753215933301917 10.475077311101163
  vertex -12.148705701882687 30.162944932311557 11.060037190693807
  vertex -11.768571729617378 29.468519625972004 9.971250056991432
 endloop
endfacet
facet normal 0.7488402433257751 0.6261796253185006 -0.2171114156643451
 outer loop
  vertex -12.696759030148824 30.753215933301917 10.475077311101163
  vertex -11.768571729617378 29.468519625972004 9.971250056991432
  vertex -12.829105595214196 30.529026071542887 9.372005153929976
 endloop
endfacet
facet normal 5.134021128966777e-2 0.9973851183641311 5.086362521980101e-2
 outer loop
  vertex 27.349394541883488 27.225785683219666 23.86138420739036
  vertex 30.33178084262756 27.09267120223817 23.461295924851296
  vertex 29.69008339246676 27.273426254989833 20.56457913811745
 endloop
endfacet
facet normal 1.1300447344783661e-1 0.989088013085458 9.452455422501577e-2
 outer loop
  vertex 26.021457426437745 27.6078539657702 21.451044102471887
  vertex 27.349394541883488 27.225785683219666 23.86138420739036
  vertex 29.69008339246676 27.273426254989833 20.56457913811745
 endloop
endfacet
facet normal -0.5721152552011506 0.7896992874910348 2.2149304752581842e-1
 outer loop
  vertex 12.906814787471527 29.17246766401096 18.744158597579887
  vertex 11.713828490517413 28.603112619375597 17.692629489749727
  vertex 11.302710334664617 28.0 18.781018673234648
 endloop
endfacet
facet normal -0.5240752796330249 0.8401538365813543 1.3959452766923836e-1
 outer loop
  vertex 11.302710334664617 28.0 18.781018673234648
  vertex 11.701696896723998 28.0 20.278921188271184
  vertex 12.632056111915665 28.58948701510937 20.22389387719711
 endloop
endfacet
facet normal -0.5744169920595347 0.7923458306788332 2.0550718683088945e-1
 outer loop
  vertex 12.906814787471527 29.17246766401096 18.744158597579887
  vertex 11.302710334664617 28.0 18.781018673234648
  vertex 12.632056111915665 28.58948701510937 20.22389387719711
 endloop
endfacet
facet normal 1.6627423410505027e-1 0.9547666370174069 2.4652291559051823e-1
 outer loop
  vertex 16.73459904769928 29.547915191832946 17.6612913044127
  vertex 15.397986879107378 29.69307480919602 18.000613126594047
  vertex 15.008249330673825 29.428742639802596 19.287223128083266
 endloop
endfacet
facet normal -1.8327321681691747e-1 0.9823716973861297 3.683444274417182e-2
 outer loop
  vertex -30.75767762009271 27.383032074181124 11.185188994558583
  vertex -27.181701634659344 27.864050130878752 16.149078323600296
  vertex -29.625780083028925 27.648624929138027 9.733710513286468
 endloop
endfacet
facet normal -2.5984154481820015e-1 0.9289051936510614 2.6385130811609675e-1
 outer loop
  vertex 12.906814787471527 29.17246766401096 18.744158597579887
  vertex 14.162076976022025 29.345888332244783 19.36980608060606
  vertex 14.260341560110257 29.682800105440823 18.280458157164592
 endloop
endfacet
facet normal -0.2597742021822629 0.9288769940853898 0.2640168436661945
 outer loop
  vertex 12.91199261695163 29.589515742556113 17.281974239547164
  vertex 12.906814787471527 29.17246766401096 18.744158597579887
  vertex 14.260341560110257 29.682800105440823 18.280458157164592
 endloop
endfacet
facet normal -3.0537760879282466e-1 0.8936298048738528 0.3288925172287994
 outer loop
  vertex 12.91199261695163 29.589515742556113 17.281974239547164
  vertex 14.260341560110257 29.682800105440823 18.280458157164592
  vertex 13.742566478514235 29.94700431453047 17.081836566598906
 endloop
endfacet
facet normal 0.0 0.0 1.0
 outer loop
  vertex 7.708748726610271 117.70389741626491 25.0
  vertex 9.0 118.16999816894531 25.0
  vertex 9.0 121.28111267089844 25.0
 endloop
endfacet
facet normal -0.1522667865180276 0.9882412748542144 1.3928689744209553e-2
 outer loop
  vertex -30.651825069115485 27.294104445604784 18.651776500344358
  vertex -27.181701634659344 27.864050130878752 16.149078323600296
  vertex -30.75767762009271 27.383032074181124 11.185188994558583
 endloop
endfacet
facet normal -0.2369359657876161 0.97136027657055 1.7904223442368618e-2
 outer loop
  vertex -32.29999923706055 27.044182568159883 10.399670244636946
  vertex -32.29999923706055 26.857358538545668 20.535459806257858
  vertex -30.651825069115485 27.294104445604784 18.651776500344358
 endloop
endfacet
facet normal -2.2172315762805306e-1 0.9749980064986609 1.4755632656131912e-2
 outer loop
  vertex -32.29999923706055 27.044182568159883 10.399670244636946
  vertex -30.651825069115485 27.294104445604784 18.651776500344358
  vertex -30.75767762009271 27.383032074181124 11.185188994558583
 endloop
endfacet
facet normal -0.0261189599599325 0.9989254278422314 -3.828563099684211e-2
 outer loop
  vertex -16.080426795369817 28.60184243216612 0.0
  vertex -18.668827246078063 28.534163378406966 0.0
  vertex -17.88849112564531 28.594783026522414 1.0492954928132492
 endloop
endfacet
facet normal -2.639830244512395e-2 0.9988995134519872 -3.876714657282471e-2
 outer loop
  vertex -16.080426795369817 28.60184243216612 0.0
  vertex -17.88849112564531 28.594783026522414 1.0492954928132492
  vertex -16.582480611353187 28.645407697130924 1.4644020897479109
 endloop
endfacet
facet normal 0.0 0.0 -1.0
 outer loop
  vertex -18.668827246078063 28.534163378406966 0.0
  vertex -16.080426795369817 28.60184243216612 0.0
  vertex -17.299999237060547 28.0 0.0
 endloop
endfacet
facet normal 2.3970315777854742e-1 0.9680501076845133 -7.363005611158313e-2
 outer loop
  vertex 21.94290035671563 28.323366382129134 7.515342092105255
  vertex 19.718979821476996 28.950601566715747 8.521918984088222
  vertex 19.57249016619692 29.17537929465478 11.000282853693198
 endloop
endfacet
facet normal 2.7771484745635977e-1 0.9595757830462867 -4.5703173778157705e-2
 outer loop
  vertex 22.168283434186304 28.50574073366657 12.713979703497094
  vertex 21.94290035671563 28.323366382129134 7.515342092105255
  vertex 19.57249016619692 29.17537929465478 11.000282853693198
 endloop
endfacet
facet normal 1.6829166345155572e-1 -0.9857372449150473 0.0
 outer loop
  vertex 6.928047967321135 117.66708817246412 21.308385776620625
  vertex 9.873750114440918 118.16999816894531 14.6875
  vertex 9.873750114440918 118.16999816894531 25.0
 endloop
endfacet
facet normal 3.420131290585244e-2 0.9977790015374147 5.7160600823605696e-2
 outer loop
  vertex 16.174164284172 28.617033356416506 25.0
  vertex 18.80727143087424 28.526777176139873 25.0
  vertex 16.98518053847957 28.66930953345585 23.602220913276017
 endloop
endfacet
facet normal 0.0 0.0 1.0
 outer loop
  vertex 18.80727143087424 28.526777176139873 25.0
  vertex 16.174164284172 28.617033356416506 25.0
  vertex 17.299999237060547 28.0 25.0
 endloop
endfacet
facet normal -1.4641505668858987e-1 -0.9888474579900615 2.7264188993451094e-2
 outer loop
  vertex -4.70968807425781 117.75319928446567 25.0
  vertex -6.94053309500904 118.03992872925004 23.419259139482367
  vertex -3.2569336732691596 117.39122581332924 19.673179941181306
 endloop
endfacet
facet normal 1.1188435923725079e-1 0.9896671635608439 8.967048303373351e-2
 outer loop
  vertex 23.369705998017736 28.152225043296113 18.751642218985513
  vertex 26.021457426437745 27.6078539657702 21.451044102471887
  vertex 29.69008339246676 27.273426254989833 20.56457913811745
 endloop
endfacet
facet normal 1.3661623237673717e-1 0.9906163368546046 3.908734827299426e-3
 outer loop
  vertex 27.459884708802676 27.608147509382903 13.68281241077971
  vertex 23.369705998017736 28.152225043296113 18.751642218985513
  vertex 29.69008339246676 27.273426254989833 20.56457913811745
 endloop
endfacet
facet normal 4.275731786039061e-3 0.9939011105267704 0.1101921077543505
 outer loop
  vertex -19.528148442186033 28.246939422607035 25.0
  vertex -15.2424318491025 28.228502402596774 25.0
  vertex -17.69329194500867 28.39167561576544 23.623324115920017
 endloop
endfacet
facet normal 0.1745729548581393 0.9837446858414349 -4.207940720631225e-2
 outer loop
  vertex 21.94290035671563 28.323366382129134 7.515342092105255
  vertex 22.168283434186304 28.50574073366657 12.713979703497094
  vertex 27.459884708802676 27.608147509382903 13.68281241077971
 endloop
endfacet
facet normal 1.6295543890601905e-1 0.9861333198830888 -3.141019495807453e-2
 outer loop
  vertex 27.329100839776544 27.372699469309683 5.6123403702619985
  vertex 21.94290035671563 28.323366382129134 7.515342092105255
  vertex 27.459884708802676 27.608147509382903 13.68281241077971
 endloop
endfacet
facet normal -1.1652227406981715e-1 -0.9915438749634993 5.7125332979047205e-2
 outer loop
  vertex -9.317833101024053 118.16999816894531 20.827784589100798
  vertex -3.2569336732691596 117.39122581332924 19.673179941181306
  vertex -6.94053309500904 118.03992872925004 23.419259139482367
 endloop
endfacet
facet normal 0.0 0.0 -1.0
 outer loop
  vertex -7.730469171969722 117.72023742149149 0.0
  vertex -9.0 118.16999816894531 0.0
  vertex -9.0 121.28111267089844 0.0
 endloop
endfacet
facet normal -4.580726032743573e-2 -0.9974193082547498 5.5284884208169606e-2
 outer loop
  vertex 4.065013659182753 117.35021425773441 25.0
  vertex -4.70968807425781 117.75319928446567 25.0
  vertex -3.2569336732691596 117.39122581332924 19.673179941181306
 endloop
endfacet
facet normal -1.2578049165406943e-1 -0.9920186559270565 8.8461410760187e-3
 outer loop
  vertex -3.2569336732691596 117.39122581332924 19.673179941181306
  vertex -9.317833101024053 118.16999816894531 20.827784589100798
  vertex -9.719677651148665 118.16999816894531 15.11408359237988
 endloop
endfacet
facet normal -0.1237485392116378 -0.9922959597930381 5.918379964081752e-3
 outer loop
  vertex -2.179659871248866 117.21312188381016 12.336586039203315
  vertex -3.2569336732691596 117.39122581332924 19.673179941181306
  vertex -9.719677651148665 118.16999816894531 15.11408359237988
 endloop
endfacet
facet normal -1.0 0.0 0.0
 outer loop
  vertex -9.0 123.40673828125 19.32479476928711
  vertex -9.0 121.28111267089844 25.0
  vertex -9.0 124.39221954345703 25.0
 endloop
endfacet
facet normal -1.0 0.0 0.0
 outer loop
  vertex -9.0 123.40673828125 19.32479476928711
  vertex -9.0 124.39221954345703 25.0
  vertex -9.0 127.50333404541016 25.0
 endloop
endfacet
facet normal -1.0 0.0 0.0
 outer loop
  vertex -9.0 127.50333404541016 25.0
  vertex -9.0 131.49176025390625 22.24632453918457
  vertex -9.0 129.21900939941406 18.12264633178711
 endloop
endfacet
facet normal -1.0 0.0 0.0
 outer loop
  vertex -9.0 123.40673828125 19.32479476928711
  vertex -9.0 127.50333404541016 25.0
  vertex -9.0 129.21900939941406 18.12264633178711
 endloop
endfacet
facet normal 0.0 0.0 1.0
 outer loop
  vertex -3.0 124.39221954345703 25.0
  vertex -9.0 127.50333404541016 25.0
  vertex -9.0 124.39221954345703 25.0
 endloop
endfacet
facet normal 0.0 -0.0 1.0
 outer loop
  vertex 32.29999923706055 24.88888931274414 25.0
  vertex 32.29999923706055 27.066666793823238 25.0
  vertex 28.39999923706055 27.06666679382324 25.0
 endloop
endfacet
facet normal 0.0 0.0 1.0
 outer loop
  vertex 32.29999923706055 24.88888931274414 25.0
  vertex 28.39999923706055 27.06666679382324 25.0
  vertex 26.299999237060547 24.88888931274414 25.0
 endloop
endfacet
facet normal 0.0 -0.0 1.0
 outer loop
  vertex 32.29999923706055 21.77777862548828 25.0
  vertex 32.29999923706055 24.88888931274414 25.0
  vertex 26.299999237060547 24.88888931274414 25.0
 endloop
endfacet
facet normal 0.0 0.0 1.0
 outer loop
  vertex 32.29999923706055 21.77777862548828 25.0
  vertex 26.299999237060547 24.88888931274414 25.0
  vertex 29.299999237060547 18.66666603088379 25.0
 endloop
endfacet
facet normal 0.0 0.0 1.0
 outer loop
  vertex -20.299999237060547 24.88888931274414 25.0
  vertex -23.299999237060547 27.066666793823238 25.0
  vertex -26.299999237060547 24.88888931274414 25.0
 endloop
endfacet
facet normal 0.0 0.0 1.0
 outer loop
  vertex -26.299999237060547 18.66666603088379 25.0
  vertex -20.299999237060547 24.88888931274414 25.0
  vertex -26.299999237060547 24.88888931274414 25.0
 endloop
endfacet
facet normal 0.0 0.0 1.0
 outer loop
  vertex -17.299999237060547 9.333333015441895 25.0
  vertex -14.300000190734863 12.44444465637207 25.0
  vertex -17.299999237060547 15.55555534362793 25.0
 endloop
endfacet
facet normal 0.0 0.0 1.0
 outer loop
  vertex -17.299999237060547 15.55555534362793 25.0
  vertex -26.299999237060547 18.66666603088379 25.0
  vertex -29.299999237060547 12.44444465637207 25.0
 endloop
endfacet
facet normal -0.0 0.0 1.0
 outer loop
  vertex -29.299999237060547 6.222222328186035 25.0
  vertex -20.299999237060547 3.1111111640930176 25.0
  vertex -17.299999237060547 9.333333015441895 25.0
 endloop
endfacet
facet normal 0.0 0.0 1.0
 outer loop
  vertex -29.299999237060547 12.44444465637207 25.0
  vertex -29.299999237060547 6.222222328186035 25.0
  vertex -17.299999237060547 9.333333015441895 25.0
 endloop
endfacet
facet normal 0.0 0.0 1.0
 outer loop
  vertex -17.299999237060547 15.55555534362793 25.0
  vertex -29.299999237060547 12.44444465637207 25.0
  vertex -17.299999237060547 9.333333015441895 25.0
 endloop
endfacet
facet normal 0.0 -1.0 0.0
 outer loop
  vertex -29.299999237060547 0.0 6.25
  vertex -26.299999237060547 0.0 3.125
  vertex -20.299999237060547 0.0 3.125
 endloop
endfacet
facet normal 0.0 0.0 -1.0
 outer loop
  vertex -29.299999237060547 15.55555534362793 0.0
  vertex -32.29999923706055 18.66666603088379 0.0
  vertex -29.299999237060547 21.77777862548828 0.0
 endloop
endfacet
facet normal 0.0 0.0 -1.0
 outer loop
  vertex -29.299999237060547 15.55555534362793 0.0
  vertex -29.299999237060547 21.77777862548828 0.0
  vertex -23.299999237060547 21.77777862548828 0.0
 endloop
endfacet
facet normal -0.9999999999999999 -0.0 0.0
 outer loop
  vertex -32.29999923706055 27.019007301330564 8.983461284637452
  vertex -32.29999923706055 25.384126663208008 5.097994804382324
  vertex -32.29999923706055 19.937353134155273 10.248258590698242
 endloop
endfacet
facet normal -1.0 0.0 0.0
 outer loop
  vertex -32.29999923706055 24.88888931274414 25.0
  vertex -32.29999923706055 26.782187843322752 21.996399497985838
  vertex -32.29999923706055 26.857358538545668 20.535459806257858
 endloop
endfacet
facet normal -1.0 0.0 0.0
 outer loop
  vertex -32.29999923706055 20.73935317993164 22.303890228271484
  vertex -32.29999923706055 24.88888931274414 25.0
  vertex -32.29999923706055 26.857358538545668 20.535459806257858
 endloop
endfacet
facet normal -1.0 0.0 -0.0
 outer loop
  vertex -32.29999923706055 20.73935317993164 22.303890228271484
  vertex -32.29999923706055 26.857358538545668 20.535459806257858
  vertex -32.29999923706055 19.225948333740234 16.10721206665039
 endloop
endfacet
facet normal 0.0 1.0 0.0
 outer loop
  vertex 0.0 146.1699981689453 12.5
  vertex -6.0 146.1699981689453 12.5
  vertex -6.0 146.1699981689453 18.75
 endloop
endfacet
facet normal -0.0 1.0 0.0
 outer loop
  vertex -3.0 146.1699981689453 21.875
  vertex 3.0 146.1699981689453 21.875
  vertex 6.0 146.1699981689453 18.75
 endloop
endfacet
facet normal 0.0 1.0 0.0
 outer loop
  vertex -3.0 146.1699981689453 21.875
  vertex 6.0 146.1699981689453 18.75
  vertex 0.0 146.1699981689453 12.5
 endloop
endfacet
facet normal 0.0 1.0 0.0
 outer loop
  vertex -3.0 146.1699981689453 21.875
  vertex 0.0 146.1699981689453 12.5
  vertex -6.0 146.1699981689453 18.75
 endloop
endfacet
facet normal -0.0 1.0 0.0
 outer loop
  vertex 0.0 146.1699981689453 12.5
  vertex 6.0 146.1699981689453 12.5
  vertex 6.0 146.1699981689453 6.25
 endloop
endfacet
facet normal 0.0 1.0 0.0
 outer loop
  vertex 6.0 146.1699981689453 6.25
  vertex 3.0 146.1699981689453 3.125
  vertex -3.0 146.1699981689453 3.125
 endloop
endfacet
facet normal 0.0 1.0 -0.0
 outer loop
  vertex -3.0 146.1699981689453 3.125
  vertex -6.0 146.1699981689453 6.25
  vertex 0.0 146.1699981689453 12.5
 endloop
endfacet
facet normal 0.0 1.0 0.0
 outer loop
  vertex -3.0 146.1699981689453 3.125
  vertex 0.0 146.1699981689453 12.5
  vertex 6.0 146.1699981689453 6.25
 endloop
endfacet
facet normal 1.0 0.0 0.0
 outer loop
  vertex 32.29999923706055 24.88888931274414 0.0
  vertex 32.29999923706055 26.739468765258785 2.992495584487915
  vertex 32.29999923706055 26.874586218339388 5.881165004322974
 endloop
endfacet
facet normal 1.0 -0.0 0.0
 outer loop
  vertex 32.29999923706055 20.533187866210938 2.7496237754821777
  vertex 32.29999923706055 24.88888931274414 0.0
  vertex 32.29999923706055 26.874586218339388 5.881165004322974
 endloop
endfacet
facet normal 0.9999999999999999 0.0 -0.0
 outer loop
  vertex 32.29999923706055 20.533187866210938 2.7496237754821777
  vertex 32.29999923706055 26.874586218339388 5.881165004322974
  vertex 32.29999923706055 18.21082878112793 7.746956825256348
 endloop
endfacet
facet normal 0.0 0.0 1.0
 outer loop
  vertex 17.299999237060547 21.77777862548828 25.0
  vertex 14.300000190734863 18.66666603088379 25.0
  vertex 17.299999237060547 15.55555534362793 25.0
 endloop
endfacet
facet normal 0.0 0.0 1.0
 outer loop
  vertex 17.299999237060547 15.55555534362793 25.0
  vertex 17.299999237060547 9.333333015441895 25.0
  vertex 29.299999237060547 12.44444465637207 25.0
 endloop
endfacet
facet normal 0.0 -1.0 0.0
 outer loop
  vertex 29.299999237060547 0.0 18.75
  vertex 26.299999237060547 0.0 21.875
  vertex 20.299999237060547 0.0 21.875
 endloop
endfacet
facet normal 0.0 -1.0 0.0
 outer loop
  vertex 20.299999237060547 0.0 21.875
  vertex 17.299999237060547 0.0 18.75
  vertex 17.299999237060547 0.0 12.5
 endloop
endfacet
facet normal 0.0 -1.0 -0.0
 outer loop
  vertex 20.299999237060547 0.0 21.875
  vertex 17.299999237060547 0.0 12.5
  vertex 29.299999237060547 0.0 12.5
 endloop
endfacet
facet normal 0.0 -1.0 0.0
 outer loop
  vertex 20.299999237060547 0.0 21.875
  vertex 29.299999237060547 0.0 12.5
  vertex 29.299999237060547 0.0 18.75
 endloop
endfacet
facet normal 0.0 0.0 1.0
 outer loop
  vertex -19.528148442186033 28.246939422607035 25.0
  vertex -20.299999237060547 28.0 25.0
  vertex -20.299999237060547 24.88888931274414 25.0
 endloop
endfacet
facet normal 0.0 -0.0 1.0
 outer loop
  vertex -14.300000190734863 24.88888931274414 25.0
  vertex -14.300000190734863 28.0 25.0
  vertex -15.2424318491025 28.228502402596774 25.0
 endloop
endfacet
facet normal 0.0 0.0 1.0
 outer loop
  vertex -20.299999237060547 24.88888931274414 25.0
  vertex -14.300000190734863 24.88888931274414 25.0
  vertex -15.2424318491025 28.228502402596774 25.0
 endloop
endfacet
facet normal 0.0 0.0 1.0
 outer loop
  vertex -19.528148442186033 28.246939422607035 25.0
  vertex -20.299999237060547 24.88888931274414 25.0
  vertex -15.2424318491025 28.228502402596774 25.0
 endloop
endfacet
facet normal 0.0 -0.0 -1.0
 outer loop
  vertex 9.0 121.28111267089844 0.0
  vertex 9.0 118.16999816894531 0.0
  vertex 7.350208905995332 117.8015439362866 0.0
 endloop
endfacet
facet normal 0.0 -1.0 0.0
 outer loop
  vertex -14.300000190734863 28.0 6.25
  vertex -11.231679923070832 28.0 6.5030840914775325
  vertex -11.035822250569108 28.0 7.927279092876457
 endloop
endfacet
facet normal 0.0 -1.0 0.0
 outer loop
  vertex -14.300000190734863 28.0 9.375
  vertex -14.300000190734863 28.0 6.25
  vertex -11.035822250569108 28.0 7.927279092876457
 endloop
endfacet
facet normal 0.0 -0.9999999999999999 0.0
 outer loop
  vertex -14.300000190734863 28.0 9.375
  vertex -11.035822250569108 28.0 7.927279092876457
  vertex -10.79345352090845 28.0 12.067364153965752
 endloop
endfacet
facet normal 0.0 -1.0 0.0
 outer loop
  vertex -14.300000190734863 28.0 9.375
  vertex -10.79345352090845 28.0 12.067364153965752
  vertex -11.4399995803833 28.0 12.5
 endloop
endfacet
facet normal 0.0 0.0 1.0
 outer loop
  vertex 4.065013659182753 117.35021425773441 25.0
  vertex 7.708748726610271 117.70389741626491 25.0
  vertex 9.0 121.28111267089844 25.0
 endloop
endfacet
facet normal 0.0 0.0 1.0
 outer loop
  vertex 4.065013659182753 117.35021425773441 25.0
  vertex 9.0 121.28111267089844 25.0
  vertex 6.0 124.39221954345703 25.0
 endloop
endfacet
facet normal 0.0 0.0 1.0
 outer loop
  vertex -17.299999237060547 15.55555534362793 25.0
  vertex -14.300000190734863 18.66666603088379 25.0
  vertex -17.299999237060547 21.77777862548828 25.0
 endloop
endfacet
facet normal 0.0 0.0 1.0
 outer loop
  vertex -17.299999237060547 21.77777862548828 25.0
  vertex -20.299999237060547 24.88888931274414 25.0
  vertex -26.299999237060547 18.66666603088379 25.0
 endloop
endfacet
facet normal 0.0 -0.0 1.0
 outer loop
  vertex -17.299999237060547 15.55555534362793 25.0
  vertex -17.299999237060547 21.77777862548828 25.0
  vertex -26.299999237060547 18.66666603088379 25.0
 endloop
endfacet
facet normal 0.0 -1.0 0.0
 outer loop
  vertex -17.299999237060547 0.0 12.5
  vertex -14.300000190734863 0.0 15.625
  vertex -17.299999237060547 0.0 18.75
 endloop
endfacet
facet normal 0.0 -1.0 0.0
 outer loop
  vertex -17.299999237060547 0.0 18.75
  vertex -20.299999237060547 0.0 21.875
  vertex -26.299999237060547 0.0 21.875
 endloop
endfacet
facet normal 0.0 0.0 -1.0
 outer loop
  vertex -17.299999237060547 21.77777862548828 0.0
  vertex -14.300000190734863 18.66666603088379 0.0
  vertex -17.299999237060547 15.55555534362793 0.0
 endloop
endfacet
facet normal 0.0 0.0 -1.0
 outer loop
  vertex -23.299999237060547 21.77777862548828 0.0
  vertex -17.299999237060547 21.77777862548828 0.0
  vertex -17.299999237060547 15.55555534362793 0.0
 endloop
endfacet
facet normal 0.0 0.0 -1.0
 outer loop
  vertex -29.299999237060547 15.55555534362793 0.0
  vertex -23.299999237060547 21.77777862548828 0.0
  vertex -17.299999237060547 15.55555534362793 0.0
 endloop
endfacet
facet normal 0.0 0.0 -1.0
 outer loop
  vertex -29.299999237060547 9.333333015441895 0.0
  vertex -29.299999237060547 15.55555534362793 0.0
  vertex -17.299999237060547 15.55555534362793 0.0
 endloop
endfacet
facet normal 0.0 0.0 -1.0
 outer loop
  vertex -29.299999237060547 9.333333015441895 0.0
  vertex -17.299999237060547 15.55555534362793 0.0
  vertex -17.299999237060547 9.333333015441895 0.0
 endloop
endfacet
facet normal 0.0 0.0 1.0
 outer loop
  vertex 26.299999237060547 24.88888931274414 25.0
  vertex 23.299999237060547 27.066666793823238 25.0
  vertex 22.39999923706055 27.06666679382324 25.0
 endloop
endfacet
facet normal 0.0 0.0 1.0
 outer loop
  vertex 26.299999237060547 24.88888931274414 25.0
  vertex 22.39999923706055 27.06666679382324 25.0
  vertex 17.299999237060547 21.77777862548828 25.0
 endloop
endfacet
facet normal -0.0 0.0 1.0
 outer loop
  vertex 17.299999237060547 15.55555534362793 25.0
  vertex 29.299999237060547 12.44444465637207 25.0
  vertex 29.299999237060547 18.66666603088379 25.0
 endloop
endfacet
facet normal 0.0 0.0 1.0
 outer loop
  vertex 17.299999237060547 21.77777862548828 25.0
  vertex 17.299999237060547 15.55555534362793 25.0
  vertex 29.299999237060547 18.66666603088379 25.0
 endloop
endfacet
facet normal 0.0 0.0 1.0
 outer loop
  vertex 26.299999237060547 24.88888931274414 25.0
  vertex 17.299999237060547 21.77777862548828 25.0
  vertex 29.299999237060547 18.66666603088379 25.0
 endloop
endfacet
facet normal 0.0 0.0 1.0
 outer loop
  vertex -9.0 121.28111267089844 25.0
  vertex -6.0 118.16999816894531 25.0
  vertex -4.70968807425781 117.75319928446567 25.0
 endloop
endfacet
facet normal 0.0 0.0 1.0
 outer loop
  vertex -3.0 124.39221954345703 25.0
  vertex -9.0 124.39221954345703 25.0
  vertex -9.0 121.28111267089844 25.0
 endloop
endfacet
facet normal 0.0 -0.0 1.0
 outer loop
  vertex -4.70968807425781 117.75319928446567 25.0
  vertex -3.0 124.39221954345703 25.0
  vertex -9.0 121.28111267089844 25.0
 endloop
endfacet
facet normal 0.0 0.0 -1.0
 outer loop
  vertex 6.0 124.39221954345703 0.0
  vertex 9.0 121.28111267089844 0.0
  vertex 7.350208905995332 117.8015439362866 0.0
 endloop
endfacet
facet normal 0.0 -1.0 0.0
 outer loop
  vertex -20.299999237060547 0.0 3.125
  vertex -17.299999237060547 0.0 6.25
  vertex -17.299999237060547 0.0 12.5
 endloop
endfacet
facet normal 0.0 -1.0 0.0
 outer loop
  vertex -26.299999237060547 0.0 21.875
  vertex -29.299999237060547 0.0 18.75
  vertex -29.299999237060547 0.0 12.5
 endloop
endfacet
facet normal 0.0 -1.0 0.0
 outer loop
  vertex -29.299999237060547 0.0 12.5
  vertex -29.299999237060547 0.0 6.25
  vertex -20.299999237060547 0.0 3.125
 endloop
endfacet
facet normal 0.0 -1.0 0.0
 outer loop
  vertex -29.299999237060547 0.0 12.5
  vertex -20.299999237060547 0.0 3.125
  vertex -17.299999237060547 0.0 12.5
 endloop
endfacet
facet normal 0.0 -1.0 -0.0
 outer loop
  vertex -26.299999237060547 0.0 21.875
  vertex -29.299999237060547 0.0 12.5
  vertex -17.299999237060547 0.0 12.5
 endloop
endfacet
facet normal 0.0 -1.0 0.0
 outer loop
  vertex -26.299999237060547 0.0 21.875
  vertex -17.299999237060547 0.0 12.5
  vertex -17.299999237060547 0.0 18.75
 endloop
endfacet
facet normal 1.0 0.0 0.0
 outer loop
  vertex 32.29999923706055 19.937353134155273 10.248258590698242
  vertex 32.29999923706055 18.21082878112793 7.746956825256348
  vertex 32.29999923706055 26.874586218339388 5.881165004322974
 endloop
endfacet
facet normal 0.0 -0.0 1.0
 outer loop
  vertex 4.065013659182753 117.35021425773441 25.0
  vertex 6.0 124.39221954345703 25.0
  vertex -3.0 124.39221954345703 25.0
 endloop
endfacet
facet normal -0.0 0.0 0.9999999999999999
 outer loop
  vertex -4.70968807425781 117.75319928446567 25.0
  vertex 4.065013659182753 117.35021425773441 25.0
  vertex -3.0 124.39221954345703 25.0
 endloop
endfacet
facet normal 0.0 0.0 -1.0
 outer loop
  vertex 7.724202497154109e-2 117.29251407723692 0.0
  vertex -7.730469171969722 117.72023742149149 0.0
  vertex -9.0 121.28111267089844 0.0
 endloop
endfacet
facet normal 0.0 0.0 -1.0
 outer loop
  vertex -6.0 127.50333404541016 0.0
  vertex 6.0 124.39221954345703 0.0
  vertex 7.724202497154109e-2 117.29251407723692 0.0
 endloop
endfacet
facet normal 0.0 -0.0 -1.0
 outer loop
  vertex -6.0 127.50333404541016 0.0
  vertex 7.724202497154109e-2 117.29251407723692 0.0
  vertex -9.0 121.28111267089844 0.0
 endloop
endfacet
facet normal 0.0 1.0 0.0
 outer loop
  vertex 9.0 118.16999816894531 9.375
  vertex 9.0 118.16999816894531 12.5
  vertex 9.873750114440918 118.16999816894531 14.6875
 endloop
endfacet
facet normal 0.0 1.0 0.0
 outer loop
  vertex 9.873750114440918 118.16999816894531 2.1875
  vertex 9.0 118.16999816894531 6.25
  vertex 9.0 118.16999816894531 9.375
 endloop
endfacet
facet normal 0.0 1.0 0.0
 outer loop
  vertex 9.873750114440918 118.16999816894531 14.6875
  vertex 9.873750114440918 118.16999816894531 2.1875
  vertex 9.0 118.16999816894531 9.375
 endloop
endfacet
facet normal -0.4114428249672799 0.8926122534670259 -1.8427741788798327e-1
 outer loop
  vertex -16.147025182366068 30.636261305867407 9.826442099914154
  vertex -15.961081014002636 30.526155772007172 8.877943121476848
  vertex -16.61179100341297 30.05873545648717 8.066692635179969
 endloop
endfacet
facet normal -0.4117561262687225 0.8924929351648279 -1.8415551352334358e-1
 outer loop
  vertex -17.717174203216427 29.907284389944408 9.8042420104825
  vertex -16.147025182366068 30.636261305867407 9.826442099914154
  vertex -16.61179100341297 30.05873545648717 8.066692635179969
 endloop
endfacet
facet normal -0.3234350000551184 0.9380913785607461 -1.2399341195944465e-1
 outer loop
  vertex -18.894097863893293 29.336391208073554 8.555049288961705
  vertex -17.717174203216427 29.907284389944408 9.8042420104825
  vertex -16.61179100341297 30.05873545648717 8.066692635179969
 endloop
endfacet
facet normal -0.3328964053012097 0.9237380663230618 -1.8944119975143692e-1
 outer loop
  vertex -18.894097863893293 29.336391208073554 8.555049288961705
  vertex -16.61179100341297 30.05873545648717 8.066692635179969
  vertex -17.652945728966163 29.493499273926318 7.140106902900608
 endloop
endfacet
facet normal 1.5780894470817233e-1 0.9853794015051764 6.421660267713677e-2
 outer loop
  vertex -13.166504525448198 28.183031782927866 22.68379321753731
  vertex -14.26165266053041 28.37553678606031 22.42114629176096
  vertex -13.776501687589604 28.12977724751255 25.0
 endloop
endfacet
facet normal 2.1444585144927658e-1 0.9767305477765625 -3.2270476121041367e-3
 outer loop
  vertex -12.297999763488768 28.0 25.0
  vertex -12.360155527144421 28.0 20.86958506294688
  vertex -13.166504525448198 28.183031782927866 22.68379321753731
 endloop
endfacet
facet normal 8.734788275587023e-2 0.9951206023860216 4.5883919677249474e-2
 outer loop
  vertex -12.297999763488768 28.0 25.0
  vertex -13.166504525448198 28.183031782927866 22.68379321753731
  vertex -13.776501687589604 28.12977724751255 25.0
 endloop
endfacet
facet normal -0.0 -1.0 0.0
 outer loop
  vertex -12.297999763488768 28.0 25.0
  vertex -14.300000190734863 28.0 25.0
  vertex -14.300000190734863 28.0 21.875
 endloop
endfacet
facet normal 0.0 -1.0 0.0
 outer loop
  vertex -12.360155527144421 28.0 20.86958506294688
  vertex -12.297999763488768 28.0 25.0
  vertex -14.300000190734863 28.0 21.875
 endloop
endfacet
facet normal 1.1294950682434537e-1 0.9749939848856608 0.1913874038303385
 outer loop
  vertex 16.73459904769928 29.547915191832946 17.6612913044127
  vertex 15.008249330673825 29.428742639802596 19.287223128083266
  vertex 15.928790786369555 29.095133989073958 20.443473330056943
 endloop
endfacet
facet normal 0.1817710834865201 0.9608690101696009 0.2090215742544964
 outer loop
  vertex 17.985186754863893 29.26273580744826 17.884710109073488
  vertex 16.73459904769928 29.547915191832946 17.6612913044127
  vertex 15.928790786369555 29.095133989073958 20.443473330056943
 endloop
endfacet
facet normal 7.496862372397976e-2 0.9893138758653612 0.1250510314919022
 outer loop
  vertex 17.985186754863893 29.26273580744826 17.884710109073488
  vertex 15.928790786369555 29.095133989073958 20.443473330056943
  vertex 17.923374291942103 28.718545005997566 22.22701340549101
 endloop
endfacet
facet normal 1.6079227641007732e-1 0.9790426283012782 1.2498550242244276e-1
 outer loop
  vertex 17.985186754863893 29.26273580744826 17.884710109073488
  vertex 17.923374291942103 28.718545005997566 22.22701340549101
  vertex 20.67322820024381 28.437719222240215 20.889139387741007
 endloop
endfacet
facet normal 0.0 1.0 0.0
 outer loop
  vertex -9.0 118.16999816894531 9.375
  vertex -9.0 118.16999816894531 6.25
  vertex -9.873750114440918 118.16999816894531 4.0625
 endloop
endfacet
facet normal 0.0 1.0 0.0
 outer loop
  vertex -9.719677651148665 118.16999816894531 15.11408359237988
  vertex -9.0 118.16999816894531 12.5
  vertex -9.0 118.16999816894531 9.375
 endloop
endfacet
facet normal 0.0 1.0 0.0
 outer loop
  vertex -9.873750114440918 118.16999816894531 4.0625
  vertex -9.719677651148665 118.16999816894531 15.11408359237988
  vertex -9.0 118.16999816894531 9.375
 endloop
endfacet
facet normal 0.289149429559929 0.9571221982519595 1.7598437388140965e-2
 outer loop
  vertex 21.011461348127106 28.783870608222255 13.685298392756025
  vertex 18.393726624689855 29.604262993980086 12.077243027358934
  vertex 16.766418431419634 30.04744924647724 14.711103895505966
 endloop
endfacet
facet normal 3.0804999111405584e-1 0.9448859394067423 1.1088626824845411e-1
 outer loop
  vertex 21.011461348127106 28.783870608222255 13.685298392756025
  vertex 16.766418431419634 30.04744924647724 14.711103895505966
  vertex 17.853116781539715 29.46667609467703 16.641072063821415
 endloop
endfacet
facet normal 2.2340542214239048e-1 0.9746311565234314 1.3569306952775992e-2
 outer loop
  vertex 22.610239507570977 28.3838652403788 16.093821154308667
  vertex 21.011461348127106 28.783870608222255 13.685298392756025
  vertex 17.853116781539715 29.46667609467703 16.641072063821415
 endloop
endfacet
facet normal 2.3449282049646164e-1 0.9629749124397508 1.3301291346056887e-1
 outer loop
  vertex 22.610239507570977 28.3838652403788 16.093821154308667
  vertex 17.853116781539715 29.46667609467703 16.641072063821415
  vertex 17.985186754863893 29.26273580744826 17.884710109073488
 endloop
endfacet
facet normal -2.3146473608057005e-1 0.9714129166794678 -5.273538906124736e-2
 outer loop
  vertex -32.29999923706055 26.857358538545668 20.535459806257858
  vertex -31.305065691451336 27.189718089469807 22.2907579437163
  vertex -29.432215499627524 27.578113346037316 21.224934644357496
 endloop
endfacet
facet normal -2.4590031864690123e-1 0.9692478690978529 9.570869272121169e-3
 outer loop
  vertex -32.29999923706055 26.857358538545668 20.535459806257858
  vertex -29.432215499627524 27.578113346037316 21.224934644357496
  vertex -30.651825069115485 27.294104445604784 18.651776500344358
 endloop
endfacet
facet normal -0.2813217997969528 0.9491414952590116 -1.4138057482020264e-1
 outer loop
  vertex -18.894097863893293 29.336391208073554 8.555049288961705
  vertex -17.652945728966163 29.493499273926318 7.140106902900608
  vertex -18.369026638123184 29.024353486400333 5.4154246796695755
 endloop
endfacet
facet normal -0.1825407398110362 0.9749065263339366 -0.1274211254884247
 outer loop
  vertex -18.894097863893293 29.336391208073554 8.555049288961705
  vertex -18.369026638123184 29.024353486400333 5.4154246796695755
  vertex -21.057107924541192 28.531734439900475 5.4972543074166635
 endloop
endfacet
facet normal -0.2834877286143577 0.9575942699060452 -5.1457963117290235e-2
 outer loop
  vertex -18.894097863893293 29.336391208073554 8.555049288961705
  vertex -21.057107924541192 28.531734439900475 5.4972543074166635
  vertex -21.084910176816862 28.76032549678464 9.904328933653373
 endloop
endfacet
facet normal -1.9559875673357188e-1 0.9505363822413283 2.4129175783654236e-1
 outer loop
  vertex -16.647372058861336 29.017727297580013 19.49317399439312
  vertex -16.210822290087826 29.559689189477094 17.712069211264865
  vertex -17.57233187912033 29.488000496309663 16.890794279947652
 endloop
endfacet
facet normal -1.1185166224910917e-1 0.9701713438325216 2.1507386930613012e-1
 outer loop
  vertex -19.27937492805748 28.771764504391058 19.233877769598347
  vertex -16.647372058861336 29.017727297580013 19.49317399439312
  vertex -17.57233187912033 29.488000496309663 16.890794279947652
 endloop
endfacet
facet normal -0.5729130983164867 0.7887156924579803 2.2293079250729858e-1
 outer loop
  vertex 11.713828490517413 28.603112619375597 17.692629489749727
  vertex 12.906814787471527 29.17246766401096 18.744158597579887
  vertex 12.91199261695163 29.589515742556113 17.281974239547164
 endloop
endfacet
facet normal -0.56075633866654 0.787544918163718 2.5558820497002527e-1
 outer loop
  vertex 12.061304238844691 29.122767951020347 16.85376962432195
  vertex 11.713828490517413 28.603112619375597 17.692629489749727
  vertex 12.91199261695163 29.589515742556113 17.281974239547164
 endloop
endfacet
facet normal 0.0313272782049905 0.9977840271293688 5.869954723646605e-2
 outer loop
  vertex 32.29999923706055 27.06666679382324 0.0
  vertex 29.44884890779272 27.08200555690486 1.2608957011593853
  vertex 31.31293273776539 26.929642042294873 2.8559541447787673
 endloop
endfacet
facet normal 0.1738022312027437 0.9789462474716708 1.0703751206975157e-1
 outer loop
  vertex 32.29999923706055 26.739468765258785 2.992495584487915
  vertex 32.29999923706055 27.06666679382324 0.0
  vertex 31.31293273776539 26.929642042294873 2.8559541447787673
 endloop
endfacet
facet normal 1.0 0.0 0.0
 outer loop
  vertex 32.29999923706055 27.06666679382324 0.0
  vertex 32.29999923706055 26.739468765258785 2.992495584487915
  vertex 32.29999923706055 24.88888931274414 0.0
 endloop
endfacet
facet normal 2.1209635761542633e-1 0.971670713992975 1.0426484860513208e-1
 outer loop
  vertex 20.67322820024381 28.437719222240215 20.889139387741007
  vertex 20.88384419488234 28.11875556117803 23.433206410446754
  vertex 22.60595086937845 27.75138616749229 23.353692824276923
 endloop
endfacet
facet normal 1.5429368609494037e-1 0.9667249720059419 2.0404971681270898e-1
 outer loop
  vertex 22.60595086937845 27.75138616749229 23.353692824276923
  vertex 24.208639428529008 27.397526268488907 23.81828781115238
  vertex 26.021457426437745 27.6078539657702 21.451044102471887
 endloop
endfacet
facet normal 9.875054012015425e-2 0.9898087505996656 1.0260101394385392e-1
 outer loop
  vertex 22.60595086937845 27.75138616749229 23.353692824276923
  vertex 26.021457426437745 27.6078539657702 21.451044102471887
  vertex 23.369705998017736 28.152225043296113 18.751642218985513
 endloop
endfacet
facet normal 1.9608930977886724e-1 0.9735402893043273 1.1733834706392376e-1
 outer loop
  vertex 22.60595086937845 27.75138616749229 23.353692824276923
  vertex 23.369705998017736 28.152225043296113 18.751642218985513
  vertex 20.67322820024381 28.437719222240215 20.889139387741007
 endloop
endfacet
facet normal -0.1384304392937003 0.9894122969745044 -4.359266076518424e-2
 outer loop
  vertex -30.651825069115485 27.294104445604784 18.651776500344358
  vertex -29.432215499627524 27.578113346037316 21.224934644357496
  vertex -28.16947343302856 27.75664713684585 21.26718003670523
 endloop
endfacet
facet normal -7.574378674661837e-2 0.9971073729315932 6.30599831427613e-3
 outer loop
  vertex -28.16947343302856 27.75664713684585 21.26718003670523
  vertex -24.883242887744075 28.01164820723583 20.41847987817051
  vertex -27.181701634659344 27.864050130878752 16.149078323600296
 endloop
endfacet
facet normal -1.7066514687483378e-1 0.9852527830015254 -1.2262186996634382e-2
 outer loop
  vertex -30.651825069115485 27.294104445604784 18.651776500344358
  vertex -28.16947343302856 27.75664713684585 21.26718003670523
  vertex -27.181701634659344 27.864050130878752 16.149078323600296
 endloop
endfacet
facet normal 9.660670522188275e-2 -0.9952671793255623 -1.050648673493351e-2
 outer loop
  vertex 6.928047967321135 117.66708817246412 21.308385776620625
  vertex 7.708748726610271 117.70389741626491 25.0
  vertex 4.065013659182753 117.35021425773441 25.0
 endloop
endfacet
facet normal 2.2156099040937516e-1 0.9738509589263588 -5.0249749522043335e-2
 outer loop
  vertex 32.29999923706055 26.75126075744629 21.952529716491696
  vertex 29.69008339246676 27.273426254989833 20.56457913811745
  vertex 31.548740519051183 26.94962661660684 22.484455881301628
 endloop
endfacet
facet normal -3.0489118302587587e-1 0.9348977499799989 1.8167983816433061e-1
 outer loop
  vertex -17.57233187912033 29.488000496309663 16.890794279947652
  vertex -17.72710983116997 29.75420229886699 15.261213903007803
  vertex -19.884691461927115 29.02810747921623 15.376784224400263
 endloop
endfacet
facet normal -2.5938057859731134e-1 0.9601033207207178 1.0451473095968146e-1
 outer loop
  vertex -19.27937492805748 28.771764504391058 19.233877769598347
  vertex -17.57233187912033 29.488000496309663 16.890794279947652
  vertex -19.884691461927115 29.02810747921623 15.376784224400263
 endloop
endfacet
facet normal -1.3907737702070155e-1 0.9864185537822708 8.738375109329505e-2
 outer loop
  vertex -22.536490745469774 28.293116929533202 19.453091568327196
  vertex -19.27937492805748 28.771764504391058 19.233877769598347
  vertex -19.884691461927115 29.02810747921623 15.376784224400263
 endloop
endfacet
facet normal -0.7957031105647023 0.6045540090026736 3.7027152691671145e-2
 outer loop
  vertex 10.977057953271123 28.0 15.888091212608423
  vertex 11.962249227833707 29.30466772441414 15.757853233456515
  vertex 12.014328304707943 29.450287944914237 14.499430663970104
 endloop
endfacet
facet normal -0.8443072120048744 0.5337655670810558 4.7324952775411634e-2
 outer loop
  vertex 12.014328304707943 29.450287944914237 14.499430663970104
  vertex 12.118070709897388 29.730825022142696 13.186157906638982
  vertex 10.942479036332994 28.0 11.73437137813941
 endloop
endfacet
facet normal -0.8102892247444141 0.5859913569936263 6.745501602151187e-3
 outer loop
  vertex 12.014328304707943 29.450287944914237 14.499430663970104
  vertex 10.942479036332994 28.0 11.73437137813941
  vertex 10.977057953271123 28.0 15.888091212608423
 endloop
endfacet
facet normal -1.0914728255326601e-1 0.9937259299541057 2.440587732668826e-2
 outer loop
  vertex -27.181701634659344 27.864050130878752 16.149078323600296
  vertex -24.883242887744075 28.01164820723583 20.41847987817051
  vertex -22.536490745469774 28.293116929533202 19.453091568327196
 endloop
endfacet
facet normal -2.4300946044270103e-1 0.9698786077168219 1.6789533305804252e-2
 outer loop
  vertex -22.536490745469774 28.293116929533202 19.453091568327196
  vertex -19.884691461927115 29.02810747921623 15.376784224400263
  vertex -21.92793105616037 28.55368727840482 13.208972478168045
 endloop
endfacet
facet normal -1.1334852827656132e-1 0.9930902526786255 3.0395084672379707e-2
 outer loop
  vertex -27.181701634659344 27.864050130878752 16.149078323600296
  vertex -22.536490745469774 28.293116929533202 19.453091568327196
  vertex -21.92793105616037 28.55368727840482 13.208972478168045
 endloop
endfacet
facet normal -3.0311460160913345e-1 0.952788834159837 -1.7747557343897765e-2
 outer loop
  vertex -21.084910176816862 28.76032549678464 9.904328933653373
  vertex -21.92793105616037 28.55368727840482 13.208972478168045
  vertex -18.971666414732056 29.458694657670225 11.304143966485563
 endloop
endfacet
facet normal -0.0 0.0 -1.0
 outer loop
  vertex 7.350208905995332 117.8015439362866 0.0
  vertex 7.724202497154109e-2 117.29251407723692 0.0
  vertex 6.0 124.39221954345703 0.0
 endloop
endfacet
facet normal -1.2236193979122935e-1 0.9911129075252665 -5.218007500320483e-2
 outer loop
  vertex -21.084910176816862 28.76032549678464 9.904328933653373
  vertex -21.057107924541192 28.531734439900475 5.4972543074166635
  vertex -25.298167863017262 28.003574062296344 5.410588149045077
 endloop
endfacet
facet normal -1.2274048484651028e-1 0.9923478168611971 1.3438145350434713e-2
 outer loop
  vertex -29.625780083028925 27.648624929138027 9.733710513286468
  vertex -27.181701634659344 27.864050130878752 16.149078323600296
  vertex -21.92793105616037 28.55368727840482 13.208972478168045
 endloop
endfacet
facet normal -1.9007633233968246e-1 0.9816846195701557 1.2895564496871553e-2
 outer loop
  vertex -21.92793105616037 28.55368727840482 13.208972478168045
  vertex -21.084910176816862 28.76032549678464 9.904328933653373
  vertex -25.298167863017262 28.003574062296344 5.410588149045077
 endloop
endfacet
facet normal -1.0587647226880324e-1 0.994080676448887 -2.4367628748745308e-2
 outer loop
  vertex -21.92793105616037 28.55368727840482 13.208972478168045
  vertex -25.298167863017262 28.003574062296344 5.410588149045077
  vertex -29.625780083028925 27.648624929138027 9.733710513286468
 endloop
endfacet
facet normal -5.4690793410474184e-2 -0.9983320429347711 -1.8494571252640035e-2
 outer loop
  vertex -7.730469171969722 117.72023742149149 0.0
  vertex 7.724202497154109e-2 117.29251407723692 0.0
  vertex -2.110280221596589 117.31340980912863 5.34083473525795
 endloop
endfacet
facet normal -1.1733552750208531e-1 -0.9919357937076574 4.791403914686341e-2
 outer loop
  vertex -9.873750114440918 118.16999816894531 4.0625
  vertex -7.730469171969722 117.72023742149149 0.0
  vertex -2.110280221596589 117.31340980912863 5.34083473525795
 endloop
endfacet
facet normal -1.0716571855386087e-1 -0.9941232252239616 -1.5314105822515096e-2
 outer loop
  vertex -9.873750114440918 118.16999816894531 4.0625
  vertex -2.110280221596589 117.31340980912863 5.34083473525795
  vertex -2.179659871248866 117.21312188381016 12.336586039203315
 endloop
endfacet
facet normal -0.1252633124417551 -0.9921219949756536 1.7463223208441913e-3
 outer loop
  vertex -9.719677651148665 118.16999816894531 15.11408359237988
  vertex -9.873750114440918 118.16999816894531 4.0625
  vertex -2.179659871248866 117.21312188381016 12.336586039203315
 endloop
endfacet
facet normal 3.625712657289463e-2 -0.9976858576520072 -5.751825982986179e-2
 outer loop
  vertex 6.928047967321135 117.66708817246412 21.308385776620625
  vertex 4.065013659182753 117.35021425773441 25.0
  vertex -3.2569336732691596 117.39122581332924 19.673179941181306
 endloop
endfacet
facet normal 2.2639185670420146e-2 -0.9993630678848637 2.758488390284132e-2
 outer loop
  vertex 6.928047967321135 117.66708817246412 21.308385776620625
  vertex -3.2569336732691596 117.39122581332924 19.673179941181306
  vertex -2.179659871248866 117.21312188381016 12.336586039203315
 endloop
endfacet
facet normal 8.629595678496894e-2 -0.9955737490620583 -3.722791991347965e-2
 outer loop
  vertex 9.873750114440918 118.16999816894531 14.6875
  vertex 6.928047967321135 117.66708817246412 21.308385776620625
  vertex -2.179659871248866 117.21312188381016 12.336586039203315
 endloop
endfacet
facet normal -1.0 0.0 0.0
 outer loop
  vertex -32.29999923706055 27.044182568159883 10.399670244636946
  vertex -32.29999923706055 27.019007301330564 8.983461284637452
  vertex -32.29999923706055 19.937353134155273 10.248258590698242
 endloop
endfacet
facet normal -1.0 -0.0 0.0
 outer loop
  vertex -32.29999923706055 27.044182568159883 10.399670244636946
  vertex -32.29999923706055 19.937353134155273 10.248258590698242
  vertex -32.29999923706055 20.303701400756836 13.26540756225586
 endloop
endfacet
facet normal -1.0 0.0 0.0
 outer loop
  vertex -32.29999923706055 19.225948333740234 16.10721206665039
  vertex -32.29999923706055 26.857358538545668 20.535459806257858
  vertex -32.29999923706055 27.044182568159883 10.399670244636946
 endloop
endfacet
facet normal -1.0 0.0 0.0
 outer loop
  vertex -32.29999923706055 20.303701400756836 13.26540756225586
  vertex -32.29999923706055 19.225948333740234 16.10721206665039
  vertex -32.29999923706055 27.044182568159883 10.399670244636946
 endloop
endfacet
facet normal 1.0 0.0 0.0
 outer loop
  vertex 32.29999923706055 26.75126075744629 21.952529716491696
  vertex 32.29999923706055 24.88888931274414 25.0
  vertex 32.29999923706055 21.77777862548828 25.0
 endloop
endfacet
facet normal 0.9999999999999999 0.0 0.0
 outer loop
  vertex 32.29999923706055 21.77777862548828 25.0
  vertex 32.29999923706055 18.66666603088379 25.0
  vertex 32.29999923706055 16.950992584228516 18.12264633178711
 endloop
endfacet
facet normal 0.9999999999999999 0.0 0.0
 outer loop
  vertex 32.29999923706055 21.77777862548828 25.0
  vertex 32.29999923706055 16.950992584228516 18.12264633178711
  vertex 32.29999923706055 19.225948333740234 16.10721206665039
 endloop
endfacet
facet normal 0.9999999999999999 0.0 0.0
 outer loop
  vertex 32.29999923706055 21.77777862548828 25.0
  vertex 32.29999923706055 19.225948333740234 16.10721206665039
  vertex 32.29999923706055 26.75126075744629 21.952529716491696
 endloop
endfacet
facet normal 6.955286990770773e-2 -0.9937643348924536 8.714840780737522e-2
 outer loop
  vertex 7.724202497154109e-2 117.29251407723692 0.0
  vertex 7.350208905995332 117.8015439362866 0.0
  vertex 9.873750114440918 118.16999816894531 2.1875
 endloop
endfacet
facet normal 8.094253348439213e-2 -0.9960299319872724 0.0370497079415927
 outer loop
  vertex -2.110280221596589 117.31340980912863 5.34083473525795
  vertex 7.724202497154109e-2 117.29251407723692 0.0
  vertex 9.873750114440918 118.16999816894531 2.1875
 endloop
endfacet
facet normal 8.174175997466952e-2 -0.9965624379886774 -1.3475602632419264e-2
 outer loop
  vertex 9.873750114440918 118.16999816894531 14.6875
  vertex -2.179659871248866 117.21312188381016 12.336586039203315
  vertex -2.110280221596589 117.31340980912863 5.34083473525795
 endloop
endfacet
facet normal 7.129559227105084e-2 -0.9974552313375875 0.0
 outer loop
  vertex 9.873750114440918 118.16999816894531 2.1875
  vertex 9.873750114440918 118.16999816894531 14.6875
  vertex -2.110280221596589 117.31340980912863 5.34083473525795
 endloop
endfacet
facet normal 1.0130071623300654e-1 0.994383545026226 -3.0651758053260883e-2
 outer loop
  vertex 32.29999923706055 26.874586218339388 5.881165004322974
  vertex 27.329100839776544 27.372699469309683 5.6123403702619985
  vertex 27.459884708802676 27.608147509382903 13.68281241077971
 endloop
endfacet
facet normal 0.1617637832204403 0.9868004551628201 7.572326502573193e-3
 outer loop
  vertex 32.29999923706055 26.75126075744629 21.952529716491696
  vertex 32.29999923706055 26.874586218339388 5.881165004322974
  vertex 27.459884708802676 27.608147509382903 13.68281241077971
 endloop
endfacet
facet normal 0.2059274039887331 0.9783799083149007 -1.914834959435948e-2
 outer loop
  vertex 32.29999923706055 26.75126075744629 21.952529716491696
  vertex 27.459884708802676 27.608147509382903 13.68281241077971
  vertex 29.69008339246676 27.273426254989833 20.56457913811745
 endloop
endfacet
facet normal 1.0 0.0 0.0
 outer loop
  vertex 32.29999923706055 20.303701400756836 13.26540756225586
  vertex 32.29999923706055 19.937353134155273 10.248258590698242
  vertex 32.29999923706055 26.874586218339388 5.881165004322974
 endloop
endfacet
facet normal 1.0 0.0 0.0
 outer loop
  vertex 32.29999923706055 26.75126075744629 21.952529716491696
  vertex 32.29999923706055 19.225948333740234 16.10721206665039
  vertex 32.29999923706055 20.303701400756836 13.26540756225586
 endloop
endfacet
facet normal 1.0 0.0 0.0
 outer loop
  vertex 32.29999923706055 26.874586218339388 5.881165004322974
  vertex 32.29999923706055 26.75126075744629 21.952529716491696
  vertex 32.29999923706055 20.303701400756836 13.26540756225586
 endloop
endfacet
endsolid
