solid TSTRUCT.smooth
facet normal 0.0 0.0 0.9999999999999999
 outer loop
  vertex 0.0 0.8055559992790222 0.0
  vertex 0.0 0.0 0.0
  vertex 0.7981659770011902 0.0 0.0
 endloop
endfacet
facet normal 0.0 0.0 1.0
 outer loop
  vertex 1.5963300466537476 0.8055559992790222 0.0
  vertex 1.5963300466537476 0.0 0.0
  vertex 2.3944900035858154 0.0 0.0
 endloop
endfacet
facet normal 0.0 0.0 0.9999999999999999
 outer loop
  vertex 3.192660093307495 0.8055559992790222 0.0
  vertex 3.192660093307495 0.0 0.0
  vertex 3.9908199310302734 0.0 0.0
 endloop
endfacet
facet normal 0.0 0.0 1.0
 outer loop
  vertex 4.788990020751953 0.8055559992790222 0.0
  vertex 4.788990020751953 0.0 0.0
  vertex 5.5871500968933105 0.0 0.0
 endloop
endfacet
facet normal 0.0 0.0 1.0
 outer loop
  vertex 6.38532018661499 0.8055559992790222 0.0
  vertex 6.38532018661499 0.0 0.0
  vertex 7.1834797859191895 0.0 0.0
 endloop
endfacet
facet normal 0.0 0.0 1.0
 outer loop
  vertex 7.981649875640869 0.8055559992790222 0.0
  vertex 7.981649875640869 0.0 0.0
  vertex 8.779809951782227 0.0 0.0
 endloop
endfacet
facet normal 0.0 0.0 0.9999999999999999
 outer loop
  vertex 9.577980041503906 0.8055559992790222 0.0
  vertex 9.577980041503906 0.0 0.0
  vertex 10.376099586486816 0.0 0.0
 endloop
endfacet
facet normal 0.0 0.0 1.0
 outer loop
  vertex 11.174300193786621 0.8055559992790222 0.0
  vertex 11.174300193786621 0.0 0.0
  vertex 11.972399711608887 0.0 0.0
 endloop
endfacet
facet normal 0.0 0.0 1.0
 outer loop
  vertex 12.770600318908691 0.8055559992790222 0.0
  vertex 12.770600318908691 0.0 0.0
  vertex 13.56879997253418 0.0 0.0
 endloop
endfacet
facet normal 0.0 0.0 1.0
 outer loop
  vertex 14.366900444030762 0.8055559992790222 0.0
  vertex 14.366900444030762 0.0 0.0
  vertex 15.16510009765625 0.0 0.0
 endloop
endfacet
facet normal 0.0 0.0 1.0
 outer loop
  vertex 15.963199615478516 0.8055559992790222 0.0
  vertex 15.963199615478516 0.0 0.0
  vertex 16.76140022277832 0.0 0.0
 endloop
endfacet
facet normal 0.0 0.0 1.0
 outer loop
  vertex 17.559600830078125 0.8055559992790222 0.0
  vertex 17.559600830078125 0.0 0.0
  vertex 18.35770034790039 0.0 0.0
 endloop
endfacet
facet normal 0.0 0.0 1.0
 outer loop
  vertex 19.155899047851563 0.8055559992790222 0.0
  vertex 19.155899047851563 0.0 0.0
  vertex 19.954099655151367 0.0 0.0
 endloop
endfacet
facet normal 0.0 0.0 1.0
 outer loop
  vertex 20.752199172973633 0.8055559992790222 0.0
  vertex 20.752199172973633 0.0 0.0
  vertex 21.550399780273438 0.0 0.0
 endloop
endfacet
facet normal 0.0 0.0 1.0
 outer loop
  vertex 22.348600387573242 0.8055559992790222 0.0
  vertex 22.348600387573242 0.0 0.0
  vertex 23.146699905395508 0.0 0.0
 endloop
endfacet
facet normal 0.0 0.0 1.0
 outer loop
  vertex 23.944900512695313 0.8055559992790222 0.0
  vertex 23.944900512695313 0.0 0.0
  vertex 24.743099212646484 0.0 0.0
 endloop
endfacet
facet normal 0.0 0.0 1.0
 outer loop
  vertex 25.541200637817383 0.8055559992790222 0.0
  vertex 25.541200637817383 0.0 0.0
  vertex 26.339399337768555 0.0 0.0
 endloop
endfacet
facet normal 0.0 0.0 1.0
 outer loop
  vertex 27.13759994506836 0.8055559992790222 0.0
  vertex 27.13759994506836 0.0 0.0
  vertex 27.935699462890625 0.0 0.0
 endloop
endfacet
facet normal 0.0 0.0 1.0
 outer loop
  vertex 28.73390007019043 0.8055559992790222 0.0
  vertex 28.73390007019043 0.0 0.0
  vertex 29.531999588012695 0.0 0.0
 endloop
endfacet
facet normal 0.0 0.0 1.0
 outer loop
  vertex 30.3302001953125 0.8055559992790222 0.0
  vertex 30.3302001953125 0.0 0.0
  vertex 31.128400802612305 0.0 0.0
 endloop
endfacet
facet normal 0.0 0.0 1.0
 outer loop
  vertex 31.92650032043457 0.8055559992790222 0.0
  vertex 31.92650032043457 0.0 0.0
  vertex 32.724700927734375 0.0 0.0
 endloop
endfacet
facet normal 0.0 0.0 1.0
 outer loop
  vertex 33.52289962768555 0.8055559992790222 0.0
  vertex 33.52289962768555 0.0 0.0
  vertex 34.32099914550781 0.0 0.0
 endloop
endfacet
facet normal 0.0 0.0 1.0
 outer loop
  vertex 35.11920166015625 0.8055559992790222 0.0
  vertex 35.11920166015625 0.0 0.0
  vertex 35.91740036010742 0.0 0.0
 endloop
endfacet
facet normal 0.0 0.0 1.0
 outer loop
  vertex 36.71549987792969 0.8055559992790222 0.0
  vertex 36.71549987792969 0.0 0.0
  vertex 37.51369857788086 0.0 0.0
 endloop
endfacet
facet normal 0.0 0.0 1.0
 outer loop
  vertex 38.3119010925293 0.8055559992790222 0.0
  vertex 38.3119010925293 0.0 0.0
  vertex 39.11000061035156 0.0 0.0
 endloop
endfacet
facet normal 0.0 0.0 1.0
 outer loop
  vertex 39.908199310302734 0.8055559992790222 0.0
  vertex 39.908199310302734 0.0 0.0
  vertex 40.70640182495117 0.0 0.0
 endloop
endfacet
facet normal 0.0 0.0 1.0
 outer loop
  vertex 41.50450134277344 0.8055559992790222 0.0
  vertex 41.50450134277344 0.0 0.0
  vertex 42.30270004272461 0.0 0.0
 endloop
endfacet
facet normal 0.0 0.0 1.0
 outer loop
  vertex 43.10089874267578 0.8055559992790222 0.0
  vertex 43.10089874267578 0.0 0.0
  vertex 43.89899826049805 0.0 0.0
 endloop
endfacet
facet normal 0.0 0.0 1.0
 outer loop
  vertex 44.697200775146484 0.8055559992790222 0.0
  vertex 44.697200775146484 0.0 0.0
  vertex 45.49530029296875 0.0 0.0
 endloop
endfacet
facet normal 0.0 0.0 1.0
 outer loop
  vertex 46.29349899291992 0.8055559992790222 0.0
  vertex 46.29349899291992 0.0 0.0
  vertex 47.09170150756836 0.0 0.0
 endloop
endfacet
facet normal 0.0 0.0 1.0
 outer loop
  vertex 47.889801025390625 0.8055559992790222 0.0
  vertex 47.889801025390625 0.0 0.0
  vertex 48.6879997253418 0.0 0.0
 endloop
endfacet
facet normal 0.0 0.0 1.0
 outer loop
  vertex 49.48619842529297 0.8055559992790222 0.0
  vertex 49.48619842529297 0.0 0.0
  vertex 50.2843017578125 0.0 0.0
 endloop
endfacet
facet normal 0.0 0.0 1.0
 outer loop
  vertex 51.08250045776367 0.8055559992790222 0.0
  vertex 51.08250045776367 0.0 0.0
  vertex 51.880699157714844 0.0 0.0
 endloop
endfacet
facet normal 0.0 0.0 1.0
 outer loop
  vertex 52.67879867553711 0.8055559992790222 0.0
  vertex 52.67879867553711 0.0 0.0
  vertex 53.47700119018555 0.0 0.0
 endloop
endfacet
facet normal 0.0 0.0 1.0
 outer loop
  vertex 54.27519989013672 0.8055559992790222 0.0
  vertex 54.27519989013672 0.0 0.0
  vertex 55.073299407958984 0.0 0.0
 endloop
endfacet
facet normal 0.0 0.0 1.0
 outer loop
  vertex 55.871498107910156 0.8055559992790222 0.0
  vertex 55.871498107910156 0.0 0.0
  vertex 56.669700622558594 0.0 0.0
 endloop
endfacet
facet normal 0.0 0.0 1.0
 outer loop
  vertex 57.46780014038086 0.8055559992790222 0.0
  vertex 57.46780014038086 0.0 0.0
  vertex 58.26599884033203 0.0 0.0
 endloop
endfacet
facet normal 0.0 0.0 1.0
 outer loop
  vertex 59.06420135498047 0.8055559992790222 0.0
  vertex 59.06420135498047 0.0 0.0
  vertex 59.862300872802734 0.0 0.0
 endloop
endfacet
facet normal 0.0 0.0 1.0
 outer loop
  vertex 60.660499572753906 0.8055559992790222 0.0
  vertex 60.660499572753906 0.0 0.0
  vertex 61.45869827270508 0.0 0.0
 endloop
endfacet
facet normal 0.0 0.0 1.0
 outer loop
  vertex 62.25680160522461 0.8055559992790222 0.0
  vertex 62.25680160522461 0.0 0.0
  vertex 63.05500030517578 0.0 0.0
 endloop
endfacet
facet normal 0.0 0.0 1.0
 outer loop
  vertex 63.85309982299805 0.8055559992790222 0.0
  vertex 63.85309982299805 0.0 0.0
  vertex 64.65129852294922 0.0 0.0
 endloop
endfacet
facet normal 0.0 0.0 1.0
 outer loop
  vertex 65.44950103759766 0.8055559992790222 0.0
  vertex 65.44950103759766 0.0 0.0
  vertex 66.24759674072266 0.0 0.0
 endloop
endfacet
facet normal 0.0 0.0 1.0
 outer loop
  vertex 67.0457992553711 0.8055559992790222 0.0
  vertex 67.0457992553711 0.0 0.0
  vertex 67.84400177001953 0.0 0.0
 endloop
endfacet
facet normal 0.0 0.0 1.0
 outer loop
  vertex 68.64209747314453 0.8055559992790222 0.0
  vertex 68.64209747314453 0.0 0.0
  vertex 69.44029998779297 0.0 0.0
 endloop
endfacet
facet normal 0.0 0.0 1.0
 outer loop
  vertex 70.2385025024414 0.8055559992790222 0.0
  vertex 70.2385025024414 0.0 0.0
  vertex 71.0365982055664 0.0 0.0
 endloop
endfacet
facet normal 0.0 0.0 1.0
 outer loop
  vertex 71.83480072021484 0.8055559992790222 0.0
  vertex 71.83480072021484 0.0 0.0
  vertex 72.63300323486328 0.0 0.0
 endloop
endfacet
facet normal 0.0 0.0 1.0
 outer loop
  vertex 73.43109893798828 0.8055559992790222 0.0
  vertex 73.43109893798828 0.0 0.0
  vertex 74.22930145263672 0.0 0.0
 endloop
endfacet
facet normal 0.0 0.0 1.0
 outer loop
  vertex 75.02749633789063 0.8055559992790222 0.0
  vertex 75.02749633789063 0.0 0.0
  vertex 75.82559967041016 0.0 0.0
 endloop
endfacet
facet normal 0.0 0.0 1.0
 outer loop
  vertex 76.6238021850586 0.8055559992790222 0.0
  vertex 76.6238021850586 0.0 0.0
  vertex 77.4219970703125 0.0 0.0
 endloop
endfacet
facet normal 0.0 0.0 1.0
 outer loop
  vertex 78.22010040283203 0.8055559992790222 0.0
  vertex 78.22010040283203 0.0 0.0
  vertex 79.01830291748047 0.0 0.0
 endloop
endfacet
facet normal 0.0 0.0 1.0
 outer loop
  vertex 79.81639862060547 0.8055559992790222 0.0
  vertex 79.81639862060547 0.0 0.0
  vertex 80.6146011352539 0.0 0.0
 endloop
endfacet
facet normal 0.0 0.0 1.0
 outer loop
  vertex 81.41280364990234 0.8055559992790222 0.0
  vertex 81.41280364990234 0.0 0.0
  vertex 82.21089935302734 0.0 0.0
 endloop
endfacet
facet normal 0.0 0.0 1.0
 outer loop
  vertex 83.00910186767578 0.8055559992790222 0.0
  vertex 83.00910186767578 0.0 0.0
  vertex 83.80729675292969 0.0 0.0
 endloop
endfacet
facet normal 0.0 0.0 1.0
 outer loop
  vertex 84.60540008544922 0.8055559992790222 0.0
  vertex 84.60540008544922 0.0 0.0
  vertex 85.40360260009766 0.0 0.0
 endloop
endfacet
facet normal 0.0 0.0 1.0
 outer loop
  vertex 0.0 2.4166600704193115 0.0
  vertex 0.0 1.611109972000122 0.0
  vertex 0.7981659770011902 1.611109972000122 0.0
 endloop
endfacet
facet normal -0.0 0.0 1.0
 outer loop
  vertex 86.20179748535156 2.4166600704193115 0.0
  vertex 87.0 1.611109972000122 0.0
  vertex 87.0 2.4166600704193115 0.0
 endloop
endfacet
facet normal 0.0 0.0 1.0
 outer loop
  vertex 0.0 4.027780055999756 0.0
  vertex 0.0 3.222219944000244 0.0
  vertex 0.7981659770011902 3.222219944000244 0.0
 endloop
endfacet
facet normal -0.0 0.0 1.0
 outer loop
  vertex 86.20179748535156 4.833330154418945 0.0
  vertex 87.0 4.027780055999756 0.0
  vertex 87.0 4.833330154418945 0.0
 endloop
endfacet
facet normal 0.0 0.0 1.0
 outer loop
  vertex 0.0 5.638889789581299 0.0
  vertex 0.0 4.833330154418945 0.0
  vertex 0.7981659770011902 4.833330154418945 0.0
 endloop
endfacet
facet normal -0.0 0.0 0.9999999999999999
 outer loop
  vertex 72.63300323486328 16.111099243164063 0.0
  vertex 73.43109893798828 15.305500030517578 0.0
  vertex 73.43109893798828 16.111099243164063 0.0
 endloop
endfacet
facet normal -0.0 0.0 1.0
 outer loop
  vertex 75.02749633789063 16.91659927368164 0.0
  vertex 75.82559967041016 16.111099243164063 0.0
  vertex 75.82559967041016 16.91659927368164 0.0
 endloop
endfacet
facet normal 0.0 0.0 1.0
 outer loop
  vertex 48.6879997253418 17.722200393676758 0.0
  vertex 48.6879997253418 16.91659927368164 0.0
  vertex 49.48619842529297 16.91659927368164 0.0
 endloop
endfacet
facet normal 0.0 0.0 1.0
 outer loop
  vertex 0.0 24.972200393676758 0.0
  vertex 0.0 24.16659927368164 0.0
  vertex 0.7981659770011902 24.16659927368164 0.0
 endloop
endfacet
facet normal -0.0 0.0 1.0
 outer loop
  vertex 86.20179748535156 28.194400787353516 0.0
  vertex 87.0 27.3887996673584 0.0
  vertex 87.0 28.194400787353516 0.0
 endloop
endfacet
facet normal -0.0 0.0 1.0
 outer loop
  vertex 1.5963300466537476 29.0 0.0
  vertex 2.3944900035858154 28.194400787353516 0.0
  vertex 2.3944900035858154 29.0 0.0
 endloop
endfacet
facet normal -0.0 0.0 1.0
 outer loop
  vertex 3.192660093307495 29.0 0.0
  vertex 3.9908199310302734 28.194400787353516 0.0
  vertex 3.9908199310302734 29.0 0.0
 endloop
endfacet
facet normal -0.0 0.0 1.0
 outer loop
  vertex 5.5871500968933105 29.0 0.0
  vertex 6.38532018661499 28.194400787353516 0.0
  vertex 6.38532018661499 29.0 0.0
 endloop
endfacet
facet normal -0.0 0.0 1.0
 outer loop
  vertex 7.981649875640869 29.0 0.0
  vertex 8.779809951782227 28.194400787353516 0.0
  vertex 8.779809951782227 29.0 0.0
 endloop
endfacet
facet normal -0.0 0.0 1.0
 outer loop
  vertex 9.577980041503906 29.0 0.0
  vertex 10.376099586486816 28.194400787353516 0.0
  vertex 10.376099586486816 29.0 0.0
 endloop
endfacet
facet normal -0.0 0.0 1.0
 outer loop
  vertex 11.174300193786621 29.0 0.0
  vertex 11.972399711608887 28.194400787353516 0.0
  vertex 11.972399711608887 29.0 0.0
 endloop
endfacet
facet normal -0.0 0.0 1.0
 outer loop
  vertex 12.770600318908691 29.0 0.0
  vertex 13.56879997253418 28.194400787353516 0.0
  vertex 13.56879997253418 29.0 0.0
 endloop
endfacet
facet normal -0.0 0.0 1.0
 outer loop
  vertex 14.366900444030762 29.0 0.0
  vertex 15.16510009765625 28.194400787353516 0.0
  vertex 15.16510009765625 29.0 0.0
 endloop
endfacet
facet normal -0.0 0.0 1.0
 outer loop
  vertex 15.963199615478516 29.0 0.0
  vertex 16.76140022277832 28.194400787353516 0.0
  vertex 16.76140022277832 29.0 0.0
 endloop
endfacet
facet normal -0.0 0.0 1.0
 outer loop
  vertex 18.35770034790039 29.0 0.0
  vertex 19.155899047851563 28.194400787353516 0.0
  vertex 19.155899047851563 29.0 0.0
 endloop
endfacet
facet normal -0.0 0.0 1.0
 outer loop
  vertex 19.954099655151367 29.0 0.0
  vertex 20.752199172973633 28.194400787353516 0.0
  vertex 20.752199172973633 29.0 0.0
 endloop
endfacet
facet normal -0.0 0.0 1.0
 outer loop
  vertex 21.550399780273438 29.0 0.0
  vertex 22.348600387573242 28.194400787353516 0.0
  vertex 22.348600387573242 29.0 0.0
 endloop
endfacet
facet normal -0.0 0.0 1.0
 outer loop
  vertex 23.146699905395508 29.0 0.0
  vertex 23.944900512695313 28.194400787353516 0.0
  vertex 23.944900512695313 29.0 0.0
 endloop
endfacet
facet normal -0.0 0.0 0.9999999999999999
 outer loop
  vertex 24.743099212646484 29.0 0.0
  vertex 25.541200637817383 28.194400787353516 0.0
  vertex 25.541200637817383 29.0 0.0
 endloop
endfacet
facet normal -0.0 0.0 1.0
 outer loop
  vertex 26.339399337768555 29.0 0.0
  vertex 27.13759994506836 28.194400787353516 0.0
  vertex 27.13759994506836 29.0 0.0
 endloop
endfacet
facet normal -0.0 0.0 1.0
 outer loop
  vertex 27.935699462890625 29.0 0.0
  vertex 28.73390007019043 28.194400787353516 0.0
  vertex 28.73390007019043 29.0 0.0
 endloop
endfacet
facet normal -0.0 0.0 1.0
 outer loop
  vertex 29.531999588012695 29.0 0.0
  vertex 30.3302001953125 28.194400787353516 0.0
  vertex 30.3302001953125 29.0 0.0
 endloop
endfacet
facet normal -0.0 0.0 1.0
 outer loop
  vertex 31.92650032043457 29.0 0.0
  vertex 32.724700927734375 28.194400787353516 0.0
  vertex 32.724700927734375 29.0 0.0
 endloop
endfacet
facet normal -0.0 0.0 1.0
 outer loop
  vertex 34.32099914550781 29.0 0.0
  vertex 35.11920166015625 28.194400787353516 0.0
  vertex 35.11920166015625 29.0 0.0
 endloop
endfacet
facet normal -0.0 0.0 1.0
 outer loop
  vertex 36.71549987792969 29.0 0.0
  vertex 37.51369857788086 28.194400787353516 0.0
  vertex 37.51369857788086 29.0 0.0
 endloop
endfacet
facet normal -0.0 0.0 1.0
 outer loop
  vertex 39.11000061035156 29.0 0.0
  vertex 39.908199310302734 28.194400787353516 0.0
  vertex 39.908199310302734 29.0 0.0
 endloop
endfacet
facet normal -0.0 0.0 1.0
 outer loop
  vertex 40.70640182495117 29.0 0.0
  vertex 41.50450134277344 28.194400787353516 0.0
  vertex 41.50450134277344 29.0 0.0
 endloop
endfacet
facet normal -0.0 0.0 1.0
 outer loop
  vertex 42.30270004272461 29.0 0.0
  vertex 43.10089874267578 28.194400787353516 0.0
  vertex 43.10089874267578 29.0 0.0
 endloop
endfacet
facet normal -0.0 0.0 1.0
 outer loop
  vertex 43.89899826049805 29.0 0.0
  vertex 44.697200775146484 28.194400787353516 0.0
  vertex 44.697200775146484 29.0 0.0
 endloop
endfacet
facet normal -0.0 0.0 1.0
 outer loop
  vertex 45.49530029296875 29.0 0.0
  vertex 46.29349899291992 28.194400787353516 0.0
  vertex 46.29349899291992 29.0 0.0
 endloop
endfacet
facet normal -0.0 0.0 1.0
 outer loop
  vertex 47.09170150756836 29.0 0.0
  vertex 47.889801025390625 28.194400787353516 0.0
  vertex 47.889801025390625 29.0 0.0
 endloop
endfacet
facet normal -0.0 0.0 1.0
 outer loop
  vertex 48.6879997253418 29.0 0.0
  vertex 49.48619842529297 28.194400787353516 0.0
  vertex 49.48619842529297 29.0 0.0
 endloop
endfacet
facet normal -0.0 0.0 1.0
 outer loop
  vertex 50.2843017578125 29.0 0.0
  vertex 51.08250045776367 28.194400787353516 0.0
  vertex 51.08250045776367 29.0 0.0
 endloop
endfacet
facet normal -0.0 0.0 1.0
 outer loop
  vertex 51.880699157714844 29.0 0.0
  vertex 52.67879867553711 28.194400787353516 0.0
  vertex 52.67879867553711 29.0 0.0
 endloop
endfacet
facet normal -0.0 0.0 1.0
 outer loop
  vertex 54.27519989013672 29.0 0.0
  vertex 55.073299407958984 28.194400787353516 0.0
  vertex 55.073299407958984 29.0 0.0
 endloop
endfacet
facet normal -0.0 0.0 1.0
 outer loop
  vertex 55.871498107910156 29.0 0.0
  vertex 56.669700622558594 28.194400787353516 0.0
  vertex 56.669700622558594 29.0 0.0
 endloop
endfacet
facet normal -0.0 0.0 1.0
 outer loop
  vertex 57.46780014038086 29.0 0.0
  vertex 58.26599884033203 28.194400787353516 0.0
  vertex 58.26599884033203 29.0 0.0
 endloop
endfacet
facet normal -0.0 0.0 1.0
 outer loop
  vertex 59.06420135498047 29.0 0.0
  vertex 59.862300872802734 28.194400787353516 0.0
  vertex 59.862300872802734 29.0 0.0
 endloop
endfacet
facet normal -0.0 0.0 1.0
 outer loop
  vertex 60.660499572753906 29.0 0.0
  vertex 61.45869827270508 28.194400787353516 0.0
  vertex 61.45869827270508 29.0 0.0
 endloop
endfacet
facet normal -0.0 0.0 1.0
 outer loop
  vertex 62.25680160522461 29.0 0.0
  vertex 63.05500030517578 28.194400787353516 0.0
  vertex 63.05500030517578 29.0 0.0
 endloop
endfacet
facet normal -0.0 0.0 1.0
 outer loop
  vertex 85.40360260009766 29.0 0.0
  vertex 86.20179748535156 28.194400787353516 0.0
  vertex 86.20179748535156 29.0 0.0
 endloop
endfacet
facet normal 0.0 0.0 1.0
 outer loop
  vertex 86.20179748535156 29.0 0.0
  vertex 86.20179748535156 28.194400787353516 0.0
  vertex 87.0 28.194400787353516 0.0
 endloop
endfacet
facet normal -0.0 0.0 1.0
 outer loop
  vertex 86.20179748535156 29.0 0.0
  vertex 87.0 28.194400787353516 0.0
  vertex 87.0 29.0 0.0
 endloop
endfacet
facet normal 0.0 0.0 1.0
 outer loop
  vertex 41.50450134277344 4.027780055999756 0.0
  vertex 41.3981276294915 3.5712982690689383 0.0
  vertex 41.85042357868515 3.920376594137633 0.0
 endloop
endfacet
facet normal -0.0 0.0 1.0
 outer loop
  vertex 41.50450134277344 4.027780055999756 0.0
  vertex 41.85042357868515 3.920376594137633 0.0
  vertex 42.30270004272461 4.269445085525512 0.0
 endloop
endfacet
facet normal 0.0 0.0 1.0
 outer loop
  vertex 43.557287476049694 4.65619874039843 0.0
  vertex 43.10089874267578 4.833330154418945 0.0
  vertex 42.92999375938715 4.462821912961971 0.0
 endloop
endfacet
facet normal 0.0 0.0 0.9999999999999999
 outer loop
  vertex 49.13698101043701 6.282830041794027 0.0
  vertex 48.6879997253418 6.444439888000488 0.0
  vertex 48.478499031066896 6.141858774570668 0.0
 endloop
endfacet
facet normal 0.0 0.0 1.0
 outer loop
  vertex 0.0 6.982862765235733 0.0
  vertex 0.0 6.444439888000488 0.0
  vertex 0.7981650233268738 6.970527840966345 0.0
 endloop
endfacet
facet normal -0.0 0.0 0.9999999999999999
 outer loop
  vertex 10.376119911670685 6.984006649477004 0.0
  vertex 11.174300193786621 6.444439888000488 0.0
  vertex 11.174259781837463 6.996177753117742 0.0
 endloop
endfacet
facet normal 0.0 0.0 1.0
 outer loop
  vertex 27.935750007629395 6.822330863210752 0.0
  vertex 27.13759994506836 7.25 0.0
  vertex 27.13759994506836 6.686107921600342 0.0
 endloop
endfacet
facet normal 0.0 -0.0 1.0
 outer loop
  vertex 29.2109821779811 6.444439888000488 0.0
  vertex 29.531999588012695 7.25 0.0
  vertex 28.73390007019043 6.958553804821163 0.0
 endloop
endfacet
facet normal 0.0 0.0 1.0
 outer loop
  vertex 31.128400802612305 6.444439888000488 0.0
  vertex 31.92650032043457 6.686107921600342 0.0
  vertex 31.383322967835042 7.25 0.0
 endloop
endfacet
facet normal 0.0 0.0 1.0
 outer loop
  vertex 84.60540008544922 6.444439888000488 0.0
  vertex 85.40360260009766 6.734126972898346 0.0
  vertex 84.9242980635178 7.25 0.0
 endloop
endfacet
facet normal 0.0 0.0 1.0
 outer loop
  vertex 15.16510009765625 7.25 0.0
  vertex 15.963199615478516 7.4916680335998524 0.0
  vertex 15.500943017749972 8.055560111999512 0.0
 endloop
endfacet
facet normal -0.0 0.0 0.9999999999999999
 outer loop
  vertex 17.838920497894286 7.382796422514193 0.0
  vertex 18.35770034790039 7.25 0.0
  vertex 18.497409772872924 7.525890843053072 0.0
 endloop
endfacet
facet normal 0.0 -0.0 1.0
 outer loop
  vertex 78.67988748400518 7.36707074985651 0.0
  vertex 79.01830291748047 8.055560111999512 0.0
  vertex 78.34110806501498 7.817992626256828 0.0
 endloop
endfacet
facet normal 0.0 0.0 1.0
 outer loop
  vertex 31.128400802612305 8.861109733581543 0.0
  vertex 31.288005542755123 8.458334922790527 0.0
  vertex 31.607252931594847 8.78055634498596 0.0
 endloop
endfacet
facet normal -0.0 0.0 0.9999999999999999
 outer loop
  vertex 39.908199310302734 8.56719330175169 0.0
  vertex 40.70640182495117 8.055560111999512 0.0
  vertex 40.44443039061378 8.847609571635934 0.0
 endloop
endfacet
facet normal 0.0 0.0 1.0
 outer loop
  vertex 55.59469614978324 8.651961495858078 0.0
  vertex 55.073299407958984 8.861109733581543 0.0
  vertex 55.08356582948571 8.371470557921267 0.0
 endloop
endfacet
facet normal 0.0 0.0 1.0
 outer loop
  vertex 14.366900444030762 8.861109733581543 0.0
  vertex 14.925640201568603 8.861109733581543 0.0
  vertex 14.606930212465855 9.359692132100463 0.0
 endloop
endfacet
facet normal -0.0 0.0 1.0
 outer loop
  vertex 23.390268546729473 9.143263841338921 0.0
  vertex 23.944900512695313 8.861109733581543 0.0
  vertex 23.91076825939312 9.404966843459988 0.0
 endloop
endfacet
facet normal -0.0 0.0 0.9999999999999999
 outer loop
  vertex 31.128400802612305 8.861109733581543 0.0
  vertex 31.607252931594847 8.78055634498596 0.0
  vertex 31.92650032043457 9.102777767181395 0.0
 endloop
endfacet
facet normal 0.0 -0.0 1.0
 outer loop
  vertex 35.11920166015625 8.861109733581543 0.0
  vertex 35.180951578795685 9.229430916985445 0.0
  vertex 34.81418955223945 9.644203436709184 0.0
 endloop
endfacet
facet normal 0.0 0.0 0.9999999999999999
 outer loop
  vertex 35.180951578795685 9.229430916985445 0.0
  vertex 35.11920166015625 8.861109733581543 0.0
  vertex 35.549175969451554 8.812153547468192 0.0
 endloop
endfacet
facet normal -0.0 0.0 1.0
 outer loop
  vertex 40.978370025200455 9.126359364275338 0.0
  vertex 41.50450134277344 8.861109733581543 0.0
  vertex 41.51230965978713 9.405109156914742 0.0
 endloop
endfacet
facet normal 0.0 -0.0 1.0
 outer loop
  vertex 48.12926063537597 8.861109733581543 0.0
  vertex 48.6879997253418 9.185442353559434 0.0
  vertex 47.88980102539062 9.102777767181395 0.0
 endloop
endfacet
facet normal 0.0 0.0 1.0
 outer loop
  vertex 47.88980102539062 9.102777767181395 0.0
  vertex 48.6879997253418 9.185442353559434 0.0
  vertex 48.21158536277862 9.666669845581055 0.0
 endloop
endfacet
facet normal 0.0 0.0 1.0
 outer loop
  vertex 51.08250045776367 9.666669845581055 0.0
  vertex 50.84078018816086 9.666669845581055 0.0
  vertex 50.2843017578125 9.4250018119812 0.0
 endloop
endfacet
facet normal 0.0 0.0 1.0
 outer loop
  vertex 55.871498107910156 9.666669845581055 0.0
  vertex 56.08264960992338 8.956433355073628 0.0
  vertex 56.554489873588096 9.273882561089067 0.0
 endloop
endfacet
facet normal 0.0 0.0 1.0
 outer loop
  vertex 83.0875719369811 9.263282558239233 0.0
  vertex 83.00910186767578 8.861109733581543 0.0
  vertex 83.46245424968365 8.854772458276287 0.0
 endloop
endfacet
facet normal 0.0 -0.0 1.0
 outer loop
  vertex 11.571198203135282 9.809277317468272 0.0
  vertex 11.972399711608887 10.472200393676758 0.0
  vertex 11.251431971788406 10.288236430911976 0.0
 endloop
endfacet
facet normal 0.0 0.0 0.9999999999999999
 outer loop
  vertex 13.56879997253418 9.666669845581055 0.0
  vertex 14.287948052589869 9.850780707834929 0.0
  vertex 13.968511098266077 10.329210127121769 0.0
 endloop
endfacet
facet normal -0.0 0.0 1.0
 outer loop
  vertex 42.572428295662604 9.956366850778677 0.0
  vertex 43.10089874267578 9.666669845581055 0.0
  vertex 43.10089874267578 10.230541229248047 0.0
 endloop
endfacet
facet normal 0.0 -0.0 1.0
 outer loop
  vertex 51.08250045776367 9.666669845581055 0.0
  vertex 51.360739672937854 9.94582956495084 0.0
  vertex 50.84078018816086 9.666669845581055 0.0
 endloop
endfacet
facet normal 0.0 0.0 1.0
 outer loop
  vertex 57.96182841509581 10.228956018535758 0.0
  vertex 57.46780014038086 10.472200393676758 0.0
  vertex 57.46780014038086 9.908329010009766 0.0
 endloop
endfacet
facet normal 0.0 0.0 1.0
 outer loop
  vertex 82.34208013318421 10.071996525939468 0.0
  vertex 81.97147064208984 10.472200393676758 0.0
  vertex 81.41280364990234 10.472200393676758 0.0
 endloop
endfacet
facet normal 0.0 0.0 1.0
 outer loop
  vertex 13.648925587356306 10.803455275658052 0.0
  vertex 13.329340076446533 11.277700424194336 0.0
  vertex 12.770600318908691 11.277700424194336 0.0
 endloop
endfacet
facet normal 0.0 0.0 1.0
 outer loop
  vertex 50.2843017578125 11.277700424194336 0.0
  vertex 50.018303161661606 10.982359969924891 0.0
  vertex 50.550407898030244 11.250869537017753 0.0
 endloop
endfacet
facet normal 0.0 0.0 1.0
 outer loop
  vertex 58.26599884033203 11.277700424194336 0.0
  vertex 58.44540736377239 10.550679953429803 0.0
  vertex 58.920525478199124 10.873285995792934 0.0
 endloop
endfacet
facet normal 0.0 0.0 1.0
 outer loop
  vertex 81.41280364990234 10.472200393676758 0.0
  vertex 81.97147064208984 10.472200393676758 0.0
  vertex 81.6355653818762 11.005872678756713 0.0
 endloop
endfacet
facet normal 0.0 0.0 1.0
 outer loop
  vertex 12.770600318908691 11.277700424194336 0.0
  vertex 13.329340076446533 11.277700424194336 0.0
  vertex 13.015050691366195 11.807312915710602 0.0
 endloop
endfacet
facet normal -0.0 0.0 1.0
 outer loop
  vertex 50.2843017578125 11.277700424194336 0.0
  vertex 50.550407898030244 11.250869537017753 0.0
  vertex 51.08250045776367 11.519380187988281 0.0
 endloop
endfacet
facet normal -0.0 0.0 1.0
 outer loop
  vertex 55.33939464163268 11.573095900728369 0.0
  vertex 55.871498107910156 11.277700424194336 0.0
  vertex 55.871498107910156 11.841619873046875 0.0
 endloop
endfacet
facet normal 0.0 0.0 1.0
 outer loop
  vertex 56.669700622558594 12.08329963684082 0.0
  vertex 56.32115319815333 12.166826702840627 0.0
  vertex 55.871498107910156 11.841619873046875 0.0
 endloop
endfacet
facet normal 0.0 0.0 1.0
 outer loop
  vertex 60.34977912604809 11.835655452762051 0.0
  vertex 59.862300872802734 12.08329963684082 0.0
  vertex 59.862300872802734 11.519380187988281 0.0
 endloop
endfacet
facet normal 0.0 -0.0 0.9999999999999999
 outer loop
  vertex 75.48601866879837 11.391265683879595 0.0
  vertex 75.82559967041016 12.08329963684082 0.0
  vertex 75.13529694080506 11.857156967785851 0.0
 endloop
endfacet
facet normal 0.0 -0.0 0.9999999999999999
 outer loop
  vertex 9.969081898930531 12.22265928785224 0.0
  vertex 10.376099586486816 12.888799667358398 0.0
  vertex 9.650277897966262 12.700641780102636 0.0
 endloop
endfacet
facet normal -0.0 0.0 1.0
 outer loop
  vertex 46.436117249500654 12.488221350358799 0.0
  vertex 47.09170150756836 12.08329963684082 0.0
  vertex 46.91100906535861 12.810952235944569 0.0
 endloop
endfacet
facet normal 0.0 -0.0 1.0
 outer loop
  vertex 56.669700622558594 12.08329963684082 0.0
  vertex 56.77080828839651 12.492033532634377 0.0
  vertex 56.32115319815333 12.166826702840627 0.0
 endloop
endfacet
facet normal 0.0 0.0 1.0
 outer loop
  vertex 60.660499572753906 12.888799667358398 0.0
  vertex 60.832071523694324 12.155525547903306 0.0
  vertex 61.30845672523137 12.47948838762413 0.0
 endloop
endfacet
facet normal 0.0 0.0 1.0
 outer loop
  vertex 80.5857009070713 12.42086168358339 0.0
  vertex 80.6146011352539 12.08329963684082 0.0
  vertex 80.95588858477248 11.957963270886573 0.0
 endloop
endfacet
facet normal 0.0 0.0 1.0
 outer loop
  vertex 12.055203436501323 13.23968512028967 0.0
  vertex 11.732969856262207 13.6943998336792 0.0
  vertex 11.174300193786621 13.6943998336792 0.0
 endloop
endfacet
facet normal -0.0 0.0 1.0
 outer loop
  vertex 57.73980977433158 13.13553038239479 0.0
  vertex 58.26599884033203 12.888799667358398 0.0
  vertex 58.26599884033203 13.452719783782959 0.0
 endloop
endfacet
facet normal 0.0 0.0 1.0
 outer loop
  vertex 62.749517323635516 13.450846947869284 0.0
  vertex 62.25680160522461 13.6943998336792 0.0
  vertex 62.2568016052246 13.130479717254637 0.0
 endloop
endfacet
facet normal 0.0 0.0 1.0
 outer loop
  vertex 11.174300193786621 13.6943998336792 0.0
  vertex 11.732969856262207 13.6943998336792 0.0
  vertex 11.455471196545247 14.223053505804502 0.0
 endloop
endfacet
facet normal 0.0 0.0 1.0
 outer loop
  vertex 34.32099914550781 14.5 0.0
  vertex 34.722259677015245 13.835909955784011 0.0
  vertex 35.04181143033784 14.316720189271647 0.0
 endloop
endfacet
facet normal -0.0 0.0 1.0
 outer loop
  vertex 59.20778401661664 14.10239198427092 0.0
  vertex 59.862300872802734 13.6943998336792 0.0
  vertex 59.68546890389407 14.425014574334782 0.0
 endloop
endfacet
facet normal 0.0 0.0 1.0
 outer loop
  vertex 63.05500030517578 14.5 0.0
  vertex 63.2343992382288 13.772275324910877 0.0
  vertex 63.70951812956483 14.09502030466683 0.0
 endloop
endfacet
facet normal 0.0 0.0 1.0
 outer loop
  vertex 79.13246167387564 14.102344390010455 0.0
  vertex 78.77884216308593 14.499999999999998 0.0
  vertex 78.22010040283203 14.5 0.0
 endloop
endfacet
facet normal 0.0 -0.0 1.0
 outer loop
  vertex 19.692846063973835 14.537811359909883 0.0
  vertex 19.954099655151367 15.305500030517578 0.0
  vertex 19.16416023506273 14.823273042224585 0.0
 endloop
endfacet
facet normal -0.0 0.0 1.0
 outer loop
  vertex 32.724700927734375 14.76906166646458 0.0
  vertex 33.52289962768555 14.5 0.0
  vertex 33.070580361317845 15.216413801795532 0.0
 endloop
endfacet
facet normal -0.0 0.0 1.0
 outer loop
  vertex 60.171702006086704 14.744850323920296 0.0
  vertex 60.660499572753906 14.5 0.0
  vertex 60.660499572753906 15.063850021362306 0.0
 endloop
endfacet
facet normal 0.0 0.0 1.0
 outer loop
  vertex 65.14408109565474 15.061999969091264 0.0
  vertex 64.65129852294922 15.305500030517578 0.0
  vertex 64.65129852294922 14.741650009155272 0.0
 endloop
endfacet
facet normal -0.0 0.0 1.0
 outer loop
  vertex 78.22010040283203 14.5 0.0
  vertex 78.77884216308593 14.499999999999998 0.0
  vertex 78.46955108642578 15.000331437257678 0.0
 endloop
endfacet
facet normal -0.0 0.0 1.0
 outer loop
  vertex 10.376099586486816 15.305500030517578 0.0
  vertex 10.897006083273988 15.276267315646656 0.0
  vertex 10.609104042045018 15.792640384546605 0.0
 endloop
endfacet
facet normal 0.0 -0.0 1.0
 outer loop
  vertex 18.128271293640136 15.40038784845457 0.0
  vertex 18.35770034790039 16.111099243164063 0.0
  vertex 17.661841118335722 15.71327634141124 0.0
 endloop
endfacet
facet normal 0.0 0.0 1.0
 outer loop
  vertex 26.330346776057226 15.847638328719771 0.0
  vertex 26.339399337768555 15.305500030517578 0.0
  vertex 26.865308186767237 15.584177414275478 0.0
 endloop
endfacet
facet normal 0.0 0.0 1.0
 outer loop
  vertex 34.32099914550781 16.111099243164063 0.0
  vertex 33.762329483032225 16.111099243164063 0.0
  vertex 33.416459794901314 15.663765937126485 0.0
 endloop
endfacet
facet normal -0.0 0.0 1.0
 outer loop
  vertex 61.602284386754036 15.711186831079871 0.0
  vertex 62.25680160522461 15.305500030517578 0.0
  vertex 62.077404724061495 16.034091152323313 0.0
 endloop
endfacet
facet normal 0.0 0.0 1.0
 outer loop
  vertex 65.44950103759766 16.111099243164063 0.0
  vertex 65.62899236400617 15.383412811905144 0.0
  vertex 66.1040939329205 15.706144419498742 0.0
 endloop
endfacet
facet normal 0.0 0.0 1.0
 outer loop
  vertex 77.4219970703125 15.305500030517578 0.0
  vertex 78.14155988693237 15.486126337079057 0.0
  vertex 77.77428698539734 15.944476350461873 0.0
 endloop
endfacet
facet normal 0.0 -0.0 1.0
 outer loop
  vertex 7.59308779695947 16.212400949001314 0.0
  vertex 7.981649875640869 16.91659927368164 0.0
  vertex 7.28469689397147 16.68126771450043 0.0
 endloop
endfacet
facet normal 0.0 0.0 1.0
 outer loop
  vertex 9.577980041503906 16.111099243164063 0.0
  vertex 10.306791408927756 16.292528706989394 0.0
  vertex 9.990224945835017 16.77629453080686 0.0
 endloop
endfacet
facet normal 0.0 -0.0 1.0
 outer loop
  vertex 16.76140022277832 16.352749252319335 0.0
  vertex 16.76140022277832 16.91659927368164 0.0
  vertex 16.229466181493265 16.622288513159432 0.0
 endloop
endfacet
facet normal 0.0 0.0 1.0
 outer loop
  vertex 24.721373842243604 16.648098010275987 0.0
  vertex 24.743099212646484 16.111099243164063 0.0
  vertex 25.258387561806547 16.379596746870337 0.0
 endloop
endfacet
facet normal 0.0 0.0 1.0
 outer loop
  vertex 33.762329483032225 16.111099243164063 0.0
  vertex 34.32099914550781 16.111099243164063 0.0
  vertex 34.07934261908234 16.60441157165915 0.0
 endloop
endfacet
facet normal -0.0 0.0 1.0
 outer loop
  vertex 62.56489711645991 16.35475698290265 0.0
  vertex 63.05500030517578 16.111099243164063 0.0
  vertex 63.05500030517578 16.67494926452637 0.0
 endloop
endfacet
facet normal 0.0 0.0 1.0
 outer loop
  vertex 67.84400177001953 16.91659927368164 0.0
  vertex 67.57790258591305 16.621260190219616 0.0
  vertex 68.11000591645501 16.8897711281199 0.0
 endloop
endfacet
facet normal 0.0 -0.0 1.0
 outer loop
  vertex 71.42755825165659 16.201129793085034 0.0
  vertex 71.83480072021484 16.91659927368164 0.0
  vertex 71.0365982055664 16.637460924324152 0.0
 endloop
endfacet
facet normal 0.0 0.0 1.0
 outer loop
  vertex 9.664376980211209 17.24924746224181 0.0
  vertex 9.338529014587403 17.722200393676758 0.0
  vertex 8.779809951782227 17.722200393676758 0.0
 endloop
endfacet
facet normal 0.0 0.0 1.0
 outer loop
  vertex 15.165910674200127 17.161870730851067 0.0
  vertex 15.16510009765625 17.722200393676758 0.0
  vertex 14.634914358745974 17.43292107972547 0.0
 endloop
endfacet
facet normal 0.0 0.0 1.0
 outer loop
  vertex 23.130901146609283 17.46285415400562 0.0
  vertex 23.146699905395508 16.91659927368164 0.0
  vertex 23.657990465141467 17.189945918880404 0.0
 endloop
endfacet
facet normal -0.0 0.0 1.0
 outer loop
  vertex 34.39635575513246 17.097723900154236 0.0
  vertex 35.11920166015625 16.91659927368164 0.0
  vertex 34.716483142453214 17.577228258829564 0.0
 endloop
endfacet
facet normal 0.0 -0.0 1.0
 outer loop
  vertex 46.79638408865608 16.91659927368164 0.0
  vertex 47.09170150756836 17.722200393676758 0.0
  vertex 46.36268526704083 17.2656841998626 0.0
 endloop
endfacet
facet normal -0.0 0.0 1.0
 outer loop
  vertex 63.988314756006005 17.31834782919831 0.0
  vertex 64.65129852294922 16.91659927368164 0.0
  vertex 64.46536286743358 17.64049618900078 0.0
 endloop
endfacet
facet normal -0.0 0.0 1.0
 outer loop
  vertex 67.84400177001953 16.91659927368164 0.0
  vertex 68.11000591645501 16.8897711281199 0.0
  vertex 68.64209747314453 17.158279609680175 0.0
 endloop
endfacet
facet normal 0.0 -0.0 0.9999999999999999
 outer loop
  vertex 6.721737025311713 17.722200393676758 0.0
  vertex 7.1834797859191895 18.527700424194336 0.0
  vertex 6.423349104806638 18.259240021836014 0.0
 endloop
endfacet
facet normal 0.0 0.0 0.9999999999999999
 outer loop
  vertex 8.779809951782227 17.722200393676758 0.0
  vertex 9.338529014587403 17.722200393676758 0.0
  vertex 9.04919629322168 18.25924263268969 0.0
 endloop
endfacet
facet normal 0.0 0.0 1.0
 outer loop
  vertex 13.57591660167278 17.98024265092789 0.0
  vertex 13.56879997253418 18.527700424194336 0.0
  vertex 13.049430680479524 18.257197537962185 0.0
 endloop
endfacet
facet normal 0.0 0.0 1.0
 outer loop
  vertex 21.546232034724817 18.279382757644633 0.0
  vertex 21.550399780273438 17.722200393676758 0.0
  vertex 22.07502193140096 18.007572573387733 0.0
 endloop
endfacet
facet normal 0.0 0.0 1.0
 outer loop
  vertex 35.91740036010742 18.527700424194336 0.0
  vertex 35.3586612701416 18.527700424194336 0.0
  vertex 35.03757220629741 18.05246434151195 0.0
 endloop
endfacet
facet normal -0.0 0.0 1.0
 outer loop
  vertex 37.51369857788086 18.527700424194336 0.0
  vertex 37.59647229239344 18.17483127914635 0.0
  vertex 37.91870561689139 18.62746216461594 0.0
 endloop
endfacet
facet normal 0.0 0.0 1.0
 outer loop
  vertex 48.93063838309352 18.40110377880127 0.0
  vertex 48.6879997253418 17.722200393676758 0.0
  vertex 49.378615590373215 18.061049540011034 0.0
 endloop
endfacet
facet normal 0.0 0.0 1.0
 outer loop
  vertex 52.91825942993164 17.722200393676758 0.0
  vertex 53.47700119018555 17.722200393676758 0.0
  vertex 53.24062950811875 18.22597662061453 0.0
 endloop
endfacet
facet normal 0.0 0.0 1.0
 outer loop
  vertex 11.994870091974736 18.825151908173517 0.0
  vertex 11.972399711608887 19.33329963684082 0.0
  vertex 11.458600047230721 19.122603392152698 0.0
 endloop
endfacet
facet normal 0.0 0.0 1.0
 outer loop
  vertex 19.953550035691997 19.08991713295254 0.0
  vertex 19.954099655151367 18.527700424194336 0.0
  vertex 20.48463048621859 18.819914878984125 0.0
 endloop
endfacet
facet normal 0.0 0.0 1.0
 outer loop
  vertex 35.3586612701416 18.527700424194336 0.0
  vertex 35.91740036010742 18.527700424194336 0.0
  vertex 35.676071286294615 19.02514300738762 0.0
 endloop
endfacet
facet normal 0.0 -0.0 1.0
 outer loop
  vertex 44.445626552728044 18.666338438540695 0.0
  vertex 44.697200775146484 19.33329963684082 0.0
  vertex 44.03236856980689 19.000998640060423 0.0
 endloop
endfacet
facet normal -0.0 0.0 1.0
 outer loop
  vertex 53.56148716187826 18.718777259998024 0.0
  vertex 54.27519989013672 18.527700424194336 0.0
  vertex 53.879735150481494 19.19515375709161 0.0
 endloop
endfacet
facet normal 0.0 -0.0 0.9999999999999999
 outer loop
  vertex 10.959608342871071 19.428331022399366 0.0
  vertex 11.174300193786621 20.1387996673584 0.0
  vertex 10.493895729444922 19.744275419663524 0.0
 endloop
endfacet
facet normal 0.0 0.0 1.0
 outer loop
  vertex 18.35770034790039 19.897149658203126 0.0
  vertex 18.35770034790039 19.33329963684082 0.0
  vertex 18.889805290259417 19.628270715860708 0.0
 endloop
endfacet
facet normal -0.0 0.0 0.9999999999999999
 outer loop
  vertex 35.99453267082572 19.514589461751346 0.0
  vertex 36.71549987792969 19.33329963684082 0.0
  vertex 36.31429852824658 19.994070734708252 0.0
 endloop
endfacet
facet normal -0.0 0.0 1.0
 outer loop
  vertex 38.3119010925293 20.1387996673584 0.0
  vertex 38.55630111694336 19.605837751533997 0.0
  vertex 38.87057075500488 20.1387996673584 0.0
 endloop
endfacet
facet normal 0.0 -0.0 1.0
 outer loop
  vertex 43.59943700707325 19.366300705578222 0.0
  vertex 43.89899826049805 20.1387996673584 0.0
  vertex 43.17175524021204 19.731930327994217 0.0
 endloop
endfacet
facet normal 0.0 0.0 1.0
 outer loop
  vertex 46.61520904305297 20.130520426938816 0.0
  vertex 46.29349899291992 19.33329963684082 0.0
  vertex 47.0407451200133 19.785613585369294 0.0
 endloop
endfacet
facet normal 0.0 0.0 1.0
 outer loop
  vertex 74.22930145263672 19.33329963684082 0.0
  vertex 74.9014031069694 19.58008378753628 0.0
  vertex 74.5648999973262 20.00891480521883 0.0
 endloop
endfacet
facet normal 0.0 0.0 1.0
 outer loop
  vertex 16.96466982662678 20.85649593824995 0.0
  vertex 16.76140022277832 20.1387996673584 0.0
  vertex 17.435459773242474 20.540575665178444 0.0
 endloop
endfacet
facet normal 0.0 0.0 1.0
 outer loop
  vertex 38.3119010925293 20.1387996673584 0.0
  vertex 38.87057075500488 20.1387996673584 0.0
  vertex 39.21642095223069 20.498563404125612 0.0
 endloop
endfacet
facet normal 0.0 0.0 1.0
 outer loop
  vertex 45.75723713636398 20.803694811291514 0.0
  vertex 45.49530029296875 20.1387996673584 0.0
  vertex 46.187656717549295 20.471247239324956 0.0
 endloop
endfacet
facet normal 0.0 0.0 1.0
 outer loop
  vertex 54.514629745483404 20.1387996673584 0.0
  vertex 55.073299407958984 20.1387996673584 0.0
  vertex 54.83350986905229 20.63740804940462 0.0
 endloop
endfacet
facet normal 0.0 0.0 1.0
 outer loop
  vertex 15.963199615478516 21.445100169865917 0.0
  vertex 15.963199615478516 20.944400787353516 0.0
  vertex 16.473214831389488 21.159576663435253 0.0
 endloop
endfacet
facet normal -0.0 0.0 0.9999999999999999
 outer loop
  vertex 55.152558761587 21.129425086267297 0.0
  vertex 55.871498107910156 20.944400787353516 0.0
  vertex 55.47197164058985 21.606970677990468 0.0
 endloop
endfacet
facet normal 0.0 -0.0 1.0
 outer loop
  vertex 64.65129852294922 21.18608055114746 0.0
  vertex 64.65129852294922 21.75 0.0
  vertex 64.11919018545886 21.454604523919986 0.0
 endloop
endfacet
facet normal 0.0 0.0 1.0
 outer loop
  vertex 59.06420135498047 22.555500030517578 0.0
  vertex 59.49401045933191 21.828604879174975 0.0
  vertex 59.862300872802734 22.25370172424129 0.0
 endloop
endfacet
facet normal 0.0 -0.0 1.0
 outer loop
  vertex 63.05500030517578 21.991650009155272 0.0
  vertex 63.05500030517578 22.555500030517578 0.0
  vertex 62.522890696115795 22.260160756332333 0.0
 endloop
endfacet
facet normal 0.0 0.0 1.0
 outer loop
  vertex 13.046291831663302 23.361099243164063 0.0
  vertex 12.770600318908691 22.555500030517578 0.0
  vertex 13.50902868331962 22.95829963684082 0.0
 endloop
endfacet
facet normal 0.0 0.0 0.9999999999999999
 outer loop
  vertex 42.54215965270996 23.361099243164063 0.0
  vertex 42.30270004272461 22.555500030517578 0.0
  vertex 43.10089874267578 22.838596462627113 0.0
 endloop
endfacet
facet normal 0.0 0.0 1.0
 outer loop
  vertex 71.24062461660006 23.270443296432497 0.0
  vertex 71.0365982055664 22.555500030517578 0.0
  vertex 71.71536256142012 22.90542939901352 0.0
 endloop
endfacet
facet normal 0.0 0.0 1.0
 outer loop
  vertex 0.8493489304339024 23.612809324264525 0.0
  vertex 0.7981659770011902 24.16659927368164 0.0
  vertex 0.3990829885005951 23.884674263000488 0.0
 endloop
endfacet
facet normal 0.0 0.0 0.9999999999999999
 outer loop
  vertex 0.7981659770011902 24.16659927368164 0.0
  vertex 0.0 24.16659927368164 0.0
  vertex 0.3990829885005951 23.884674263000488 0.0
 endloop
endfacet
facet normal 0.0 0.0 1.0
 outer loop
  vertex 41.50450134277344 23.361099243164063 0.0
  vertex 42.30270004272461 23.602749252319335 0.0
  vertex 41.80444890246933 24.16659927368164 0.0
 endloop
endfacet
facet normal 0.0 0.0 1.0
 outer loop
  vertex 67.0464178002427 25.534605136094616 0.0
  vertex 67.0457992553711 24.972200393676758 0.0
  vertex 67.57836944370037 25.26474167769775 0.0
 endloop
endfacet
facet normal 0.0 0.0 1.0
 outer loop
  vertex 65.44950103759766 26.341619873046877 0.0
  vertex 65.44950103759766 25.777700424194336 0.0
  vertex 65.98185086815734 26.07272227898939 0.0
 endloop
endfacet
facet normal 0.0 0.0 1.0
 outer loop
  vertex 64.09255943298339 27.3887996673584 0.0
  vertex 63.85309982299805 26.58329963684082 0.0
  vertex 64.54487979694967 27.03973645893857 0.0
 endloop
endfacet
facet normal 0.0 -0.0 1.0
 outer loop
  vertex 85.88132456231915 27.3887996673584 0.0
  vertex 86.20179748535156 28.194400787353516 0.0
  vertex 85.40360260009766 27.87095356710892 0.0
 endloop
endfacet
facet normal 0.0 0.0 1.0
 outer loop
  vertex 0.7981659770011902 1.611109972000122 0.0
  vertex 0.0 1.611109972000122 0.0
  vertex 0.0 0.8055559992790222 0.0
 endloop
endfacet
facet normal 0.0 0.0 1.0
 outer loop
  vertex 0.7981659770011902 0.0 0.0
  vertex 1.5963300466537476 0.0 0.0
  vertex 1.5963300466537476 0.8055559992790222 0.0
 endloop
endfacet
facet normal -0.0 0.0 1.0
 outer loop
  vertex 0.0 0.8055559992790222 0.0
  vertex 0.7981659770011902 0.0 0.0
  vertex 1.5963300466537476 0.8055559992790222 0.0
 endloop
endfacet
facet normal 0.0 0.0 1.0
 outer loop
  vertex 0.7981659770011902 1.611109972000122 0.0
  vertex 0.0 0.8055559992790222 0.0
  vertex 1.5963300466537476 0.8055559992790222 0.0
 endloop
endfacet
facet normal 0.0 0.0 0.9999999999999999
 outer loop
  vertex 2.3944900035858154 0.0 0.0
  vertex 3.192660093307495 0.0 0.0
  vertex 3.192660093307495 0.8055559992790222 0.0
 endloop
endfacet
facet normal -0.0 0.0 1.0
 outer loop
  vertex 1.5963300466537476 0.8055559992790222 0.0
  vertex 2.3944900035858154 0.0 0.0
  vertex 3.192660093307495 0.8055559992790222 0.0
 endloop
endfacet
facet normal 0.0 0.0 0.9999999999999999
 outer loop
  vertex 3.9908199310302734 0.0 0.0
  vertex 4.788990020751953 0.0 0.0
  vertex 4.788990020751953 0.8055559992790222 0.0
 endloop
endfacet
facet normal -0.0 0.0 1.0
 outer loop
  vertex 3.192660093307495 0.8055559992790222 0.0
  vertex 3.9908199310302734 0.0 0.0
  vertex 4.788990020751953 0.8055559992790222 0.0
 endloop
endfacet
facet normal 0.0 0.0 0.9999999999999999
 outer loop
  vertex 5.5871500968933105 0.0 0.0
  vertex 6.38532018661499 0.0 0.0
  vertex 6.38532018661499 0.8055559992790222 0.0
 endloop
endfacet
facet normal -0.0 0.0 1.0
 outer loop
  vertex 4.788990020751953 0.8055559992790222 0.0
  vertex 5.5871500968933105 0.0 0.0
  vertex 6.38532018661499 0.8055559992790222 0.0
 endloop
endfacet
facet normal 0.0 0.0 0.9999999999999999
 outer loop
  vertex 7.1834797859191895 0.0 0.0
  vertex 7.981649875640869 0.0 0.0
  vertex 7.981649875640869 0.8055559992790222 0.0
 endloop
endfacet
facet normal -0.0 0.0 1.0
 outer loop
  vertex 6.38532018661499 0.8055559992790222 0.0
  vertex 7.1834797859191895 0.0 0.0
  vertex 7.981649875640869 0.8055559992790222 0.0
 endloop
endfacet
facet normal 0.0 0.0 0.9999999999999999
 outer loop
  vertex 8.779809951782227 0.0 0.0
  vertex 9.577980041503906 0.0 0.0
  vertex 9.577980041503906 0.8055559992790222 0.0
 endloop
endfacet
facet normal -0.0 0.0 1.0
 outer loop
  vertex 7.981649875640869 0.8055559992790222 0.0
  vertex 8.779809951782227 0.0 0.0
  vertex 9.577980041503906 0.8055559992790222 0.0
 endloop
endfacet
facet normal 0.0 0.0 1.0
 outer loop
  vertex 10.376099586486816 0.0 0.0
  vertex 11.174300193786621 0.0 0.0
  vertex 11.174300193786621 0.8055559992790222 0.0
 endloop
endfacet
facet normal -0.0 0.0 1.0
 outer loop
  vertex 9.577980041503906 0.8055559992790222 0.0
  vertex 10.376099586486816 0.0 0.0
  vertex 11.174300193786621 0.8055559992790222 0.0
 endloop
endfacet
facet normal 0.0 0.0 1.0
 outer loop
  vertex 11.972399711608887 0.0 0.0
  vertex 12.770600318908691 0.0 0.0
  vertex 12.770600318908691 0.8055559992790222 0.0
 endloop
endfacet
facet normal -0.0 0.0 0.9999999999999999
 outer loop
  vertex 11.174300193786621 0.8055559992790222 0.0
  vertex 11.972399711608887 0.0 0.0
  vertex 12.770600318908691 0.8055559992790222 0.0
 endloop
endfacet
facet normal 0.0 0.0 1.0
 outer loop
  vertex 13.56879997253418 0.0 0.0
  vertex 14.366900444030762 0.0 0.0
  vertex 14.366900444030762 0.8055559992790222 0.0
 endloop
endfacet
facet normal -0.0 0.0 0.9999999999999999
 outer loop
  vertex 12.770600318908691 0.8055559992790222 0.0
  vertex 13.56879997253418 0.0 0.0
  vertex 14.366900444030762 0.8055559992790222 0.0
 endloop
endfacet
facet normal 0.0 0.0 1.0
 outer loop
  vertex 15.16510009765625 0.0 0.0
  vertex 15.963199615478516 0.0 0.0
  vertex 15.963199615478516 0.8055559992790222 0.0
 endloop
endfacet
facet normal -0.0 0.0 1.0
 outer loop
  vertex 14.366900444030762 0.8055559992790222 0.0
  vertex 15.16510009765625 0.0 0.0
  vertex 15.963199615478516 0.8055559992790222 0.0
 endloop
endfacet
facet normal 0.0 0.0 1.0
 outer loop
  vertex 16.76140022277832 0.0 0.0
  vertex 17.559600830078125 0.0 0.0
  vertex 17.559600830078125 0.8055559992790222 0.0
 endloop
endfacet
facet normal -0.0 0.0 1.0
 outer loop
  vertex 15.963199615478516 0.8055559992790222 0.0
  vertex 16.76140022277832 0.0 0.0
  vertex 17.559600830078125 0.8055559992790222 0.0
 endloop
endfacet
facet normal 0.0 0.0 1.0
 outer loop
  vertex 18.35770034790039 0.0 0.0
  vertex 19.155899047851563 0.0 0.0
  vertex 19.155899047851563 0.8055559992790222 0.0
 endloop
endfacet
facet normal -0.0 0.0 1.0
 outer loop
  vertex 17.559600830078125 0.8055559992790222 0.0
  vertex 18.35770034790039 0.0 0.0
  vertex 19.155899047851563 0.8055559992790222 0.0
 endloop
endfacet
facet normal 0.0 0.0 1.0
 outer loop
  vertex 19.954099655151367 0.0 0.0
  vertex 20.752199172973633 0.0 0.0
  vertex 20.752199172973633 0.8055559992790222 0.0
 endloop
endfacet
facet normal -0.0 0.0 0.9999999999999999
 outer loop
  vertex 19.155899047851563 0.8055559992790222 0.0
  vertex 19.954099655151367 0.0 0.0
  vertex 20.752199172973633 0.8055559992790222 0.0
 endloop
endfacet
facet normal 0.0 0.0 1.0
 outer loop
  vertex 21.550399780273438 0.0 0.0
  vertex 22.348600387573242 0.0 0.0
  vertex 22.348600387573242 0.8055559992790222 0.0
 endloop
endfacet
facet normal -0.0 0.0 1.0
 outer loop
  vertex 20.752199172973633 0.8055559992790222 0.0
  vertex 21.550399780273438 0.0 0.0
  vertex 22.348600387573242 0.8055559992790222 0.0
 endloop
endfacet
facet normal 0.0 0.0 1.0
 outer loop
  vertex 23.146699905395508 0.0 0.0
  vertex 23.944900512695313 0.0 0.0
  vertex 23.944900512695313 0.8055559992790222 0.0
 endloop
endfacet
facet normal -0.0 0.0 0.9999999999999999
 outer loop
  vertex 22.348600387573242 0.8055559992790222 0.0
  vertex 23.146699905395508 0.0 0.0
  vertex 23.944900512695313 0.8055559992790222 0.0
 endloop
endfacet
facet normal 0.0 0.0 1.0
 outer loop
  vertex 24.743099212646484 0.0 0.0
  vertex 25.541200637817383 0.0 0.0
  vertex 25.541200637817383 0.8055559992790222 0.0
 endloop
endfacet
facet normal -0.0 0.0 0.9999999999999999
 outer loop
  vertex 23.944900512695313 0.8055559992790222 0.0
  vertex 24.743099212646484 0.0 0.0
  vertex 25.541200637817383 0.8055559992790222 0.0
 endloop
endfacet
facet normal 0.0 0.0 1.0
 outer loop
  vertex 26.339399337768555 0.0 0.0
  vertex 27.13759994506836 0.0 0.0
  vertex 27.13759994506836 0.8055559992790222 0.0
 endloop
endfacet
facet normal -0.0 0.0 1.0
 outer loop
  vertex 25.541200637817383 0.8055559992790222 0.0
  vertex 26.339399337768555 0.0 0.0
  vertex 27.13759994506836 0.8055559992790222 0.0
 endloop
endfacet
facet normal 0.0 0.0 1.0
 outer loop
  vertex 27.935699462890625 0.0 0.0
  vertex 28.73390007019043 0.0 0.0
  vertex 28.73390007019043 0.8055559992790222 0.0
 endloop
endfacet
facet normal -0.0 0.0 0.9999999999999999
 outer loop
  vertex 27.13759994506836 0.8055559992790222 0.0
  vertex 27.935699462890625 0.0 0.0
  vertex 28.73390007019043 0.8055559992790222 0.0
 endloop
endfacet
facet normal 0.0 0.0 1.0
 outer loop
  vertex 29.531999588012695 0.0 0.0
  vertex 30.3302001953125 0.0 0.0
  vertex 30.3302001953125 0.8055559992790222 0.0
 endloop
endfacet
facet normal -0.0 0.0 0.9999999999999999
 outer loop
  vertex 28.73390007019043 0.8055559992790222 0.0
  vertex 29.531999588012695 0.0 0.0
  vertex 30.3302001953125 0.8055559992790222 0.0
 endloop
endfacet
facet normal 0.0 0.0 1.0
 outer loop
  vertex 31.128400802612305 0.0 0.0
  vertex 31.92650032043457 0.0 0.0
  vertex 31.92650032043457 0.8055559992790222 0.0
 endloop
endfacet
facet normal -0.0 0.0 0.9999999999999999
 outer loop
  vertex 30.3302001953125 0.8055559992790222 0.0
  vertex 31.128400802612305 0.0 0.0
  vertex 31.92650032043457 0.8055559992790222 0.0
 endloop
endfacet
facet normal 0.0 0.0 1.0
 outer loop
  vertex 32.724700927734375 0.0 0.0
  vertex 33.52289962768555 0.0 0.0
  vertex 33.52289962768555 0.8055559992790222 0.0
 endloop
endfacet
facet normal -0.0 0.0 1.0
 outer loop
  vertex 31.92650032043457 0.8055559992790222 0.0
  vertex 32.724700927734375 0.0 0.0
  vertex 33.52289962768555 0.8055559992790222 0.0
 endloop
endfacet
facet normal 0.0 0.0 1.0
 outer loop
  vertex 34.32099914550781 0.0 0.0
  vertex 35.11920166015625 0.0 0.0
  vertex 35.11920166015625 0.8055559992790222 0.0
 endloop
endfacet
facet normal -0.0 0.0 1.0
 outer loop
  vertex 33.52289962768555 0.8055559992790222 0.0
  vertex 34.32099914550781 0.0 0.0
  vertex 35.11920166015625 0.8055559992790222 0.0
 endloop
endfacet
facet normal 0.0 0.0 1.0
 outer loop
  vertex 35.91740036010742 0.0 0.0
  vertex 36.71549987792969 0.0 0.0
  vertex 36.71549987792969 0.8055559992790222 0.0
 endloop
endfacet
facet normal -0.0 0.0 1.0
 outer loop
  vertex 35.11920166015625 0.8055559992790222 0.0
  vertex 35.91740036010742 0.0 0.0
  vertex 36.71549987792969 0.8055559992790222 0.0
 endloop
endfacet
facet normal 0.0 0.0 1.0
 outer loop
  vertex 37.51369857788086 0.0 0.0
  vertex 38.3119010925293 0.0 0.0
  vertex 38.3119010925293 0.8055559992790222 0.0
 endloop
endfacet
facet normal -0.0 0.0 1.0
 outer loop
  vertex 36.71549987792969 0.8055559992790222 0.0
  vertex 37.51369857788086 0.0 0.0
  vertex 38.3119010925293 0.8055559992790222 0.0
 endloop
endfacet
facet normal 0.0 0.0 1.0
 outer loop
  vertex 39.11000061035156 0.0 0.0
  vertex 39.908199310302734 0.0 0.0
  vertex 39.908199310302734 0.8055559992790222 0.0
 endloop
endfacet
facet normal -0.0 0.0 1.0
 outer loop
  vertex 38.3119010925293 0.8055559992790222 0.0
  vertex 39.11000061035156 0.0 0.0
  vertex 39.908199310302734 0.8055559992790222 0.0
 endloop
endfacet
facet normal 0.0 0.0 1.0
 outer loop
  vertex 40.70640182495117 0.0 0.0
  vertex 41.50450134277344 0.0 0.0
  vertex 41.50450134277344 0.8055559992790222 0.0
 endloop
endfacet
facet normal -0.0 0.0 1.0
 outer loop
  vertex 39.908199310302734 0.8055559992790222 0.0
  vertex 40.70640182495117 0.0 0.0
  vertex 41.50450134277344 0.8055559992790222 0.0
 endloop
endfacet
facet normal 0.0 0.0 1.0
 outer loop
  vertex 42.30270004272461 0.0 0.0
  vertex 43.10089874267578 0.0 0.0
  vertex 43.10089874267578 0.8055559992790222 0.0
 endloop
endfacet
facet normal -0.0 0.0 1.0
 outer loop
  vertex 41.50450134277344 0.8055559992790222 0.0
  vertex 42.30270004272461 0.0 0.0
  vertex 43.10089874267578 0.8055559992790222 0.0
 endloop
endfacet
facet normal 0.0 0.0 1.0
 outer loop
  vertex 43.89899826049805 0.0 0.0
  vertex 44.697200775146484 0.0 0.0
  vertex 44.697200775146484 0.8055559992790222 0.0
 endloop
endfacet
facet normal -0.0 0.0 1.0
 outer loop
  vertex 43.10089874267578 0.8055559992790222 0.0
  vertex 43.89899826049805 0.0 0.0
  vertex 44.697200775146484 0.8055559992790222 0.0
 endloop
endfacet
facet normal 0.0 0.0 1.0
 outer loop
  vertex 43.89899826049805 1.611109972000122 0.0
  vertex 43.10089874267578 0.8055559992790222 0.0
  vertex 44.697200775146484 0.8055559992790222 0.0
 endloop
endfacet
facet normal 0.0 0.0 1.0
 outer loop
  vertex 45.49530029296875 0.0 0.0
  vertex 46.29349899291992 0.0 0.0
  vertex 46.29349899291992 0.8055559992790222 0.0
 endloop
endfacet
facet normal -0.0 0.0 1.0
 outer loop
  vertex 44.697200775146484 0.8055559992790222 0.0
  vertex 45.49530029296875 0.0 0.0
  vertex 46.29349899291992 0.8055559992790222 0.0
 endloop
endfacet
facet normal 0.0 0.0 1.0
 outer loop
  vertex 47.09170150756836 0.0 0.0
  vertex 47.889801025390625 0.0 0.0
  vertex 47.889801025390625 0.8055559992790222 0.0
 endloop
endfacet
facet normal -0.0 0.0 1.0
 outer loop
  vertex 46.29349899291992 0.8055559992790222 0.0
  vertex 47.09170150756836 0.0 0.0
  vertex 47.889801025390625 0.8055559992790222 0.0
 endloop
endfacet
facet normal 0.0 0.0 1.0
 outer loop
  vertex 48.6879997253418 0.0 0.0
  vertex 49.48619842529297 0.0 0.0
  vertex 49.48619842529297 0.8055559992790222 0.0
 endloop
endfacet
facet normal -0.0 0.0 1.0
 outer loop
  vertex 47.889801025390625 0.8055559992790222 0.0
  vertex 48.6879997253418 0.0 0.0
  vertex 49.48619842529297 0.8055559992790222 0.0
 endloop
endfacet
facet normal 0.0 0.0 1.0
 outer loop
  vertex 48.6879997253418 1.611109972000122 0.0
  vertex 47.889801025390625 0.8055559992790222 0.0
  vertex 49.48619842529297 0.8055559992790222 0.0
 endloop
endfacet
facet normal 0.0 0.0 1.0
 outer loop
  vertex 50.2843017578125 0.0 0.0
  vertex 51.08250045776367 0.0 0.0
  vertex 51.08250045776367 0.8055559992790222 0.0
 endloop
endfacet
facet normal -0.0 0.0 1.0
 outer loop
  vertex 49.48619842529297 0.8055559992790222 0.0
  vertex 50.2843017578125 0.0 0.0
  vertex 51.08250045776367 0.8055559992790222 0.0
 endloop
endfacet
facet normal 0.0 0.0 1.0
 outer loop
  vertex 50.2843017578125 1.611109972000122 0.0
  vertex 49.48619842529297 0.8055559992790222 0.0
  vertex 51.08250045776367 0.8055559992790222 0.0
 endloop
endfacet
facet normal 0.0 0.0 1.0
 outer loop
  vertex 51.880699157714844 0.0 0.0
  vertex 52.67879867553711 0.0 0.0
  vertex 52.67879867553711 0.8055559992790222 0.0
 endloop
endfacet
facet normal -0.0 0.0 1.0
 outer loop
  vertex 51.08250045776367 0.8055559992790222 0.0
  vertex 51.880699157714844 0.0 0.0
  vertex 52.67879867553711 0.8055559992790222 0.0
 endloop
endfacet
facet normal 0.0 0.0 1.0
 outer loop
  vertex 51.880699157714844 1.611109972000122 0.0
  vertex 51.08250045776367 0.8055559992790222 0.0
  vertex 52.67879867553711 0.8055559992790222 0.0
 endloop
endfacet
facet normal 0.0 0.0 1.0
 outer loop
  vertex 53.47700119018555 0.0 0.0
  vertex 54.27519989013672 0.0 0.0
  vertex 54.27519989013672 0.8055559992790222 0.0
 endloop
endfacet
facet normal -0.0 0.0 1.0
 outer loop
  vertex 52.67879867553711 0.8055559992790222 0.0
  vertex 53.47700119018555 0.0 0.0
  vertex 54.27519989013672 0.8055559992790222 0.0
 endloop
endfacet
facet normal 0.0 0.0 1.0
 outer loop
  vertex 53.47700119018555 1.611109972000122 0.0
  vertex 52.67879867553711 0.8055559992790222 0.0
  vertex 54.27519989013672 0.8055559992790222 0.0
 endloop
endfacet
facet normal 0.0 0.0 1.0
 outer loop
  vertex 55.073299407958984 0.0 0.0
  vertex 55.871498107910156 0.0 0.0
  vertex 55.871498107910156 0.8055559992790222 0.0
 endloop
endfacet
facet normal -0.0 0.0 1.0
 outer loop
  vertex 54.27519989013672 0.8055559992790222 0.0
  vertex 55.073299407958984 0.0 0.0
  vertex 55.871498107910156 0.8055559992790222 0.0
 endloop
endfacet
facet normal 0.0 0.0 1.0
 outer loop
  vertex 55.073299407958984 1.611109972000122 0.0
  vertex 54.27519989013672 0.8055559992790222 0.0
  vertex 55.871498107910156 0.8055559992790222 0.0
 endloop
endfacet
facet normal 0.0 0.0 1.0
 outer loop
  vertex 56.669700622558594 0.0 0.0
  vertex 57.46780014038086 0.0 0.0
  vertex 57.46780014038086 0.8055559992790222 0.0
 endloop
endfacet
facet normal -0.0 0.0 1.0
 outer loop
  vertex 55.871498107910156 0.8055559992790222 0.0
  vertex 56.669700622558594 0.0 0.0
  vertex 57.46780014038086 0.8055559992790222 0.0
 endloop
endfacet
facet normal 0.0 0.0 1.0
 outer loop
  vertex 58.26599884033203 0.0 0.0
  vertex 59.06420135498047 0.0 0.0
  vertex 59.06420135498047 0.8055559992790222 0.0
 endloop
endfacet
facet normal -0.0 0.0 1.0
 outer loop
  vertex 57.46780014038086 0.8055559992790222 0.0
  vertex 58.26599884033203 0.0 0.0
  vertex 59.06420135498047 0.8055559992790222 0.0
 endloop
endfacet
facet normal 0.0 0.0 1.0
 outer loop
  vertex 58.26599884033203 1.611109972000122 0.0
  vertex 57.46780014038086 0.8055559992790222 0.0
  vertex 59.06420135498047 0.8055559992790222 0.0
 endloop
endfacet
facet normal 0.0 0.0 1.0
 outer loop
  vertex 59.862300872802734 0.0 0.0
  vertex 60.660499572753906 0.0 0.0
  vertex 60.660499572753906 0.8055559992790222 0.0
 endloop
endfacet
facet normal -0.0 0.0 1.0
 outer loop
  vertex 59.06420135498047 0.8055559992790222 0.0
  vertex 59.862300872802734 0.0 0.0
  vertex 60.660499572753906 0.8055559992790222 0.0
 endloop
endfacet
facet normal 0.0 0.0 1.0
 outer loop
  vertex 59.862300872802734 1.611109972000122 0.0
  vertex 59.06420135498047 0.8055559992790222 0.0
  vertex 60.660499572753906 0.8055559992790222 0.0
 endloop
endfacet
facet normal 0.0 0.0 1.0
 outer loop
  vertex 61.45869827270508 0.0 0.0
  vertex 62.25680160522461 0.0 0.0
  vertex 62.25680160522461 0.8055559992790222 0.0
 endloop
endfacet
facet normal -0.0 0.0 1.0
 outer loop
  vertex 60.660499572753906 0.8055559992790222 0.0
  vertex 61.45869827270508 0.0 0.0
  vertex 62.25680160522461 0.8055559992790222 0.0
 endloop
endfacet
facet normal 0.0 0.0 1.0
 outer loop
  vertex 61.45869827270508 1.611109972000122 0.0
  vertex 60.660499572753906 0.8055559992790222 0.0
  vertex 62.25680160522461 0.8055559992790222 0.0
 endloop
endfacet
facet normal 0.0 0.0 1.0
 outer loop
  vertex 63.05500030517578 0.0 0.0
  vertex 63.85309982299805 0.0 0.0
  vertex 63.85309982299805 0.8055559992790222 0.0
 endloop
endfacet
facet normal -0.0 0.0 1.0
 outer loop
  vertex 62.25680160522461 0.8055559992790222 0.0
  vertex 63.05500030517578 0.0 0.0
  vertex 63.85309982299805 0.8055559992790222 0.0
 endloop
endfacet
facet normal 0.0 0.0 1.0
 outer loop
  vertex 63.05500030517578 1.611109972000122 0.0
  vertex 62.25680160522461 0.8055559992790222 0.0
  vertex 63.85309982299805 0.8055559992790222 0.0
 endloop
endfacet
facet normal 0.0 0.0 1.0
 outer loop
  vertex 64.65129852294922 0.0 0.0
  vertex 65.44950103759766 0.0 0.0
  vertex 65.44950103759766 0.8055559992790222 0.0
 endloop
endfacet
facet normal -0.0 0.0 1.0
 outer loop
  vertex 63.85309982299805 0.8055559992790222 0.0
  vertex 64.65129852294922 0.0 0.0
  vertex 65.44950103759766 0.8055559992790222 0.0
 endloop
endfacet
facet normal 0.0 0.0 1.0
 outer loop
  vertex 66.24759674072266 0.0 0.0
  vertex 67.0457992553711 0.0 0.0
  vertex 67.0457992553711 0.8055559992790222 0.0
 endloop
endfacet
facet normal -0.0 0.0 1.0
 outer loop
  vertex 65.44950103759766 0.8055559992790222 0.0
  vertex 66.24759674072266 0.0 0.0
  vertex 67.0457992553711 0.8055559992790222 0.0
 endloop
endfacet
facet normal 0.0 0.0 1.0
 outer loop
  vertex 66.24759674072266 1.611109972000122 0.0
  vertex 65.44950103759766 0.8055559992790222 0.0
  vertex 67.0457992553711 0.8055559992790222 0.0
 endloop
endfacet
facet normal 0.0 0.0 1.0
 outer loop
  vertex 67.84400177001953 0.0 0.0
  vertex 68.64209747314453 0.0 0.0
  vertex 68.64209747314453 0.8055559992790222 0.0
 endloop
endfacet
facet normal -0.0 0.0 1.0
 outer loop
  vertex 67.0457992553711 0.8055559992790222 0.0
  vertex 67.84400177001953 0.0 0.0
  vertex 68.64209747314453 0.8055559992790222 0.0
 endloop
endfacet
facet normal 0.0 0.0 1.0
 outer loop
  vertex 69.44029998779297 0.0 0.0
  vertex 70.2385025024414 0.0 0.0
  vertex 70.2385025024414 0.8055559992790222 0.0
 endloop
endfacet
facet normal -0.0 0.0 1.0
 outer loop
  vertex 68.64209747314453 0.8055559992790222 0.0
  vertex 69.44029998779297 0.0 0.0
  vertex 70.2385025024414 0.8055559992790222 0.0
 endloop
endfacet
facet normal 0.0 0.0 0.9999999999999999
 outer loop
  vertex 69.44029998779297 1.611109972000122 0.0
  vertex 68.64209747314453 0.8055559992790222 0.0
  vertex 70.2385025024414 0.8055559992790222 0.0
 endloop
endfacet
facet normal 0.0 0.0 1.0
 outer loop
  vertex 71.0365982055664 0.0 0.0
  vertex 71.83480072021484 0.0 0.0
  vertex 71.83480072021484 0.8055559992790222 0.0
 endloop
endfacet
facet normal -0.0 0.0 1.0
 outer loop
  vertex 70.2385025024414 0.8055559992790222 0.0
  vertex 71.0365982055664 0.0 0.0
  vertex 71.83480072021484 0.8055559992790222 0.0
 endloop
endfacet
facet normal 0.0 0.0 1.0
 outer loop
  vertex 71.0365982055664 1.611109972000122 0.0
  vertex 70.2385025024414 0.8055559992790222 0.0
  vertex 71.83480072021484 0.8055559992790222 0.0
 endloop
endfacet
facet normal 0.0 0.0 1.0
 outer loop
  vertex 72.63300323486328 0.0 0.0
  vertex 73.43109893798828 0.0 0.0
  vertex 73.43109893798828 0.8055559992790222 0.0
 endloop
endfacet
facet normal -0.0 0.0 1.0
 outer loop
  vertex 71.83480072021484 0.8055559992790222 0.0
  vertex 72.63300323486328 0.0 0.0
  vertex 73.43109893798828 0.8055559992790222 0.0
 endloop
endfacet
facet normal 0.0 0.0 1.0
 outer loop
  vertex 74.22930145263672 0.0 0.0
  vertex 75.02749633789063 0.0 0.0
  vertex 75.02749633789063 0.8055559992790222 0.0
 endloop
endfacet
facet normal -0.0 0.0 1.0
 outer loop
  vertex 73.43109893798828 0.8055559992790222 0.0
  vertex 74.22930145263672 0.0 0.0
  vertex 75.02749633789063 0.8055559992790222 0.0
 endloop
endfacet
facet normal 0.0 0.0 1.0
 outer loop
  vertex 74.22930145263672 1.611109972000122 0.0
  vertex 73.43109893798828 0.8055559992790222 0.0
  vertex 75.02749633789063 0.8055559992790222 0.0
 endloop
endfacet
facet normal 0.0 0.0 1.0
 outer loop
  vertex 75.82559967041016 0.0 0.0
  vertex 76.6238021850586 0.0 0.0
  vertex 76.6238021850586 0.8055559992790222 0.0
 endloop
endfacet
facet normal -0.0 0.0 1.0
 outer loop
  vertex 75.02749633789063 0.8055559992790222 0.0
  vertex 75.82559967041016 0.0 0.0
  vertex 76.6238021850586 0.8055559992790222 0.0
 endloop
endfacet
facet normal 0.0 0.0 1.0
 outer loop
  vertex 77.4219970703125 0.0 0.0
  vertex 78.22010040283203 0.0 0.0
  vertex 78.22010040283203 0.8055559992790222 0.0
 endloop
endfacet
facet normal -0.0 0.0 1.0
 outer loop
  vertex 76.6238021850586 0.8055559992790222 0.0
  vertex 77.4219970703125 0.0 0.0
  vertex 78.22010040283203 0.8055559992790222 0.0
 endloop
endfacet
facet normal 0.0 0.0 1.0
 outer loop
  vertex 79.01830291748047 0.0 0.0
  vertex 79.81639862060547 0.0 0.0
  vertex 79.81639862060547 0.8055559992790222 0.0
 endloop
endfacet
facet normal -0.0 0.0 1.0
 outer loop
  vertex 78.22010040283203 0.8055559992790222 0.0
  vertex 79.01830291748047 0.0 0.0
  vertex 79.81639862060547 0.8055559992790222 0.0
 endloop
endfacet
facet normal 0.0 0.0 1.0
 outer loop
  vertex 80.6146011352539 0.0 0.0
  vertex 81.41280364990234 0.0 0.0
  vertex 81.41280364990234 0.8055559992790222 0.0
 endloop
endfacet
facet normal -0.0 0.0 1.0
 outer loop
  vertex 79.81639862060547 0.8055559992790222 0.0
  vertex 80.6146011352539 0.0 0.0
  vertex 81.41280364990234 0.8055559992790222 0.0
 endloop
endfacet
facet normal 0.0 0.0 1.0
 outer loop
  vertex 82.21089935302734 0.0 0.0
  vertex 83.00910186767578 0.0 0.0
  vertex 83.00910186767578 0.8055559992790222 0.0
 endloop
endfacet
facet normal -0.0 0.0 1.0
 outer loop
  vertex 81.41280364990234 0.8055559992790222 0.0
  vertex 82.21089935302734 0.0 0.0
  vertex 83.00910186767578 0.8055559992790222 0.0
 endloop
endfacet
facet normal 0.0 0.0 1.0
 outer loop
  vertex 83.80729675292969 0.0 0.0
  vertex 84.60540008544922 0.0 0.0
  vertex 84.60540008544922 0.8055559992790222 0.0
 endloop
endfacet
facet normal -0.0 0.0 1.0
 outer loop
  vertex 83.00910186767578 0.8055559992790222 0.0
  vertex 83.80729675292969 0.0 0.0
  vertex 84.60540008544922 0.8055559992790222 0.0
 endloop
endfacet
facet normal 0.0 0.0 1.0
 outer loop
  vertex 0.7981659770011902 3.222219944000244 0.0
  vertex 0.0 3.222219944000244 0.0
  vertex 0.0 2.4166600704193115 0.0
 endloop
endfacet
facet normal 0.0 0.0 1.0
 outer loop
  vertex 86.20179748535156 2.4166600704193115 0.0
  vertex 87.0 2.4166600704193115 0.0
  vertex 87.0 3.222219944000244 0.0
 endloop
endfacet
facet normal 0.0 0.0 1.0
 outer loop
  vertex 0.7981659770011902 4.833330154418945 0.0
  vertex 0.0 4.833330154418945 0.0
  vertex 0.0 4.027780055999756 0.0
 endloop
endfacet
facet normal 0.0 -0.0 1.0
 outer loop
  vertex 44.15928542780894 4.856644461150251 0.0
  vertex 44.697200775146484 5.074998044967651 0.0
  vertex 43.89899826049805 5.638889789581299 0.0
 endloop
endfacet
facet normal 0.0 0.0 1.0
 outer loop
  vertex 43.557287476049694 4.65619874039843 0.0
  vertex 44.15928542780894 4.856644461150251 0.0
  vertex 43.89899826049805 5.638889789581299 0.0
 endloop
endfacet
facet normal 0.0 -0.0 1.0
 outer loop
  vertex 46.54295110702515 5.659871598190475 0.0
  vertex 47.09170150756836 5.880554819107056 0.0
  vertex 46.29349899291992 6.444439888000488 0.0
 endloop
endfacet
facet normal 0.0 0.0 1.0
 outer loop
  vertex 45.94432592391968 5.458482404655623 0.0
  vertex 46.54295110702515 5.659871598190475 0.0
  vertex 46.29349899291992 6.444439888000488 0.0
 endloop
endfacet
facet normal 0.0 0.0 1.0
 outer loop
  vertex 80.50485997200012 5.221266990043244 0.0
  vertex 81.41280364990234 5.638889789581299 0.0
  vertex 80.6146011352539 6.444439888000488 0.0
 endloop
endfacet
facet normal -0.0 0.0 0.9999999999999999
 outer loop
  vertex 80.1556580543518 5.609203825667542 0.0
  vertex 80.50485997200012 5.221266990043244 0.0
  vertex 80.6146011352539 6.444439888000488 0.0
 endloop
endfacet
facet normal 0.0 0.0 1.0
 outer loop
  vertex 86.20179748535156 4.833330154418945 0.0
  vertex 87.0 4.833330154418945 0.0
  vertex 87.0 5.638889789581299 0.0
 endloop
endfacet
facet normal 0.0 -0.0 1.0
 outer loop
  vertex 49.7200089097023 6.459450798136749 0.0
  vertex 50.2843017578125 6.686107921600342 0.0
  vertex 49.48619842529297 7.25 0.0
 endloop
endfacet
facet normal 0.0 0.0 1.0
 outer loop
  vertex 49.13698101043701 6.282830041794027 0.0
  vertex 49.7200089097023 6.459450798136749 0.0
  vertex 49.48619842529297 7.25 0.0
 endloop
endfacet
facet normal -0.0 0.0 1.0
 outer loop
  vertex 79.79648361206054 6.015282584958874 0.0
  vertex 80.1556580543518 5.609203825667542 0.0
  vertex 80.6146011352539 6.444439888000488 0.0
 endloop
endfacet
facet normal 0.0 -0.0 1.0
 outer loop
  vertex 79.79648361206054 6.015282584958874 0.0
  vertex 80.6146011352539 6.444439888000488 0.0
  vertex 79.4173641204834 6.457645191584273 0.0
 endloop
endfacet
facet normal 0.0 0.0 1.0
 outer loop
  vertex 19.225754714012147 7.669891460726365 0.0
  vertex 18.497409772872924 7.525890843053072 0.0
  vertex 18.35770034790039 7.25 0.0
 endloop
endfacet
facet normal 0.0 0.0 1.0
 outer loop
  vertex 50.2843017578125 8.055560111999512 0.0
  vertex 49.48619842529297 7.25 0.0
  vertex 50.2843017578125 6.686107921600342 0.0
 endloop
endfacet
facet normal 0.0 -0.0 1.0
 outer loop
  vertex 52.14254146814346 7.276050261823403 0.0
  vertex 52.67879867553711 7.4916680335998524 0.0
  vertex 51.880699157714844 8.055560111999512 0.0
 endloop
endfacet
facet normal 0.0 0.0 1.0
 outer loop
  vertex 51.53768053650856 7.0760830082011825 0.0
  vertex 52.14254146814346 7.276050261823403 0.0
  vertex 51.880699157714844 8.055560111999512 0.0
 endloop
endfacet
facet normal 0.0 -0.0 1.0
 outer loop
  vertex 79.01830291748047 6.94039104671772 0.0
  vertex 79.01830291748047 8.055560111999512 0.0
  vertex 78.67988748400518 7.36707074985651 0.0
 endloop
endfacet
facet normal -0.0 0.0 1.0
 outer loop
  vertex 33.52289962768555 7.620348492910528 0.0
  vertex 33.762329483032225 7.25 0.0
  vertex 34.32099914550781 8.055560111999512 0.0
 endloop
endfacet
facet normal 0.0 -0.0 1.0
 outer loop
  vertex 33.52289962768555 7.620348492910528 0.0
  vertex 34.32099914550781 8.055560111999512 0.0
  vertex 33.2311679056062 8.055560111999512 0.0
 endloop
endfacet
facet normal 0.0 0.0 1.0
 outer loop
  vertex 23.944900512695313 8.861109733581543 0.0
  vertex 23.390268546729473 9.143263841338921 0.0
  vertex 22.869434467151358 8.881354344222927 0.0
 endloop
endfacet
facet normal 0.0 0.0 1.0
 outer loop
  vertex 32.724700927734375 9.666669845581055 0.0
  vertex 31.92650032043457 9.102777767181395 0.0
  vertex 32.32560062408447 8.85767094422828 0.0
 endloop
endfacet
facet normal 0.0 0.0 1.0
 outer loop
  vertex 32.724700927734375 9.666669845581055 0.0
  vertex 32.32560062408447 8.85767094422828 0.0
  vertex 32.724700927734375 8.612564121275165 0.0
 endloop
endfacet
facet normal 0.0 0.0 1.0
 outer loop
  vertex 47.09170150756836 8.055560111999512 0.0
  vertex 47.889801025390625 8.619444847106934 0.0
  vertex 47.65037117004394 8.861109733581543 0.0
 endloop
endfacet
facet normal -0.0 0.0 1.0
 outer loop
  vertex 55.073299407958984 8.861109733581543 0.0
  vertex 55.59469614978324 8.651961495858078 0.0
  vertex 56.08264960992338 8.956433355073628 0.0
 endloop
endfacet
facet normal 0.0 0.0 1.0
 outer loop
  vertex 55.073299407958984 8.861109733581543 0.0
  vertex 56.08264960992338 8.956433355073628 0.0
  vertex 55.871498107910156 9.666669845581055 0.0
 endloop
endfacet
facet normal -0.0 0.0 1.0
 outer loop
  vertex 11.571198203135282 9.809277317468272 0.0
  vertex 11.891529048467055 9.335193525524907 0.0
  vertex 11.972399711608887 10.472200393676758 0.0
 endloop
endfacet
facet normal 0.0 0.0 1.0
 outer loop
  vertex 14.287948052589869 9.850780707834929 0.0
  vertex 13.56879997253418 9.666669845581055 0.0
  vertex 14.366900444030762 8.861109733581543 0.0
 endloop
endfacet
facet normal 0.0 0.0 1.0
 outer loop
  vertex 14.287948052589869 9.850780707834929 0.0
  vertex 14.366900444030762 8.861109733581543 0.0
  vertex 14.606930212465855 9.359692132100463 0.0
 endloop
endfacet
facet normal 0.0 0.0 1.0
 outer loop
  vertex 51.880699157714844 10.224989284320625 0.0
  vertex 51.360739672937854 9.94582956495084 0.0
  vertex 51.08250045776367 9.666669845581055 0.0
 endloop
endfacet
facet normal 0.0 0.0 1.0
 outer loop
  vertex 55.871498107910156 9.666669845581055 0.0
  vertex 56.554489873588096 9.273882561089067 0.0
  vertex 57.01114500698448 9.591105785549416 0.0
 endloop
endfacet
facet normal 0.0 0.0 1.0
 outer loop
  vertex 77.4219970703125 10.472200393676758 0.0
  vertex 76.56874953286722 10.083484983124254 0.0
  vertex 76.93276219142172 9.67256157600147 0.0
 endloop
endfacet
facet normal -0.0 0.0 1.0
 outer loop
  vertex 76.93276219142172 9.67256157600147 0.0
  vertex 77.29709513074503 9.266835654791507 0.0
  vertex 77.4219970703125 10.472200393676758 0.0
 endloop
endfacet
facet normal 0.0 -0.0 1.0
 outer loop
  vertex 49.06133872106928 10.364796772878616 0.0
  vertex 49.48619842529297 10.71385040283203 0.0
  vertex 48.6879997253418 11.277700424194336 0.0
 endloop
endfacet
facet normal -0.0 0.0 0.9999999999999999
 outer loop
  vertex 57.46780014038086 10.472200393676758 0.0
  vertex 57.96182841509581 10.228956018535758 0.0
  vertex 58.44540736377239 10.550679953429803 0.0
 endloop
endfacet
facet normal 0.0 0.0 1.0
 outer loop
  vertex 58.26599884033203 11.277700424194336 0.0
  vertex 57.46780014038086 10.472200393676758 0.0
  vertex 58.44540736377239 10.550679953429803 0.0
 endloop
endfacet
facet normal 0.0 0.0 1.0
 outer loop
  vertex 76.56874953286722 10.083484983124254 0.0
  vertex 77.4219970703125 10.472200393676758 0.0
  vertex 76.6238021850586 11.277700424194336 0.0
 endloop
endfacet
facet normal 0.0 -0.0 1.0
 outer loop
  vertex 76.56874953286722 10.083484983124254 0.0
  vertex 76.6238021850586 11.277700424194336 0.0
  vertex 76.20537743585035 10.504803362072678 0.0
 endloop
endfacet
facet normal 0.0 0.0 1.0
 outer loop
  vertex 49.48619842529297 10.71385040283203 0.0
  vertex 50.018303161661606 10.982359969924891 0.0
  vertex 50.2843017578125 11.277700424194336 0.0
 endloop
endfacet
facet normal -0.0 0.0 1.0
 outer loop
  vertex 51.880699157714844 10.905262484625315 0.0
  vertex 52.12012901306152 10.472200393676758 0.0
  vertex 52.67879867553711 11.277700424194336 0.0
 endloop
endfacet
facet normal 0.0 0.0 0.9999999999999999
 outer loop
  vertex 53.47700119018555 11.74217044112882 0.0
  vertex 53.23754043579102 12.08329963684082 0.0
  vertex 52.67879867553711 11.277700424194336 0.0
 endloop
endfacet
facet normal 0.0 0.0 1.0
 outer loop
  vertex 53.47700119018555 11.74217044112882 0.0
  vertex 52.67879867553711 11.277700424194336 0.0
  vertex 53.87610054016113 11.389110428083942 0.0
 endloop
endfacet
facet normal 0.0 0.0 1.0
 outer loop
  vertex 55.871498107910156 11.277700424194336 0.0
  vertex 55.33939464163268 11.573095900728369 0.0
  vertex 54.8072911753552 11.30457192840986 0.0
 endloop
endfacet
facet normal 0.0 0.0 1.0
 outer loop
  vertex 56.669700622558594 12.08329963684082 0.0
  vertex 55.871498107910156 11.841619873046875 0.0
  vertex 55.871498107910156 11.277700424194336 0.0
 endloop
endfacet
facet normal 0.0 0.0 0.9999999999999999
 outer loop
  vertex 58.26599884033203 11.277700424194336 0.0
  vertex 58.920525478199124 10.873285995792934 0.0
  vertex 59.39141317550093 11.196333091890608 0.0
 endloop
endfacet
facet normal -0.0 0.0 1.0
 outer loop
  vertex 75.84366328435553 10.940355982889873 0.0
  vertex 76.20537743585035 10.504803362072678 0.0
  vertex 76.6238021850586 11.277700424194336 0.0
 endloop
endfacet
facet normal 0.0 0.0 0.9999999999999999
 outer loop
  vertex 75.82559967041016 12.08329963684082 0.0
  vertex 75.48601866879837 11.391265683879595 0.0
  vertex 75.84366328435553 10.940355982889873 0.0
 endloop
endfacet
facet normal 0.0 0.0 0.9999999999999999
 outer loop
  vertex 76.6238021850586 11.277700424194336 0.0
  vertex 75.82559967041016 12.08329963684082 0.0
  vertex 75.84366328435553 10.940355982889873 0.0
 endloop
endfacet
facet normal 0.0 -0.0 1.0
 outer loop
  vertex 81.41280364990234 10.472200393676758 0.0
  vertex 81.6355653818762 11.005872678756713 0.0
  vertex 81.29717603429107 11.503148970774548 0.0
 endloop
endfacet
facet normal 0.0 0.0 1.0
 outer loop
  vertex 10.292320833803643 11.750179856023287 0.0
  vertex 11.174300193786621 12.08329963684082 0.0
  vertex 10.376099586486816 12.888799667358398 0.0
 endloop
endfacet
facet normal -0.0 0.0 1.0
 outer loop
  vertex 9.969081898930531 12.22265928785224 0.0
  vertex 10.292320833803643 11.750179856023287 0.0
  vertex 10.376099586486816 12.888799667358398 0.0
 endloop
endfacet
facet normal 0.0 0.0 1.0
 outer loop
  vertex 50.2843017578125 11.277700424194336 0.0
  vertex 51.08250045776367 11.519380187988281 0.0
  vertex 51.08250045776367 12.08329963684082 0.0
 endloop
endfacet
facet normal -0.0 0.0 1.0
 outer loop
  vertex 59.862300872802734 12.08329963684082 0.0
  vertex 60.34977912604809 11.835655452762051 0.0
  vertex 60.832071523694324 12.155525547903306 0.0
 endloop
endfacet
facet normal 0.0 0.0 1.0
 outer loop
  vertex 59.862300872802734 12.08329963684082 0.0
  vertex 60.832071523694324 12.155525547903306 0.0
  vertex 60.660499572753906 12.888799667358398 0.0
 endloop
endfacet
facet normal -0.0 0.0 1.0
 outer loop
  vertex 75.82559967041016 12.08329963684082 0.0
  vertex 76.6238021850586 11.277700424194336 0.0
  vertex 77.4219970703125 12.08329963684082 0.0
 endloop
endfacet
facet normal 0.0 0.0 1.0
 outer loop
  vertex 80.6146011352539 12.08329963684082 0.0
  vertex 80.5857009070713 12.42086168358339 0.0
  vertex 80.21104398457203 12.870471707078103 0.0
 endloop
endfacet
facet normal 0.0 0.0 1.0
 outer loop
  vertex 23.146699905395508 13.6943998336792 0.0
  vertex 22.34773971746894 13.143943851349906 0.0
  vertex 22.88003892436774 12.870544887648629 0.0
 endloop
endfacet
facet normal 0.0 0.0 1.0
 outer loop
  vertex 60.660499572753906 12.888799667358398 0.0
  vertex 61.30845672523137 12.47948838762413 0.0
  vertex 61.78262916522799 12.804984052439384 0.0
 endloop
endfacet
facet normal 0.0 0.0 0.9999999999999999
 outer loop
  vertex 21.550399780273438 14.5 0.0
  vertex 20.7537438083783 13.976261064772137 0.0
  vertex 21.28495469359877 13.698341936870968 0.0
 endloop
endfacet
facet normal 0.0 0.0 1.0
 outer loop
  vertex 53.47700119018555 14.5 0.0
  vertex 53.553935601422566 13.335660334280783 0.0
  vertex 53.870330767054114 13.782521001203168 0.0
 endloop
endfacet
facet normal -0.0 0.0 1.0
 outer loop
  vertex 62.25680160522461 13.6943998336792 0.0
  vertex 62.749517323635516 13.450846947869284 0.0
  vertex 63.2343992382288 13.772275324910877 0.0
 endloop
endfacet
facet normal 0.0 0.0 1.0
 outer loop
  vertex 62.25680160522461 13.6943998336792 0.0
  vertex 63.2343992382288 13.772275324910877 0.0
  vertex 63.05500030517578 14.5 0.0
 endloop
endfacet
facet normal 0.0 0.0 1.0
 outer loop
  vertex 74.22930145263672 14.5 0.0
  vertex 73.35014521130361 14.086015170298147 0.0
  vertex 73.72604816202075 13.68074866584846 0.0
 endloop
endfacet
facet normal 0.0 0.0 1.0
 outer loop
  vertex 74.22930145263672 14.5 0.0
  vertex 73.72604816202075 13.68074866584846 0.0
  vertex 74.09740404011683 13.28477416660343 0.0
 endloop
endfacet
facet normal -0.0 0.0 1.0
 outer loop
  vertex 8.78130231929748 14.244087028885751 0.0
  vertex 9.064066160025305 13.718580569959741 0.0
  vertex 9.577980041503906 14.5 0.0
 endloop
endfacet
facet normal 0.0 0.0 1.0
 outer loop
  vertex 11.174300193786621 13.6943998336792 0.0
  vertex 11.455471196545247 14.223053505804502 0.0
  vertex 11.177972536828285 14.751707177929806 0.0
 endloop
endfacet
facet normal 0.0 0.0 0.9999999999999999
 outer loop
  vertex 27.934101707931116 15.056257339203995 0.0
  vertex 27.13759994506836 14.5 0.0
  vertex 27.935699462890625 13.6943998336792 0.0
 endloop
endfacet
facet normal 0.0 0.0 1.0
 outer loop
  vertex 53.47700119018555 14.5 0.0
  vertex 53.870330767054114 13.782521001203168 0.0
  vertex 54.18824686036678 14.244756089941525 0.0
 endloop
endfacet
facet normal 0.0 0.0 1.0
 outer loop
  vertex 60.660499572753906 14.5 0.0
  vertex 60.171702006086704 14.744850323920296 0.0
  vertex 59.68546890389407 14.425014574334782 0.0
 endloop
endfacet
facet normal -0.0 0.0 1.0
 outer loop
  vertex 59.68546890389407 14.425014574334782 0.0
  vertex 59.862300872802734 13.6943998336792 0.0
  vertex 60.660499572753906 14.5 0.0
 endloop
endfacet
facet normal 0.0 0.0 0.9999999999999999
 outer loop
  vertex 63.05500030517578 14.5 0.0
  vertex 63.70951812956483 14.09502030466683 0.0
  vertex 64.18040832625702 14.418335156911052 0.0
 endloop
endfacet
facet normal 0.0 0.0 1.0
 outer loop
  vertex 73.43109893798828 15.305500030517578 0.0
  vertex 72.97066714691464 14.498639428084148 0.0
  vertex 73.35014521130361 14.086015170298147 0.0
 endloop
endfacet
facet normal 0.0 0.0 1.0
 outer loop
  vertex 74.22930145263672 14.5 0.0
  vertex 73.43109893798828 15.305500030517578 0.0
  vertex 73.35014521130361 14.086015170298147 0.0
 endloop
endfacet
facet normal 0.0 0.0 1.0
 outer loop
  vertex 27.13759994506836 14.5 0.0
  vertex 27.934101707931116 15.056257339203995 0.0
  vertex 27.399987272413213 15.320466938285461 0.0
 endloop
endfacet
facet normal -0.0 0.0 1.0
 outer loop
  vertex 26.339399337768555 15.305500030517578 0.0
  vertex 27.13759994506836 14.5 0.0
  vertex 27.399987272413213 15.320466938285461 0.0
 endloop
endfacet
facet normal 0.0 0.0 1.0
 outer loop
  vertex 26.865308186767237 15.584177414275478 0.0
  vertex 26.339399337768555 15.305500030517578 0.0
  vertex 27.399987272413213 15.320466938285461 0.0
 endloop
endfacet
facet normal -0.0 0.0 1.0
 outer loop
  vertex 33.070580361317845 15.216413801795532 0.0
  vertex 33.52289962768555 14.5 0.0
  vertex 33.416459794901314 15.663765937126485 0.0
 endloop
endfacet
facet normal -0.0 0.0 1.0
 outer loop
  vertex 64.65129852294922 15.305500030517578 0.0
  vertex 65.14408109565474 15.061999969091264 0.0
  vertex 65.62899236400617 15.383412811905144 0.0
 endloop
endfacet
facet normal 0.0 0.0 1.0
 outer loop
  vertex 64.65129852294922 15.305500030517578 0.0
  vertex 65.62899236400617 15.383412811905144 0.0
  vertex 65.44950103759766 16.111099243164063 0.0
 endloop
endfacet
facet normal -0.0 0.0 1.0
 outer loop
  vertex 72.59118908252566 14.91126368587015 0.0
  vertex 72.97066714691464 14.498639428084148 0.0
  vertex 73.43109893798828 15.305500030517578 0.0
 endloop
endfacet
facet normal 0.0 0.0 0.9999999999999999
 outer loop
  vertex 72.63300323486328 16.111099243164063 0.0
  vertex 72.20813590446487 15.331245696992465 0.0
  vertex 72.59118908252566 14.91126368587015 0.0
 endloop
endfacet
facet normal 0.0 0.0 1.0
 outer loop
  vertex 73.43109893798828 15.305500030517578 0.0
  vertex 72.63300323486328 16.111099243164063 0.0
  vertex 72.59118908252566 14.91126368587015 0.0
 endloop
endfacet
facet normal 0.0 0.0 0.9999999999999999
 outer loop
  vertex 78.14155988693237 15.486126337079057 0.0
  vertex 77.4219970703125 15.305500030517578 0.0
  vertex 78.22010040283203 14.5 0.0
 endloop
endfacet
facet normal 0.0 0.0 1.0
 outer loop
  vertex 78.14155988693237 15.486126337079057 0.0
  vertex 78.22010040283203 14.5 0.0
  vertex 78.46955108642578 15.000331437257678 0.0
 endloop
endfacet
facet normal -0.0 0.0 1.0
 outer loop
  vertex 7.59308779695947 16.212400949001314 0.0
  vertex 7.907092847721373 15.758950489759446 0.0
  vertex 7.981649875640869 16.91659927368164 0.0
 endloop
endfacet
facet normal 0.0 -0.0 1.0
 outer loop
  vertex 10.376099586486816 15.305500030517578 0.0
  vertex 10.609104042045018 15.792640384546605 0.0
  vertex 10.306791408927756 16.292528706989394 0.0
 endloop
endfacet
facet normal -0.0 0.0 1.0
 outer loop
  vertex 9.577980041503906 16.111099243164063 0.0
  vertex 10.376099586486816 15.305500030517578 0.0
  vertex 10.306791408927756 16.292528706989394 0.0
 endloop
endfacet
facet normal 0.0 0.0 1.0
 outer loop
  vertex 18.35770034790039 16.111099243164063 0.0
  vertex 17.21162067055702 16.033012796865286 0.0
  vertex 17.661841118335722 15.71327634141124 0.0
 endloop
endfacet
facet normal 0.0 0.0 1.0
 outer loop
  vertex 55.073299407958984 16.91659927368164 0.0
  vertex 54.27519989013672 16.111099243164063 0.0
  vertex 55.15598613284528 15.757508177752843 0.0
 endloop
endfacet
facet normal 0.0 0.0 1.0
 outer loop
  vertex 55.073299407958984 16.91659927368164 0.0
  vertex 55.15598613284528 15.757508177752843 0.0
  vertex 55.47810271307826 16.20951632498811 0.0
 endloop
endfacet
facet normal 0.0 0.0 1.0
 outer loop
  vertex 63.05500030517578 16.111099243164063 0.0
  vertex 62.56489711645991 16.35475698290265 0.0
  vertex 62.077404724061495 16.034091152323313 0.0
 endloop
endfacet
facet normal -0.0 0.0 1.0
 outer loop
  vertex 62.077404724061495 16.034091152323313 0.0
  vertex 62.25680160522461 15.305500030517578 0.0
  vertex 63.05500030517578 16.111099243164063 0.0
 endloop
endfacet
facet normal 0.0 0.0 1.0
 outer loop
  vertex 65.44950103759766 16.111099243164063 0.0
  vertex 66.1040939329205 15.706144419498742 0.0
  vertex 66.5749465941458 16.029446835909038 0.0
 endloop
endfacet
facet normal -0.0 0.0 1.0
 outer loop
  vertex 71.81851829774678 15.764798661845916 0.0
  vertex 72.20813590446487 15.331245696992465 0.0
  vertex 72.63300323486328 16.111099243164063 0.0
 endloop
endfacet
facet normal 0.0 0.0 1.0
 outer loop
  vertex 71.83480072021484 16.91659927368164 0.0
  vertex 71.42755825165659 16.201129793085034 0.0
  vertex 71.81851829774678 15.764798661845916 0.0
 endloop
endfacet
facet normal 0.0 0.0 1.0
 outer loop
  vertex 72.63300323486328 16.111099243164063 0.0
  vertex 71.83480072021484 16.91659927368164 0.0
  vertex 71.81851829774678 15.764798661845916 0.0
 endloop
endfacet
facet normal 0.0 -0.0 0.9999999999999999
 outer loop
  vertex 7.28469689397147 16.68126771450043 0.0
  vertex 7.981649875640869 16.91659927368164 0.0
  vertex 6.99323707675321 17.188518714904784 0.0
 endloop
endfacet
facet normal 0.0 0.0 1.0
 outer loop
  vertex 16.76140022277832 16.91659927368164 0.0
  vertex 15.697532140208214 16.89182777399953 0.0
  vertex 16.229466181493265 16.622288513159432 0.0
 endloop
endfacet
facet normal 0.0 0.0 1.0
 outer loop
  vertex 47.09170150756836 17.722200393676758 0.0
  vertex 46.79638408865608 16.91659927368164 0.0
  vertex 47.09170150756836 16.664572686644945 0.0
 endloop
endfacet
facet normal 0.0 0.0 1.0
 outer loop
  vertex 50.24384939659099 17.363843436829235 0.0
  vertex 49.48619842529297 16.91659927368164 0.0
  vertex 50.66317492717733 17.019396350677802 0.0
 endloop
endfacet
facet normal 0.0 0.0 1.0
 outer loop
  vertex 55.073299407958984 16.91659927368164 0.0
  vertex 55.47810271307826 16.20951632498811 0.0
  vertex 55.7984623149503 16.68232836843077 0.0
 endloop
endfacet
facet normal 0.0 0.0 1.0
 outer loop
  vertex 67.0457992553711 16.352749252319335 0.0
  vertex 67.57790258591305 16.621260190219616 0.0
  vertex 67.84400177001953 16.91659927368164 0.0
 endloop
endfacet
facet normal 0.0 0.0 1.0
 outer loop
  vertex 71.83480072021484 16.91659927368164 0.0
  vertex 70.75703036357628 16.91659927368164 0.0
  vertex 71.0365982055664 16.637460924324152 0.0
 endloop
endfacet
facet normal 0.0 0.0 1.0
 outer loop
  vertex 15.16510009765625 17.722200393676758 0.0
  vertex 14.104833955966962 17.70551316885739 0.0
  vertex 14.634914358745974 17.43292107972547 0.0
 endloop
endfacet
facet normal -0.0 0.0 1.0
 outer loop
  vertex 34.716483142453214 17.577228258829564 0.0
  vertex 35.11920166015625 16.91659927368164 0.0
  vertex 35.03757220629741 18.05246434151195 0.0
 endloop
endfacet
facet normal 0.0 0.0 1.0
 outer loop
  vertex 47.09170150756836 17.722200393676758 0.0
  vertex 45.92898644542558 17.614769126043562 0.0
  vertex 46.36268526704083 17.2656841998626 0.0
 endloop
endfacet
facet normal 0.0 0.0 1.0
 outer loop
  vertex 49.48619842529297 16.91659927368164 0.0
  vertex 50.24384939659099 17.363843436829235 0.0
  vertex 49.817878179743374 17.7103685057004 0.0
 endloop
endfacet
facet normal 0.0 0.0 0.9999999999999999
 outer loop
  vertex 48.6879997253418 17.722200393676758 0.0
  vertex 49.48619842529297 16.91659927368164 0.0
  vertex 49.817878179743374 17.7103685057004 0.0
 endloop
endfacet
facet normal -0.0 0.0 1.0
 outer loop
  vertex 48.6879997253418 17.722200393676758 0.0
  vertex 49.817878179743374 17.7103685057004 0.0
  vertex 49.378615590373215 18.061049540011034 0.0
 endloop
endfacet
facet normal 0.0 0.0 1.0
 outer loop
  vertex 73.43109893798828 18.527700424194336 0.0
  vertex 72.63300323486328 17.722200393676758 0.0
  vertex 74.22930145263672 17.722200393676758 0.0
 endloop
endfacet
facet normal 0.0 0.0 0.9999999999999999
 outer loop
  vertex 13.56879997253418 18.527700424194336 0.0
  vertex 12.523086327975452 18.537977531440234 0.0
  vertex 13.049430680479524 18.257197537962185 0.0
 endloop
endfacet
facet normal 0.0 0.0 1.0
 outer loop
  vertex 36.71549987792969 19.33329963684082 0.0
  vertex 35.91740036010742 18.527700424194336 0.0
  vertex 37.51369857788086 18.527700424194336 0.0
 endloop
endfacet
facet normal 0.0 -0.0 0.9999999999999999
 outer loop
  vertex 57.07039025954436 18.67258638247622 0.0
  vertex 57.390209906222296 19.15032804460651 0.0
  vertex 56.669700622558594 19.33329963684082 0.0
 endloop
endfacet
facet normal 0.0 0.0 1.0
 outer loop
  vertex 56.669700622558594 19.33329963684082 0.0
  vertex 55.871498107910156 18.527700424194336 0.0
  vertex 56.7503150638542 18.197393388076488 0.0
 endloop
endfacet
facet normal 0.0 0.0 1.0
 outer loop
  vertex 56.669700622558594 19.33329963684082 0.0
  vertex 56.7503150638542 18.197393388076488 0.0
  vertex 57.07039025954436 18.67258638247622 0.0
 endloop
endfacet
facet normal 0.0 0.0 0.9999999999999999
 outer loop
  vertex 65.73701828221527 18.527700424194336 0.0
  vertex 65.44950103759766 18.286050415039064 0.0
  vertex 66.24759674072266 17.722200393676758 0.0
 endloop
endfacet
facet normal -0.0 0.0 1.0
 outer loop
  vertex 65.73701828221527 18.527700424194336 0.0
  vertex 66.24759674072266 17.722200393676758 0.0
  vertex 66.24759674072266 19.00636491312763 0.0
 endloop
endfacet
facet normal 0.0 0.0 1.0
 outer loop
  vertex 11.972399711608887 19.33329963684082 0.0
  vertex 11.174300193786621 20.1387996673584 0.0
  vertex 10.959608342871071 19.428331022399366 0.0
 endloop
endfacet
facet normal 0.0 0.0 1.0
 outer loop
  vertex 11.972399711608887 19.33329963684082 0.0
  vertex 10.959608342871071 19.428331022399366 0.0
  vertex 11.458600047230721 19.122603392152698 0.0
 endloop
endfacet
facet normal 0.0 0.0 1.0
 outer loop
  vertex 44.697200775146484 19.33329963684082 0.0
  vertex 43.89899826049805 20.1387996673584 0.0
  vertex 43.59943700707325 19.366300705578222 0.0
 endloop
endfacet
facet normal 0.0 0.0 1.0
 outer loop
  vertex 44.697200775146484 19.33329963684082 0.0
  vertex 43.59943700707325 19.366300705578222 0.0
  vertex 44.03236856980689 19.000998640060423 0.0
 endloop
endfacet
facet normal 0.0 0.0 1.0
 outer loop
  vertex 45.49530029296875 20.1387996673584 0.0
  vertex 44.697200775146484 19.33329963684082 0.0
  vertex 46.29349899291992 19.33329963684082 0.0
 endloop
endfacet
facet normal 0.0 0.0 1.0
 outer loop
  vertex 47.0407451200133 19.785613585369294 0.0
  vertex 46.29349899291992 19.33329963684082 0.0
  vertex 47.46527307270196 19.438616729208086 0.0
 endloop
endfacet
facet normal 0.0 0.0 1.0
 outer loop
  vertex 74.9014031069694 19.58008378753628 0.0
  vertex 74.22930145263672 19.33329963684082 0.0
  vertex 75.24333360633497 19.061381387710572 0.0
 endloop
endfacet
facet normal 0.0 0.0 1.0
 outer loop
  vertex 5.465304911438951 19.735758316715724 0.0
  vertex 6.38532018661499 20.1387996673584 0.0
  vertex 5.5871500968933105 20.944400787353516 0.0
 endloop
endfacet
facet normal -0.0 0.0 1.0
 outer loop
  vertex 5.103737450704843 20.1385336043439 0.0
  vertex 5.465304911438951 19.735758316715724 0.0
  vertex 5.5871500968933105 20.944400787353516 0.0
 endloop
endfacet
facet normal -0.0 0.0 1.0
 outer loop
  vertex 10.035937885474414 20.06237771151023 0.0
  vertex 10.493895729444922 19.744275419663524 0.0
  vertex 11.174300193786621 20.1387996673584 0.0
 endloop
endfacet
facet normal 0.0 0.0 0.9999999999999999
 outer loop
  vertex 43.10089874267578 20.944400787353516 0.0
  vertex 42.33411166606787 20.45996678140926 0.0
  vertex 42.75016384408567 20.096554861708647 0.0
 endloop
endfacet
facet normal 0.0 0.0 1.0
 outer loop
  vertex 43.89899826049805 20.1387996673584 0.0
  vertex 43.10089874267578 20.944400787353516 0.0
  vertex 42.75016384408567 20.096554861708647 0.0
 endloop
endfacet
facet normal 0.0 0.0 0.9999999999999999
 outer loop
  vertex 43.89899826049805 20.1387996673584 0.0
  vertex 42.75016384408567 20.096554861708647 0.0
  vertex 43.17175524021204 19.731930327994217 0.0
 endloop
endfacet
facet normal 0.0 0.0 1.0
 outer loop
  vertex 45.49530029296875 20.1387996673584 0.0
  vertex 46.29349899291992 19.33329963684082 0.0
  vertex 46.61520904305297 20.130520426938816 0.0
 endloop
endfacet
facet normal 0.0 0.0 1.0
 outer loop
  vertex 46.187656717549295 20.471247239324956 0.0
  vertex 45.49530029296875 20.1387996673584 0.0
  vertex 46.61520904305297 20.130520426938816 0.0
 endloop
endfacet
facet normal 0.0 0.0 1.0
 outer loop
  vertex 66.24759674072266 20.944400787353516 0.0
  vertex 65.51402278385306 20.487896573299075 0.0
  vertex 65.94539369898689 20.1387996673584 0.0
 endloop
endfacet
facet normal -0.0 0.0 0.9999999999999999
 outer loop
  vertex 4.742169989970734 20.541308891972072 0.0
  vertex 5.103737450704843 20.1385336043439 0.0
  vertex 5.5871500968933105 20.944400787353516 0.0
 endloop
endfacet
facet normal 0.0 -0.0 1.0
 outer loop
  vertex 4.742169989970734 20.541308891972072 0.0
  vertex 5.5871500968933105 20.944400787353516 0.0
  vertex 4.380331280873381 20.944400787353516 0.0
 endloop
endfacet
facet normal 0.0 0.0 1.0
 outer loop
  vertex 7.981649875640869 20.1387996673584 0.0
  vertex 8.221097898483276 20.1387996673584 0.0
  vertex 8.779809951782227 20.470007880534524 0.0
 endloop
endfacet
facet normal 0.0 0.0 1.0
 outer loop
  vertex 15.963199615478516 20.944400787353516 0.0
  vertex 16.76140022277832 20.1387996673584 0.0
  vertex 16.96466982662678 20.85649593824995 0.0
 endloop
endfacet
facet normal 0.0 0.0 1.0
 outer loop
  vertex 16.473214831389488 21.159576663435253 0.0
  vertex 15.963199615478516 20.944400787353516 0.0
  vertex 16.96466982662678 20.85649593824995 0.0
 endloop
endfacet
facet normal -0.0 0.0 1.0
 outer loop
  vertex 41.91930650442065 20.82302366627836 0.0
  vertex 42.33411166606787 20.45996678140926 0.0
  vertex 43.10089874267578 20.944400787353516 0.0
 endloop
endfacet
facet normal 0.0 0.0 1.0
 outer loop
  vertex 45.2259702205658 21.163824522418896 0.0
  vertex 45.49530029296875 20.1387996673584 0.0
  vertex 45.75723713636398 20.803694811291514 0.0
 endloop
endfacet
facet normal 0.0 0.0 0.9999999999999999
 outer loop
  vertex 58.26599884033203 21.75 0.0
  vertex 58.391542235016814 20.557783100512786 0.0
  vertex 58.7580303864146 20.97952837817654 0.0
 endloop
endfacet
facet normal 0.0 0.0 1.0
 outer loop
  vertex 66.24759674072266 20.944400787353516 0.0
  vertex 65.08265186871924 20.83699347923975 0.0
  vertex 65.51402278385306 20.487896573299075 0.0
 endloop
endfacet
facet normal 0.0 0.0 1.0
 outer loop
  vertex 3.9908199310302734 22.555500030517578 0.0
  vertex 3.1924046890455466 22.067700349099553 0.0
  vertex 3.591487170906661 21.702872818447894 0.0
 endloop
endfacet
facet normal 0.0 0.0 1.0
 outer loop
  vertex 39.11000061035156 21.75 0.0
  vertex 39.5622711494565 20.858327140892825 0.0
  vertex 39.908199310302734 21.218177385645948 0.0
 endloop
endfacet
facet normal 0.0 0.0 0.9999999999999999
 outer loop
  vertex 58.26599884033203 21.75 0.0
  vertex 58.7580303864146 20.97952837817654 0.0
  vertex 59.12572004586109 21.403508034108665 0.0
 endloop
endfacet
facet normal 0.0 -0.0 1.0
 outer loop
  vertex 59.12572004586109 21.403508034108665 0.0
  vertex 59.49401045933191 21.828604879174975 0.0
  vertex 59.06420135498047 22.555500030517578 0.0
 endloop
endfacet
facet normal -0.0 0.0 1.0
 outer loop
  vertex 58.26599884033203 21.75 0.0
  vertex 59.12572004586109 21.403508034108665 0.0
  vertex 59.06420135498047 22.555500030517578 0.0
 endloop
endfacet
facet normal 0.0 0.0 1.0
 outer loop
  vertex 64.65129852294922 21.75 0.0
  vertex 63.58709524531732 21.72312726653763 0.0
  vertex 64.11919018545886 21.454604523919986 0.0
 endloop
endfacet
facet normal 0.0 0.0 1.0
 outer loop
  vertex 71.83480072021484 21.75 0.0
  vertex 72.63300323486328 20.944400787353516 0.0
  vertex 73.00708046388658 21.718589141994386 0.0
 endloop
endfacet
facet normal 0.0 0.0 0.9999999999999999
 outer loop
  vertex 72.59430079145716 22.12915588669785 0.0
  vertex 71.83480072021484 21.75 0.0
  vertex 73.00708046388658 21.718589141994386 0.0
 endloop
endfacet
facet normal 0.0 -0.0 1.0
 outer loop
  vertex 3.1924046890455466 22.067700349099553 0.0
  vertex 3.9908199310302734 22.555500030517578 0.0
  vertex 2.793447346315681 22.432440071705535 0.0
 endloop
endfacet
facet normal -0.0 0.0 0.9999999999999999
 outer loop
  vertex 5.5871500968933105 22.555500030517578 0.0
  vertex 6.38532018661499 21.75 0.0
  vertex 7.1834797859191895 22.555500030517578 0.0
 endloop
endfacet
facet normal 0.0 0.0 1.0
 outer loop
  vertex 43.10089874267578 21.75 0.0
  vertex 43.85497806431569 22.20644191639373 0.0
  vertex 43.433850584286304 22.555500030517578 0.0
 endloop
endfacet
facet normal 0.0 0.0 1.0
 outer loop
  vertex 43.10089874267578 22.838596462627113 0.0
  vertex 42.30270004272461 22.555500030517578 0.0
  vertex 43.10089874267578 21.75 0.0
 endloop
endfacet
facet normal 0.0 0.0 1.0
 outer loop
  vertex 43.10089874267578 22.838596462627113 0.0
  vertex 43.10089874267578 21.75 0.0
  vertex 43.433850584286304 22.555500030517578 0.0
 endloop
endfacet
facet normal 0.0 0.0 1.0
 outer loop
  vertex 56.110958862304685 22.555500030517578 0.0
  vertex 55.79146525144726 22.081235354254023 0.0
  vertex 56.669700622558594 21.75 0.0
 endloop
endfacet
facet normal -0.0 0.0 1.0
 outer loop
  vertex 61.990794484410436 22.52867027532193 0.0
  vertex 62.522890696115795 22.260160756332333 0.0
  vertex 63.05500030517578 22.555500030517578 0.0
 endloop
endfacet
facet normal 0.0 0.0 1.0
 outer loop
  vertex 71.83480072021484 21.75 0.0
  vertex 72.59430079145716 22.12915588669785 0.0
  vertex 72.16464640735546 22.52572786680481 0.0
 endloop
endfacet
facet normal 0.0 0.0 1.0
 outer loop
  vertex 71.0365982055664 22.555500030517578 0.0
  vertex 71.83480072021484 21.75 0.0
  vertex 72.16464640735546 22.52572786680481 0.0
 endloop
endfacet
facet normal 0.0 0.0 1.0
 outer loop
  vertex 71.71536256142012 22.90542939901352 0.0
  vertex 71.0365982055664 22.555500030517578 0.0
  vertex 72.16464640735546 22.52572786680481 0.0
 endloop
endfacet
facet normal 0.0 0.0 1.0
 outer loop
  vertex 8.779809951782227 24.16659927368164 0.0
  vertex 7.981649875640869 23.361099243164063 0.0
  vertex 9.577980041503906 23.361099243164063 0.0
 endloop
endfacet
facet normal 0.0 0.0 1.0
 outer loop
  vertex 23.146699905395508 24.16659927368164 0.0
  vertex 22.348600387573242 23.602749252319335 0.0
  vertex 22.893249249458314 23.38091895729303 0.0
 endloop
endfacet
facet normal 0.0 0.0 1.0
 outer loop
  vertex 23.146699905395508 24.16659927368164 0.0
  vertex 22.893249249458314 23.38091895729303 0.0
  vertex 23.424547551572324 23.24444758845493 0.0
 endloop
endfacet
facet normal -0.0 0.0 1.0
 outer loop
  vertex 41.50450134277344 23.361099243164063 0.0
  vertex 42.30270004272461 22.555500030517578 0.0
  vertex 42.54215965270996 23.361099243164063 0.0
 endloop
endfacet
facet normal 0.0 0.0 1.0
 outer loop
  vertex 42.30270004272461 23.602749252319335 0.0
  vertex 41.50450134277344 23.361099243164063 0.0
  vertex 42.54215965270996 23.361099243164063 0.0
 endloop
endfacet
facet normal -0.0 0.0 1.0
 outer loop
  vertex 67.84400177001953 23.361099243164063 0.0
  vertex 68.64209747314453 22.555500030517578 0.0
  vertex 69.44029998779297 23.361099243164063 0.0
 endloop
endfacet
facet normal 0.0 0.0 1.0
 outer loop
  vertex 48.6879997253418 24.972200393676758 0.0
  vertex 47.88980102539062 24.408279609680175 0.0
  vertex 48.34579975237732 24.221945898316015 0.0
 endloop
endfacet
facet normal 0.0 0.0 1.0
 outer loop
  vertex 48.6879997253418 24.972200393676758 0.0
  vertex 48.34579975237732 24.221945898316015 0.0
  vertex 48.912061136784416 24.07188188990375 0.0
 endloop
endfacet
facet normal 0.0 0.0 1.0
 outer loop
  vertex 69.44029998779297 23.361099243164063 0.0
  vertex 70.23324986895051 23.882160156965256 0.0
  vertex 69.70584733008572 24.166309770196676 0.0
 endloop
endfacet
facet normal -0.0 0.0 1.0
 outer loop
  vertex 23.944900512695313 24.972200393676758 0.0
  vertex 24.743099212646484 24.16659927368164 0.0
  vertex 25.541200637817383 24.972200393676758 0.0
 endloop
endfacet
facet normal -0.0 0.0 1.0
 outer loop
  vertex 27.13759994506836 24.972200393676758 0.0
  vertex 27.935699462890625 24.16659927368164 0.0
  vertex 28.73390007019043 24.972200393676758 0.0
 endloop
endfacet
facet normal -0.0 0.0 1.0
 outer loop
  vertex 28.73390007019043 24.972200393676758 0.0
  vertex 29.531999588012695 24.16659927368164 0.0
  vertex 30.3302001953125 24.972200393676758 0.0
 endloop
endfacet
facet normal -0.0 0.0 1.0
 outer loop
  vertex 30.3302001953125 24.972200393676758 0.0
  vertex 31.128400802612305 24.16659927368164 0.0
  vertex 31.92650032043457 24.972200393676758 0.0
 endloop
endfacet
facet normal 0.0 0.0 1.0
 outer loop
  vertex 31.128400802612305 25.777700424194336 0.0
  vertex 30.3302001953125 24.972200393676758 0.0
  vertex 31.92650032043457 24.972200393676758 0.0
 endloop
endfacet
facet normal -0.0 0.0 1.0
 outer loop
  vertex 31.92650032043457 24.972200393676758 0.0
  vertex 32.724700927734375 24.16659927368164 0.0
  vertex 33.52289962768555 24.972200393676758 0.0
 endloop
endfacet
facet normal 0.0 0.0 1.0
 outer loop
  vertex 67.84400177001953 24.16659927368164 0.0
  vertex 68.64328865322905 24.720795605145394 0.0
  vertex 68.11093963202964 24.993432940356435 0.0
 endloop
endfacet
facet normal -0.0 0.0 1.0
 outer loop
  vertex 67.0457992553711 24.972200393676758 0.0
  vertex 67.84400177001953 24.16659927368164 0.0
  vertex 68.11093963202964 24.993432940356435 0.0
 endloop
endfacet
facet normal 0.0 0.0 1.0
 outer loop
  vertex 67.57836944370037 25.26474167769775 0.0
  vertex 67.0457992553711 24.972200393676758 0.0
  vertex 68.11093963202964 24.993432940356435 0.0
 endloop
endfacet
facet normal -0.0 0.0 1.0
 outer loop
  vertex 7.1834797859191895 25.777700424194336 0.0
  vertex 7.981649875640869 24.972200393676758 0.0
  vertex 8.779809951782227 25.777700424194336 0.0
 endloop
endfacet
facet normal -0.0 0.0 1.0
 outer loop
  vertex 13.56879997253418 25.777700424194336 0.0
  vertex 14.366900444030762 24.972200393676758 0.0
  vertex 15.16510009765625 25.777700424194336 0.0
 endloop
endfacet
facet normal -0.0 0.0 1.0
 outer loop
  vertex 15.16510009765625 25.777700424194336 0.0
  vertex 15.963199615478516 24.972200393676758 0.0
  vertex 16.76140022277832 25.777700424194336 0.0
 endloop
endfacet
facet normal 0.0 0.0 1.0
 outer loop
  vertex 15.16510009765625 25.777700424194336 0.0
  vertex 16.76140022277832 25.777700424194336 0.0
  vertex 15.963199615478516 26.58329963684082 0.0
 endloop
endfacet
facet normal -0.0 0.0 1.0
 outer loop
  vertex 16.76140022277832 25.777700424194336 0.0
  vertex 17.559600830078125 24.972200393676758 0.0
  vertex 18.35770034790039 25.777700424194336 0.0
 endloop
endfacet
facet normal -0.0 0.0 1.0
 outer loop
  vertex 18.35770034790039 25.777700424194336 0.0
  vertex 19.155899047851563 24.972200393676758 0.0
  vertex 19.954099655151367 25.777700424194336 0.0
 endloop
endfacet
facet normal 0.0 0.0 1.0
 outer loop
  vertex 19.155899047851563 26.58329963684082 0.0
  vertex 18.35770034790039 25.777700424194336 0.0
  vertex 19.954099655151367 25.777700424194336 0.0
 endloop
endfacet
facet normal -0.0 0.0 1.0
 outer loop
  vertex 19.954099655151367 25.777700424194336 0.0
  vertex 20.752199172973633 24.972200393676758 0.0
  vertex 21.550399780273438 25.777700424194336 0.0
 endloop
endfacet
facet normal -0.0 0.0 1.0
 outer loop
  vertex 49.48619842529297 25.777700424194336 0.0
  vertex 50.2843017578125 24.972200393676758 0.0
  vertex 51.08250045776367 25.777700424194336 0.0
 endloop
endfacet
facet normal -0.0 0.0 1.0
 outer loop
  vertex 51.08250045776367 25.777700424194336 0.0
  vertex 51.880699157714844 24.972200393676758 0.0
  vertex 52.67879867553711 25.777700424194336 0.0
 endloop
endfacet
facet normal 0.0 0.0 1.0
 outer loop
  vertex 45.49530029296875 27.3887996673584 0.0
  vertex 44.697200775146484 26.58329963684082 0.0
  vertex 46.29349899291992 26.58329963684082 0.0
 endloop
endfacet
facet normal 0.0 0.0 1.0
 outer loop
  vertex 19.954099655151367 29.0 0.0
  vertex 19.155899047851563 29.0 0.0
  vertex 19.155899047851563 28.194400787353516 0.0
 endloop
endfacet
facet normal 0.0 0.0 1.0
 outer loop
  vertex 19.954099655151367 29.0 0.0
  vertex 19.155899047851563 28.194400787353516 0.0
  vertex 20.752199172973633 28.194400787353516 0.0
 endloop
endfacet
facet normal 0.0 0.0 1.0
 outer loop
  vertex 21.550399780273438 29.0 0.0
  vertex 20.752199172973633 29.0 0.0
  vertex 20.752199172973633 28.194400787353516 0.0
 endloop
endfacet
facet normal 0.0 0.0 1.0
 outer loop
  vertex 21.550399780273438 29.0 0.0
  vertex 20.752199172973633 28.194400787353516 0.0
  vertex 22.348600387573242 28.194400787353516 0.0
 endloop
endfacet
facet normal 0.0 0.0 1.0
 outer loop
  vertex 23.146699905395508 29.0 0.0
  vertex 22.348600387573242 29.0 0.0
  vertex 22.348600387573242 28.194400787353516 0.0
 endloop
endfacet
facet normal 0.0 0.0 1.0
 outer loop
  vertex 23.146699905395508 29.0 0.0
  vertex 22.348600387573242 28.194400787353516 0.0
  vertex 23.944900512695313 28.194400787353516 0.0
 endloop
endfacet
facet normal 0.0 0.0 1.0
 outer loop
  vertex 24.743099212646484 29.0 0.0
  vertex 23.944900512695313 29.0 0.0
  vertex 23.944900512695313 28.194400787353516 0.0
 endloop
endfacet
facet normal 0.0 0.0 1.0
 outer loop
  vertex 24.743099212646484 29.0 0.0
  vertex 23.944900512695313 28.194400787353516 0.0
  vertex 25.541200637817383 28.194400787353516 0.0
 endloop
endfacet
facet normal 0.0 0.0 1.0
 outer loop
  vertex 26.339399337768555 29.0 0.0
  vertex 25.541200637817383 29.0 0.0
  vertex 25.541200637817383 28.194400787353516 0.0
 endloop
endfacet
facet normal 0.0 0.0 1.0
 outer loop
  vertex 26.339399337768555 29.0 0.0
  vertex 25.541200637817383 28.194400787353516 0.0
  vertex 27.13759994506836 28.194400787353516 0.0
 endloop
endfacet
facet normal 0.0 0.0 1.0
 outer loop
  vertex 27.935699462890625 29.0 0.0
  vertex 27.13759994506836 29.0 0.0
  vertex 27.13759994506836 28.194400787353516 0.0
 endloop
endfacet
facet normal 0.0 0.0 1.0
 outer loop
  vertex 27.935699462890625 29.0 0.0
  vertex 27.13759994506836 28.194400787353516 0.0
  vertex 28.73390007019043 28.194400787353516 0.0
 endloop
endfacet
facet normal 0.0 0.0 1.0
 outer loop
  vertex 29.531999588012695 29.0 0.0
  vertex 28.73390007019043 29.0 0.0
  vertex 28.73390007019043 28.194400787353516 0.0
 endloop
endfacet
facet normal -0.0 0.0 1.0
 outer loop
  vertex 28.73390007019043 28.194400787353516 0.0
  vertex 29.531999588012695 27.3887996673584 0.0
  vertex 30.3302001953125 28.194400787353516 0.0
 endloop
endfacet
facet normal 0.0 0.0 1.0
 outer loop
  vertex 29.531999588012695 29.0 0.0
  vertex 28.73390007019043 28.194400787353516 0.0
  vertex 30.3302001953125 28.194400787353516 0.0
 endloop
endfacet
facet normal 0.0 0.0 1.0
 outer loop
  vertex 31.128400802612305 29.0 0.0
  vertex 30.3302001953125 29.0 0.0
  vertex 30.3302001953125 28.194400787353516 0.0
 endloop
endfacet
facet normal 0.0 0.0 1.0
 outer loop
  vertex 35.91740036010742 29.0 0.0
  vertex 35.11920166015625 29.0 0.0
  vertex 35.11920166015625 28.194400787353516 0.0
 endloop
endfacet
facet normal 0.0 0.0 1.0
 outer loop
  vertex 40.70640182495117 29.0 0.0
  vertex 39.908199310302734 29.0 0.0
  vertex 39.908199310302734 28.194400787353516 0.0
 endloop
endfacet
facet normal 0.0 0.0 1.0
 outer loop
  vertex 40.70640182495117 29.0 0.0
  vertex 39.908199310302734 28.194400787353516 0.0
  vertex 41.50450134277344 28.194400787353516 0.0
 endloop
endfacet
facet normal 0.0 0.0 1.0
 outer loop
  vertex 42.30270004272461 29.0 0.0
  vertex 41.50450134277344 29.0 0.0
  vertex 41.50450134277344 28.194400787353516 0.0
 endloop
endfacet
facet normal 0.0 0.0 1.0
 outer loop
  vertex 42.30270004272461 29.0 0.0
  vertex 41.50450134277344 28.194400787353516 0.0
  vertex 43.10089874267578 28.194400787353516 0.0
 endloop
endfacet
facet normal 0.0 0.0 1.0
 outer loop
  vertex 43.89899826049805 29.0 0.0
  vertex 43.10089874267578 29.0 0.0
  vertex 43.10089874267578 28.194400787353516 0.0
 endloop
endfacet
facet normal 0.0 0.0 1.0
 outer loop
  vertex 43.10089874267578 28.194400787353516 0.0
  vertex 44.697200775146484 28.194400787353516 0.0
  vertex 43.89899826049805 29.0 0.0
 endloop
endfacet
facet normal 0.0 0.0 1.0
 outer loop
  vertex 45.49530029296875 29.0 0.0
  vertex 44.697200775146484 29.0 0.0
  vertex 44.697200775146484 28.194400787353516 0.0
 endloop
endfacet
facet normal -0.0 0.0 1.0
 outer loop
  vertex 44.697200775146484 28.194400787353516 0.0
  vertex 45.49530029296875 27.3887996673584 0.0
  vertex 46.29349899291992 28.194400787353516 0.0
 endloop
endfacet
facet normal 0.0 0.0 1.0
 outer loop
  vertex 45.49530029296875 29.0 0.0
  vertex 44.697200775146484 28.194400787353516 0.0
  vertex 46.29349899291992 28.194400787353516 0.0
 endloop
endfacet
facet normal 0.0 0.0 1.0
 outer loop
  vertex 53.47700119018555 29.0 0.0
  vertex 52.67879867553711 29.0 0.0
  vertex 52.67879867553711 28.194400787353516 0.0
 endloop
endfacet
facet normal 0.0 0.0 1.0
 outer loop
  vertex 55.871498107910156 29.0 0.0
  vertex 55.073299407958984 29.0 0.0
  vertex 55.073299407958984 28.194400787353516 0.0
 endloop
endfacet
facet normal 0.0 0.0 1.0
 outer loop
  vertex 55.871498107910156 29.0 0.0
  vertex 55.073299407958984 28.194400787353516 0.0
  vertex 56.669700622558594 28.194400787353516 0.0
 endloop
endfacet
facet normal 0.0 0.0 1.0
 outer loop
  vertex 59.06420135498047 29.0 0.0
  vertex 58.26599884033203 29.0 0.0
  vertex 58.26599884033203 28.194400787353516 0.0
 endloop
endfacet
facet normal 0.0 0.0 1.0
 outer loop
  vertex 58.26599884033203 28.194400787353516 0.0
  vertex 59.862300872802734 28.194400787353516 0.0
  vertex 59.06420135498047 29.0 0.0
 endloop
endfacet
facet normal 0.0 0.0 1.0
 outer loop
  vertex 63.85309982299805 29.0 0.0
  vertex 63.05500030517578 29.0 0.0
  vertex 63.05500030517578 28.194400787353516 0.0
 endloop
endfacet
facet normal 0.0 0.0 1.0
 outer loop
  vertex 86.20179748535156 0.0 0.0
  vertex 87.0 0.0 0.0
  vertex 87.0 0.8055559992790222 0.0
 endloop
endfacet
facet normal 0.0 -0.0 1.0
 outer loop
  vertex 86.20179748535156 0.0 0.0
  vertex 87.0 0.8055559992790222 0.0
  vertex 85.40360260009766 0.0 0.0
 endloop
endfacet
facet normal 0.0 0.0 1.0
 outer loop
  vertex 50.2843017578125 1.611109972000122 0.0
  vertex 48.6879997253418 1.611109972000122 0.0
  vertex 49.48619842529297 0.8055559992790222 0.0
 endloop
endfacet
facet normal 0.0 0.0 1.0
 outer loop
  vertex 51.880699157714844 1.611109972000122 0.0
  vertex 50.2843017578125 1.611109972000122 0.0
  vertex 51.08250045776367 0.8055559992790222 0.0
 endloop
endfacet
facet normal 0.0 0.0 1.0
 outer loop
  vertex 53.47700119018555 1.611109972000122 0.0
  vertex 51.880699157714844 1.611109972000122 0.0
  vertex 52.67879867553711 0.8055559992790222 0.0
 endloop
endfacet
facet normal 0.0 0.0 1.0
 outer loop
  vertex 55.073299407958984 1.611109972000122 0.0
  vertex 53.47700119018555 1.611109972000122 0.0
  vertex 54.27519989013672 0.8055559992790222 0.0
 endloop
endfacet
facet normal 0.0 0.0 1.0
 outer loop
  vertex 59.862300872802734 1.611109972000122 0.0
  vertex 58.26599884033203 1.611109972000122 0.0
  vertex 59.06420135498047 0.8055559992790222 0.0
 endloop
endfacet
facet normal 0.0 0.0 1.0
 outer loop
  vertex 61.45869827270508 1.611109972000122 0.0
  vertex 59.862300872802734 1.611109972000122 0.0
  vertex 60.660499572753906 0.8055559992790222 0.0
 endloop
endfacet
facet normal 0.0 0.0 1.0
 outer loop
  vertex 63.05500030517578 1.611109972000122 0.0
  vertex 61.45869827270508 1.611109972000122 0.0
  vertex 62.25680160522461 0.8055559992790222 0.0
 endloop
endfacet
facet normal 0.0 0.0 1.0
 outer loop
  vertex 71.0365982055664 1.611109972000122 0.0
  vertex 69.44029998779297 1.611109972000122 0.0
  vertex 70.2385025024414 0.8055559992790222 0.0
 endloop
endfacet
facet normal 0.0 0.0 1.0
 outer loop
  vertex 81.41280364990234 5.638889789581299 0.0
  vertex 80.50485997200012 5.221266990043244 0.0
  vertex 80.85406188964843 4.833330154418945 0.0
 endloop
endfacet
facet normal 0.0 0.0 0.9999999999999999
 outer loop
  vertex 0.7981650233268738 6.970527840966345 0.0
  vertex 0.0 6.444439888000488 0.0
  vertex 0.0 5.638889789581299 0.0
 endloop
endfacet
facet normal 0.0 0.0 1.0
 outer loop
  vertex 8.779809951782227 6.961153596556055 0.0
  vertex 7.981649875640869 5.638889789581299 0.0
  vertex 9.577980041503906 5.638889789581299 0.0
 endloop
endfacet
facet normal 0.0 0.0 0.9999999999999999
 outer loop
  vertex 11.972399711608887 7.008331966400146 0.0
  vertex 11.174259781837463 6.996177753117742 0.0
  vertex 11.174300193786621 6.444439888000488 0.0
 endloop
endfacet
facet normal 0.0 0.0 0.9999999999999999
 outer loop
  vertex 83.80729675292969 4.027780055999756 0.0
  vertex 84.60540008544922 4.833330154418945 0.0
  vertex 83.80729675292969 5.638889789581299 0.0
 endloop
endfacet
facet normal -0.0 0.0 1.0
 outer loop
  vertex 43.10089874267578 4.833330154418945 0.0
  vertex 43.557287476049694 4.65619874039843 0.0
  vertex 43.89899826049805 5.638889789581299 0.0
 endloop
endfacet
facet normal 0.0 0.0 1.0
 outer loop
  vertex 14.366900444030762 6.444439888000488 0.0
  vertex 12.770600318908691 5.638889789581299 0.0
  vertex 14.366900444030762 5.638889789581299 0.0
 endloop
endfacet
facet normal 0.0 0.0 1.0
 outer loop
  vertex 31.128400802612305 6.444439888000488 0.0
  vertex 31.383322967835042 7.25 0.0
  vertex 31.1361317941287 7.652780055999756 0.0
 endloop
endfacet
facet normal 0.0 0.0 0.9999999999999999
 outer loop
  vertex 47.785100269317624 6.011206796838862 0.0
  vertex 48.478499031066896 6.141858774570668 0.0
  vertex 48.6879997253418 6.444439888000488 0.0
 endloop
endfacet
facet normal 0.0 0.0 1.0
 outer loop
  vertex 50.2843017578125 8.055560111999512 0.0
  vertex 50.2843017578125 6.686107921600342 0.0
  vertex 50.91099114716053 6.881095464900762 0.0
 endloop
endfacet
facet normal -0.0 0.0 1.0
 outer loop
  vertex 80.6146011352539 6.444439888000488 0.0
  vertex 81.41280364990234 5.638889789581299 0.0
  vertex 82.21089935302734 6.444439888000488 0.0
 endloop
endfacet
facet normal 0.0 0.0 1.0
 outer loop
  vertex 15.213291609659287 8.458334922790527 0.0
  vertex 14.925640201568603 8.861109733581543 0.0
  vertex 14.366900444030762 8.861109733581543 0.0
 endloop
endfacet
facet normal 0.0 0.0 0.9999999999999999
 outer loop
  vertex 15.16510009765625 7.25 0.0
  vertex 15.500943017749972 8.055560111999512 0.0
  vertex 15.213291609659287 8.458334922790527 0.0
 endloop
endfacet
facet normal -0.0 0.0 1.0
 outer loop
  vertex 40.44443039061378 8.847609571635934 0.0
  vertex 40.70640182495117 8.055560111999512 0.0
  vertex 41.50450134277344 8.861109733581543 0.0
 endloop
endfacet
facet normal 0.0 0.0 1.0
 outer loop
  vertex 40.44443039061378 8.847609571635934 0.0
  vertex 41.50450134277344 8.861109733581543 0.0
  vertex 40.978370025200455 9.126359364275338 0.0
 endloop
endfacet
facet normal 0.0 0.0 1.0
 outer loop
  vertex 53.31611037640277 7.690551270451528 0.0
  vertex 53.95342207726843 7.8894345073032035 0.0
  vertex 53.47700119018555 8.861109733581543 0.0
 endloop
endfacet
facet normal 0.0 0.0 1.0
 outer loop
  vertex 33.52289962768555 9.666669845581055 0.0
  vertex 32.724700927734375 9.666669845581055 0.0
  vertex 32.724700927734375 8.612564121275165 0.0
 endloop
endfacet
facet normal 0.0 0.0 1.0
 outer loop
  vertex 33.52289962768555 9.666669845581055 0.0
  vertex 32.724700927734375 8.612564121275165 0.0
  vertex 33.2311679056062 8.055560111999512 0.0
 endloop
endfacet
facet normal 0.0 0.0 0.9999999999999999
 outer loop
  vertex 33.52289962768555 9.666669845581055 0.0
  vertex 33.2311679056062 8.055560111999512 0.0
  vertex 34.32099914550781 8.055560111999512 0.0
 endloop
endfacet
facet normal 0.0 0.0 1.0
 outer loop
  vertex 42.04395784864943 9.682192472309307 0.0
  vertex 41.51230965978713 9.405109156914742 0.0
  vertex 41.50450134277344 8.861109733581543 0.0
 endloop
endfacet
facet normal 0.0 0.0 1.0
 outer loop
  vertex 43.10089874267578 9.666669845581055 0.0
  vertex 42.572428295662604 9.956366850778677 0.0
  vertex 42.04395784864943 9.682192472309307 0.0
 endloop
endfacet
facet normal 0.0 0.0 1.0
 outer loop
  vertex 50.2843017578125 9.4250018119812 0.0
  vertex 49.48619842529297 9.294909396558028 0.0
  vertex 50.2843017578125 8.055560111999512 0.0
 endloop
endfacet
facet normal 0.0 0.0 1.0
 outer loop
  vertex 78.00145006029912 8.327430093288422 0.0
  vertex 78.34110806501498 7.817992626256828 0.0
  vertex 79.01830291748047 8.055560111999512 0.0
 endloop
endfacet
facet normal 0.0 -0.0 1.0
 outer loop
  vertex 83.00910186767578 8.861109733581543 0.0
  vertex 83.0875719369811 9.263282558239233 0.0
  vertex 82.71482603508267 9.66763954208935 0.0
 endloop
endfacet
facet normal 0.0 -0.0 1.0
 outer loop
  vertex 87.0 8.055560111999512 0.0
  vertex 87.0 8.861109733581543 0.0
  vertex 85.88140150539525 8.861109733581543 0.0
 endloop
endfacet
facet normal 0.0 0.0 1.0
 outer loop
  vertex 87.0 8.055560111999512 0.0
  vertex 85.88140150539525 8.861109733581543 0.0
  vertex 85.87827416053668 8.055560111999512 0.0
 endloop
endfacet
facet normal 0.0 0.0 0.9999999999999999
 outer loop
  vertex 85.87827416053668 8.055560111999512 0.0
  vertex 85.80198635727564 7.25 0.0
  vertex 87.0 7.25 0.0
 endloop
endfacet
facet normal 0.0 0.0 1.0
 outer loop
  vertex 87.0 8.055560111999512 0.0
  vertex 85.87827416053668 8.055560111999512 0.0
  vertex 87.0 7.25 0.0
 endloop
endfacet
facet normal 0.0 0.0 1.0
 outer loop
  vertex 24.431267972056766 9.666669845581055 0.0
  vertex 23.91076825939312 9.404966843459988 0.0
  vertex 23.944900512695313 8.861109733581543 0.0
 endloop
endfacet
facet normal 0.0 0.0 1.0
 outer loop
  vertex 25.541200637817383 10.472200393676758 0.0
  vertex 25.19493688370019 10.472200393676758 0.0
  vertex 24.743099212646484 9.946913967733963 0.0
 endloop
endfacet
facet normal 0.0 0.0 1.0
 outer loop
  vertex 24.743099212646484 9.946913967733963 0.0
  vertex 24.431267972056766 9.666669845581055 0.0
  vertex 23.944900512695313 8.861109733581543 0.0
 endloop
endfacet
facet normal 0.0 0.0 0.9999999999999999
 outer loop
  vertex 31.128400802612305 8.861109733581543 0.0
  vertex 31.92650032043457 9.102777767181395 0.0
  vertex 31.128400802612305 10.472200393676758 0.0
 endloop
endfacet
facet normal -0.0 0.0 1.0
 outer loop
  vertex 43.54787244429354 10.55550639666617 0.0
  vertex 44.697200775146484 10.472200393676758 0.0
  vertex 43.994846145911296 10.880471564084292 0.0
 endloop
endfacet
facet normal 0.0 0.0 1.0
 outer loop
  vertex 54.55373532669999 8.106243555429117 0.0
  vertex 55.08356582948571 8.371470557921267 0.0
  vertex 55.073299407958984 8.861109733581543 0.0
 endloop
endfacet
facet normal 0.0 0.0 1.0
 outer loop
  vertex 53.47700119018555 8.861109733581543 0.0
  vertex 53.95342207726843 7.8894345073032035 0.0
  vertex 54.55373532669999 8.106243555429117 0.0
 endloop
endfacet
facet normal 0.0 0.0 1.0
 outer loop
  vertex 11.174300193786621 12.08329963684082 0.0
  vertex 10.292320833803643 11.750179856023287 0.0
  vertex 10.615559768676757 11.277700424194336 0.0
 endloop
endfacet
facet normal 0.0 0.0 1.0
 outer loop
  vertex 10.933495870232582 10.782968427553156 0.0
  vertex 11.251431971788406 10.288236430911976 0.0
  vertex 11.972399711608887 10.472200393676758 0.0
 endloop
endfacet
facet normal -0.0 0.0 1.0
 outer loop
  vertex 10.615559768676757 11.277700424194336 0.0
  vertex 10.933495870232582 10.782968427553156 0.0
  vertex 11.174300193786621 12.08329963684082 0.0
 endloop
endfacet
facet normal 0.0 0.0 0.9999999999999999
 outer loop
  vertex 13.56879997253418 9.666669845581055 0.0
  vertex 13.968511098266077 10.329210127121769 0.0
  vertex 13.648925587356306 10.803455275658052 0.0
 endloop
endfacet
facet normal 0.0 0.0 1.0
 outer loop
  vertex 44.46362707815038 11.203679193882271 0.0
  vertex 43.994846145911296 10.880471564084292 0.0
  vertex 44.697200775146484 10.472200393676758 0.0
 endloop
endfacet
facet normal 0.0 0.0 1.0
 outer loop
  vertex 48.63646204192395 10.015733309229836 0.0
  vertex 49.06133872106928 10.364796772878616 0.0
  vertex 48.6879997253418 11.277700424194336 0.0
 endloop
endfacet
facet normal 0.0 -0.0 1.0
 outer loop
  vertex 48.63646204192395 10.015733309229836 0.0
  vertex 48.6879997253418 11.277700424194336 0.0
  vertex 47.889801025390625 11.277700424194336 0.0
 endloop
endfacet
facet normal 0.0 0.0 1.0
 outer loop
  vertex 47.09170150756836 10.472200393676758 0.0
  vertex 48.21158536277862 9.666669845581055 0.0
  vertex 48.63646204192395 10.015733309229836 0.0
 endloop
endfacet
facet normal 0.0 0.0 1.0
 outer loop
  vertex 47.889801025390625 11.277700424194336 0.0
  vertex 47.09170150756836 10.472200393676758 0.0
  vertex 48.63646204192395 10.015733309229836 0.0
 endloop
endfacet
facet normal 0.0 -0.0 1.0
 outer loop
  vertex 87.0 9.666669845581055 0.0
  vertex 87.0 10.472200393676758 0.0
  vertex 85.8814015054233 10.472200393676758 0.0
 endloop
endfacet
facet normal 0.0 0.0 1.0
 outer loop
  vertex 87.0 9.666669845581055 0.0
  vertex 85.8814015054233 10.472200393676758 0.0
  vertex 85.88140150540201 9.666669845581055 0.0
 endloop
endfacet
facet normal 0.0 0.0 1.0
 outer loop
  vertex 85.88140150540201 9.666669845581055 0.0
  vertex 85.88140150539525 8.861109733581543 0.0
  vertex 87.0 8.861109733581543 0.0
 endloop
endfacet
facet normal 0.0 0.0 1.0
 outer loop
  vertex 87.0 9.666669845581055 0.0
  vertex 85.88140150540201 9.666669845581055 0.0
  vertex 87.0 8.861109733581543 0.0
 endloop
endfacet
facet normal 0.0 0.0 1.0
 outer loop
  vertex 33.52289962768555 9.666669845581055 0.0
  vertex 34.44787942120029 10.05820191519297 0.0
  vertex 34.081569290161134 10.472200393676758 0.0
 endloop
endfacet
facet normal 0.0 0.0 1.0
 outer loop
  vertex 32.724700927734375 9.666669845581055 0.0
  vertex 33.52289962768555 9.666669845581055 0.0
  vertex 34.081569290161134 10.472200393676758 0.0
 endloop
endfacet
facet normal 0.0 0.0 1.0
 outer loop
  vertex 47.09170150756836 12.08329963684082 0.0
  vertex 46.436117249500654 12.488221350358799 0.0
  vertex 45.9657087712347 12.164920611702836 0.0
 endloop
endfacet
facet normal 0.0 0.0 1.0
 outer loop
  vertex 57.23856722416714 12.815535769978304 0.0
  vertex 56.77080828839651 12.492033532634377 0.0
  vertex 56.669700622558594 12.08329963684082 0.0
 endloop
endfacet
facet normal 0.0 0.0 1.0
 outer loop
  vertex 58.26599884033203 12.888799667358398 0.0
  vertex 57.73980977433158 13.13553038239479 0.0
  vertex 57.23856722416714 12.815535769978304 0.0
 endloop
endfacet
facet normal 0.0 0.0 1.0
 outer loop
  vertex 74.8016323343921 12.37192826255485 0.0
  vertex 75.13529694080506 11.857156967785851 0.0
  vertex 75.82559967041016 12.08329963684082 0.0
 endloop
endfacet
facet normal 0.0 0.0 1.0
 outer loop
  vertex 78.22010040283203 11.277700424194336 0.0
  vertex 77.4219970703125 12.08329963684082 0.0
  vertex 76.6238021850586 11.277700424194336 0.0
 endloop
endfacet
facet normal 0.0 0.0 1.0
 outer loop
  vertex 78.22010040283203 11.277700424194336 0.0
  vertex 76.6238021850586 11.277700424194336 0.0
  vertex 77.4219970703125 10.472200393676758 0.0
 endloop
endfacet
facet normal 0.0 0.0 1.0
 outer loop
  vertex 85.8814015054233 10.472200393676758 0.0
  vertex 87.0 10.472200393676758 0.0
  vertex 87.0 11.277700424194336 0.0
 endloop
endfacet
facet normal -0.0 0.0 1.0
 outer loop
  vertex 85.88140150539897 11.277700424194336 0.0
  vertex 85.8814015054233 10.472200393676758 0.0
  vertex 87.0 11.277700424194336 0.0
 endloop
endfacet
facet normal 0.0 0.0 1.0
 outer loop
  vertex 85.88140150539897 11.277700424194336 0.0
  vertex 87.0 11.277700424194336 0.0
  vertex 87.0 12.08329963684082 0.0
 endloop
endfacet
facet normal 0.0 0.0 1.0
 outer loop
  vertex 85.88140150539897 11.277700424194336 0.0
  vertex 87.0 12.08329963684082 0.0
  vertex 85.88140150539897 12.08329963684082 0.0
 endloop
endfacet
facet normal 0.0 0.0 1.0
 outer loop
  vertex 29.531999588012695 14.258319950103758 0.0
  vertex 28.73390007019043 13.6943998336792 0.0
  vertex 29.531999588012695 12.888799667358398 0.0
 endloop
endfacet
facet normal 0.0 0.0 1.0
 outer loop
  vertex 33.88822330493298 12.08329963684082 0.0
  vertex 32.724700927734375 12.08329963684082 0.0
  vertex 33.84556034600171 11.277700424194336 0.0
 endloop
endfacet
facet normal 0.0 0.0 1.0
 outer loop
  vertex 51.08250045776367 12.08329963684082 0.0
  vertex 51.08250045776367 11.519380187988281 0.0
  vertex 51.48159980773926 11.212321336306797 0.0
 endloop
endfacet
facet normal -0.0 0.0 1.0
 outer loop
  vertex 51.48159980773926 11.212321336306797 0.0
  vertex 51.880699157714844 10.905262484625315 0.0
  vertex 52.67879867553711 11.277700424194336 0.0
 endloop
endfacet
facet normal 0.0 0.0 1.0
 outer loop
  vertex 51.880699157714844 12.888799667358398 0.0
  vertex 51.08250045776367 12.08329963684082 0.0
  vertex 51.48159980773926 11.212321336306797 0.0
 endloop
endfacet
facet normal 0.0 0.0 1.0
 outer loop
  vertex 51.880699157714844 12.888799667358398 0.0
  vertex 51.48159980773926 11.212321336306797 0.0
  vertex 52.67879867553711 11.277700424194336 0.0
 endloop
endfacet
facet normal 0.0 0.0 1.0
 outer loop
  vertex 51.880699157714844 12.888799667358398 0.0
  vertex 52.67879867553711 11.277700424194336 0.0
  vertex 53.23754043579102 12.08329963684082 0.0
 endloop
endfacet
facet normal 0.0 0.0 1.0
 outer loop
  vertex 58.73689142847434 13.777555884026938 0.0
  vertex 58.26599884033203 13.452719783782959 0.0
  vertex 58.26599884033203 12.888799667358398 0.0
 endloop
endfacet
facet normal 0.0 0.0 1.0
 outer loop
  vertex 59.862300872802734 13.6943998336792 0.0
  vertex 59.20778401661664 14.10239198427092 0.0
  vertex 58.73689142847434 13.777555884026938 0.0
 endloop
endfacet
facet normal 0.0 0.0 1.0
 outer loop
  vertex 59.39141317550093 11.196333091890608 0.0
  vertex 59.862300872802734 11.519380187988281 0.0
  vertex 59.862300872802734 12.08329963684082 0.0
 endloop
endfacet
facet normal 0.0 0.0 0.9999999999999999
 outer loop
  vertex 9.352153261394578 13.203474194813541 0.0
  vertex 9.650277897966262 12.700641780102636 0.0
  vertex 10.376099586486816 12.888799667358398 0.0
 endloop
endfacet
facet normal 0.0 0.0 1.0
 outer loop
  vertex 9.577980041503906 14.5 0.0
  vertex 9.064066160025305 13.718580569959741 0.0
  vertex 9.352153261394578 13.203474194813541 0.0
 endloop
endfacet
facet normal 0.0 0.0 1.0
 outer loop
  vertex 23.146699905395508 13.6943998336792 0.0
  vertex 22.88003892436774 12.870544887648629 0.0
  vertex 23.412338131266537 12.597145923947352 0.0
 endloop
endfacet
facet normal 0.0 -0.0 1.0
 outer loop
  vertex 23.412338131266537 12.597145923947352 0.0
  vertex 24.743099212646484 13.6943998336792 0.0
  vertex 23.146699905395508 13.6943998336792 0.0
 endloop
endfacet
facet normal 0.0 0.0 1.0
 outer loop
  vertex 32.48524074554443 14.499999999999998 0.0
  vertex 33.52289962768555 14.5 0.0
  vertex 32.724700927734375 14.76906166646458 0.0
 endloop
endfacet
facet normal 0.0 -0.0 1.0
 outer loop
  vertex 34.401914483588186 13.362354811571205 0.0
  vertex 34.722259677015245 13.835909955784011 0.0
  vertex 34.32099914550781 14.5 0.0
 endloop
endfacet
facet normal 0.0 0.0 0.9999999999999999
 outer loop
  vertex 34.401914483588186 13.362354811571205 0.0
  vertex 34.32099914550781 14.5 0.0
  vertex 33.52289962768555 14.5 0.0
 endloop
endfacet
facet normal 0.0 0.0 1.0
 outer loop
  vertex 79.01830291748047 12.888799667358398 0.0
  vertex 79.48608118466534 13.70468878002091 0.0
  vertex 79.13246167387564 14.102344390010455 0.0
 endloop
endfacet
facet normal 0.0 0.0 1.0
 outer loop
  vertex 85.88140150539897 12.08329963684082 0.0
  vertex 87.0 12.08329963684082 0.0
  vertex 87.0 12.888799667358398 0.0
 endloop
endfacet
facet normal -0.0 0.0 0.9999999999999999
 outer loop
  vertex 85.88140150539863 12.888799667358398 0.0
  vertex 85.88140150539897 12.08329963684082 0.0
  vertex 87.0 12.888799667358398 0.0
 endloop
endfacet
facet normal 0.0 0.0 0.9999999999999999
 outer loop
  vertex 85.88140150539863 12.888799667358398 0.0
  vertex 87.0 12.888799667358398 0.0
  vertex 87.0 13.6943998336792 0.0
 endloop
endfacet
facet normal 0.0 -0.0 1.0
 outer loop
  vertex 85.88140150539863 12.888799667358398 0.0
  vertex 87.0 13.6943998336792 0.0
  vertex 85.88140150536314 13.6943998336792 0.0
 endloop
endfacet
facet normal 0.0 0.0 1.0
 outer loop
  vertex 21.550399780273438 14.5 0.0
  vertex 21.28495469359877 13.698341936870968 0.0
  vertex 21.816165578819245 13.420422808969796 0.0
 endloop
endfacet
facet normal -0.0 0.0 1.0
 outer loop
  vertex 21.816165578819245 13.420422808969796 0.0
  vertex 22.34773971746894 13.143943851349906 0.0
  vertex 23.146699905395508 13.6943998336792 0.0
 endloop
endfacet
facet normal 0.0 0.0 1.0
 outer loop
  vertex 21.816165578819245 13.420422808969796 0.0
  vertex 23.146699905395508 13.6943998336792 0.0
  vertex 23.146699905395508 14.5 0.0
 endloop
endfacet
facet normal 0.0 -0.0 0.9999999999999999
 outer loop
  vertex 21.816165578819245 13.420422808969796 0.0
  vertex 23.146699905395508 14.5 0.0
  vertex 21.550399780273438 14.5 0.0
 endloop
endfacet
facet normal 0.0 0.0 1.0
 outer loop
  vertex 28.73390007019043 13.6943998336792 0.0
  vertex 29.531999588012695 14.258319950103758 0.0
  vertex 28.99972713897384 14.524814210163989 0.0
 endloop
endfacet
facet normal 0.0 -0.0 1.0
 outer loop
  vertex 28.73390007019043 13.6943998336792 0.0
  vertex 28.99972713897384 14.524814210163989 0.0
  vertex 28.467454689934982 14.791308470224218 0.0
 endloop
endfacet
facet normal 0.0 0.0 1.0
 outer loop
  vertex 28.467454689934982 14.791308470224218 0.0
  vertex 27.934101707931116 15.056257339203995 0.0
  vertex 27.935699462890625 13.6943998336792 0.0
 endloop
endfacet
facet normal 0.0 0.0 1.0
 outer loop
  vertex 28.73390007019043 13.6943998336792 0.0
  vertex 28.467454689934982 14.791308470224218 0.0
  vertex 27.935699462890625 13.6943998336792 0.0
 endloop
endfacet
facet normal 0.0 0.0 1.0
 outer loop
  vertex 61.13139197975397 15.387518426221089 0.0
  vertex 60.660499572753906 15.063850021362306 0.0
  vertex 60.660499572753906 14.5 0.0
 endloop
endfacet
facet normal 0.0 0.0 1.0
 outer loop
  vertex 62.25680160522461 15.305500030517578 0.0
  vertex 61.602284386754036 15.711186831079871 0.0
  vertex 61.13139197975397 15.387518426221089 0.0
 endloop
endfacet
facet normal 0.0 0.0 1.0
 outer loop
  vertex 8.501200108890377 14.774793529701665 0.0
  vertex 8.78130231929748 14.244087028885751 0.0
  vertex 9.577980041503906 14.5 0.0
 endloop
endfacet
facet normal 0.0 0.0 1.0
 outer loop
  vertex 9.577980041503906 14.5 0.0
  vertex 10.376099586486816 15.305500030517578 0.0
  vertex 9.577980041503906 16.111099243164063 0.0
 endloop
endfacet
facet normal -0.0 0.0 0.9999999999999999
 outer loop
  vertex 8.501200108890377 14.774793529701665 0.0
  vertex 9.577980041503906 14.5 0.0
  vertex 9.577980041503906 16.111099243164063 0.0
 endloop
endfacet
facet normal 0.0 0.0 1.0
 outer loop
  vertex 19.954099655151367 15.305500030517578 0.0
  vertex 19.692846063973835 14.537811359909883 0.0
  vertex 20.22289617658705 14.255620362954588 0.0
 endloop
endfacet
facet normal -0.0 0.0 1.0
 outer loop
  vertex 20.22289617658705 14.255620362954588 0.0
  vertex 20.7537438083783 13.976261064772137 0.0
  vertex 21.550399780273438 14.5 0.0
 endloop
endfacet
facet normal 0.0 0.0 1.0
 outer loop
  vertex 23.146699905395508 14.5 0.0
  vertex 23.146699905395508 13.6943998336792 0.0
  vertex 24.743099212646484 13.6943998336792 0.0
 endloop
endfacet
facet normal 0.0 0.0 1.0
 outer loop
  vertex 26.339399337768555 15.305500030517578 0.0
  vertex 26.330346776057226 15.847638328719771 0.0
  vertex 25.795385365347215 16.111099243164063 0.0
 endloop
endfacet
facet normal 0.0 0.0 1.0
 outer loop
  vertex 25.795385365347215 16.111099243164063 0.0
  vertex 25.258387561806547 16.379596746870337 0.0
  vertex 24.743099212646484 16.111099243164063 0.0
 endloop
endfacet
facet normal 0.0 0.0 0.9999999999999999
 outer loop
  vertex 33.416459794901314 15.663765937126485 0.0
  vertex 33.52289962768555 14.5 0.0
  vertex 34.32099914550781 14.5 0.0
 endloop
endfacet
facet normal 0.0 0.0 1.0
 outer loop
  vertex 34.32099914550781 16.111099243164063 0.0
  vertex 33.416459794901314 15.663765937126485 0.0
  vertex 34.32099914550781 14.5 0.0
 endloop
endfacet
facet normal 0.0 0.0 1.0
 outer loop
  vertex 51.08250045776367 16.67494926452637 0.0
  vertex 50.2843017578125 15.305500030517578 0.0
  vertex 51.880699157714844 15.305500030517578 0.0
 endloop
endfacet
facet normal 0.0 -0.0 0.9999999999999999
 outer loop
  vertex 51.880699157714844 14.5 0.0
  vertex 51.880699157714844 15.305500030517578 0.0
  vertex 50.2843017578125 15.305500030517578 0.0
 endloop
endfacet
facet normal 0.0 0.0 1.0
 outer loop
  vertex 51.880699157714844 14.5 0.0
  vertex 50.2843017578125 15.305500030517578 0.0
  vertex 50.2843017578125 13.6943998336792 0.0
 endloop
endfacet
facet normal 0.0 -0.0 1.0
 outer loop
  vertex 87.0 14.5 0.0
  vertex 87.0 15.305500030517578 0.0
  vertex 85.88140150539897 15.305500030517578 0.0
 endloop
endfacet
facet normal 0.0 0.0 0.9999999999999999
 outer loop
  vertex 87.0 14.5 0.0
  vertex 85.88140150539897 15.305500030517578 0.0
  vertex 85.88140150539863 14.5 0.0
 endloop
endfacet
facet normal 0.0 0.0 1.0
 outer loop
  vertex 85.88140150539863 14.5 0.0
  vertex 85.88140150536314 13.6943998336792 0.0
  vertex 87.0 13.6943998336792 0.0
 endloop
endfacet
facet normal 0.0 0.0 0.9999999999999999
 outer loop
  vertex 87.0 14.5 0.0
  vertex 85.88140150539863 14.5 0.0
  vertex 87.0 13.6943998336792 0.0
 endloop
endfacet
facet normal 0.0 0.0 1.0
 outer loop
  vertex 18.35770034790039 16.111099243164063 0.0
  vertex 18.128271293640136 15.40038784845457 0.0
  vertex 18.640214639902116 15.111134075807001 0.0
 endloop
endfacet
facet normal -0.0 0.0 1.0
 outer loop
  vertex 18.640214639902116 15.111134075807001 0.0
  vertex 19.16416023506273 14.823273042224585 0.0
  vertex 19.954099655151367 15.305500030517578 0.0
 endloop
endfacet
facet normal 0.0 0.0 1.0
 outer loop
  vertex 18.640214639902116 15.111134075807001 0.0
  vertex 19.954099655151367 15.305500030517578 0.0
  vertex 19.954099655151367 16.111099243164063 0.0
 endloop
endfacet
facet normal 0.0 -0.0 1.0
 outer loop
  vertex 18.640214639902116 15.111134075807001 0.0
  vertex 19.954099655151367 16.111099243164063 0.0
  vertex 18.35770034790039 16.111099243164063 0.0
 endloop
endfacet
facet normal 0.0 0.0 1.0
 outer loop
  vertex 24.743099212646484 16.111099243164063 0.0
  vertex 24.721373842243604 16.648098010275987 0.0
  vertex 24.184360122680662 16.91659927368164 0.0
 endloop
endfacet
facet normal 0.0 0.0 1.0
 outer loop
  vertex 24.184360122680662 16.91659927368164 0.0
  vertex 23.657990465141467 17.189945918880404 0.0
  vertex 23.146699905395508 16.91659927368164 0.0
 endloop
endfacet
facet normal 0.0 0.0 1.0
 outer loop
  vertex 34.32099914550781 16.111099243164063 0.0
  vertex 35.11920166015625 16.91659927368164 0.0
  vertex 34.39635575513246 17.097723900154236 0.0
 endloop
endfacet
facet normal -0.0 0.0 1.0
 outer loop
  vertex 34.07934261908234 16.60441157165915 0.0
  vertex 34.32099914550781 16.111099243164063 0.0
  vertex 34.39635575513246 17.097723900154236 0.0
 endloop
endfacet
facet normal 0.0 -0.0 1.0
 outer loop
  vertex 36.31811207610226 16.255971603572274 0.0
  vertex 36.63795292224822 16.733610837044885 0.0
  vertex 35.91740036010742 16.91659927368164 0.0
 endloop
endfacet
facet normal 0.0 -0.0 1.0
 outer loop
  vertex 35.998026413112164 15.780735817044926 0.0
  vertex 36.31811207610226 16.255971603572274 0.0
  vertex 35.91740036010742 16.91659927368164 0.0
 endloop
endfacet
facet normal 0.0 0.0 0.9999999999999999
 outer loop
  vertex 35.998026413112164 15.780735817044926 0.0
  vertex 35.91740036010742 16.91659927368164 0.0
  vertex 35.11920166015625 16.91659927368164 0.0
 endloop
endfacet
facet normal 0.0 0.0 1.0
 outer loop
  vertex 48.6879997253418 16.91659927368164 0.0
  vertex 48.16046708226203 15.88853314478099 0.0
  vertex 48.68799972534179 15.547179794311523 0.0
 endloop
endfacet
facet normal 0.0 0.0 1.0
 outer loop
  vertex 49.48619842529297 16.91659927368164 0.0
  vertex 48.6879997253418 16.91659927368164 0.0
  vertex 48.68799972534179 15.547179794311523 0.0
 endloop
endfacet
facet normal 0.0 0.0 0.9999999999999999
 outer loop
  vertex 52.19486096872083 16.91659927368164 0.0
  vertex 51.880699157714844 16.67494926452637 0.0
  vertex 52.67879867553711 16.111099243164063 0.0
 endloop
endfacet
facet normal 0.0 -0.0 1.0
 outer loop
  vertex 54.8338695526123 15.305500030517578 0.0
  vertex 55.15598613284528 15.757508177752843 0.0
  vertex 54.27519989013672 16.111099243164063 0.0
 endloop
endfacet
facet normal -0.0 0.0 1.0
 outer loop
  vertex 53.47700119018555 14.5 0.0
  vertex 54.18824686036678 14.244756089941525 0.0
  vertex 54.51105820648954 14.775128060229552 0.0
 endloop
endfacet
facet normal 0.0 0.0 1.0
 outer loop
  vertex 54.8338695526123 15.305500030517578 0.0
  vertex 54.27519989013672 16.111099243164063 0.0
  vertex 54.51105820648954 14.775128060229552 0.0
 endloop
endfacet
facet normal 0.0 0.0 1.0
 outer loop
  vertex 63.52165753059089 16.99664854686234 0.0
  vertex 63.05500030517578 16.67494926452637 0.0
  vertex 63.05500030517578 16.111099243164063 0.0
 endloop
endfacet
facet normal 0.0 0.0 0.9999999999999999
 outer loop
  vertex 64.65129852294922 16.91659927368164 0.0
  vertex 63.988314756006005 17.31834782919831 0.0
  vertex 63.52165753059089 16.99664854686234 0.0
 endloop
endfacet
facet normal 0.0 0.0 1.0
 outer loop
  vertex 76.6238021850586 17.294058761986612 0.0
  vertex 76.27792802355894 17.705276782139258 0.0
  vertex 75.82559967041016 16.91659927368164 0.0
 endloop
endfacet
facet normal 0.0 0.0 1.0
 outer loop
  vertex 77.00827227532864 16.844634044242998 0.0
  vertex 76.6238021850586 17.294058761986612 0.0
  vertex 75.82559967041016 16.91659927368164 0.0
 endloop
endfacet
facet normal 0.0 0.0 0.9999999999999999
 outer loop
  vertex 77.00827227532864 16.844634044242998 0.0
  vertex 75.82559967041016 16.91659927368164 0.0
  vertex 75.82559967041016 16.111099243164063 0.0
 endloop
endfacet
facet normal 0.0 0.0 0.9999999999999999
 outer loop
  vertex 9.577980041503906 16.111099243164063 0.0
  vertex 9.990224945835017 16.77629453080686 0.0
  vertex 9.664376980211209 17.24924746224181 0.0
 endloop
endfacet
facet normal 0.0 0.0 1.0
 outer loop
  vertex 23.146699905395508 16.91659927368164 0.0
  vertex 23.130901146609283 17.46285415400562 0.0
  vertex 22.603811828077102 17.735762389130834 0.0
 endloop
endfacet
facet normal 0.0 0.0 1.0
 outer loop
  vertex 22.603811828077102 17.735762389130834 0.0
  vertex 22.07502193140096 18.007572573387733 0.0
  vertex 21.550399780273438 17.722200393676758 0.0
 endloop
endfacet
facet normal 0.0 0.0 1.0
 outer loop
  vertex 87.0 16.91659927368164 0.0
  vertex 85.8814015053983 16.91659927368164 0.0
  vertex 85.88140150539897 16.111099243164063 0.0
 endloop
endfacet
facet normal 0.0 -0.0 1.0
 outer loop
  vertex 87.0 16.111099243164063 0.0
  vertex 87.0 16.91659927368164 0.0
  vertex 85.88140150539897 16.111099243164063 0.0
 endloop
endfacet
facet normal 0.0 0.0 1.0
 outer loop
  vertex 85.88140150539897 16.111099243164063 0.0
  vertex 85.88140150539897 15.305500030517578 0.0
  vertex 87.0 15.305500030517578 0.0
 endloop
endfacet
facet normal -0.0 0.0 1.0
 outer loop
  vertex 85.88140150539897 16.111099243164063 0.0
  vertex 87.0 15.305500030517578 0.0
  vertex 87.0 16.111099243164063 0.0
 endloop
endfacet
facet normal 0.0 0.0 1.0
 outer loop
  vertex 16.76140022277832 16.91659927368164 0.0
  vertex 16.76140022277832 16.352749252319335 0.0
  vertex 17.21162067055702 16.033012796865286 0.0
 endloop
endfacet
facet normal 0.0 0.0 1.0
 outer loop
  vertex 21.550399780273438 17.722200393676758 0.0
  vertex 21.546232034724817 18.279382757644633 0.0
  vertex 21.015710936745183 18.54991262501571 0.0
 endloop
endfacet
facet normal 0.0 0.0 1.0
 outer loop
  vertex 21.015710936745183 18.54991262501571 0.0
  vertex 20.48463048621859 18.819914878984125 0.0
  vertex 19.954099655151367 18.527700424194336 0.0
 endloop
endfacet
facet normal 0.0 0.0 1.0
 outer loop
  vertex 35.03757220629741 18.05246434151195 0.0
  vertex 35.11920166015625 16.91659927368164 0.0
  vertex 35.91740036010742 16.91659927368164 0.0
 endloop
endfacet
facet normal 0.0 0.0 1.0
 outer loop
  vertex 35.91740036010742 18.527700424194336 0.0
  vertex 35.03757220629741 18.05246434151195 0.0
  vertex 35.91740036010742 16.91659927368164 0.0
 endloop
endfacet
facet normal 0.0 0.0 1.0
 outer loop
  vertex 53.47700119018555 17.722200393676758 0.0
  vertex 54.27519989013672 18.527700424194336 0.0
  vertex 53.56148716187826 18.718777259998024 0.0
 endloop
endfacet
facet normal -0.0 0.0 1.0
 outer loop
  vertex 53.24062950811875 18.22597662061453 0.0
  vertex 53.47700119018555 17.722200393676758 0.0
  vertex 53.56148716187826 18.718777259998024 0.0
 endloop
endfacet
facet normal 0.0 0.0 1.0
 outer loop
  vertex 75.82559967041016 16.91659927368164 0.0
  vertex 76.27792802355894 17.705276782139258 0.0
  vertex 75.93205386205929 18.116494802291903 0.0
 endloop
endfacet
facet normal 0.0 0.0 1.0
 outer loop
  vertex 75.02749633789063 16.91659927368164 0.0
  vertex 75.82559967041016 16.91659927368164 0.0
  vertex 75.93205386205929 18.116494802291903 0.0
 endloop
endfacet
facet normal 0.0 0.0 1.0
 outer loop
  vertex 6.38532018661499 20.1387996673584 0.0
  vertex 5.465304911438951 19.735758316715724 0.0
  vertex 5.826601123809814 19.33329963684082 0.0
 endloop
endfacet
facet normal 0.0 0.0 1.0
 outer loop
  vertex 6.124975114308226 18.796269829338417 0.0
  vertex 6.423349104806638 18.259240021836014 0.0
  vertex 7.1834797859191895 18.527700424194336 0.0
 endloop
endfacet
facet normal 0.0 -0.0 1.0
 outer loop
  vertex 8.779809951782227 17.722200393676758 0.0
  vertex 9.04919629322168 18.25924263268969 0.0
  vertex 8.759848948410264 18.796271134765256 0.0
 endloop
endfacet
facet normal 0.0 0.0 0.9999999999999999
 outer loop
  vertex 15.16510009765625 17.722200393676758 0.0
  vertex 15.165910674200127 17.161870730851067 0.0
  vertex 15.697532140208214 16.89182777399953 0.0
 endloop
endfacet
facet normal 0.0 0.0 1.0
 outer loop
  vertex 19.954099655151367 18.527700424194336 0.0
  vertex 19.953550035691997 19.08991713295254 0.0
  vertex 19.421910232618444 19.35939177351829 0.0
 endloop
endfacet
facet normal 0.0 0.0 1.0
 outer loop
  vertex 19.421910232618444 19.35939177351829 0.0
  vertex 18.889805290259417 19.628270715860708 0.0
  vertex 18.35770034790039 19.33329963684082 0.0
 endloop
endfacet
facet normal 0.0 0.0 1.0
 outer loop
  vertex 35.91740036010742 18.527700424194336 0.0
  vertex 36.71549987792969 19.33329963684082 0.0
  vertex 35.99453267082572 19.514589461751346 0.0
 endloop
endfacet
facet normal -0.0 0.0 1.0
 outer loop
  vertex 35.676071286294615 19.02514300738762 0.0
  vertex 35.91740036010742 18.527700424194336 0.0
  vertex 35.99453267082572 19.514589461751346 0.0
 endloop
endfacet
facet normal 0.0 -0.0 1.0
 outer loop
  vertex 48.6879997253418 17.722200393676758 0.0
  vertex 48.93063838309352 18.40110377880127 0.0
  vertex 48.41860766410828 18.74575927969609 0.0
 endloop
endfacet
facet normal 0.0 0.0 1.0
 outer loop
  vertex 48.41860766410828 18.74575927969609 0.0
  vertex 47.09170150756836 17.722200393676758 0.0
  vertex 48.6879997253418 17.722200393676758 0.0
 endloop
endfacet
facet normal -0.0 0.0 0.9999999999999999
 outer loop
  vertex 53.879735150481494 19.19515375709161 0.0
  vertex 54.27519989013672 18.527700424194336 0.0
  vertex 54.19718244798245 19.666976712225004 0.0
 endloop
endfacet
facet normal 0.0 -0.0 1.0
 outer loop
  vertex 56.43023986816405 17.722200393676758 0.0
  vertex 56.7503150638542 18.197393388076488 0.0
  vertex 55.871498107910156 18.527700424194336 0.0
 endloop
endfacet
facet normal -0.0 0.0 1.0
 outer loop
  vertex 55.073299407958984 16.91659927368164 0.0
  vertex 55.7984623149503 16.68232836843077 0.0
  vertex 56.11595015525817 17.186331000270123 0.0
 endloop
endfacet
facet normal 0.0 -0.0 1.0
 outer loop
  vertex 87.0 17.722200393676758 0.0
  vertex 87.0 18.527700424194336 0.0
  vertex 85.88140150539897 18.527700424194336 0.0
 endloop
endfacet
facet normal 0.0 0.0 1.0
 outer loop
  vertex 87.0 17.722200393676758 0.0
  vertex 85.88140150539897 18.527700424194336 0.0
  vertex 85.88140150539829 17.722200393676758 0.0
 endloop
endfacet
facet normal 0.0 0.0 1.0
 outer loop
  vertex 85.8814015053983 16.91659927368164 0.0
  vertex 87.0 16.91659927368164 0.0
  vertex 87.0 17.722200393676758 0.0
 endloop
endfacet
facet normal -0.0 0.0 1.0
 outer loop
  vertex 85.88140150539829 17.722200393676758 0.0
  vertex 85.8814015053983 16.91659927368164 0.0
  vertex 87.0 17.722200393676758 0.0
 endloop
endfacet
facet normal 0.0 0.0 1.0
 outer loop
  vertex 13.56879997253418 18.527700424194336 0.0
  vertex 13.57591660167278 17.98024265092789 0.0
  vertex 14.104833955966962 17.70551316885739 0.0
 endloop
endfacet
facet normal 0.0 0.0 1.0
 outer loop
  vertex 14.366900444030762 19.33329963684082 0.0
  vertex 13.56879997253418 18.527700424194336 0.0
  vertex 14.104833955966962 17.70551316885739 0.0
 endloop
endfacet
facet normal 0.0 0.0 1.0
 outer loop
  vertex 14.366900444030762 19.33329963684082 0.0
  vertex 14.104833955966962 17.70551316885739 0.0
  vertex 15.16510009765625 17.722200393676758 0.0
 endloop
endfacet
facet normal 0.0 0.0 1.0
 outer loop
  vertex 15.16510009765625 19.33329963684082 0.0
  vertex 14.366900444030762 19.33329963684082 0.0
  vertex 15.16510009765625 17.722200393676758 0.0
 endloop
endfacet
facet normal 0.0 -0.0 1.0
 outer loop
  vertex 18.35770034790039 19.33329963684082 0.0
  vertex 18.35770034790039 19.897149658203126 0.0
  vertex 17.89658006057143 20.218862661690785 0.0
 endloop
endfacet
facet normal 0.0 0.0 1.0
 outer loop
  vertex 17.89658006057143 20.218862661690785 0.0
  vertex 17.435459773242474 20.540575665178444 0.0
  vertex 16.76140022277832 20.1387996673584 0.0
 endloop
endfacet
facet normal -0.0 0.0 0.9999999999999999
 outer loop
  vertex 36.31429852824658 19.994070734708252 0.0
  vertex 36.71549987792969 19.33329963684082 0.0
  vertex 36.63462900808081 20.469235761030884 0.0
 endloop
endfacet
facet normal 0.0 0.0 1.0
 outer loop
  vertex 37.51369857788086 18.527700424194336 0.0
  vertex 37.91870561689139 18.62746216461594 0.0
  vertex 38.2391624682583 19.099914326751048 0.0
 endloop
endfacet
facet normal 0.0 0.0 1.0
 outer loop
  vertex 38.2391624682583 19.099914326751048 0.0
  vertex 38.55630111694336 19.605837751533997 0.0
  vertex 38.3119010925293 20.1387996673584 0.0
 endloop
endfacet
facet normal 0.0 0.0 1.0
 outer loop
  vertex 38.2391624682583 19.099914326751048 0.0
  vertex 36.71549987792969 19.33329963684082 0.0
  vertex 37.51369857788086 18.527700424194336 0.0
 endloop
endfacet
facet normal 0.0 0.0 1.0
 outer loop
  vertex 11.972399711608887 19.33329963684082 0.0
  vertex 11.994870091974736 18.825151908173517 0.0
  vertex 12.523086327975452 18.537977531440234 0.0
 endloop
endfacet
facet normal 0.0 0.0 0.9999999999999999
 outer loop
  vertex 55.073299407958984 20.1387996673584 0.0
  vertex 55.871498107910156 20.944400787353516 0.0
  vertex 55.152558761587 21.129425086267297 0.0
 endloop
endfacet
facet normal -0.0 0.0 1.0
 outer loop
  vertex 54.83350986905229 20.63740804940462 0.0
  vertex 55.073299407958984 20.1387996673584 0.0
  vertex 55.152558761587 21.129425086267297 0.0
 endloop
endfacet
facet normal 0.0 0.0 1.0
 outer loop
  vertex 73.40789279010212 21.29824524466899 0.0
  vertex 73.00708046388658 21.718589141994386 0.0
  vertex 72.63300323486328 20.944400787353516 0.0
 endloop
endfacet
facet normal 0.0 0.0 0.9999999999999999
 outer loop
  vertex 73.79734767346203 20.8708266604751 0.0
  vertex 73.40789279010212 21.29824524466899 0.0
  vertex 72.63300323486328 20.944400787353516 0.0
 endloop
endfacet
facet normal 0.0 0.0 1.0
 outer loop
  vertex 73.79734767346203 20.8708266604751 0.0
  vertex 72.63300323486328 20.944400787353516 0.0
  vertex 72.63300323486328 20.1387996673584 0.0
 endloop
endfacet
facet normal 0.0 0.0 1.0
 outer loop
  vertex 87.0 20.1387996673584 0.0
  vertex 85.8814015053983 20.1387996673584 0.0
  vertex 85.88140150539897 19.33329963684082 0.0
 endloop
endfacet
facet normal 0.0 -0.0 1.0
 outer loop
  vertex 87.0 19.33329963684082 0.0
  vertex 87.0 20.1387996673584 0.0
  vertex 85.88140150539897 19.33329963684082 0.0
 endloop
endfacet
facet normal 0.0 0.0 1.0
 outer loop
  vertex 85.88140150539897 19.33329963684082 0.0
  vertex 85.88140150539897 18.527700424194336 0.0
  vertex 87.0 18.527700424194336 0.0
 endloop
endfacet
facet normal -0.0 0.0 1.0
 outer loop
  vertex 85.88140150539897 19.33329963684082 0.0
  vertex 87.0 18.527700424194336 0.0
  vertex 87.0 19.33329963684082 0.0
 endloop
endfacet
facet normal 0.0 -0.0 1.0
 outer loop
  vertex 15.963199615478516 20.944400787353516 0.0
  vertex 15.963199615478516 21.445100169865917 0.0
  vertex 15.429439270496369 21.73564073784192 0.0
 endloop
endfacet
facet normal 0.0 0.0 0.9999999999999999
 outer loop
  vertex 15.429439270496369 21.73564073784192 0.0
  vertex 14.366900444030762 20.944400787353516 0.0
  vertex 15.963199615478516 20.944400787353516 0.0
 endloop
endfacet
facet normal 0.0 -0.0 1.0
 outer loop
  vertex 39.21642095223069 20.498563404125612 0.0
  vertex 39.5622711494565 20.858327140892825 0.0
  vertex 39.11000061035156 21.75 0.0
 endloop
endfacet
facet normal 0.0 0.0 1.0
 outer loop
  vertex 44.276089419731086 21.85738107629989 0.0
  vertex 43.85497806431569 22.20644191639373 0.0
  vertex 43.10089874267578 21.75 0.0
 endloop
endfacet
facet normal 0.0 0.0 1.0
 outer loop
  vertex 44.276089419731086 21.85738107629989 0.0
  vertex 43.10089874267578 21.75 0.0
  vertex 43.10089874267578 20.944400787353516 0.0
 endloop
endfacet
facet normal 0.0 0.0 1.0
 outer loop
  vertex 45.49530029296875 20.1387996673584 0.0
  vertex 43.89899826049805 20.1387996673584 0.0
  vertex 44.697200775146484 19.33329963684082 0.0
 endloop
endfacet
facet normal 0.0 -0.0 1.0
 outer loop
  vertex 55.871498107910156 20.944400787353516 0.0
  vertex 56.669700622558594 21.75 0.0
  vertex 55.79146525144726 22.081235354254023 0.0
 endloop
endfacet
facet normal -0.0 0.0 1.0
 outer loop
  vertex 55.47197164058985 21.606970677990468 0.0
  vertex 55.871498107910156 20.944400787353516 0.0
  vertex 55.79146525144726 22.081235354254023 0.0
 endloop
endfacet
facet normal -0.0 0.0 1.0
 outer loop
  vertex 56.669700622558594 19.33329963684082 0.0
  vertex 57.390209906222296 19.15032804460651 0.0
  vertex 57.70860334560274 19.642284493225546 0.0
 endloop
endfacet
facet normal 0.0 0.0 1.0
 outer loop
  vertex 3.9908199310302734 22.555500030517578 0.0
  vertex 3.591487170906661 21.702872818447894 0.0
  vertex 3.9908199310302734 21.337869671704894 0.0
 endloop
endfacet
facet normal 0.0 0.0 1.0
 outer loop
  vertex 5.5871500968933105 20.944400787353516 0.0
  vertex 6.38532018661499 21.75 0.0
  vertex 5.5871500968933105 22.555500030517578 0.0
 endloop
endfacet
facet normal 0.0 0.0 0.9999999999999999
 outer loop
  vertex 3.9908199310302734 21.337869671704894 0.0
  vertex 4.380331280873381 20.944400787353516 0.0
  vertex 5.5871500968933105 20.944400787353516 0.0
 endloop
endfacet
facet normal 0.0 0.0 1.0
 outer loop
  vertex 10.035937885474414 20.06237771151023 0.0
  vertex 11.174300193786621 20.1387996673584 0.0
  vertex 11.174300193786621 20.944400787353516 0.0
 endloop
endfacet
facet normal -0.0 0.0 0.9999999999999999
 outer loop
  vertex 9.577980041503906 20.380480003356933 0.0
  vertex 10.035937885474414 20.06237771151023 0.0
  vertex 11.174300193786621 20.944400787353516 0.0
 endloop
endfacet
facet normal 0.0 0.0 1.0
 outer loop
  vertex 13.971765534975937 22.555500030517578 0.0
  vertex 13.50902868331962 22.95829963684082 0.0
  vertex 12.770600318908691 22.555500030517578 0.0
 endloop
endfacet
facet normal 0.0 0.0 1.0
 outer loop
  vertex 13.971765534975937 22.555500030517578 0.0
  vertex 12.770600318908691 22.555500030517578 0.0
  vertex 12.770600318908691 21.75 0.0
 endloop
endfacet
facet normal -0.0 0.0 1.0
 outer loop
  vertex 40.70640182495117 22.555500030517578 0.0
  vertex 41.50450134277344 21.18608055114746 0.0
  vertex 42.30270004272461 22.555500030517578 0.0
 endloop
endfacet
facet normal 0.0 0.0 1.0
 outer loop
  vertex 41.50450134277344 23.361099243164063 0.0
  vertex 40.70640182495117 22.555500030517578 0.0
  vertex 42.30270004272461 22.555500030517578 0.0
 endloop
endfacet
facet normal 0.0 -0.0 1.0
 outer loop
  vertex 87.0 20.944400787353516 0.0
  vertex 87.0 21.75 0.0
  vertex 85.88140150539897 21.75 0.0
 endloop
endfacet
facet normal 0.0 0.0 0.9999999999999999
 outer loop
  vertex 87.0 20.944400787353516 0.0
  vertex 85.88140150539897 21.75 0.0
  vertex 85.88140150536314 20.944400787353516 0.0
 endloop
endfacet
facet normal 0.0 0.0 1.0
 outer loop
  vertex 85.8814015053983 20.1387996673584 0.0
  vertex 87.0 20.1387996673584 0.0
  vertex 87.0 20.944400787353516 0.0
 endloop
endfacet
facet normal -0.0 0.0 1.0
 outer loop
  vertex 85.88140150536314 20.944400787353516 0.0
  vertex 85.8814015053983 20.1387996673584 0.0
  vertex 87.0 20.944400787353516 0.0
 endloop
endfacet
facet normal 0.0 0.0 1.0
 outer loop
  vertex 64.65129852294922 21.75 0.0
  vertex 64.65129852294922 21.18608055114746 0.0
  vertex 65.08265186871924 20.83699347923975 0.0
 endloop
endfacet
facet normal 0.0 0.0 1.0
 outer loop
  vertex 71.83480072021484 21.75 0.0
  vertex 71.0365982055664 22.555500030517578 0.0
  vertex 70.2385025024414 21.75 0.0
 endloop
endfacet
facet normal 0.0 0.0 1.0
 outer loop
  vertex 11.174300193786621 23.361099243164063 0.0
  vertex 10.376099586486816 22.555500030517578 0.0
  vertex 11.174300193786621 21.75 0.0
 endloop
endfacet
facet normal 0.0 0.0 1.0
 outer loop
  vertex 11.174300193786621 21.75 0.0
  vertex 12.770600318908691 22.555500030517578 0.0
  vertex 11.174300193786621 23.361099243164063 0.0
 endloop
endfacet
facet normal -0.0 0.0 1.0
 outer loop
  vertex 24.067130661010744 23.17228692770004 0.0
  vertex 24.804165649414063 23.145853203535076 0.0
  vertex 24.743099212646484 24.16659927368164 0.0
 endloop
endfacet
facet normal -0.0 0.0 1.0
 outer loop
  vertex 27.15520434741775 23.06880165567371 0.0
  vertex 27.94334084908187 23.044259833260746 0.0
  vertex 27.935699462890625 24.16659927368164 0.0
 endloop
endfacet
facet normal -0.0 0.0 1.0
 outer loop
  vertex 28.73577505269204 23.021010224108352 0.0
  vertex 29.532983714775764 23.00175666018217 0.0
  vertex 29.531999588012695 24.16659927368164 0.0
 endloop
endfacet
facet normal -0.0 0.0 1.0
 outer loop
  vertex 30.33066921602731 22.98463851335402 0.0
  vertex 31.128592779813335 22.969382956026656 0.0
  vertex 31.128400802612305 24.16659927368164 0.0
 endloop
endfacet
facet normal -0.0 0.0 1.0
 outer loop
  vertex 31.92651634359936 22.954127398699292 0.0
  vertex 32.7246774506566 22.94181980242883 0.0
  vertex 32.724700927734375 24.16659927368164 0.0
 endloop
endfacet
facet normal -0.0 0.0 0.9999999999999999
 outer loop
  vertex 35.11920166015625 22.900674386719267 0.0
  vertex 35.91740036010742 22.85945134362046 0.0
  vertex 35.91740036010742 24.16659927368164 0.0
 endloop
endfacet
facet normal 0.0 0.0 1.0
 outer loop
  vertex 56.669700622558594 24.16659927368164 0.0
  vertex 55.78278820282421 22.95829963684082 0.0
  vertex 56.110958862304685 22.555500030517578 0.0
 endloop
endfacet
facet normal -0.0 0.0 1.0
 outer loop
  vertex 59.06420135498047 22.555500030517578 0.0
  vertex 59.862300872802734 22.25370172424129 0.0
  vertex 60.21438304057378 22.555500030517578 0.0
 endloop
endfacet
facet normal 0.0 0.0 1.0
 outer loop
  vertex 63.05500030517578 22.555500030517578 0.0
  vertex 63.05500030517578 21.991650009155272 0.0
  vertex 63.58709524531732 21.72312726653763 0.0
 endloop
endfacet
facet normal 0.0 0.0 1.0
 outer loop
  vertex 63.85309982299805 23.361099243164063 0.0
  vertex 63.05500030517578 22.555500030517578 0.0
  vertex 63.58709524531732 21.72312726653763 0.0
 endloop
endfacet
facet normal 0.0 0.0 0.9999999999999999
 outer loop
  vertex 63.85309982299805 23.361099243164063 0.0
  vertex 63.58709524531732 21.72312726653763 0.0
  vertex 64.65129852294922 21.75 0.0
 endloop
endfacet
facet normal 0.0 0.0 1.0
 outer loop
  vertex 85.88140150539897 22.555500030517578 0.0
  vertex 85.88140150539897 21.75 0.0
  vertex 87.0 21.75 0.0
 endloop
endfacet
facet normal -0.0 0.0 1.0
 outer loop
  vertex 85.88140150539897 22.555500030517578 0.0
  vertex 87.0 21.75 0.0
  vertex 87.0 22.555500030517578 0.0
 endloop
endfacet
facet normal 0.0 0.0 1.0
 outer loop
  vertex 85.88140150539897 22.555500030517578 0.0
  vertex 87.0 22.555500030517578 0.0
  vertex 87.0 23.361099243164063 0.0
 endloop
endfacet
facet normal 0.0 0.0 1.0
 outer loop
  vertex 85.88140150539897 22.555500030517578 0.0
  vertex 87.0 23.361099243164063 0.0
  vertex 85.88140150539897 23.361099243164063 0.0
 endloop
endfacet
facet normal 0.0 0.0 1.0
 outer loop
  vertex 11.174300193786621 23.361099243164063 0.0
  vertex 9.577980041503906 23.361099243164063 0.0
  vertex 10.376099586486816 22.555500030517578 0.0
 endloop
endfacet
facet normal -0.0 0.0 1.0
 outer loop
  vertex 15.16510009765625 23.603004751240675 0.0
  vertex 15.963256478309631 23.602924907827756 0.0
  vertex 15.963199615478516 24.972200393676758 0.0
 endloop
endfacet
facet normal 0.0 0.0 1.0
 outer loop
  vertex 14.366900444030762 24.972200393676758 0.0
  vertex 14.366950035095215 23.602877001780005 0.0
  vertex 15.16510009765625 23.603004751240675 0.0
 endloop
endfacet
facet normal -0.0 0.0 1.0
 outer loop
  vertex 16.76141420006752 23.602865025268066 0.0
  vertex 17.55957891047001 23.602823107476283 0.0
  vertex 17.559600830078125 24.972200393676758 0.0
 endloop
endfacet
facet normal -0.0 0.0 1.0
 outer loop
  vertex 18.357743620872498 23.6027811896845 0.0
  vertex 19.155915319919586 23.602757236660626 0.0
  vertex 19.155899047851563 24.972200393676758 0.0
 endloop
endfacet
facet normal 0.0 0.0 1.0
 outer loop
  vertex 19.954099655151367 23.602749252319335 0.0
  vertex 20.752199172973633 23.602749252319335 0.0
  vertex 20.752199172973633 24.972200393676758 0.0
 endloop
endfacet
facet normal 0.0 0.0 1.0
 outer loop
  vertex 35.91740036010742 24.16659927368164 0.0
  vertex 35.91740036010742 22.85945134362046 0.0
  vertex 36.71549987792969 22.79717979431152 0.0
 endloop
endfacet
facet normal -0.0 0.0 1.0
 outer loop
  vertex 35.91740036010742 24.16659927368164 0.0
  vertex 36.71549987792969 22.79717979431152 0.0
  vertex 37.51369857788086 24.16659927368164 0.0
 endloop
endfacet
facet normal -0.0 0.0 1.0
 outer loop
  vertex 49.59818144729846 23.957468066549787 0.0
  vertex 50.340340952531065 23.87283807898082 0.0
  vertex 50.2843017578125 24.972200393676758 0.0
 endloop
endfacet
facet normal -0.0 0.0 0.9999999999999999
 outer loop
  vertex 51.110520055122954 23.81135351810486 0.0
  vertex 51.89465936533003 23.76670031011101 0.0
  vertex 51.880699157714844 24.972200393676758 0.0
 endloop
endfacet
facet normal -0.0 0.0 1.0
 outer loop
  vertex 54.275150299072266 23.646684701256344 0.0
  vertex 55.073299407958984 23.602749252319335 0.0
  vertex 55.073299407958984 24.972200393676758 0.0
 endloop
endfacet
facet normal 0.0 0.0 1.0
 outer loop
  vertex 62.25680160522461 24.16659927368164 0.0
  vertex 61.990794484410436 22.52867027532193 0.0
  vertex 63.05500030517578 22.555500030517578 0.0
 endloop
endfacet
facet normal 0.0 -0.0 1.0
 outer loop
  vertex 69.44029998779297 23.361099243164063 0.0
  vertex 69.70584733008572 24.166309770196676 0.0
  vertex 69.17519534016876 24.445501074194908 0.0
 endloop
endfacet
facet normal 0.0 0.0 1.0
 outer loop
  vertex 69.17519534016876 24.445501074194908 0.0
  vertex 68.64328865322905 24.720795605145394 0.0
  vertex 67.84400177001953 24.16659927368164 0.0
 endloop
endfacet
facet normal 0.0 0.0 1.0
 outer loop
  vertex 69.17519534016876 24.445501074194908 0.0
  vertex 67.84400177001953 24.16659927368164 0.0
  vertex 67.84400177001953 23.361099243164063 0.0
 endloop
endfacet
facet normal 0.0 0.0 1.0
 outer loop
  vertex 69.17519534016876 24.445501074194908 0.0
  vertex 67.84400177001953 23.361099243164063 0.0
  vertex 69.44029998779297 23.361099243164063 0.0
 endloop
endfacet
facet normal 0.0 0.0 1.0
 outer loop
  vertex 35.91740036010742 24.972200393676758 0.0
  vertex 35.91740036010742 24.16659927368164 0.0
  vertex 37.51369857788086 24.16659927368164 0.0
 endloop
endfacet
facet normal 0.0 0.0 1.0
 outer loop
  vertex 37.51369857788086 25.777700424194336 0.0
  vertex 35.91740036010742 24.972200393676758 0.0
  vertex 37.51369857788086 24.16659927368164 0.0
 endloop
endfacet
facet normal 0.0 0.0 1.0
 outer loop
  vertex 40.70640182495117 24.972200393676758 0.0
  vertex 39.908199310302734 24.972200393676758 0.0
  vertex 39.11000061035156 24.16659927368164 0.0
 endloop
endfacet
facet normal -0.0 0.0 1.0
 outer loop
  vertex 43.89899826049805 24.492633355199963 0.0
  vertex 44.69715927592188 24.47550180548761 0.0
  vertex 44.697200775146484 25.777700424194336 0.0
 endloop
endfacet
facet normal -0.0 0.0 1.0
 outer loop
  vertex 45.495320291345706 24.458370255775254 0.0
  vertex 46.2934806676858 24.44159912363361 0.0
  vertex 46.29349899291992 25.777700424194336 0.0
 endloop
endfacet
facet normal 0.0 0.0 1.0
 outer loop
  vertex 62.25680160522461 24.16659927368164 0.0
  vertex 63.05500030517578 24.972200393676758 0.0
  vertex 62.25680160522461 25.777700424194336 0.0
 endloop
endfacet
facet normal 0.0 -0.0 1.0
 outer loop
  vertex 67.0457992553711 24.972200393676758 0.0
  vertex 67.0464178002427 25.534605136094616 0.0
  vertex 66.51420069871702 25.803824684931897 0.0
 endloop
endfacet
facet normal 0.0 0.0 1.0
 outer loop
  vertex 66.51420069871702 25.803824684931897 0.0
  vertex 65.98185086815734 26.07272227898939 0.0
  vertex 65.44950103759766 25.777700424194336 0.0
 endloop
endfacet
facet normal 0.0 0.0 1.0
 outer loop
  vertex 85.88140150539897 23.361099243164063 0.0
  vertex 87.0 23.361099243164063 0.0
  vertex 87.0 24.16659927368164 0.0
 endloop
endfacet
facet normal -0.0 0.0 1.0
 outer loop
  vertex 85.8814015053983 24.16659927368164 0.0
  vertex 85.88140150539897 23.361099243164063 0.0
  vertex 87.0 24.16659927368164 0.0
 endloop
endfacet
facet normal 0.0 0.0 1.0
 outer loop
  vertex 85.8814015053983 24.16659927368164 0.0
  vertex 87.0 24.16659927368164 0.0
  vertex 87.0 24.972200393676758 0.0
 endloop
endfacet
facet normal 0.0 -0.0 1.0
 outer loop
  vertex 85.8814015053983 24.16659927368164 0.0
  vertex 87.0 24.972200393676758 0.0
  vertex 85.88140150539829 24.972200393676758 0.0
 endloop
endfacet
facet normal 0.0 -0.0 0.9999999999999999
 outer loop
  vertex 35.91740036010742 24.972200393676758 0.0
  vertex 35.91740036010742 25.777700424194336 0.0
  vertex 34.32099914550781 25.777700424194336 0.0
 endloop
endfacet
facet normal 0.0 -0.0 1.0
 outer loop
  vertex 65.44950103759766 25.777700424194336 0.0
  vertex 65.44950103759766 26.341619873046877 0.0
  vertex 64.99720016091595 26.690673250518742 0.0
 endloop
endfacet
facet normal 0.0 0.0 0.9999999999999999
 outer loop
  vertex 64.99720016091595 26.690673250518742 0.0
  vertex 64.54487979694967 27.03973645893857 0.0
  vertex 63.85309982299805 26.58329963684082 0.0
 endloop
endfacet
facet normal 0.0 0.0 1.0
 outer loop
  vertex 57.46780014038086 25.777700424194336 0.0
  vertex 58.26599884033203 26.58329963684082 0.0
  vertex 57.46780014038086 27.3887996673584 0.0
 endloop
endfacet
facet normal 0.0 0.0 1.0
 outer loop
  vertex 57.46780014038086 27.3887996673584 0.0
  vertex 55.871498107910156 26.58329963684082 0.0
  vertex 57.46780014038086 25.777700424194336 0.0
 endloop
endfacet
facet normal 0.0 0.0 1.0
 outer loop
  vertex 85.88140150539897 25.777700424194336 0.0
  vertex 85.88140150539829 24.972200393676758 0.0
  vertex 87.0 24.972200393676758 0.0
 endloop
endfacet
facet normal -0.0 0.0 1.0
 outer loop
  vertex 85.88140150539897 25.777700424194336 0.0
  vertex 87.0 24.972200393676758 0.0
  vertex 87.0 25.777700424194336 0.0
 endloop
endfacet
facet normal 0.0 0.0 1.0
 outer loop
  vertex 85.88140150539897 25.777700424194336 0.0
  vertex 87.0 25.777700424194336 0.0
  vertex 87.0 26.58329963684082 0.0
 endloop
endfacet
facet normal 0.0 0.0 1.0
 outer loop
  vertex 85.88140150539897 25.777700424194336 0.0
  vertex 87.0 26.58329963684082 0.0
  vertex 85.88140150539897 26.58329963684082 0.0
 endloop
endfacet
facet normal 0.0 0.0 1.0
 outer loop
  vertex 87.0 27.3887996673584 0.0
  vertex 86.20179748535156 28.194400787353516 0.0
  vertex 85.88132456231915 27.3887996673584 0.0
 endloop
endfacet
facet normal 0.0 0.0 1.0
 outer loop
  vertex 87.0 27.3887996673584 0.0
  vertex 85.88132456231915 27.3887996673584 0.0
  vertex 85.88140150539897 26.58329963684082 0.0
 endloop
endfacet
facet normal 0.0 0.0 1.0
 outer loop
  vertex 87.0 27.3887996673584 0.0
  vertex 85.88140150539897 26.58329963684082 0.0
  vertex 87.0 26.58329963684082 0.0
 endloop
endfacet
facet normal 0.0 0.0 1.0
 outer loop
  vertex 3.192660093307495 29.0 0.0
  vertex 2.3944900035858154 29.0 0.0
  vertex 2.3944900035858154 28.194400787353516 0.0
 endloop
endfacet
facet normal 0.0 0.0 1.0
 outer loop
  vertex 3.9908199310302734 28.194400787353516 0.0
  vertex 3.192660093307495 29.0 0.0
  vertex 2.3944900035858154 28.194400787353516 0.0
 endloop
endfacet
facet normal 0.0 0.0 1.0
 outer loop
  vertex 4.788990020751953 26.58329963684082 0.0
  vertex 3.192660093307495 25.777700424194336 0.0
  vertex 4.788990020751953 25.777700424194336 0.0
 endloop
endfacet
facet normal 0.0 0.0 1.0
 outer loop
  vertex 9.577980041503906 29.0 0.0
  vertex 8.779809951782227 29.0 0.0
  vertex 8.779809951782227 28.194400787353516 0.0
 endloop
endfacet
facet normal 0.0 0.0 1.0
 outer loop
  vertex 10.376099586486816 28.194400787353516 0.0
  vertex 9.577980041503906 29.0 0.0
  vertex 8.779809951782227 28.194400787353516 0.0
 endloop
endfacet
facet normal 0.0 0.0 1.0
 outer loop
  vertex 11.174300193786621 29.0 0.0
  vertex 10.376099586486816 29.0 0.0
  vertex 10.376099586486816 28.194400787353516 0.0
 endloop
endfacet
facet normal 0.0 0.0 1.0
 outer loop
  vertex 11.972399711608887 28.194400787353516 0.0
  vertex 11.174300193786621 29.0 0.0
  vertex 10.376099586486816 28.194400787353516 0.0
 endloop
endfacet
facet normal 0.0 0.0 1.0
 outer loop
  vertex 11.972399711608887 28.194400787353516 0.0
  vertex 10.376099586486816 28.194400787353516 0.0
  vertex 10.376099586486816 27.3887996673584 0.0
 endloop
endfacet
facet normal 0.0 0.0 1.0
 outer loop
  vertex 12.770600318908691 29.0 0.0
  vertex 11.972399711608887 29.0 0.0
  vertex 11.972399711608887 28.194400787353516 0.0
 endloop
endfacet
facet normal 0.0 0.0 1.0
 outer loop
  vertex 13.56879997253418 28.194400787353516 0.0
  vertex 12.770600318908691 29.0 0.0
  vertex 11.972399711608887 28.194400787353516 0.0
 endloop
endfacet
facet normal 0.0 0.0 1.0
 outer loop
  vertex 14.366900444030762 29.0 0.0
  vertex 13.56879997253418 29.0 0.0
  vertex 13.56879997253418 28.194400787353516 0.0
 endloop
endfacet
facet normal 0.0 0.0 1.0
 outer loop
  vertex 15.16510009765625 28.194400787353516 0.0
  vertex 14.366900444030762 29.0 0.0
  vertex 13.56879997253418 28.194400787353516 0.0
 endloop
endfacet
facet normal 0.0 0.0 1.0
 outer loop
  vertex 15.16510009765625 28.194400787353516 0.0
  vertex 13.56879997253418 28.194400787353516 0.0
  vertex 13.56879997253418 27.3887996673584 0.0
 endloop
endfacet
facet normal 0.0 0.0 1.0
 outer loop
  vertex 15.963199615478516 29.0 0.0
  vertex 15.16510009765625 29.0 0.0
  vertex 15.16510009765625 28.194400787353516 0.0
 endloop
endfacet
facet normal 0.0 0.0 1.0
 outer loop
  vertex 16.76140022277832 28.194400787353516 0.0
  vertex 15.963199615478516 29.0 0.0
  vertex 15.16510009765625 28.194400787353516 0.0
 endloop
endfacet
facet normal 0.0 0.0 1.0
 outer loop
  vertex 17.559600830078125 29.0 0.0
  vertex 16.76140022277832 29.0 0.0
  vertex 16.76140022277832 28.194400787353516 0.0
 endloop
endfacet
facet normal 0.0 0.0 1.0
 outer loop
  vertex 47.09170150756836 29.0 0.0
  vertex 46.29349899291992 29.0 0.0
  vertex 46.29349899291992 28.194400787353516 0.0
 endloop
endfacet
facet normal 0.0 0.0 1.0
 outer loop
  vertex 47.09170150756836 29.0 0.0
  vertex 46.29349899291992 28.194400787353516 0.0
  vertex 47.889801025390625 28.194400787353516 0.0
 endloop
endfacet
facet normal 0.0 0.0 1.0
 outer loop
  vertex 48.6879997253418 29.0 0.0
  vertex 47.889801025390625 29.0 0.0
  vertex 47.889801025390625 28.194400787353516 0.0
 endloop
endfacet
facet normal 0.0 0.0 1.0
 outer loop
  vertex 48.6879997253418 29.0 0.0
  vertex 47.889801025390625 28.194400787353516 0.0
  vertex 49.48619842529297 28.194400787353516 0.0
 endloop
endfacet
facet normal 0.0 0.0 1.0
 outer loop
  vertex 50.2843017578125 29.0 0.0
  vertex 49.48619842529297 29.0 0.0
  vertex 49.48619842529297 28.194400787353516 0.0
 endloop
endfacet
facet normal 0.0 0.0 1.0
 outer loop
  vertex 50.2843017578125 29.0 0.0
  vertex 49.48619842529297 28.194400787353516 0.0
  vertex 51.08250045776367 28.194400787353516 0.0
 endloop
endfacet
facet normal 0.0 0.0 1.0
 outer loop
  vertex 52.67879867553711 26.58329963684082 0.0
  vertex 51.08250045776367 25.777700424194336 0.0
  vertex 52.67879867553711 25.777700424194336 0.0
 endloop
endfacet
facet normal 0.0 0.0 1.0
 outer loop
  vertex 51.880699157714844 29.0 0.0
  vertex 51.08250045776367 29.0 0.0
  vertex 51.08250045776367 28.194400787353516 0.0
 endloop
endfacet
facet normal -0.0 0.0 1.0
 outer loop
  vertex 51.08250045776367 28.194400787353516 0.0
  vertex 51.880699157714844 27.3887996673584 0.0
  vertex 52.67879867553711 28.194400787353516 0.0
 endloop
endfacet
facet normal 0.0 0.0 1.0
 outer loop
  vertex 51.880699157714844 29.0 0.0
  vertex 51.08250045776367 28.194400787353516 0.0
  vertex 52.67879867553711 28.194400787353516 0.0
 endloop
endfacet
facet normal 0.0 0.0 1.0
 outer loop
  vertex 52.67879867553711 26.58329963684082 0.0
  vertex 52.67879867553711 25.777700424194336 0.0
  vertex 54.27519989013672 25.777700424194336 0.0
 endloop
endfacet
facet normal 0.0 0.0 1.0
 outer loop
  vertex 57.46780014038086 29.0 0.0
  vertex 56.669700622558594 29.0 0.0
  vertex 56.669700622558594 28.194400787353516 0.0
 endloop
endfacet
facet normal -0.0 0.0 1.0
 outer loop
  vertex 56.669700622558594 28.194400787353516 0.0
  vertex 57.46780014038086 27.3887996673584 0.0
  vertex 58.26599884033203 28.194400787353516 0.0
 endloop
endfacet
facet normal 0.0 0.0 1.0
 outer loop
  vertex 57.46780014038086 29.0 0.0
  vertex 56.669700622558594 28.194400787353516 0.0
  vertex 58.26599884033203 28.194400787353516 0.0
 endloop
endfacet
facet normal 0.0 0.0 1.0
 outer loop
  vertex 60.660499572753906 29.0 0.0
  vertex 59.862300872802734 29.0 0.0
  vertex 59.862300872802734 28.194400787353516 0.0
 endloop
endfacet
facet normal 0.0 0.0 1.0
 outer loop
  vertex 60.660499572753906 29.0 0.0
  vertex 59.862300872802734 28.194400787353516 0.0
  vertex 61.45869827270508 28.194400787353516 0.0
 endloop
endfacet
facet normal 0.0 0.0 1.0
 outer loop
  vertex 62.25680160522461 29.0 0.0
  vertex 61.45869827270508 29.0 0.0
  vertex 61.45869827270508 28.194400787353516 0.0
 endloop
endfacet
facet normal -0.0 0.0 1.0
 outer loop
  vertex 61.45869827270508 28.194400787353516 0.0
  vertex 62.25680160522461 27.3887996673584 0.0
  vertex 63.05500030517578 28.194400787353516 0.0
 endloop
endfacet
facet normal 0.0 0.0 1.0
 outer loop
  vertex 61.45869827270508 28.194400787353516 0.0
  vertex 63.05500030517578 28.194400787353516 0.0
  vertex 62.25680160522461 29.0 0.0
 endloop
endfacet
facet normal 0.0 0.0 1.0
 outer loop
  vertex 0.7981659770011902 29.0 0.0
  vertex 0.0 29.0 0.0
  vertex 0.0 28.194400787353516 0.0
 endloop
endfacet
facet normal 0.0 0.0 1.0
 outer loop
  vertex 1.5963300466537476 27.3887996673584 0.0
  vertex 2.3944900035858154 28.194400787353516 0.0
  vertex 1.5963300466537476 29.0 0.0
 endloop
endfacet
facet normal 0.0 0.0 1.0
 outer loop
  vertex 1.5963300466537476 29.0 0.0
  vertex 0.7981659770011902 29.0 0.0
  vertex 0.0 28.194400787353516 0.0
 endloop
endfacet
facet normal 0.0 0.0 1.0
 outer loop
  vertex 0.0 28.194400787353516 0.0
  vertex 0.0 27.3887996673584 0.0
  vertex 1.5963300466537476 27.3887996673584 0.0
 endloop
endfacet
facet normal 0.0 0.0 1.0
 outer loop
  vertex 1.5963300466537476 29.0 0.0
  vertex 0.0 28.194400787353516 0.0
  vertex 1.5963300466537476 27.3887996673584 0.0
 endloop
endfacet
facet normal 0.0 0.0 1.0
 outer loop
  vertex 4.788990020751953 29.0 0.0
  vertex 3.9908199310302734 29.0 0.0
  vertex 3.9908199310302734 28.194400787353516 0.0
 endloop
endfacet
facet normal 0.0 0.0 1.0
 outer loop
  vertex 5.5871500968933105 29.0 0.0
  vertex 4.788990020751953 29.0 0.0
  vertex 3.9908199310302734 28.194400787353516 0.0
 endloop
endfacet
facet normal 0.0 0.0 1.0
 outer loop
  vertex 7.1834797859191895 29.0 0.0
  vertex 6.38532018661499 29.0 0.0
  vertex 6.38532018661499 28.194400787353516 0.0
 endloop
endfacet
facet normal 0.0 0.0 1.0
 outer loop
  vertex 7.981649875640869 27.3887996673584 0.0
  vertex 8.779809951782227 28.194400787353516 0.0
  vertex 7.981649875640869 29.0 0.0
 endloop
endfacet
facet normal 0.0 0.0 1.0
 outer loop
  vertex 7.981649875640869 29.0 0.0
  vertex 7.1834797859191895 29.0 0.0
  vertex 6.38532018661499 28.194400787353516 0.0
 endloop
endfacet
facet normal 0.0 0.0 1.0
 outer loop
  vertex 6.38532018661499 28.194400787353516 0.0
  vertex 6.38532018661499 27.3887996673584 0.0
  vertex 7.981649875640869 27.3887996673584 0.0
 endloop
endfacet
facet normal 0.0 0.0 1.0
 outer loop
  vertex 7.981649875640869 29.0 0.0
  vertex 6.38532018661499 28.194400787353516 0.0
  vertex 7.981649875640869 27.3887996673584 0.0
 endloop
endfacet
facet normal 0.0 0.0 0.9999999999999999
 outer loop
  vertex 31.128400802612305 27.3887996673584 0.0
  vertex 30.3302001953125 28.194400787353516 0.0
  vertex 29.531999588012695 27.3887996673584 0.0
 endloop
endfacet
facet normal 0.0 -0.0 0.9999999999999999
 outer loop
  vertex 67.0457992553711 27.87103122472955 0.0
  vertex 67.0457992553711 29.0 0.0
  vertex 66.24759674072266 29.0 0.0
 endloop
endfacet
facet normal 0.0 0.0 1.0
 outer loop
  vertex 66.24759674072266 27.87051096354812 0.0
  vertex 67.0457992553711 27.87103122472955 0.0
  vertex 66.24759674072266 29.0 0.0
 endloop
endfacet
facet normal 0.0 0.0 0.9999999999999999
 outer loop
  vertex 65.44950103759766 29.0 0.0
  vertex 65.44950103759766 27.856472202642323 0.0
  vertex 66.24759674072266 27.87051096354812 0.0
 endloop
endfacet
facet normal 0.0 0.0 0.9999999999999999
 outer loop
  vertex 66.24759674072266 29.0 0.0
  vertex 65.44950103759766 29.0 0.0
  vertex 66.24759674072266 27.87051096354812 0.0
 endloop
endfacet
facet normal 0.0 0.0 1.0
 outer loop
  vertex 67.84400177001953 27.87103122472 0.0
  vertex 68.64209747314453 27.87103122472 0.0
  vertex 68.64209747314453 29.0 0.0
 endloop
endfacet
facet normal 0.0 0.0 1.0
 outer loop
  vertex 67.84400177001953 27.87103122472 0.0
  vertex 68.64209747314453 29.0 0.0
  vertex 67.84400177001953 29.0 0.0
 endloop
endfacet
facet normal 0.0 0.0 0.9999999999999999
 outer loop
  vertex 67.84400177001953 29.0 0.0
  vertex 67.0457992553711 29.0 0.0
  vertex 67.0457992553711 27.87103122472955 0.0
 endloop
endfacet
facet normal 0.0 0.0 1.0
 outer loop
  vertex 67.84400177001953 29.0 0.0
  vertex 67.0457992553711 27.87103122472955 0.0
  vertex 67.84400177001953 27.87103122472 0.0
 endloop
endfacet
facet normal 0.0 0.0 1.0
 outer loop
  vertex 68.64209747314453 29.0 0.0
  vertex 68.64209747314453 27.87103122472 0.0
  vertex 69.44029998779297 27.87103122472955 0.0
 endloop
endfacet
facet normal 0.0 0.0 0.9999999999999999
 outer loop
  vertex 69.44029998779297 29.0 0.0
  vertex 68.64209747314453 29.0 0.0
  vertex 69.44029998779297 27.87103122472955 0.0
 endloop
endfacet
facet normal -0.0 0.0 1.0
 outer loop
  vertex 69.44029998779297 27.87103122472955 0.0
  vertex 70.2385025024414 27.87103122472 0.0
  vertex 70.2385025024414 29.0 0.0
 endloop
endfacet
facet normal -0.0 0.0 0.9999999999999999
 outer loop
  vertex 69.44029998779297 29.0 0.0
  vertex 69.44029998779297 27.87103122472955 0.0
  vertex 70.2385025024414 29.0 0.0
 endloop
endfacet
facet normal 0.0 0.0 1.0
 outer loop
  vertex 71.0365982055664 29.0 0.0
  vertex 70.2385025024414 29.0 0.0
  vertex 70.2385025024414 27.87103122472 0.0
 endloop
endfacet
facet normal 0.0 0.0 1.0
 outer loop
  vertex 71.0365982055664 29.0 0.0
  vertex 70.2385025024414 27.87103122472 0.0
  vertex 71.0365982055664 27.87103122472 0.0
 endloop
endfacet
facet normal 0.0 0.0 1.0
 outer loop
  vertex 71.0365982055664 29.0 0.0
  vertex 71.0365982055664 27.87103122472 0.0
  vertex 71.83480072021484 27.87103122472955 0.0
 endloop
endfacet
facet normal -0.0 0.0 0.9999999999999999
 outer loop
  vertex 71.0365982055664 29.0 0.0
  vertex 71.83480072021484 27.87103122472955 0.0
  vertex 71.83480072021484 29.0 0.0
 endloop
endfacet
facet normal 0.0 0.0 1.0
 outer loop
  vertex 72.63300323486328 27.87103122472 0.0
  vertex 73.43109893798828 27.87103122472 0.0
  vertex 73.43109893798828 29.0 0.0
 endloop
endfacet
facet normal 0.0 0.0 1.0
 outer loop
  vertex 72.63300323486328 27.87103122472 0.0
  vertex 73.43109893798828 29.0 0.0
  vertex 72.63300323486328 29.0 0.0
 endloop
endfacet
facet normal 0.0 0.0 0.9999999999999999
 outer loop
  vertex 72.63300323486328 29.0 0.0
  vertex 71.83480072021484 29.0 0.0
  vertex 71.83480072021484 27.87103122472955 0.0
 endloop
endfacet
facet normal 0.0 0.0 1.0
 outer loop
  vertex 72.63300323486328 29.0 0.0
  vertex 71.83480072021484 27.87103122472955 0.0
  vertex 72.63300323486328 27.87103122472 0.0
 endloop
endfacet
facet normal -0.0 0.0 1.0
 outer loop
  vertex 74.22930145263672 27.871031224728867 0.0
  vertex 75.02749633789063 27.87103122472 0.0
  vertex 75.02749633789063 29.0 0.0
 endloop
endfacet
facet normal 0.0 0.0 1.0
 outer loop
  vertex 74.22930145263672 27.871031224728867 0.0
  vertex 75.02749633789063 29.0 0.0
  vertex 74.22930145263672 29.0 0.0
 endloop
endfacet
facet normal 0.0 0.0 1.0
 outer loop
  vertex 73.43109893798828 29.0 0.0
  vertex 73.43109893798828 27.87103122472 0.0
  vertex 74.22930145263672 27.871031224728867 0.0
 endloop
endfacet
facet normal 0.0 0.0 1.0
 outer loop
  vertex 74.22930145263672 29.0 0.0
  vertex 73.43109893798828 29.0 0.0
  vertex 74.22930145263672 27.871031224728867 0.0
 endloop
endfacet
facet normal 0.0 0.0 0.9999999999999999
 outer loop
  vertex 75.02749633789063 29.0 0.0
  vertex 75.02749633789063 27.87103122472 0.0
  vertex 75.82559967041016 27.87103122472068 0.0
 endloop
endfacet
facet normal 0.0 0.0 1.0
 outer loop
  vertex 75.82559967041016 29.0 0.0
  vertex 75.02749633789063 29.0 0.0
  vertex 75.82559967041016 27.87103122472068 0.0
 endloop
endfacet
facet normal 0.0 0.0 1.0
 outer loop
  vertex 75.82559967041016 29.0 0.0
  vertex 75.82559967041016 27.87103122472068 0.0
  vertex 76.6238021850586 27.871031224728867 0.0
 endloop
endfacet
facet normal -0.0 0.0 1.0
 outer loop
  vertex 75.82559967041016 29.0 0.0
  vertex 76.6238021850586 27.871031224728867 0.0
  vertex 76.6238021850586 29.0 0.0
 endloop
endfacet
facet normal 0.0 -0.0 1.0
 outer loop
  vertex 78.22010040283203 27.87103122472068 0.0
  vertex 78.22010040283203 29.0 0.0
  vertex 77.4219970703125 29.0 0.0
 endloop
endfacet
facet normal 0.0 0.0 0.9999999999999999
 outer loop
  vertex 77.4219970703125 27.87103122472 0.0
  vertex 78.22010040283203 27.87103122472068 0.0
  vertex 77.4219970703125 29.0 0.0
 endloop
endfacet
facet normal 0.0 0.0 1.0
 outer loop
  vertex 77.4219970703125 29.0 0.0
  vertex 76.6238021850586 29.0 0.0
  vertex 76.6238021850586 27.871031224728867 0.0
 endloop
endfacet
facet normal 0.0 0.0 1.0
 outer loop
  vertex 77.4219970703125 29.0 0.0
  vertex 76.6238021850586 27.871031224728867 0.0
  vertex 77.4219970703125 27.87103122472 0.0
 endloop
endfacet
facet normal 0.0 0.0 1.0
 outer loop
  vertex 79.01830291748047 27.87103122472 0.0
  vertex 79.81639862060547 27.87103122472 0.0
  vertex 79.81639862060547 29.0 0.0
 endloop
endfacet
facet normal 0.0 0.0 1.0
 outer loop
  vertex 79.01830291748047 27.87103122472 0.0
  vertex 79.81639862060547 29.0 0.0
  vertex 79.01830291748047 29.0 0.0
 endloop
endfacet
facet normal 0.0 0.0 1.0
 outer loop
  vertex 79.01830291748047 29.0 0.0
  vertex 78.22010040283203 29.0 0.0
  vertex 78.22010040283203 27.87103122472068 0.0
 endloop
endfacet
facet normal 0.0 0.0 1.0
 outer loop
  vertex 79.01830291748047 29.0 0.0
  vertex 78.22010040283203 27.87103122472068 0.0
  vertex 79.01830291748047 27.87103122472 0.0
 endloop
endfacet
facet normal 0.0 0.0 1.0
 outer loop
  vertex 79.81639862060547 29.0 0.0
  vertex 79.81639862060547 27.87103122472 0.0
  vertex 80.6146011352539 27.87103122472955 0.0
 endloop
endfacet
facet normal 0.0 0.0 0.9999999999999999
 outer loop
  vertex 80.6146011352539 29.0 0.0
  vertex 79.81639862060547 29.0 0.0
  vertex 80.6146011352539 27.87103122472955 0.0
 endloop
endfacet
facet normal -0.0 0.0 1.0
 outer loop
  vertex 80.6146011352539 27.87103122472955 0.0
  vertex 81.41280364990234 27.87103122472 0.0
  vertex 81.41280364990234 29.0 0.0
 endloop
endfacet
facet normal -0.0 0.0 0.9999999999999999
 outer loop
  vertex 80.6146011352539 29.0 0.0
  vertex 80.6146011352539 27.87103122472955 0.0
  vertex 81.41280364990234 29.0 0.0
 endloop
endfacet
facet normal 0.0 0.0 1.0
 outer loop
  vertex 82.21089935302734 29.0 0.0
  vertex 81.41280364990234 29.0 0.0
  vertex 81.41280364990234 27.87103122472 0.0
 endloop
endfacet
facet normal 0.0 0.0 1.0
 outer loop
  vertex 82.21089935302734 29.0 0.0
  vertex 81.41280364990234 27.87103122472 0.0
  vertex 82.21089935302734 27.87103122472 0.0
 endloop
endfacet
facet normal 0.0 0.0 1.0
 outer loop
  vertex 82.21089935302734 29.0 0.0
  vertex 82.21089935302734 27.87103122472 0.0
  vertex 83.00910186767578 27.871031224728867 0.0
 endloop
endfacet
facet normal -0.0 0.0 1.0
 outer loop
  vertex 82.21089935302734 29.0 0.0
  vertex 83.00910186767578 27.871031224728867 0.0
  vertex 83.00910186767578 29.0 0.0
 endloop
endfacet
facet normal 0.0 0.0 1.0
 outer loop
  vertex 85.40360260009766 27.87095356710892 0.0
  vertex 86.20179748535156 28.194400787353516 0.0
  vertex 85.40360260009766 29.0 0.0
 endloop
endfacet
facet normal 0.0 0.0 1.0
 outer loop
  vertex 85.40360260009766 29.0 0.0
  vertex 84.60540008544922 29.0 0.0
  vertex 84.60540008544922 27.87103122472068 0.0
 endloop
endfacet
facet normal 0.0 0.0 0.9999999999999999
 outer loop
  vertex 85.40360260009766 29.0 0.0
  vertex 84.60540008544922 27.87103122472068 0.0
  vertex 85.40360260009766 27.87095356710892 0.0
 endloop
endfacet
facet normal 0.0 -0.0 1.0
 outer loop
  vertex 84.60540008544922 27.87103122472068 0.0
  vertex 84.60540008544922 29.0 0.0
  vertex 83.80729675292969 29.0 0.0
 endloop
endfacet
facet normal 0.0 0.0 0.9999999999999999
 outer loop
  vertex 83.80729675292969 27.87103122472 0.0
  vertex 84.60540008544922 27.87103122472068 0.0
  vertex 83.80729675292969 29.0 0.0
 endloop
endfacet
facet normal 0.0 0.0 1.0
 outer loop
  vertex 83.80729675292969 29.0 0.0
  vertex 83.00910186767578 29.0 0.0
  vertex 83.00910186767578 27.871031224728867 0.0
 endloop
endfacet
facet normal 0.0 0.0 1.0
 outer loop
  vertex 83.80729675292969 29.0 0.0
  vertex 83.00910186767578 27.871031224728867 0.0
  vertex 83.80729675292969 27.87103122472 0.0
 endloop
endfacet
facet normal 0.0 0.0 1.0
 outer loop
  vertex 3.192660093307495 2.4166600704193115 0.0
  vertex 1.5963300466537476 0.8055559992790222 0.0
  vertex 3.192660093307495 0.8055559992790222 0.0
 endloop
endfacet
facet normal 0.0 0.0 1.0
 outer loop
  vertex 9.577980041503906 2.4166600704193115 0.0
  vertex 7.981649875640869 2.4166600704193115 0.0
  vertex 7.981649875640869 0.8055559992790222 0.0
 endloop
endfacet
facet normal 0.0 0.0 1.0
 outer loop
  vertex 9.577980041503906 2.4166600704193115 0.0
  vertex 7.981649875640869 0.8055559992790222 0.0
  vertex 9.577980041503906 0.8055559992790222 0.0
 endloop
endfacet
facet normal 0.0 0.0 1.0
 outer loop
  vertex 12.770600318908691 2.4166600704193115 0.0
  vertex 11.174300193786621 0.8055559992790222 0.0
  vertex 12.770600318908691 0.8055559992790222 0.0
 endloop
endfacet
facet normal 0.0 0.0 1.0
 outer loop
  vertex 15.963199615478516 2.4166600704193115 0.0
  vertex 14.366900444030762 0.8055559992790222 0.0
  vertex 15.963199615478516 0.8055559992790222 0.0
 endloop
endfacet
facet normal 0.0 0.0 1.0
 outer loop
  vertex 19.155899047851563 2.4166600704193115 0.0
  vertex 17.559600830078125 0.8055559992790222 0.0
  vertex 19.155899047851563 0.8055559992790222 0.0
 endloop
endfacet
facet normal 0.0 0.0 1.0
 outer loop
  vertex 22.348600387573242 2.4166600704193115 0.0
  vertex 20.752199172973633 0.8055559992790222 0.0
  vertex 22.348600387573242 0.8055559992790222 0.0
 endloop
endfacet
facet normal 0.0 0.0 1.0
 outer loop
  vertex 25.541200637817383 2.4166600704193115 0.0
  vertex 23.944900512695313 0.8055559992790222 0.0
  vertex 25.541200637817383 0.8055559992790222 0.0
 endloop
endfacet
facet normal 0.0 0.0 1.0
 outer loop
  vertex 28.73390007019043 2.4166600704193115 0.0
  vertex 27.13759994506836 0.8055559992790222 0.0
  vertex 28.73390007019043 0.8055559992790222 0.0
 endloop
endfacet
facet normal 0.0 0.0 1.0
 outer loop
  vertex 31.92650032043457 2.4166600704193115 0.0
  vertex 30.3302001953125 2.4166600704193115 0.0
  vertex 30.3302001953125 0.8055559992790222 0.0
 endloop
endfacet
facet normal 0.0 0.0 1.0
 outer loop
  vertex 31.92650032043457 2.4166600704193115 0.0
  vertex 30.3302001953125 0.8055559992790222 0.0
  vertex 31.92650032043457 0.8055559992790222 0.0
 endloop
endfacet
facet normal 0.0 0.0 1.0
 outer loop
  vertex 35.11920166015625 2.4166600704193115 0.0
  vertex 33.52289962768555 0.8055559992790222 0.0
  vertex 35.11920166015625 0.8055559992790222 0.0
 endloop
endfacet
facet normal 0.0 0.0 1.0
 outer loop
  vertex 38.3119010925293 2.4166600704193115 0.0
  vertex 36.71549987792969 0.8055559992790222 0.0
  vertex 38.3119010925293 0.8055559992790222 0.0
 endloop
endfacet
facet normal 0.0 -0.0 1.0
 outer loop
  vertex 43.89899826049805 1.611109972000122 0.0
  vertex 43.89903286099434 2.783866278610458 0.0
  vertex 43.10089874267578 2.781113634555571 0.0
 endloop
endfacet
facet normal -0.0 0.0 1.0
 outer loop
  vertex 43.89903286099434 2.783866278610458 0.0
  vertex 43.89899826049805 1.611109972000122 0.0
  vertex 44.697166576981544 2.7865991606030445 0.0
 endloop
endfacet
facet normal -0.0 0.0 1.0
 outer loop
  vertex 47.889801025390625 2.80630588970804 0.0
  vertex 48.6879997253418 1.611109972000122 0.0
  vertex 48.6879773401306 2.814605936492015 0.0
 endloop
endfacet
facet normal 0.0 -0.0 1.0
 outer loop
  vertex 50.2843017578125 1.611109972000122 0.0
  vertex 50.284329083398916 2.8290232962711737 0.0
  vertex 49.48615365487058 2.822905983275989 0.0
 endloop
endfacet
facet normal 0.0 0.0 1.0
 outer loop
  vertex 49.48615365487058 2.822905983275989 0.0
  vertex 48.6879773401306 2.814605936492015 0.0
  vertex 48.6879997253418 1.611109972000122 0.0
 endloop
endfacet
facet normal 0.0 0.0 1.0
 outer loop
  vertex 49.48615365487058 2.822905983275989 0.0
  vertex 48.6879997253418 1.611109972000122 0.0
  vertex 50.2843017578125 1.611109972000122 0.0
 endloop
endfacet
facet normal 0.0 0.0 0.9999999999999999
 outer loop
  vertex 51.880699157714844 1.611109972000122 0.0
  vertex 51.88067932345439 2.839713295030908 0.0
  vertex 51.082504511927254 2.8351406092663582 0.0
 endloop
endfacet
facet normal 0.0 0.0 0.9999999999999999
 outer loop
  vertex 50.2843017578125 1.611109972000122 0.0
  vertex 51.880699157714844 1.611109972000122 0.0
  vertex 51.082504511927254 2.8351406092663582 0.0
 endloop
endfacet
facet normal -0.0 0.0 1.0
 outer loop
  vertex 50.284329083398916 2.8290232962711737 0.0
  vertex 50.2843017578125 1.611109972000122 0.0
  vertex 51.082504511927254 2.8351406092663582 0.0
 endloop
endfacet
facet normal 0.0 -0.0 1.0
 outer loop
  vertex 53.47700119018555 1.611109972000122 0.0
  vertex 53.47702644212404 2.8420130491684943 0.0
  vertex 52.67885299411137 2.8411851255698597 0.0
 endloop
endfacet
facet normal 0.0 0.0 1.0
 outer loop
  vertex 52.67885299411137 2.8411851255698597 0.0
  vertex 51.88067932345439 2.839713295030908 0.0
  vertex 51.880699157714844 1.611109972000122 0.0
 endloop
endfacet
facet normal 0.0 0.0 1.0
 outer loop
  vertex 52.67885299411137 2.8411851255698597 0.0
  vertex 51.880699157714844 1.611109972000122 0.0
  vertex 53.47700119018555 1.611109972000122 0.0
 endloop
endfacet
facet normal 0.0 -0.0 1.0
 outer loop
  vertex 55.073299407958984 1.611109972000122 0.0
  vertex 55.073366522789 2.843160891989504 0.0
  vertex 54.27519989013672 2.842840972767129 0.0
 endloop
endfacet
facet normal 0.0 0.0 1.0
 outer loop
  vertex 53.47700119018555 1.611109972000122 0.0
  vertex 55.073299407958984 1.611109972000122 0.0
  vertex 54.27519989013672 2.842840972767129 0.0
 endloop
endfacet
facet normal -0.0 0.0 1.0
 outer loop
  vertex 53.47702644212404 2.8420130491684943 0.0
  vertex 53.47700119018555 1.611109972000122 0.0
  vertex 54.27519989013672 2.842840972767129 0.0
 endloop
endfacet
facet normal 0.0 0.0 1.0
 outer loop
  vertex 55.8715335726738 2.8434694886084046 0.0
  vertex 55.073366522789 2.843160891989504 0.0
  vertex 55.073299407958984 1.611109972000122 0.0
 endloop
endfacet
facet normal -0.0 0.0 0.9999999999999999
 outer loop
  vertex 57.46784973144531 2.8448892694087693 0.0
  vertex 58.26599884033203 1.611109972000122 0.0
  vertex 58.26599884033203 2.846000453590233 0.0
 endloop
endfacet
facet normal 0.0 -0.0 1.0
 outer loop
  vertex 59.862300872802734 1.611109972000122 0.0
  vertex 59.862328588962555 2.8501719255390103 0.0
  vertex 59.06416600942612 2.8480927813465704 0.0
 endloop
endfacet
facet normal 0.0 0.0 1.0
 outer loop
  vertex 59.06416600942612 2.8480927813465704 0.0
  vertex 58.26599884033203 2.846000453590233 0.0
  vertex 58.26599884033203 1.611109972000122 0.0
 endloop
endfacet
facet normal 0.0 0.0 0.9999999999999999
 outer loop
  vertex 59.06416600942612 2.8480927813465704 0.0
  vertex 58.26599884033203 1.611109972000122 0.0
  vertex 59.862300872802734 1.611109972000122 0.0
 endloop
endfacet
facet normal 0.0 0.0 1.0
 outer loop
  vertex 60.66049116849899 2.85225106973145 0.0
  vertex 59.862328588962555 2.8501719255390103 0.0
  vertex 59.862300872802734 1.611109972000122 0.0
 endloop
endfacet
facet normal 0.0 0.0 1.0
 outer loop
  vertex 60.66049116849899 2.85225106973145 0.0
  vertex 59.862300872802734 1.611109972000122 0.0
  vertex 61.45869827270508 1.611109972000122 0.0
 endloop
endfacet
facet normal -0.0 0.0 1.0
 outer loop
  vertex 60.66049116849899 2.85225106973145 0.0
  vertex 61.45869827270508 1.611109972000122 0.0
  vertex 61.45864915847778 2.8543170303599914 0.0
 endloop
endfacet
facet normal 0.0 0.0 1.0
 outer loop
  vertex 62.25680160522461 2.856366689953263 0.0
  vertex 61.45864915847778 2.8543170303599914 0.0
  vertex 61.45869827270508 1.611109972000122 0.0
 endloop
endfacet
facet normal 0.0 0.0 0.9999999999999999
 outer loop
  vertex 62.25680160522461 2.856366689953263 0.0
  vertex 61.45869827270508 1.611109972000122 0.0
  vertex 63.05500030517578 1.611109972000122 0.0
 endloop
endfacet
facet normal -0.0 0.0 1.0
 outer loop
  vertex 62.25680160522461 2.856366689953263 0.0
  vertex 63.05500030517578 1.611109972000122 0.0
  vertex 63.05496854428202 2.8584906766096734 0.0
 endloop
endfacet
facet normal 0.0 0.0 1.0
 outer loop
  vertex 63.853135185083374 2.860597399807454 0.0
  vertex 63.05496854428202 2.8584906766096734 0.0
  vertex 63.05500030517578 1.611109972000122 0.0
 endloop
endfacet
facet normal 0.0 -0.0 1.0
 outer loop
  vertex 66.24759674072266 1.611109972000122 0.0
  vertex 66.24763371190056 2.8668484672021193 0.0
  vertex 65.44946776889265 2.864776295103677 0.0
 endloop
endfacet
facet normal 0.0 0.0 1.0
 outer loop
  vertex 67.0457992553711 2.8689033516598528 0.0
  vertex 66.24763371190056 2.8668484672021193 0.0
  vertex 66.24759674072266 1.611109972000122 0.0
 endloop
endfacet
facet normal -0.0 0.0 1.0
 outer loop
  vertex 68.64215087890625 2.873289585150633 0.0
  vertex 69.44029998779297 1.611109972000122 0.0
  vertex 69.44029998779297 2.875493154547636 0.0
 endloop
endfacet
facet normal 0.0 -0.0 1.0
 outer loop
  vertex 71.0365982055664 1.611109972000122 0.0
  vertex 71.03666830062866 2.8803115244599495 0.0
  vertex 70.2385025024414 2.8777932624796554 0.0
 endloop
endfacet
facet normal 0.0 0.0 1.0
 outer loop
  vertex 70.2385025024414 2.8777932624796554 0.0
  vertex 69.44029998779297 2.875493154547636 0.0
  vertex 69.44029998779297 1.611109972000122 0.0
 endloop
endfacet
facet normal 0.0 0.0 1.0
 outer loop
  vertex 70.2385025024414 2.8777932624796554 0.0
  vertex 69.44029998779297 1.611109972000122 0.0
  vertex 71.0365982055664 1.611109972000122 0.0
 endloop
endfacet
facet normal 0.0 0.0 1.0
 outer loop
  vertex 71.83483409881592 2.8828297864402437 0.0
  vertex 71.03666830062866 2.8803115244599495 0.0
  vertex 71.0365982055664 1.611109972000122 0.0
 endloop
endfacet
facet normal 0.0 -0.0 1.0
 outer loop
  vertex 74.22930145263672 1.611109972000122 0.0
  vertex 74.22930693626404 2.890545136185964 0.0
  vertex 73.43115782737732 2.887947112609576 0.0
 endloop
endfacet
facet normal 0.0 0.0 1.0
 outer loop
  vertex 75.02745604515076 2.893143159762353 0.0
  vertex 74.22930693626404 2.890545136185964 0.0
  vertex 74.22930145263672 1.611109972000122 0.0
 endloop
endfacet
facet normal 0.0 -0.0 0.9999999999999999
 outer loop
  vertex 87.0 0.8055559992790222 0.0
  vertex 87.0 1.611109972000122 0.0
  vertex 86.20179748535156 2.4166600704193115 0.0
 endloop
endfacet
facet normal 0.0 0.0 1.0
 outer loop
  vertex 86.20179748535156 2.4166600704193115 0.0
  vertex 84.60540008544922 2.4166600704193115 0.0
  vertex 84.60540008544922 0.8055559992790222 0.0
 endloop
endfacet
facet normal 0.0 0.0 1.0
 outer loop
  vertex 87.0 0.8055559992790222 0.0
  vertex 86.20179748535156 2.4166600704193115 0.0
  vertex 84.60540008544922 0.8055559992790222 0.0
 endloop
endfacet
facet normal 0.0 0.0 0.9999999999999999
 outer loop
  vertex 87.0 0.8055559992790222 0.0
  vertex 84.60540008544922 0.8055559992790222 0.0
  vertex 85.40360260009766 0.0 0.0
 endloop
endfacet
facet normal 0.0 0.0 1.0
 outer loop
  vertex 9.577980041503906 4.027780055999756 0.0
  vertex 7.981649875640869 2.4166600704193115 0.0
  vertex 9.577980041503906 2.4166600704193115 0.0
 endloop
endfacet
facet normal 0.0 0.0 1.0
 outer loop
  vertex 31.92650032043457 4.027780055999756 0.0
  vertex 30.3302001953125 4.027780055999756 0.0
  vertex 30.3302001953125 2.4166600704193115 0.0
 endloop
endfacet
facet normal 0.0 0.0 1.0
 outer loop
  vertex 31.92650032043457 4.027780055999756 0.0
  vertex 30.3302001953125 2.4166600704193115 0.0
  vertex 31.92650032043457 2.4166600704193115 0.0
 endloop
endfacet
facet normal 0.0 0.0 1.0
 outer loop
  vertex 40.94583168029785 3.222219944000244 0.0
  vertex 41.3981276294915 3.5712982690689383 0.0
  vertex 41.50450134277344 4.027780055999756 0.0
 endloop
endfacet
facet normal 0.0 0.0 1.0
 outer loop
  vertex 81.17334289550782 3.222219944000244 0.0
  vertex 80.6146011352539 2.975872097731375 0.0
  vertex 81.41280364990234 2.4166600704193115 0.0
 endloop
endfacet
facet normal 0.0 0.0 0.9999999999999999
 outer loop
  vertex 83.80729675292969 4.027780055999756 0.0
  vertex 83.00910186767578 3.222219944000244 0.0
  vertex 84.60540008544922 2.4166600704193115 0.0
 endloop
endfacet
facet normal 0.0 0.0 1.0
 outer loop
  vertex 4.788990020751953 5.638889789581299 0.0
  vertex 3.192660093307495 4.027780055999756 0.0
  vertex 4.788990020751953 4.027780055999756 0.0
 endloop
endfacet
facet normal 0.0 0.0 1.0
 outer loop
  vertex 4.788990089204162 6.951098248758493 0.0
  vertex 3.9908250658772886 6.952223366218226 0.0
  vertex 4.788990020751953 5.638889789581299 0.0
 endloop
endfacet
facet normal 0.0 0.0 1.0
 outer loop
  vertex 4.788990089204162 6.951098248758493 0.0
  vertex 4.788990020751953 5.638889789581299 0.0
  vertex 5.587155112531036 6.949973131298759 0.0
 endloop
endfacet
facet normal 0.0 0.0 1.0
 outer loop
  vertex 7.981649875640869 6.953849553392351 0.0
  vertex 7.1834797859191895 6.94928443082112 0.0
  vertex 7.981649875640869 5.638889789581299 0.0
 endloop
endfacet
facet normal -0.0 0.0 1.0
 outer loop
  vertex 7.981649875640869 6.953849553392351 0.0
  vertex 7.981649875640869 5.638889789581299 0.0
  vertex 8.779809951782227 6.961153596556055 0.0
 endloop
endfacet
facet normal 0.0 0.0 1.0
 outer loop
  vertex 9.577980041503906 6.9718355458362655 0.0
  vertex 8.779809951782227 6.961153596556055 0.0
  vertex 9.577980041503906 5.638889789581299 0.0
 endloop
endfacet
facet normal -0.0 0.0 0.9999999999999999
 outer loop
  vertex 9.577980041503906 6.9718355458362655 0.0
  vertex 9.577980041503906 5.638889789581299 0.0
  vertex 10.376119911670685 6.984006649477004 0.0
 endloop
endfacet
facet normal 0.0 0.0 1.0
 outer loop
  vertex 12.770600318908691 5.638889789581299 0.0
  vertex 11.972399711608887 7.008331966400146 0.0
  vertex 11.174300193786621 6.444439888000488 0.0
 endloop
endfacet
facet normal 0.0 0.0 1.0
 outer loop
  vertex 11.174300193786621 6.444439888000488 0.0
  vertex 10.376119911670685 6.984006649477004 0.0
  vertex 9.577980041503906 5.638889789581299 0.0
 endloop
endfacet
facet normal 0.0 0.0 1.0
 outer loop
  vertex 14.366900444030762 5.638889789581299 0.0
  vertex 12.770600318908691 5.638889789581299 0.0
  vertex 12.770600318908691 4.027780055999756 0.0
 endloop
endfacet
facet normal 0.0 0.0 1.0
 outer loop
  vertex 14.366900444030762 5.638889789581299 0.0
  vertex 12.770600318908691 4.027780055999756 0.0
  vertex 14.366900444030762 4.027780055999756 0.0
 endloop
endfacet
facet normal 0.0 0.0 1.0
 outer loop
  vertex 17.559600830078125 5.638889789581299 0.0
  vertex 15.963199615478516 4.027780055999756 0.0
  vertex 17.559600830078125 4.027780055999756 0.0
 endloop
endfacet
facet normal 0.0 0.0 1.0
 outer loop
  vertex 23.944900512695313 5.638889789581299 0.0
  vertex 22.348600387573242 5.638889789581299 0.0
  vertex 22.348600387573242 4.027780055999756 0.0
 endloop
endfacet
facet normal 0.0 0.0 1.0
 outer loop
  vertex 23.944900512695313 5.638889789581299 0.0
  vertex 22.348600387573242 4.027780055999756 0.0
  vertex 23.944900512695313 4.027780055999756 0.0
 endloop
endfacet
facet normal 0.0 0.0 1.0
 outer loop
  vertex 28.73390007019043 6.189174666022406 0.0
  vertex 27.935750007629395 6.195974762248569 0.0
  vertex 27.935699462890625 4.833330154418945 0.0
 endloop
endfacet
facet normal 0.0 0.0 1.0
 outer loop
  vertex 28.73390007019043 6.189174666022406 0.0
  vertex 27.935699462890625 4.833330154418945 0.0
  vertex 29.531999588012695 4.833330154418945 0.0
 endloop
endfacet
facet normal 0.0 -0.0 1.0
 outer loop
  vertex 29.531999588012695 4.833330154418945 0.0
  vertex 30.3302001953125 5.638889789581299 0.0
  vertex 29.2109821779811 6.444439888000488 0.0
 endloop
endfacet
facet normal -0.0 0.0 1.0
 outer loop
  vertex 28.73390007019043 6.189174666022406 0.0
  vertex 29.531999588012695 4.833330154418945 0.0
  vertex 29.2109821779811 6.444439888000488 0.0
 endloop
endfacet
facet normal 0.0 0.0 1.0
 outer loop
  vertex 30.3302001953125 5.638889789581299 0.0
  vertex 29.531999588012695 4.833330154418945 0.0
  vertex 30.3302001953125 4.027780055999756 0.0
 endloop
endfacet
facet normal 0.0 0.0 1.0
 outer loop
  vertex 34.32099914550781 6.444439888000488 0.0
  vertex 33.762329483032225 7.25 0.0
  vertex 33.52289962768555 6.983050576278099 0.0
 endloop
endfacet
facet normal 0.0 0.0 1.0
 outer loop
  vertex 33.52289962768555 6.983050576278099 0.0
  vertex 32.724700927734375 6.686107921600342 0.0
  vertex 33.52289962768555 5.638889789581299 0.0
 endloop
endfacet
facet normal 0.0 0.0 1.0
 outer loop
  vertex 33.52289962768555 6.983050576278099 0.0
  vertex 33.52289962768555 5.638889789581299 0.0
  vertex 34.32099914550781 6.444439888000488 0.0
 endloop
endfacet
facet normal 0.0 0.0 1.0
 outer loop
  vertex 43.89899826049805 5.638889789581299 0.0
  vertex 44.697200775146484 5.074998044967651 0.0
  vertex 45.32076334953308 5.266740224811636 0.0
 endloop
endfacet
facet normal 0.0 -0.0 0.9999999999999999
 outer loop
  vertex 87.0 6.444439888000488 0.0
  vertex 87.0 7.25 0.0
  vertex 85.80198635727564 7.25 0.0
 endloop
endfacet
facet normal 0.0 0.0 0.9999999999999999
 outer loop
  vertex 87.0 6.444439888000488 0.0
  vertex 85.80198635727564 7.25 0.0
  vertex 85.40360260009766 6.734126972898346 0.0
 endloop
endfacet
facet normal 0.0 0.0 1.0
 outer loop
  vertex 42.30270004272461 4.269445085525512 0.0
  vertex 42.92999375938715 4.462821912961971 0.0
  vertex 43.10089874267578 4.833330154418945 0.0
 endloop
endfacet
facet normal 0.0 -0.0 1.0
 outer loop
  vertex 43.10089874267578 4.833330154418945 0.0
  vertex 43.89899826049805 5.638889789581299 0.0
  vertex 42.30270004272461 6.444439888000488 0.0
 endloop
endfacet
facet normal 0.0 0.0 1.0
 outer loop
  vertex 16.324259765341292 7.25 0.0
  vertex 15.963199615478516 7.4916680335998524 0.0
  vertex 15.16510009765625 7.25 0.0
 endloop
endfacet
facet normal 0.0 0.0 0.9999999999999999
 outer loop
  vertex 16.76140022277832 7.008331966400146 0.0
  vertex 16.324259765341292 7.25 0.0
  vertex 15.16510009765625 7.25 0.0
 endloop
endfacet
facet normal 0.0 0.0 1.0
 outer loop
  vertex 18.35770034790039 7.25 0.0
  vertex 17.838920497894286 7.382796422514193 0.0
  vertex 17.312648040056228 7.229586572921439 0.0
 endloop
endfacet
facet normal 0.0 0.0 1.0
 outer loop
  vertex 17.312648040056228 7.229586572921439 0.0
  vertex 16.76140022277832 7.008331966400146 0.0
  vertex 17.559600830078125 5.638889789581299 0.0
 endloop
endfacet
facet normal -0.0 0.0 1.0
 outer loop
  vertex 17.312648040056228 7.229586572921439 0.0
  vertex 17.559600830078125 5.638889789581299 0.0
  vertex 18.35770034790039 7.25 0.0
 endloop
endfacet
facet normal 0.0 -0.0 1.0
 outer loop
  vertex 20.752199172973633 6.444439888000488 0.0
  vertex 21.550399780273438 7.25 0.0
  vertex 20.4953330039978 8.03093404727309 0.0
 endloop
endfacet
facet normal -0.0 0.0 1.0
 outer loop
  vertex 19.954099655151367 7.8138920783996575 0.0
  vertex 20.752199172973633 6.444439888000488 0.0
  vertex 20.4953330039978 8.03093404727309 0.0
 endloop
endfacet
facet normal 0.0 0.0 1.0
 outer loop
  vertex 21.09271273612976 8.230563234826594 0.0
  vertex 20.4953330039978 8.03093404727309 0.0
  vertex 21.550399780273438 7.25 0.0
 endloop
endfacet
facet normal 0.0 0.0 1.0
 outer loop
  vertex 21.7206565618515 8.425004040966764 0.0
  vertex 21.09271273612976 8.230563234826594 0.0
  vertex 21.550399780273438 7.25 0.0
 endloop
endfacet
facet normal -0.0 0.0 1.0
 outer loop
  vertex 21.7206565618515 8.425004040966764 0.0
  vertex 21.550399780273438 7.25 0.0
  vertex 22.348600387573242 8.619444847106934 0.0
 endloop
endfacet
facet normal -0.0 0.0 0.9999999999999999
 outer loop
  vertex 20.752199172973633 6.444439888000488 0.0
  vertex 22.348600387573242 5.638889789581299 0.0
  vertex 21.550399780273438 7.25 0.0
 endloop
endfacet
facet normal 0.0 -0.0 1.0
 outer loop
  vertex 31.128400802612305 6.444439888000488 0.0
  vertex 31.1361317941287 7.652780055999756 0.0
  vertex 29.531999588012695 7.25 0.0
 endloop
endfacet
facet normal 0.0 -0.0 1.0
 outer loop
  vertex 30.3302001953125 5.638889789581299 0.0
  vertex 31.128400802612305 6.444439888000488 0.0
  vertex 29.531999588012695 7.25 0.0
 endloop
endfacet
facet normal 0.0 0.0 1.0
 outer loop
  vertex 30.3302001953125 5.638889789581299 0.0
  vertex 29.531999588012695 7.25 0.0
  vertex 29.2109821779811 6.444439888000488 0.0
 endloop
endfacet
facet normal 0.0 0.0 1.0
 outer loop
  vertex 79.01830291748047 8.055560111999512 0.0
  vertex 79.01830291748047 6.94039104671772 0.0
  vertex 79.4173641204834 6.457645191584273 0.0
 endloop
endfacet
facet normal 0.0 0.0 1.0
 outer loop
  vertex 80.6146011352539 8.055560111999512 0.0
  vertex 79.01830291748047 8.055560111999512 0.0
  vertex 79.4173641204834 6.457645191584273 0.0
 endloop
endfacet
facet normal 0.0 0.0 0.9999999999999999
 outer loop
  vertex 80.6146011352539 8.055560111999512 0.0
  vertex 79.4173641204834 6.457645191584273 0.0
  vertex 80.6146011352539 6.444439888000488 0.0
 endloop
endfacet
facet normal 0.0 0.0 1.0
 outer loop
  vertex 83.84264976937993 8.435913842371855 0.0
  vertex 83.46245424968365 8.854772458276287 0.0
  vertex 83.00910186767578 8.861109733581543 0.0
 endloop
endfacet
facet normal 0.0 0.0 1.0
 outer loop
  vertex 83.00910186767578 7.25 0.0
  vertex 84.22402492741458 8.0147541042985 0.0
  vertex 83.84264976937993 8.435913842371855 0.0
 endloop
endfacet
facet normal 0.0 0.0 0.9999999999999999
 outer loop
  vertex 83.84264976937993 8.435913842371855 0.0
  vertex 83.00910186767578 8.861109733581543 0.0
  vertex 83.00910186767578 7.25 0.0
 endloop
endfacet
facet normal 0.0 0.0 1.0
 outer loop
  vertex 40.70640182495117 8.055560111999512 0.0
  vertex 39.908199310302734 8.56719330175169 0.0
  vertex 39.389385032653806 8.3113767068756 0.0
 endloop
endfacet
facet normal 0.0 0.0 1.0
 outer loop
  vertex 48.6879997253418 9.185442353559434 0.0
  vertex 48.12926063537597 8.861109733581543 0.0
  vertex 47.889801025390625 8.619444847106934 0.0
 endloop
endfacet
facet normal 0.0 0.0 0.9999999999999999
 outer loop
  vertex 46.29349899291992 6.444439888000488 0.0
  vertex 47.09170150756836 5.880554819107056 0.0
  vertex 47.785100269317624 6.011206796838862 0.0
 endloop
endfacet
facet normal 0.0 0.0 1.0
 outer loop
  vertex 47.09170150756836 8.055560111999512 0.0
  vertex 45.49530029296875 8.055560111999512 0.0
  vertex 46.29349899291992 6.444439888000488 0.0
 endloop
endfacet
facet normal 0.0 0.0 0.9999999999999999
 outer loop
  vertex 47.785100269317624 6.011206796838862 0.0
  vertex 47.09170150756836 8.055560111999512 0.0
  vertex 46.29349899291992 6.444439888000488 0.0
 endloop
endfacet
facet normal 0.0 0.0 1.0
 outer loop
  vertex 51.880699157714844 8.055560111999512 0.0
  vertex 52.67879867553711 7.4916680335998524 0.0
  vertex 53.31611037640277 7.690551270451528 0.0
 endloop
endfacet
facet normal 0.0 0.0 0.9999999999999999
 outer loop
  vertex 53.47700119018555 8.861109733581543 0.0
  vertex 51.880699157714844 8.055560111999512 0.0
  vertex 53.31611037640277 7.690551270451528 0.0
 endloop
endfacet
facet normal 0.0 0.0 1.0
 outer loop
  vertex 23.944900512695313 8.861109733581543 0.0
  vertex 22.869434467151358 8.881354344222927 0.0
  vertex 22.348600387573242 8.619444847106934 0.0
 endloop
endfacet
facet normal 0.0 0.0 1.0
 outer loop
  vertex 34.81418955223945 9.644203436709184 0.0
  vertex 34.44787942120029 10.05820191519297 0.0
  vertex 33.52289962768555 9.666669845581055 0.0
 endloop
endfacet
facet normal 0.0 0.0 1.0
 outer loop
  vertex 34.81418955223945 9.644203436709184 0.0
  vertex 33.52289962768555 9.666669845581055 0.0
  vertex 34.32099914550781 8.055560111999512 0.0
 endloop
endfacet
facet normal 0.0 0.0 1.0
 outer loop
  vertex 34.81418955223945 9.644203436709184 0.0
  vertex 34.32099914550781 8.055560111999512 0.0
  vertex 35.11920166015625 8.861109733581543 0.0
 endloop
endfacet
facet normal 0.0 0.0 1.0
 outer loop
  vertex 50.91099114716053 6.881095464900762 0.0
  vertex 51.53768053650856 7.0760830082011825 0.0
  vertex 51.880699157714844 8.055560111999512 0.0
 endloop
endfacet
facet normal -0.0 0.0 1.0
 outer loop
  vertex 50.2843017578125 8.055560111999512 0.0
  vertex 50.91099114716053 6.881095464900762 0.0
  vertex 51.880699157714844 8.055560111999512 0.0
 endloop
endfacet
facet normal 0.0 0.0 1.0
 outer loop
  vertex 77.4219970703125 10.472200393676758 0.0
  vertex 77.29709513074503 9.266835654791507 0.0
  vertex 77.66142807006835 8.861109733581543 0.0
 endloop
endfacet
facet normal 0.0 0.0 1.0
 outer loop
  vertex 24.743099212646484 9.946913967733963 0.0
  vertex 23.944900512695313 8.861109733581543 0.0
  vertex 24.743099212646484 8.055560111999512 0.0
 endloop
endfacet
facet normal 0.0 0.0 0.9999999999999999
 outer loop
  vertex 24.743099212646484 9.946913967733963 0.0
  vertex 24.743099212646484 8.055560111999512 0.0
  vertex 26.339399337768555 8.861109733581543 0.0
 endloop
endfacet
facet normal 0.0 0.0 1.0
 outer loop
  vertex 43.54787244429354 10.55550639666617 0.0
  vertex 43.10089874267578 10.230541229248047 0.0
  vertex 43.10089874267578 9.666669845581055 0.0
 endloop
endfacet
facet normal 0.0 0.0 1.0
 outer loop
  vertex 43.54787244429354 10.55550639666617 0.0
  vertex 44.697200775146484 8.861109733581543 0.0
  vertex 44.697200775146484 10.472200393676758 0.0
 endloop
endfacet
facet normal 0.0 0.0 1.0
 outer loop
  vertex 54.27519989013672 11.036050415039062 0.0
  vertex 53.87610054016113 11.389110428083942 0.0
  vertex 52.67879867553711 11.277700424194336 0.0
 endloop
endfacet
facet normal 0.0 0.0 0.9999999999999999
 outer loop
  vertex 11.174300193786621 12.08329963684082 0.0
  vertex 10.933495870232582 10.782968427553156 0.0
  vertex 11.972399711608887 10.472200393676758 0.0
 endloop
endfacet
facet normal 0.0 0.0 1.0
 outer loop
  vertex 12.770600318908691 11.277700424194336 0.0
  vertex 11.174300193786621 12.08329963684082 0.0
  vertex 11.972399711608887 10.472200393676758 0.0
 endloop
endfacet
facet normal 0.0 -0.0 1.0
 outer loop
  vertex 29.531999588012695 9.666669845581055 0.0
  vertex 30.3302001953125 10.472200393676758 0.0
  vertex 28.73390007019043 11.277700424194336 0.0
 endloop
endfacet
facet normal 0.0 0.0 1.0
 outer loop
  vertex 47.65037117004394 8.861109733581543 0.0
  vertex 47.88980102539062 9.102777767181395 0.0
  vertex 48.21158536277862 9.666669845581055 0.0
 endloop
endfacet
facet normal 0.0 0.0 0.9999999999999999
 outer loop
  vertex 48.21158536277862 9.666669845581055 0.0
  vertex 47.09170150756836 10.472200393676758 0.0
  vertex 47.65037117004394 8.861109733581543 0.0
 endloop
endfacet
facet normal 0.0 0.0 1.0
 outer loop
  vertex 44.979463685559566 11.522649533464573 0.0
  vertex 44.46362707815038 11.203679193882271 0.0
  vertex 44.697200775146484 10.472200393676758 0.0
 endloop
endfacet
facet normal 0.0 0.0 1.0
 outer loop
  vertex 45.49530029296875 11.841619873046875 0.0
  vertex 44.979463685559566 11.522649533464573 0.0
  vertex 44.697200775146484 10.472200393676758 0.0
 endloop
endfacet
facet normal 0.0 0.0 1.0
 outer loop
  vertex 55.871498107910156 11.277700424194336 0.0
  vertex 54.8072911753552 11.30457192840986 0.0
  vertex 54.27519989013672 11.036050415039062 0.0
 endloop
endfacet
facet normal 0.0 -0.0 1.0
 outer loop
  vertex 55.871498107910156 9.666669845581055 0.0
  vertex 55.871498107910156 11.277700424194336 0.0
  vertex 54.27519989013672 11.036050415039062 0.0
 endloop
endfacet
facet normal 0.0 0.0 0.9999999999999999
 outer loop
  vertex 81.29717603429107 11.503148970774548 0.0
  vertex 80.95588858477248 11.957963270886573 0.0
  vertex 80.6146011352539 12.08329963684082 0.0
 endloop
endfacet
facet normal 0.0 0.0 1.0
 outer loop
  vertex 81.29717603429107 11.503148970774548 0.0
  vertex 80.6146011352539 12.08329963684082 0.0
  vertex 79.81639862060547 11.277700424194336 0.0
 endloop
endfacet
facet normal 0.0 0.0 0.9999999999999999
 outer loop
  vertex 81.41280364990234 10.472200393676758 0.0
  vertex 81.29717603429107 11.503148970774548 0.0
  vertex 79.81639862060547 11.277700424194336 0.0
 endloop
endfacet
facet normal 0.0 0.0 0.9999999999999999
 outer loop
  vertex 81.41280364990234 10.472200393676758 0.0
  vertex 79.81639862060547 11.277700424194336 0.0
  vertex 80.6146011352539 9.666669845581055 0.0
 endloop
endfacet
facet normal 0.0 0.0 1.0
 outer loop
  vertex 11.174300193786621 12.08329963684082 0.0
  vertex 12.37743701674044 12.78497040690014 0.0
  vertex 12.055203436501323 13.23968512028967 0.0
 endloop
endfacet
facet normal 0.0 0.0 1.0
 outer loop
  vertex 11.174300193786621 12.08329963684082 0.0
  vertex 12.055203436501323 13.23968512028967 0.0
  vertex 11.174300193786621 13.6943998336792 0.0
 endloop
endfacet
facet normal -0.0 0.0 1.0
 outer loop
  vertex 10.376099586486816 12.888799667358398 0.0
  vertex 11.174300193786621 12.08329963684082 0.0
  vertex 11.174300193786621 13.6943998336792 0.0
 endloop
endfacet
facet normal 0.0 0.0 1.0
 outer loop
  vertex 27.13759994506836 10.472200393676758 0.0
  vertex 28.73390007019043 11.277700424194336 0.0
  vertex 27.13759994506836 12.08329963684082 0.0
 endloop
endfacet
facet normal 0.0 0.0 1.0
 outer loop
  vertex 24.85807094561433 11.009235111507587 0.0
  vertex 25.19493688370019 10.472200393676758 0.0
  vertex 25.541200637817383 10.472200393676758 0.0
 endloop
endfacet
facet normal 0.0 0.0 1.0
 outer loop
  vertex 24.521215534147494 11.546267374174203 0.0
  vertex 24.85807094561433 11.009235111507587 0.0
  vertex 25.541200637817383 10.472200393676758 0.0
 endloop
endfacet
facet normal 0.0 0.0 1.0
 outer loop
  vertex 32.724700927734375 9.666669845581055 0.0
  vertex 31.128400802612305 10.472200393676758 0.0
  vertex 31.92650032043457 9.102777767181395 0.0
 endloop
endfacet
facet normal 0.0 0.0 1.0
 outer loop
  vertex 79.84413164003686 13.297306706790435 0.0
  vertex 79.48608118466534 13.70468878002091 0.0
  vertex 79.01830291748047 12.888799667358398 0.0
 endloop
endfacet
facet normal 0.0 0.0 1.0
 outer loop
  vertex 80.21104398457203 12.870471707078103 0.0
  vertex 79.84413164003686 13.297306706790435 0.0
  vertex 79.01830291748047 12.888799667358398 0.0
 endloop
endfacet
facet normal 0.0 0.0 1.0
 outer loop
  vertex 79.81639862060547 11.277700424194336 0.0
  vertex 80.6146011352539 12.08329963684082 0.0
  vertex 80.21104398457203 12.870471707078103 0.0
 endloop
endfacet
facet normal 0.0 0.0 1.0
 outer loop
  vertex 80.21104398457203 12.870471707078103 0.0
  vertex 79.01830291748047 12.888799667358398 0.0
  vertex 79.81639862060547 11.277700424194336 0.0
 endloop
endfacet
facet normal 0.0 0.0 1.0
 outer loop
  vertex 30.3302001953125 14.097199916839598 0.0
  vertex 29.531999588012695 14.258319950103758 0.0
  vertex 29.531999588012695 12.888799667358398 0.0
 endloop
endfacet
facet normal 0.0 0.0 1.0
 outer loop
  vertex 51.08250045776367 12.08329963684082 0.0
  vertex 49.48619842529297 12.888799667358398 0.0
  vertex 50.2843017578125 11.277700424194336 0.0
 endloop
endfacet
facet normal 0.0 0.0 1.0
 outer loop
  vertex 59.862300872802734 12.08329963684082 0.0
  vertex 60.660499572753906 12.888799667358398 0.0
  vertex 59.862300872802734 13.6943998336792 0.0
 endloop
endfacet
facet normal 0.0 0.0 1.0
 outer loop
  vertex 59.862300872802734 13.6943998336792 0.0
  vertex 58.73689142847434 13.777555884026938 0.0
  vertex 58.26599884033203 12.888799667358398 0.0
 endloop
endfacet
facet normal 0.0 -0.0 1.0
 outer loop
  vertex 59.862300872802734 12.08329963684082 0.0
  vertex 59.862300872802734 13.6943998336792 0.0
  vertex 58.26599884033203 12.888799667358398 0.0
 endloop
endfacet
facet normal 0.0 0.0 1.0
 outer loop
  vertex 58.26599884033203 12.888799667358398 0.0
  vertex 57.23856722416714 12.815535769978304 0.0
  vertex 56.669700622558594 12.08329963684082 0.0
 endloop
endfacet
facet normal 0.0 0.0 1.0
 outer loop
  vertex 58.26599884033203 12.888799667358398 0.0
  vertex 56.669700622558594 12.08329963684082 0.0
  vertex 58.26599884033203 11.277700424194336 0.0
 endloop
endfacet
facet normal -0.0 0.0 1.0
 outer loop
  vertex 58.26599884033203 11.277700424194336 0.0
  vertex 59.39141317550093 11.196333091890608 0.0
  vertex 59.862300872802734 12.08329963684082 0.0
 endloop
endfacet
facet normal 0.0 0.0 1.0
 outer loop
  vertex 58.26599884033203 12.888799667358398 0.0
  vertex 58.26599884033203 11.277700424194336 0.0
  vertex 59.862300872802734 12.08329963684082 0.0
 endloop
endfacet
facet normal 0.0 0.0 1.0
 outer loop
  vertex 11.177972536828285 14.751707177929806 0.0
  vertex 10.897006083273988 15.276267315646656 0.0
  vertex 10.376099586486816 15.305500030517578 0.0
 endloop
endfacet
facet normal 0.0 0.0 1.0
 outer loop
  vertex 11.177972536828285 14.751707177929806 0.0
  vertex 10.376099586486816 15.305500030517578 0.0
  vertex 9.577980041503906 14.5 0.0
 endloop
endfacet
facet normal 0.0 -0.0 1.0
 outer loop
  vertex 11.174300193786621 13.6943998336792 0.0
  vertex 11.177972536828285 14.751707177929806 0.0
  vertex 9.577980041503906 14.5 0.0
 endloop
endfacet
facet normal 0.0 0.0 1.0
 outer loop
  vertex 9.577980041503906 14.5 0.0
  vertex 9.352153261394578 13.203474194813541 0.0
  vertex 10.376099586486816 12.888799667358398 0.0
 endloop
endfacet
facet normal 0.0 0.0 1.0
 outer loop
  vertex 11.174300193786621 13.6943998336792 0.0
  vertex 9.577980041503906 14.5 0.0
  vertex 10.376099586486816 12.888799667358398 0.0
 endloop
endfacet
facet normal -0.0 0.0 1.0
 outer loop
  vertex 24.184360122680662 12.08329963684082 0.0
  vertex 24.521215534147494 11.546267374174203 0.0
  vertex 25.541200637817383 12.888799667358398 0.0
 endloop
endfacet
facet normal 0.0 0.0 1.0
 outer loop
  vertex 24.743099212646484 13.6943998336792 0.0
  vertex 23.412338131266537 12.597145923947352 0.0
  vertex 23.94490051269531 12.324949645996092 0.0
 endloop
endfacet
facet normal 0.0 0.0 1.0
 outer loop
  vertex 25.541200637817383 12.888799667358398 0.0
  vertex 24.743099212646484 13.6943998336792 0.0
  vertex 23.94490051269531 12.324949645996092 0.0
 endloop
endfacet
facet normal 0.0 0.0 1.0
 outer loop
  vertex 25.541200637817383 12.888799667358398 0.0
  vertex 23.94490051269531 12.324949645996092 0.0
  vertex 24.184360122680662 12.08329963684082 0.0
 endloop
endfacet
facet normal 0.0 0.0 1.0
 outer loop
  vertex 27.13759994506836 14.5 0.0
  vertex 26.339399337768555 15.305500030517578 0.0
  vertex 25.541200637817383 14.5 0.0
 endloop
endfacet
facet normal 0.0 0.0 1.0
 outer loop
  vertex 32.724700927734375 12.08329963684082 0.0
  vertex 33.88822330493298 12.08329963684082 0.0
  vertex 34.081569290161134 12.888799667358398 0.0
 endloop
endfacet
facet normal 0.0 -0.0 1.0
 outer loop
  vertex 34.081569290161134 12.888799667358398 0.0
  vertex 34.401914483588186 13.362354811571205 0.0
  vertex 33.52289962768555 14.5 0.0
 endloop
endfacet
facet normal 0.0 0.0 1.0
 outer loop
  vertex 47.39902067313111 13.132012861245311 0.0
  vertex 46.91100906535861 12.810952235944569 0.0
  vertex 47.09170150756836 12.08329963684082 0.0
 endloop
endfacet
facet normal 0.0 0.0 1.0
 outer loop
  vertex 47.889801025390625 13.452719783782959 0.0
  vertex 47.39902067313111 13.132012861245311 0.0
  vertex 47.09170150756836 12.08329963684082 0.0
 endloop
endfacet
facet normal -0.0 0.0 1.0
 outer loop
  vertex 47.889801025390625 13.452719783782959 0.0
  vertex 49.48619842529297 12.888799667358398 0.0
  vertex 48.28890037536621 13.842071282343372 0.0
 endloop
endfacet
facet normal 0.0 0.0 1.0
 outer loop
  vertex 53.47700119018555 14.5 0.0
  vertex 51.880699157714844 15.305500030517578 0.0
  vertex 51.880699157714844 14.5 0.0
 endloop
endfacet
facet normal 0.0 0.0 1.0
 outer loop
  vertex 51.880699157714844 14.5 0.0
  vertex 51.880699157714844 12.888799667358398 0.0
  vertex 53.553935601422566 13.335660334280783 0.0
 endloop
endfacet
facet normal 0.0 0.0 0.9999999999999999
 outer loop
  vertex 53.47700119018555 14.5 0.0
  vertex 51.880699157714844 14.5 0.0
  vertex 53.553935601422566 13.335660334280783 0.0
 endloop
endfacet
facet normal 0.0 0.0 1.0
 outer loop
  vertex 75.82559967041016 12.08329963684082 0.0
  vertex 77.4219970703125 12.08329963684082 0.0
  vertex 76.6238021850586 13.6943998336792 0.0
 endloop
endfacet
facet normal 0.0 0.0 1.0
 outer loop
  vertex 61.78262916522799 12.804984052439384 0.0
  vertex 62.2568016052246 13.130479717254637 0.0
  vertex 62.25680160522461 13.6943998336792 0.0
 endloop
endfacet
facet normal 0.0 0.0 1.0
 outer loop
  vertex 60.660499572753906 14.5 0.0
  vertex 59.862300872802734 13.6943998336792 0.0
  vertex 60.660499572753906 12.888799667358398 0.0
 endloop
endfacet
facet normal 0.0 0.0 1.0
 outer loop
  vertex 60.660499572753906 14.5 0.0
  vertex 60.660499572753906 12.888799667358398 0.0
  vertex 61.78262916522799 12.804984052439384 0.0
 endloop
endfacet
facet normal 0.0 0.0 1.0
 outer loop
  vertex 25.541200637817383 14.5 0.0
  vertex 26.339399337768555 15.305500030517578 0.0
  vertex 25.795385365347215 16.111099243164063 0.0
 endloop
endfacet
facet normal 0.0 -0.0 1.0
 outer loop
  vertex 25.541200637817383 14.5 0.0
  vertex 25.795385365347215 16.111099243164063 0.0
  vertex 24.743099212646484 16.111099243164063 0.0
 endloop
endfacet
facet normal 0.0 0.0 1.0
 outer loop
  vertex 51.880699157714844 16.67494926452637 0.0
  vertex 51.08250045776367 16.67494926452637 0.0
  vertex 51.880699157714844 15.305500030517578 0.0
 endloop
endfacet
facet normal 0.0 0.0 1.0
 outer loop
  vertex 51.880699157714844 16.67494926452637 0.0
  vertex 51.880699157714844 15.305500030517578 0.0
  vertex 52.67879867553711 16.111099243164063 0.0
 endloop
endfacet
facet normal 0.0 -0.0 1.0
 outer loop
  vertex 50.2843017578125 13.6943998336792 0.0
  vertex 50.2843017578125 15.305500030517578 0.0
  vertex 48.95218384116497 14.5 0.0
 endloop
endfacet
facet normal 0.0 0.0 1.0
 outer loop
  vertex 48.6879997253418 14.231422780903788 0.0
  vertex 48.28890037536621 13.842071282343372 0.0
  vertex 49.48619842529297 12.888799667358398 0.0
 endloop
endfacet
facet normal 0.0 0.0 1.0
 outer loop
  vertex 48.6879997253418 14.231422780903788 0.0
  vertex 49.48619842529297 12.888799667358398 0.0
  vertex 50.2843017578125 13.6943998336792 0.0
 endloop
endfacet
facet normal 0.0 0.0 1.0
 outer loop
  vertex 48.95218384116497 14.5 0.0
  vertex 48.6879997253418 14.231422780903788 0.0
  vertex 50.2843017578125 13.6943998336792 0.0
 endloop
endfacet
facet normal -0.0 0.0 1.0
 outer loop
  vertex 34.32099914550781 14.5 0.0
  vertex 35.04181143033784 14.316720189271647 0.0
  vertex 35.3599904820323 14.810065518576511 0.0
 endloop
endfacet
facet normal 0.0 0.0 1.0
 outer loop
  vertex 34.32099914550781 14.5 0.0
  vertex 35.3599904820323 14.810065518576511 0.0
  vertex 35.67794075012207 15.305500030517578 0.0
 endloop
endfacet
facet normal 0.0 0.0 1.0
 outer loop
  vertex 34.32099914550781 16.111099243164063 0.0
  vertex 34.32099914550781 14.5 0.0
  vertex 35.67794075012207 15.305500030517578 0.0
 endloop
endfacet
facet normal 0.0 -0.0 0.9999999999999999
 outer loop
  vertex 35.67794075012207 15.305500030517578 0.0
  vertex 35.998026413112164 15.780735817044926 0.0
  vertex 35.11920166015625 16.91659927368164 0.0
 endloop
endfacet
facet normal 0.0 0.0 1.0
 outer loop
  vertex 35.67794075012207 15.305500030517578 0.0
  vertex 35.11920166015625 16.91659927368164 0.0
  vertex 34.32099914550781 16.111099243164063 0.0
 endloop
endfacet
facet normal -0.0 0.0 1.0
 outer loop
  vertex 47.62989857979119 16.250568204319066 0.0
  vertex 48.16046708226203 15.88853314478099 0.0
  vertex 48.6879997253418 16.91659927368164 0.0
 endloop
endfacet
facet normal 0.0 0.0 1.0
 outer loop
  vertex 47.09170150756836 17.722200393676758 0.0
  vertex 47.09170150756836 16.664572686644945 0.0
  vertex 47.62989857979119 16.250568204319066 0.0
 endloop
endfacet
facet normal 0.0 0.0 1.0
 outer loop
  vertex 47.09170150756836 17.722200393676758 0.0
  vertex 47.62989857979119 16.250568204319066 0.0
  vertex 48.6879997253418 16.91659927368164 0.0
 endloop
endfacet
facet normal -0.0 0.0 1.0
 outer loop
  vertex 47.09170150756836 17.722200393676758 0.0
  vertex 48.6879997253418 16.91659927368164 0.0
  vertex 48.6879997253418 17.722200393676758 0.0
 endloop
endfacet
facet normal 0.0 0.0 1.0
 outer loop
  vertex 51.08250045776367 16.67494926452637 0.0
  vertex 50.66317492717733 17.019396350677802 0.0
  vertex 49.48619842529297 16.91659927368164 0.0
 endloop
endfacet
facet normal 0.0 -0.0 1.0
 outer loop
  vertex 50.2843017578125 15.305500030517578 0.0
  vertex 51.08250045776367 16.67494926452637 0.0
  vertex 49.48619842529297 16.91659927368164 0.0
 endloop
endfacet
facet normal 0.0 0.0 1.0
 outer loop
  vertex 64.18040832625702 14.418335156911052 0.0
  vertex 64.65129852294922 14.741650009155272 0.0
  vertex 64.65129852294922 15.305500030517578 0.0
 endloop
endfacet
facet normal 0.0 0.0 1.0
 outer loop
  vertex 63.05500030517578 16.111099243164063 0.0
  vertex 62.25680160522461 15.305500030517578 0.0
  vertex 63.05500030517578 14.5 0.0
 endloop
endfacet
facet normal 0.0 0.0 0.9999999999999999
 outer loop
  vertex 63.05500030517578 16.111099243164063 0.0
  vertex 63.05500030517578 14.5 0.0
  vertex 64.18040832625702 14.418335156911052 0.0
 endloop
endfacet
facet normal -0.0 0.0 1.0
 outer loop
  vertex 75.82559967041016 14.5 0.0
  vertex 76.6238021850586 13.6943998336792 0.0
  vertex 77.4219970703125 15.305500030517578 0.0
 endloop
endfacet
facet normal 0.0 0.0 1.0
 outer loop
  vertex 75.82559967041016 16.111099243164063 0.0
  vertex 75.82559967041016 14.5 0.0
  vertex 77.4219970703125 15.305500030517578 0.0
 endloop
endfacet
facet normal -0.0 0.0 0.9999999999999999
 outer loop
  vertex 8.221097898483276 15.305500030517578 0.0
  vertex 8.501200108890377 14.774793529701665 0.0
  vertex 9.577980041503906 16.111099243164063 0.0
 endloop
endfacet
facet normal 0.0 0.0 1.0
 outer loop
  vertex 7.981649875640869 16.91659927368164 0.0
  vertex 7.907092847721373 15.758950489759446 0.0
  vertex 8.221097898483276 15.305500030517578 0.0
 endloop
endfacet
facet normal 0.0 0.0 1.0
 outer loop
  vertex 9.664376980211209 17.24924746224181 0.0
  vertex 8.779809951782227 17.722200393676758 0.0
  vertex 7.981649875640869 16.91659927368164 0.0
 endloop
endfacet
facet normal 0.0 0.0 1.0
 outer loop
  vertex 7.981649875640869 16.91659927368164 0.0
  vertex 8.221097898483276 15.305500030517578 0.0
  vertex 9.577980041503906 16.111099243164063 0.0
 endloop
endfacet
facet normal -0.0 0.0 1.0
 outer loop
  vertex 7.981649875640869 16.91659927368164 0.0
  vertex 9.577980041503906 16.111099243164063 0.0
  vertex 9.664376980211209 17.24924746224181 0.0
 endloop
endfacet
facet normal 0.0 0.0 1.0
 outer loop
  vertex 22.348600387573242 16.111099243164063 0.0
  vertex 23.146699905395508 16.91659927368164 0.0
  vertex 22.603811828077102 17.735762389130834 0.0
 endloop
endfacet
facet normal 0.0 -0.0 0.9999999999999999
 outer loop
  vertex 22.348600387573242 16.111099243164063 0.0
  vertex 22.603811828077102 17.735762389130834 0.0
  vertex 21.550399780273438 17.722200393676758 0.0
 endloop
endfacet
facet normal 0.0 0.0 0.9999999999999999
 outer loop
  vertex 22.348600387573242 16.111099243164063 0.0
  vertex 21.550399780273438 17.722200393676758 0.0
  vertex 20.752199172973633 16.91659927368164 0.0
 endloop
endfacet
facet normal 0.0 0.0 1.0
 outer loop
  vertex 64.95547269508242 17.96319129073079 0.0
  vertex 64.46536286743358 17.64049618900078 0.0
  vertex 64.65129852294922 16.91659927368164 0.0
 endloop
endfacet
facet normal 0.0 0.0 1.0
 outer loop
  vertex 65.44950103759766 18.286050415039064 0.0
  vertex 64.95547269508242 17.96319129073079 0.0
  vertex 66.24759674072266 17.722200393676758 0.0
 endloop
endfacet
facet normal 0.0 0.0 1.0
 outer loop
  vertex 19.155899047851563 17.722200393676758 0.0
  vertex 18.35770034790039 16.111099243164063 0.0
  vertex 19.954099655151367 16.111099243164063 0.0
 endloop
endfacet
facet normal 0.0 0.0 0.9999999999999999
 outer loop
  vertex 37.274238967895506 17.722200393676758 0.0
  vertex 37.59647229239344 18.17483127914635 0.0
  vertex 37.51369857788086 18.527700424194336 0.0
 endloop
endfacet
facet normal -0.0 0.0 0.9999999999999999
 outer loop
  vertex 35.91740036010742 16.91659927368164 0.0
  vertex 36.63795292224822 16.733610837044885 0.0
  vertex 36.95630326755345 17.225872414901463 0.0
 endloop
endfacet
facet normal 0.0 0.0 1.0
 outer loop
  vertex 36.95630326755345 17.225872414901463 0.0
  vertex 37.274238967895506 17.722200393676758 0.0
  vertex 37.51369857788086 18.527700424194336 0.0
 endloop
endfacet
facet normal 0.0 0.0 0.9999999999999999
 outer loop
  vertex 35.91740036010742 18.527700424194336 0.0
  vertex 35.91740036010742 16.91659927368164 0.0
  vertex 36.95630326755345 17.225872414901463 0.0
 endloop
endfacet
facet normal 0.0 0.0 1.0
 outer loop
  vertex 37.51369857788086 18.527700424194336 0.0
  vertex 35.91740036010742 18.527700424194336 0.0
  vertex 36.95630326755345 17.225872414901463 0.0
 endloop
endfacet
facet normal 0.0 0.0 1.0
 outer loop
  vertex 53.47700119018555 17.722200393676758 0.0
  vertex 52.91825942993164 17.722200393676758 0.0
  vertex 52.67879867553711 17.43784984197857 0.0
 endloop
endfacet
facet normal 0.0 0.0 1.0
 outer loop
  vertex 52.67879867553711 17.43784984197857 0.0
  vertex 52.19486096872083 16.91659927368164 0.0
  vertex 52.67879867553711 16.111099243164063 0.0
 endloop
endfacet
facet normal 0.0 -0.0 1.0
 outer loop
  vertex 54.27519989013672 16.111099243164063 0.0
  vertex 55.073299407958984 16.91659927368164 0.0
  vertex 53.47700119018555 17.722200393676758 0.0
 endloop
endfacet
facet normal 0.0 0.0 1.0
 outer loop
  vertex 53.47700119018555 17.722200393676758 0.0
  vertex 52.67879867553711 17.43784984197857 0.0
  vertex 52.67879867553711 16.111099243164063 0.0
 endloop
endfacet
facet normal 0.0 0.0 1.0
 outer loop
  vertex 53.47700119018555 17.722200393676758 0.0
  vertex 52.67879867553711 16.111099243164063 0.0
  vertex 54.27519989013672 16.111099243164063 0.0
 endloop
endfacet
facet normal 0.0 0.0 1.0
 outer loop
  vertex 68.64209747314453 17.158279609680175 0.0
  vertex 69.44029998779297 17.445224362279237 0.0
  vertex 69.44029998779297 18.527700424194336 0.0
 endloop
endfacet
facet normal 0.0 0.0 1.0
 outer loop
  vertex 75.58616867065429 18.527700424194336 0.0
  vertex 75.24333360633497 19.061381387710572 0.0
  vertex 74.22930145263672 19.33329963684082 0.0
 endloop
endfacet
facet normal 0.0 0.0 1.0
 outer loop
  vertex 74.22930145263672 19.33329963684082 0.0
  vertex 73.43109893798828 18.527700424194336 0.0
  vertex 74.22930145263672 17.722200393676758 0.0
 endloop
endfacet
facet normal 0.0 0.0 1.0
 outer loop
  vertex 75.58616867065429 18.527700424194336 0.0
  vertex 74.22930145263672 19.33329963684082 0.0
  vertex 74.22930145263672 17.722200393676758 0.0
 endloop
endfacet
facet normal 0.0 0.0 1.0
 outer loop
  vertex 75.58616867065429 18.527700424194336 0.0
  vertex 74.22930145263672 17.722200393676758 0.0
  vertex 75.02749633789063 16.91659927368164 0.0
 endloop
endfacet
facet normal 0.0 0.0 1.0
 outer loop
  vertex 75.58616867065429 18.527700424194336 0.0
  vertex 75.02749633789063 16.91659927368164 0.0
  vertex 75.93205386205929 18.116494802291903 0.0
 endloop
endfacet
facet normal 0.0 0.0 1.0
 outer loop
  vertex 6.38532018661499 20.1387996673584 0.0
  vertex 5.826601123809814 19.33329963684082 0.0
  vertex 6.124975114308226 18.796269829338417 0.0
 endloop
endfacet
facet normal 0.0 0.0 1.0
 outer loop
  vertex 6.38532018661499 20.1387996673584 0.0
  vertex 6.124975114308226 18.796269829338417 0.0
  vertex 7.1834797859191895 18.527700424194336 0.0
 endloop
endfacet
facet normal 0.0 0.0 1.0
 outer loop
  vertex 7.1834797859191895 18.527700424194336 0.0
  vertex 6.721737025311713 17.722200393676758 0.0
  vertex 6.99323707675321 17.188518714904784 0.0
 endloop
endfacet
facet normal 0.0 0.0 1.0
 outer loop
  vertex 8.779809951782227 17.722200393676758 0.0
  vertex 8.759848948410264 18.796271134765256 0.0
  vertex 7.1834797859191895 18.527700424194336 0.0
 endloop
endfacet
facet normal 0.0 -0.0 1.0
 outer loop
  vertex 7.981649875640869 16.91659927368164 0.0
  vertex 8.779809951782227 17.722200393676758 0.0
  vertex 7.1834797859191895 18.527700424194336 0.0
 endloop
endfacet
facet normal 0.0 0.0 1.0
 outer loop
  vertex 7.981649875640869 16.91659927368164 0.0
  vertex 7.1834797859191895 18.527700424194336 0.0
  vertex 6.99323707675321 17.188518714904784 0.0
 endloop
endfacet
facet normal 0.0 0.0 1.0
 outer loop
  vertex 69.44029998779297 18.527700424194336 0.0
  vertex 69.44029998779297 17.445224362279237 0.0
  vertex 70.2385025024414 17.343381656173346 0.0
 endloop
endfacet
facet normal 0.0 0.0 1.0
 outer loop
  vertex 71.0365982055664 18.527700424194336 0.0
  vertex 69.44029998779297 18.527700424194336 0.0
  vertex 70.2385025024414 17.343381656173346 0.0
 endloop
endfacet
facet normal 0.0 0.0 0.9999999999999999
 outer loop
  vertex 71.0365982055664 18.527700424194336 0.0
  vertex 70.2385025024414 17.343381656173346 0.0
  vertex 70.75703036357628 16.91659927368164 0.0
 endloop
endfacet
facet normal 0.0 0.0 1.0
 outer loop
  vertex 16.76140022277832 18.527700424194336 0.0
  vertex 15.16510009765625 19.33329963684082 0.0
  vertex 15.16510009765625 17.722200393676758 0.0
 endloop
endfacet
facet normal 0.0 0.0 1.0
 outer loop
  vertex 15.16510009765625 17.722200393676758 0.0
  vertex 15.697532140208214 16.89182777399953 0.0
  vertex 16.76140022277832 16.91659927368164 0.0
 endloop
endfacet
facet normal 0.0 0.0 1.0
 outer loop
  vertex 16.76140022277832 18.527700424194336 0.0
  vertex 15.16510009765625 17.722200393676758 0.0
  vertex 16.76140022277832 16.91659927368164 0.0
 endloop
endfacet
facet normal 0.0 0.0 1.0
 outer loop
  vertex 19.155899047851563 17.722200393676758 0.0
  vertex 19.954099655151367 18.527700424194336 0.0
  vertex 19.421910232618444 19.35939177351829 0.0
 endloop
endfacet
facet normal 0.0 -0.0 1.0
 outer loop
  vertex 19.155899047851563 17.722200393676758 0.0
  vertex 19.421910232618444 19.35939177351829 0.0
  vertex 18.35770034790039 19.33329963684082 0.0
 endloop
endfacet
facet normal 0.0 0.0 1.0
 outer loop
  vertex 47.09170150756836 17.722200393676758 0.0
  vertex 48.41860766410828 18.74575927969609 0.0
  vertex 47.889801025390625 19.091619873046874 0.0
 endloop
endfacet
facet normal 0.0 0.0 1.0
 outer loop
  vertex 47.889801025390625 19.091619873046874 0.0
  vertex 47.46527307270196 19.438616729208086 0.0
  vertex 46.29349899291992 19.33329963684082 0.0
 endloop
endfacet
facet normal 0.0 0.0 1.0
 outer loop
  vertex 46.29349899291992 19.33329963684082 0.0
  vertex 45.92898644542558 17.614769126043562 0.0
  vertex 47.09170150756836 17.722200393676758 0.0
 endloop
endfacet
facet normal 0.0 0.0 1.0
 outer loop
  vertex 47.889801025390625 19.091619873046874 0.0
  vertex 46.29349899291992 19.33329963684082 0.0
  vertex 47.09170150756836 17.722200393676758 0.0
 endloop
endfacet
facet normal 0.0 0.0 1.0
 outer loop
  vertex 67.84400177001953 16.91659927368164 0.0
  vertex 66.24759674072266 17.722200393676758 0.0
  vertex 67.0457992553711 16.352749252319335 0.0
 endloop
endfacet
facet normal 0.0 0.0 1.0
 outer loop
  vertex 72.63300323486328 20.1387996673584 0.0
  vertex 71.83480072021484 19.33329963684082 0.0
  vertex 73.43109893798828 18.527700424194336 0.0
 endloop
endfacet
facet normal 0.0 0.0 1.0
 outer loop
  vertex 72.63300323486328 20.1387996673584 0.0
  vertex 73.43109893798828 18.527700424194336 0.0
  vertex 74.22930145263672 19.33329963684082 0.0
 endloop
endfacet
facet normal 0.0 0.0 1.0
 outer loop
  vertex 55.073299407958984 20.1387996673584 0.0
  vertex 54.514629745483404 20.1387996673584 0.0
  vertex 54.19718244798245 19.666976712225004 0.0
 endloop
endfacet
facet normal 0.0 0.0 1.0
 outer loop
  vertex 55.073299407958984 20.1387996673584 0.0
  vertex 54.19718244798245 19.666976712225004 0.0
  vertex 54.27519989013672 18.527700424194336 0.0
 endloop
endfacet
facet normal 0.0 0.0 1.0
 outer loop
  vertex 55.073299407958984 20.1387996673584 0.0
  vertex 54.27519989013672 18.527700424194336 0.0
  vertex 55.871498107910156 18.527700424194336 0.0
 endloop
endfacet
facet normal 0.0 0.0 1.0
 outer loop
  vertex 55.073299407958984 20.1387996673584 0.0
  vertex 55.871498107910156 18.527700424194336 0.0
  vertex 56.669700622558594 19.33329963684082 0.0
 endloop
endfacet
facet normal 0.0 0.0 0.9999999999999999
 outer loop
  vertex 7.1834797859191895 22.555500030517578 0.0
  vertex 6.38532018661499 21.75 0.0
  vertex 7.981649875640869 21.75 0.0
 endloop
endfacet
facet normal 0.0 0.0 0.9999999999999999
 outer loop
  vertex 38.3119010925293 20.1387996673584 0.0
  vertex 39.21642095223069 20.498563404125612 0.0
  vertex 39.11000061035156 21.75 0.0
 endloop
endfacet
facet normal 0.0 0.0 0.9999999999999999
 outer loop
  vertex 36.95495948791504 20.944400787353516 0.0
  vertex 36.63462900808081 20.469235761030884 0.0
  vertex 36.71549987792969 19.33329963684082 0.0
 endloop
endfacet
facet normal -0.0 0.0 1.0
 outer loop
  vertex 36.71549987792969 19.33329963684082 0.0
  vertex 38.2391624682583 19.099914326751048 0.0
  vertex 38.3119010925293 20.1387996673584 0.0
 endloop
endfacet
facet normal 0.0 0.0 1.0
 outer loop
  vertex 36.95495948791504 20.944400787353516 0.0
  vertex 36.71549987792969 19.33329963684082 0.0
  vertex 38.3119010925293 20.1387996673584 0.0
 endloop
endfacet
facet normal 0.0 0.0 0.9999999999999999
 outer loop
  vertex 45.49530029296875 20.1387996673584 0.0
  vertex 45.2259702205658 21.163824522418896 0.0
  vertex 44.697200775146484 21.508320236206053 0.0
 endloop
endfacet
facet normal 0.0 0.0 1.0
 outer loop
  vertex 43.89899826049805 20.1387996673584 0.0
  vertex 45.49530029296875 20.1387996673584 0.0
  vertex 44.697200775146484 21.508320236206053 0.0
 endloop
endfacet
facet normal 0.0 0.0 1.0
 outer loop
  vertex 44.697200775146484 21.508320236206053 0.0
  vertex 44.276089419731086 21.85738107629989 0.0
  vertex 43.10089874267578 20.944400787353516 0.0
 endloop
endfacet
facet normal 0.0 -0.0 1.0
 outer loop
  vertex 43.89899826049805 20.1387996673584 0.0
  vertex 44.697200775146484 21.508320236206053 0.0
  vertex 43.10089874267578 20.944400787353516 0.0
 endloop
endfacet
facet normal 0.0 0.0 1.0
 outer loop
  vertex 66.24759674072266 20.944400787353516 0.0
  vertex 65.94539369898689 20.1387996673584 0.0
  vertex 66.24759674072266 19.793913510064343 0.0
 endloop
endfacet
facet normal 0.0 0.0 1.0
 outer loop
  vertex 67.84400177001953 19.33329963684082 0.0
  vertex 68.64209747314453 20.1387996673584 0.0
  vertex 67.84400177001953 20.944400787353516 0.0
 endloop
endfacet
facet normal 0.0 0.0 1.0
 outer loop
  vertex 66.24759674072266 20.944400787353516 0.0
  vertex 66.24759674072266 19.793913510064343 0.0
  vertex 66.51636882404847 19.33329963684082 0.0
 endloop
endfacet
facet normal 0.0 0.0 1.0
 outer loop
  vertex 66.51636882404847 19.33329963684082 0.0
  vertex 67.84400177001953 19.33329963684082 0.0
  vertex 67.84400177001953 20.944400787353516 0.0
 endloop
endfacet
facet normal 0.0 -0.0 1.0
 outer loop
  vertex 66.51636882404847 19.33329963684082 0.0
  vertex 67.84400177001953 20.944400787353516 0.0
  vertex 66.24759674072266 20.944400787353516 0.0
 endloop
endfacet
facet normal 0.0 0.0 1.0
 outer loop
  vertex 70.2385025024414 20.1387996673584 0.0
  vertex 71.0365982055664 18.527700424194336 0.0
  vertex 71.83480072021484 19.33329963684082 0.0
 endloop
endfacet
facet normal 0.0 0.0 1.0
 outer loop
  vertex 5.5871500968933105 22.555500030517578 0.0
  vertex 4.788990020751953 23.361099243164063 0.0
  vertex 3.9908199310302734 22.555500030517578 0.0
 endloop
endfacet
facet normal 0.0 0.0 0.9999999999999999
 outer loop
  vertex 5.5871500968933105 22.555500030517578 0.0
  vertex 3.9908199310302734 22.555500030517578 0.0
  vertex 3.9908199310302734 21.337869671704894 0.0
 endloop
endfacet
facet normal 0.0 0.0 1.0
 outer loop
  vertex 5.5871500968933105 22.555500030517578 0.0
  vertex 3.9908199310302734 21.337869671704894 0.0
  vertex 5.5871500968933105 20.944400787353516 0.0
 endloop
endfacet
facet normal 0.0 0.0 0.9999999999999999
 outer loop
  vertex 14.366900444030762 20.944400787353516 0.0
  vertex 15.429439270496369 21.73564073784192 0.0
  vertex 14.898169857263564 22.024745379602113 0.0
 endloop
endfacet
facet normal 0.0 0.0 0.9999999999999999
 outer loop
  vertex 14.366900444030762 20.944400787353516 0.0
  vertex 14.898169857263564 22.024745379602113 0.0
  vertex 14.366900444030762 22.313850021362306 0.0
 endloop
endfacet
facet normal 0.0 0.0 1.0
 outer loop
  vertex 13.56879997253418 20.944400787353516 0.0
  vertex 14.366900444030762 20.944400787353516 0.0
  vertex 14.366900444030762 22.313850021362306 0.0
 endloop
endfacet
facet normal 0.0 0.0 1.0
 outer loop
  vertex 13.56879997253418 20.944400787353516 0.0
  vertex 14.366900444030762 22.313850021362306 0.0
  vertex 13.971765534975937 22.555500030517578 0.0
 endloop
endfacet
facet normal 0.0 -0.0 1.0
 outer loop
  vertex 13.56879997253418 20.944400787353516 0.0
  vertex 13.971765534975937 22.555500030517578 0.0
  vertex 12.770600318908691 21.75 0.0
 endloop
endfacet
facet normal 0.0 0.0 0.9999999999999999
 outer loop
  vertex 41.91930650442065 20.82302366627836 0.0
  vertex 43.10089874267578 20.944400787353516 0.0
  vertex 43.10089874267578 21.75 0.0
 endloop
endfacet
facet normal 0.0 0.0 1.0
 outer loop
  vertex 43.10089874267578 21.75 0.0
  vertex 42.30270004272461 22.555500030517578 0.0
  vertex 41.50450134277344 21.18608055114746 0.0
 endloop
endfacet
facet normal 0.0 0.0 1.0
 outer loop
  vertex 43.10089874267578 21.75 0.0
  vertex 41.50450134277344 21.18608055114746 0.0
  vertex 41.91930650442065 20.82302366627836 0.0
 endloop
endfacet
facet normal -0.0 0.0 1.0
 outer loop
  vertex 40.70640182495117 21.405139450631665 0.0
  vertex 41.50450134277344 21.18608055114746 0.0
  vertex 40.70640182495117 22.555500030517578 0.0
 endloop
endfacet
facet normal 0.0 0.0 0.9999999999999999
 outer loop
  vertex 70.2385025024414 21.75 0.0
  vertex 68.64209747314453 20.1387996673584 0.0
  vertex 70.2385025024414 20.1387996673584 0.0
 endloop
endfacet
facet normal 0.0 0.0 1.0
 outer loop
  vertex 7.981649875640869 21.75 0.0
  vertex 7.981649875640869 20.1387996673584 0.0
  vertex 8.779809951782227 20.470007880534524 0.0
 endloop
endfacet
facet normal 0.0 0.0 0.9999999999999999
 outer loop
  vertex 58.02653923034667 20.1387996673584 0.0
  vertex 58.391542235016814 20.557783100512786 0.0
  vertex 58.26599884033203 21.75 0.0
 endloop
endfacet
facet normal 0.0 -0.0 0.9999999999999999
 outer loop
  vertex 58.02653923034667 20.1387996673584 0.0
  vertex 58.26599884033203 21.75 0.0
  vertex 56.669700622558594 21.75 0.0
 endloop
endfacet
facet normal 0.0 0.0 1.0
 outer loop
  vertex 68.64209747314453 22.555500030517578 0.0
  vertex 67.84400177001953 23.361099243164063 0.0
  vertex 67.0457992553711 22.555500030517578 0.0
 endloop
endfacet
facet normal 0.0 0.0 1.0
 outer loop
  vertex 7.981649875640869 23.361099243164063 0.0
  vertex 7.1834797859191895 22.555500030517578 0.0
  vertex 7.981649875640869 21.75 0.0
 endloop
endfacet
facet normal 0.0 0.0 1.0
 outer loop
  vertex 7.981649875640869 21.75 0.0
  vertex 9.577980041503906 23.361099243164063 0.0
  vertex 7.981649875640869 23.361099243164063 0.0
 endloop
endfacet
facet normal 0.0 -0.0 1.0
 outer loop
  vertex 12.770600318908691 21.75 0.0
  vertex 12.770600318908691 22.555500030517578 0.0
  vertex 11.174300193786621 21.75 0.0
 endloop
endfacet
facet normal 0.0 0.0 1.0
 outer loop
  vertex 11.174300193786621 20.944400787353516 0.0
  vertex 12.770600318908691 21.75 0.0
  vertex 11.174300193786621 21.75 0.0
 endloop
endfacet
facet normal 0.0 0.0 1.0
 outer loop
  vertex 23.146699905395508 24.16659927368164 0.0
  vertex 23.424547551572324 23.24444758845493 0.0
  vertex 24.067130661010744 23.17228692770004 0.0
 endloop
endfacet
facet normal 0.0 0.0 1.0
 outer loop
  vertex 24.743099212646484 24.16659927368164 0.0
  vertex 23.944900512695313 24.972200393676758 0.0
  vertex 23.146699905395508 24.16659927368164 0.0
 endloop
endfacet
facet normal 0.0 0.0 1.0
 outer loop
  vertex 24.743099212646484 24.16659927368164 0.0
  vertex 23.146699905395508 24.16659927368164 0.0
  vertex 24.067130661010744 23.17228692770004 0.0
 endloop
endfacet
facet normal 0.0 0.0 1.0
 outer loop
  vertex 24.743099212646484 24.16659927368164 0.0
  vertex 24.804165649414063 23.145853203535076 0.0
  vertex 25.58322904603556 23.119177513760203 0.0
 endloop
endfacet
facet normal 0.0 0.0 1.0
 outer loop
  vertex 27.935699462890625 24.16659927368164 0.0
  vertex 27.94334084908187 23.044259833260746 0.0
  vertex 28.73577505269204 23.021010224108352 0.0
 endloop
endfacet
facet normal 0.0 0.0 1.0
 outer loop
  vertex 29.531999588012695 24.16659927368164 0.0
  vertex 28.73390007019043 24.972200393676758 0.0
  vertex 27.935699462890625 24.16659927368164 0.0
 endloop
endfacet
facet normal 0.0 0.0 1.0
 outer loop
  vertex 29.531999588012695 24.16659927368164 0.0
  vertex 27.935699462890625 24.16659927368164 0.0
  vertex 28.73577505269204 23.021010224108352 0.0
 endloop
endfacet
facet normal 0.0 0.0 1.0
 outer loop
  vertex 29.531999588012695 24.16659927368164 0.0
  vertex 29.532983714775764 23.00175666018217 0.0
  vertex 30.33066921602731 22.98463851335402 0.0
 endloop
endfacet
facet normal 0.0 0.0 0.9999999999999999
 outer loop
  vertex 31.128400802612305 24.16659927368164 0.0
  vertex 30.3302001953125 24.972200393676758 0.0
  vertex 29.531999588012695 24.16659927368164 0.0
 endloop
endfacet
facet normal 0.0 0.0 1.0
 outer loop
  vertex 31.128400802612305 24.16659927368164 0.0
  vertex 29.531999588012695 24.16659927368164 0.0
  vertex 30.33066921602731 22.98463851335402 0.0
 endloop
endfacet
facet normal 0.0 0.0 1.0
 outer loop
  vertex 31.128400802612305 24.16659927368164 0.0
  vertex 31.128592779813335 22.969382956026656 0.0
  vertex 31.92651634359936 22.954127398699292 0.0
 endloop
endfacet
facet normal 0.0 0.0 1.0
 outer loop
  vertex 32.724700927734375 24.16659927368164 0.0
  vertex 31.92650032043457 24.972200393676758 0.0
  vertex 31.128400802612305 24.16659927368164 0.0
 endloop
endfacet
facet normal 0.0 0.0 0.9999999999999999
 outer loop
  vertex 32.724700927734375 24.16659927368164 0.0
  vertex 31.128400802612305 24.16659927368164 0.0
  vertex 31.92651634359936 22.954127398699292 0.0
 endloop
endfacet
facet normal 0.0 0.0 1.0
 outer loop
  vertex 32.724700927734375 24.16659927368164 0.0
  vertex 32.7246774506566 22.94181980242883 0.0
  vertex 33.522838298082206 22.93005489193643 0.0
 endloop
endfacet
facet normal 0.0 0.0 1.0
 outer loop
  vertex 58.26599884033203 21.75 0.0
  vertex 59.06420135498047 22.555500030517578 0.0
  vertex 58.26599884033203 23.361099243164063 0.0
 endloop
endfacet
facet normal 0.0 0.0 1.0
 outer loop
  vertex 56.669700622558594 21.75 0.0
  vertex 58.26599884033203 21.75 0.0
  vertex 58.26599884033203 23.361099243164063 0.0
 endloop
endfacet
facet normal 0.0 0.0 0.9999999999999999
 outer loop
  vertex 58.26599884033203 23.361099243164063 0.0
  vertex 56.669700622558594 24.16659927368164 0.0
  vertex 56.110958862304685 22.555500030517578 0.0
 endloop
endfacet
facet normal 0.0 -0.0 1.0
 outer loop
  vertex 56.669700622558594 21.75 0.0
  vertex 58.26599884033203 23.361099243164063 0.0
  vertex 56.110958862304685 22.555500030517578 0.0
 endloop
endfacet
facet normal 0.0 0.0 1.0
 outer loop
  vertex 60.660499572753906 24.16659927368164 0.0
  vertex 59.862300872802734 24.972200393676758 0.0
  vertex 59.06420135498047 24.16659927368164 0.0
 endloop
endfacet
facet normal 0.0 0.0 1.0
 outer loop
  vertex 60.21438304057378 22.555500030517578 0.0
  vertex 60.660499572753906 22.79717979431152 0.0
  vertex 60.660499572753906 24.16659927368164 0.0
 endloop
endfacet
facet normal 0.0 0.0 1.0
 outer loop
  vertex 63.85309982299805 23.361099243164063 0.0
  vertex 64.65129852294922 21.75 0.0
  vertex 65.44950103759766 22.555500030517578 0.0
 endloop
endfacet
facet normal 0.0 -0.0 0.9999999999999999
 outer loop
  vertex 71.0365982055664 22.555500030517578 0.0
  vertex 71.24062461660006 23.270443296432497 0.0
  vertex 70.7443224356895 23.58511166572571 0.0
 endloop
endfacet
facet normal 0.0 0.0 1.0
 outer loop
  vertex 70.7443224356895 23.58511166572571 0.0
  vertex 70.23324986895051 23.882160156965256 0.0
  vertex 69.44029998779297 23.361099243164063 0.0
 endloop
endfacet
facet normal 0.0 0.0 1.0
 outer loop
  vertex 71.0365982055664 22.555500030517578 0.0
  vertex 70.7443224356895 23.58511166572571 0.0
  vertex 69.44029998779297 23.361099243164063 0.0
 endloop
endfacet
facet normal 0.0 0.0 1.0
 outer loop
  vertex 69.44029998779297 23.361099243164063 0.0
  vertex 68.64209747314453 22.555500030517578 0.0
  vertex 70.2385025024414 21.75 0.0
 endloop
endfacet
facet normal 0.0 0.0 0.9999999999999999
 outer loop
  vertex 71.0365982055664 22.555500030517578 0.0
  vertex 69.44029998779297 23.361099243164063 0.0
  vertex 70.2385025024414 21.75 0.0
 endloop
endfacet
facet normal 0.0 0.0 1.0
 outer loop
  vertex 5.5871500968933105 24.16659927368164 0.0
  vertex 4.788990020751953 23.361099243164063 0.0
  vertex 5.5871500968933105 22.555500030517578 0.0
 endloop
endfacet
facet normal 0.0 0.0 1.0
 outer loop
  vertex 13.56879997253418 23.602749252319335 0.0
  vertex 14.366950035095215 23.602877001780005 0.0
  vertex 14.366900444030762 24.972200393676758 0.0
 endloop
endfacet
facet normal 0.0 0.0 1.0
 outer loop
  vertex 11.972399711608887 24.16659927368164 0.0
  vertex 11.174300193786621 23.361099243164063 0.0
  vertex 12.770600318908691 22.555500030517578 0.0
 endloop
endfacet
facet normal 0.0 0.0 1.0
 outer loop
  vertex 13.046291831663302 23.361099243164063 0.0
  vertex 11.972399711608887 24.16659927368164 0.0
  vertex 12.770600318908691 22.555500030517578 0.0
 endloop
endfacet
facet normal 0.0 0.0 1.0
 outer loop
  vertex 15.963199615478516 24.972200393676758 0.0
  vertex 15.16510009765625 25.777700424194336 0.0
  vertex 14.366900444030762 24.972200393676758 0.0
 endloop
endfacet
facet normal 0.0 0.0 1.0
 outer loop
  vertex 15.963199615478516 24.972200393676758 0.0
  vertex 14.366900444030762 24.972200393676758 0.0
  vertex 15.16510009765625 23.603004751240675 0.0
 endloop
endfacet
facet normal 0.0 0.0 1.0
 outer loop
  vertex 15.963199615478516 24.972200393676758 0.0
  vertex 15.963256478309631 23.602924907827756 0.0
  vertex 16.76141420006752 23.602865025268066 0.0
 endloop
endfacet
facet normal 0.0 0.0 0.9999999999999999
 outer loop
  vertex 17.559600830078125 24.972200393676758 0.0
  vertex 16.76140022277832 25.777700424194336 0.0
  vertex 15.963199615478516 24.972200393676758 0.0
 endloop
endfacet
facet normal 0.0 0.0 1.0
 outer loop
  vertex 17.559600830078125 24.972200393676758 0.0
  vertex 15.963199615478516 24.972200393676758 0.0
  vertex 16.76141420006752 23.602865025268066 0.0
 endloop
endfacet
facet normal 0.0 0.0 1.0
 outer loop
  vertex 17.559600830078125 24.972200393676758 0.0
  vertex 17.55957891047001 23.602823107476283 0.0
  vertex 18.357743620872498 23.6027811896845 0.0
 endloop
endfacet
facet normal 0.0 0.0 1.0
 outer loop
  vertex 19.155899047851563 24.972200393676758 0.0
  vertex 18.35770034790039 25.777700424194336 0.0
  vertex 17.559600830078125 24.972200393676758 0.0
 endloop
endfacet
facet normal 0.0 0.0 1.0
 outer loop
  vertex 19.155899047851563 24.972200393676758 0.0
  vertex 17.559600830078125 24.972200393676758 0.0
  vertex 18.357743620872498 23.6027811896845 0.0
 endloop
endfacet
facet normal 0.0 0.0 1.0
 outer loop
  vertex 19.155899047851563 24.972200393676758 0.0
  vertex 19.155915319919586 23.602757236660626 0.0
  vertex 19.954099655151367 23.602749252319335 0.0
 endloop
endfacet
facet normal 0.0 0.0 1.0
 outer loop
  vertex 20.752199172973633 24.972200393676758 0.0
  vertex 19.954099655151367 25.777700424194336 0.0
  vertex 19.155899047851563 24.972200393676758 0.0
 endloop
endfacet
facet normal 0.0 0.0 1.0
 outer loop
  vertex 20.752199172973633 24.972200393676758 0.0
  vertex 19.155899047851563 24.972200393676758 0.0
  vertex 19.954099655151367 23.602749252319335 0.0
 endloop
endfacet
facet normal 0.0 0.0 1.0
 outer loop
  vertex 20.752199172973633 24.972200393676758 0.0
  vertex 20.752199172973633 23.602749252319335 0.0
  vertex 21.550399780273438 23.602749252319335 0.0
 endloop
endfacet
facet normal 0.0 0.0 1.0
 outer loop
  vertex 48.6879997253418 24.972200393676758 0.0
  vertex 48.912061136784416 24.07188188990375 0.0
  vertex 49.59818144729846 23.957468066549787 0.0
 endloop
endfacet
facet normal 0.0 0.0 1.0
 outer loop
  vertex 50.2843017578125 24.972200393676758 0.0
  vertex 49.48619842529297 25.777700424194336 0.0
  vertex 48.6879997253418 24.972200393676758 0.0
 endloop
endfacet
facet normal 0.0 0.0 1.0
 outer loop
  vertex 50.2843017578125 24.972200393676758 0.0
  vertex 48.6879997253418 24.972200393676758 0.0
  vertex 49.59818144729846 23.957468066549787 0.0
 endloop
endfacet
facet normal 0.0 0.0 1.0
 outer loop
  vertex 50.2843017578125 24.972200393676758 0.0
  vertex 50.340340952531065 23.87283807898082 0.0
  vertex 51.110520055122954 23.81135351810486 0.0
 endloop
endfacet
facet normal 0.0 0.0 0.9999999999999999
 outer loop
  vertex 51.880699157714844 24.972200393676758 0.0
  vertex 51.08250045776367 25.777700424194336 0.0
  vertex 50.2843017578125 24.972200393676758 0.0
 endloop
endfacet
facet normal 0.0 0.0 1.0
 outer loop
  vertex 51.880699157714844 24.972200393676758 0.0
  vertex 50.2843017578125 24.972200393676758 0.0
  vertex 51.110520055122954 23.81135351810486 0.0
 endloop
endfacet
facet normal 0.0 0.0 1.0
 outer loop
  vertex 51.880699157714844 24.972200393676758 0.0
  vertex 51.89465936533003 23.76670031011101 0.0
  vertex 52.68583027775779 23.72866023015218 0.0
 endloop
endfacet
facet normal -0.0 0.0 1.0
 outer loop
  vertex 61.45869827270508 22.79717979431152 0.0
  vertex 61.990794484410436 22.52867027532193 0.0
  vertex 62.25680160522461 24.16659927368164 0.0
 endloop
endfacet
facet normal 0.0 -0.0 1.0
 outer loop
  vertex 61.45869827270508 22.79717979431152 0.0
  vertex 62.25680160522461 24.16659927368164 0.0
  vertex 60.660499572753906 24.16659927368164 0.0
 endloop
endfacet
facet normal 0.0 0.0 1.0
 outer loop
  vertex 60.660499572753906 22.79717979431152 0.0
  vertex 61.45869827270508 22.79717979431152 0.0
  vertex 60.660499572753906 24.16659927368164 0.0
 endloop
endfacet
facet normal 0.0 0.0 1.0
 outer loop
  vertex 67.84400177001953 24.16659927368164 0.0
  vertex 67.0457992553711 24.972200393676758 0.0
  vertex 66.24759674072266 24.16659927368164 0.0
 endloop
endfacet
facet normal 0.0 -0.0 1.0
 outer loop
  vertex 67.84400177001953 23.361099243164063 0.0
  vertex 67.84400177001953 24.16659927368164 0.0
  vertex 66.24759674072266 24.16659927368164 0.0
 endloop
endfacet
facet normal 0.0 0.0 1.0
 outer loop
  vertex 67.84400177001953 23.361099243164063 0.0
  vertex 66.24759674072266 24.16659927368164 0.0
  vertex 67.0457992553711 22.555500030517578 0.0
 endloop
endfacet
facet normal 0.0 0.0 1.0
 outer loop
  vertex 3.192660093307495 24.16659927368164 0.0
  vertex 1.874544278485056 23.069686505198476 0.0
  vertex 2.3944900035858154 22.79717979431152 0.0
 endloop
endfacet
facet normal 0.0 0.0 1.0
 outer loop
  vertex 2.3944900035858154 22.79717979431152 0.0
  vertex 2.793447346315681 22.432440071705535 0.0
  vertex 3.9908199310302734 22.555500030517578 0.0
 endloop
endfacet
facet normal 0.0 -0.0 1.0
 outer loop
  vertex 3.9908199310302734 22.555500030517578 0.0
  vertex 4.788990020751953 23.361099243164063 0.0
  vertex 3.192660093307495 24.16659927368164 0.0
 endloop
endfacet
facet normal 0.0 0.0 1.0
 outer loop
  vertex 3.9908199310302734 22.555500030517578 0.0
  vertex 3.192660093307495 24.16659927368164 0.0
  vertex 2.3944900035858154 22.79717979431152 0.0
 endloop
endfacet
facet normal 0.0 0.0 1.0
 outer loop
  vertex 11.174300193786621 23.361099243164063 0.0
  vertex 11.972399711608887 24.16659927368164 0.0
  vertex 11.174300193786621 24.972200393676758 0.0
 endloop
endfacet
facet normal 0.0 0.0 1.0
 outer loop
  vertex 9.577980041503906 23.361099243164063 0.0
  vertex 11.174300193786621 23.361099243164063 0.0
  vertex 11.174300193786621 24.972200393676758 0.0
 endloop
endfacet
facet normal -0.0 0.0 1.0
 outer loop
  vertex 35.91740036010742 25.777700424194336 0.0
  vertex 35.91740036010742 24.972200393676758 0.0
  vertex 37.51369857788086 25.777700424194336 0.0
 endloop
endfacet
facet normal 0.0 0.0 1.0
 outer loop
  vertex 36.71549987792969 22.79717979431152 0.0
  vertex 37.132215823615454 22.555500030517578 0.0
  vertex 38.3119010925293 22.555500030517578 0.0
 endloop
endfacet
facet normal 0.0 -0.0 1.0
 outer loop
  vertex 39.11000061035156 23.361099243164063 0.0
  vertex 39.11000061035156 24.16659927368164 0.0
  vertex 37.51369857788086 24.16659927368164 0.0
 endloop
endfacet
facet normal 0.0 -0.0 1.0
 outer loop
  vertex 38.3119010925293 22.555500030517578 0.0
  vertex 39.11000061035156 23.361099243164063 0.0
  vertex 37.51369857788086 24.16659927368164 0.0
 endloop
endfacet
facet normal 0.0 0.0 1.0
 outer loop
  vertex 38.3119010925293 22.555500030517578 0.0
  vertex 37.51369857788086 24.16659927368164 0.0
  vertex 36.71549987792969 22.79717979431152 0.0
 endloop
endfacet
facet normal 0.0 0.0 1.0
 outer loop
  vertex 41.50450134277344 23.361099243164063 0.0
  vertex 40.70640182495117 24.972200393676758 0.0
  vertex 39.11000061035156 24.16659927368164 0.0
 endloop
endfacet
facet normal -0.0 0.0 1.0
 outer loop
  vertex 43.10089874267578 26.58329963684082 0.0
  vertex 44.697200775146484 25.777700424194336 0.0
  vertex 44.697200775146484 26.58329963684082 0.0
 endloop
endfacet
facet normal 0.0 0.0 1.0
 outer loop
  vertex 44.697200775146484 25.777700424194336 0.0
  vertex 44.69715927592188 24.47550180548761 0.0
  vertex 45.495320291345706 24.458370255775254 0.0
 endloop
endfacet
facet normal -0.0 0.0 1.0
 outer loop
  vertex 44.697200775146484 25.777700424194336 0.0
  vertex 45.495320291345706 24.458370255775254 0.0
  vertex 46.29349899291992 25.777700424194336 0.0
 endloop
endfacet
facet normal 0.0 0.0 1.0
 outer loop
  vertex 44.697200775146484 26.58329963684082 0.0
  vertex 44.697200775146484 25.777700424194336 0.0
  vertex 46.29349899291992 25.777700424194336 0.0
 endloop
endfacet
facet normal -0.0 0.0 1.0
 outer loop
  vertex 44.697200775146484 26.58329963684082 0.0
  vertex 46.29349899291992 25.777700424194336 0.0
  vertex 46.29349899291992 26.58329963684082 0.0
 endloop
endfacet
facet normal 0.0 0.0 1.0
 outer loop
  vertex 46.29349899291992 25.777700424194336 0.0
  vertex 46.2934806676858 24.44159912363361 0.0
  vertex 47.09164084653821 24.424939366656893 0.0
 endloop
endfacet
facet normal 0.0 0.0 1.0
 outer loop
  vertex 62.25680160522461 25.777700424194336 0.0
  vertex 61.45869827270508 26.58329963684082 0.0
  vertex 60.660499572753906 25.777700424194336 0.0
 endloop
endfacet
facet normal 0.0 0.0 1.0
 outer loop
  vertex 66.24759674072266 24.16659927368164 0.0
  vertex 67.0457992553711 24.972200393676758 0.0
  vertex 66.51420069871702 25.803824684931897 0.0
 endloop
endfacet
facet normal 0.0 -0.0 1.0
 outer loop
  vertex 66.24759674072266 24.16659927368164 0.0
  vertex 66.51420069871702 25.803824684931897 0.0
  vertex 65.44950103759766 25.777700424194336 0.0
 endloop
endfacet
facet normal -0.0 0.0 1.0
 outer loop
  vertex 0.0 26.58329963684082 0.0
  vertex 0.0 25.777700424194336 0.0
  vertex 1.5963300466537476 26.58329963684082 0.0
 endloop
endfacet
facet normal 0.0 0.0 1.0
 outer loop
  vertex 0.0 27.3887996673584 0.0
  vertex 0.0 26.58329963684082 0.0
  vertex 1.5963300466537476 26.58329963684082 0.0
 endloop
endfacet
facet normal -0.0 0.0 1.0
 outer loop
  vertex 0.0 27.3887996673584 0.0
  vertex 1.5963300466537476 26.58329963684082 0.0
  vertex 1.5963300466537476 27.3887996673584 0.0
 endloop
endfacet
facet normal 0.0 0.0 1.0
 outer loop
  vertex 0.7981659770011902 24.16659927368164 0.0
  vertex 0.8493489304339024 23.612809324264525 0.0
  vertex 1.3545985533842964 23.342193216085434 0.0
 endloop
endfacet
facet normal 0.0 0.0 1.0
 outer loop
  vertex 0.7981659770011902 24.16659927368164 0.0
  vertex 1.3545985533842964 23.342193216085434 0.0
  vertex 1.874544278485056 23.069686505198476 0.0
 endloop
endfacet
facet normal 0.0 0.0 1.0
 outer loop
  vertex 39.908199310302734 24.972200393676758 0.0
  vertex 40.70640182495117 24.972200393676758 0.0
  vertex 41.50450134277344 25.777700424194336 0.0
 endloop
endfacet
facet normal 0.0 -0.0 1.0
 outer loop
  vertex 41.50450134277344 25.777700424194336 0.0
  vertex 41.50450134277344 26.58329963684082 0.0
  vertex 39.908199310302734 26.58329963684082 0.0
 endloop
endfacet
facet normal 0.0 0.0 1.0
 outer loop
  vertex 39.908199310302734 24.972200393676758 0.0
  vertex 41.50450134277344 25.777700424194336 0.0
  vertex 39.908199310302734 26.58329963684082 0.0
 endloop
endfacet
facet normal -0.0 0.0 1.0
 outer loop
  vertex 55.45461754334373 23.361099243164063 0.0
  vertex 55.78278820282421 22.95829963684082 0.0
  vertex 56.669700622558594 24.16659927368164 0.0
 endloop
endfacet
facet normal 0.0 0.0 1.0
 outer loop
  vertex 55.073299407958984 24.972200393676758 0.0
  vertex 55.073299407958984 23.602749252319335 0.0
  vertex 55.45461754334373 23.361099243164063 0.0
 endloop
endfacet
facet normal 0.0 0.0 1.0
 outer loop
  vertex 55.073299407958984 24.972200393676758 0.0
  vertex 55.45461754334373 23.361099243164063 0.0
  vertex 56.669700622558594 24.16659927368164 0.0
 endloop
endfacet
facet normal 0.0 0.0 1.0
 outer loop
  vertex 62.25680160522461 24.16659927368164 0.0
  vertex 63.05500030517578 22.555500030517578 0.0
  vertex 63.85309982299805 23.361099243164063 0.0
 endloop
endfacet
facet normal 0.0 -0.0 1.0
 outer loop
  vertex 63.85309982299805 23.361099243164063 0.0
  vertex 64.65129852294922 24.16659927368164 0.0
  vertex 63.05500030517578 24.972200393676758 0.0
 endloop
endfacet
facet normal 0.0 0.0 0.9999999999999999
 outer loop
  vertex 63.85309982299805 23.361099243164063 0.0
  vertex 63.05500030517578 24.972200393676758 0.0
  vertex 62.25680160522461 24.16659927368164 0.0
 endloop
endfacet
facet normal 0.0 -0.0 1.0
 outer loop
  vertex 20.752199172973633 27.3887996673584 0.0
  vertex 20.752199172973633 28.194400787353516 0.0
  vertex 19.155899047851563 28.194400787353516 0.0
 endloop
endfacet
facet normal 0.0 0.0 1.0
 outer loop
  vertex 19.155899047851563 26.58329963684082 0.0
  vertex 20.752199172973633 27.3887996673584 0.0
  vertex 19.155899047851563 28.194400787353516 0.0
 endloop
endfacet
facet normal 0.0 0.0 1.0
 outer loop
  vertex 27.13759994506836 26.58329963684082 0.0
  vertex 25.541200637817383 26.58329963684082 0.0
  vertex 25.541200637817383 24.972200393676758 0.0
 endloop
endfacet
facet normal 0.0 0.0 1.0
 outer loop
  vertex 27.13759994506836 26.58329963684082 0.0
  vertex 25.541200637817383 24.972200393676758 0.0
  vertex 27.13759994506836 24.972200393676758 0.0
 endloop
endfacet
facet normal 0.0 0.0 1.0
 outer loop
  vertex 31.92650032043457 26.58329963684082 0.0
  vertex 31.128400802612305 25.777700424194336 0.0
  vertex 31.92650032043457 24.972200393676758 0.0
 endloop
endfacet
facet normal 0.0 0.0 1.0
 outer loop
  vertex 33.52289962768555 24.972200393676758 0.0
  vertex 34.32099914550781 25.777700424194336 0.0
  vertex 33.52289962768555 26.58329963684082 0.0
 endloop
endfacet
facet normal 0.0 0.0 1.0
 outer loop
  vertex 33.52289962768555 26.58329963684082 0.0
  vertex 31.92650032043457 26.58329963684082 0.0
  vertex 31.92650032043457 24.972200393676758 0.0
 endloop
endfacet
facet normal 0.0 0.0 1.0
 outer loop
  vertex 33.52289962768555 26.58329963684082 0.0
  vertex 31.92650032043457 24.972200393676758 0.0
  vertex 33.52289962768555 24.972200393676758 0.0
 endloop
endfacet
facet normal 0.0 0.0 0.9999999999999999
 outer loop
  vertex 35.11920166015625 28.194400787353516 0.0
  vertex 34.32099914550781 27.3887996673584 0.0
  vertex 35.91740036010742 27.3887996673584 0.0
 endloop
endfacet
facet normal 0.0 0.0 1.0
 outer loop
  vertex 58.26599884033203 28.194400787353516 0.0
  vertex 57.46780014038086 27.3887996673584 0.0
  vertex 58.26599884033203 26.58329963684082 0.0
 endloop
endfacet
facet normal 0.0 -0.0 0.9999999999999999
 outer loop
  vertex 3.9908199310302734 27.3887996673584 0.0
  vertex 3.9908199310302734 28.194400787353516 0.0
  vertex 2.3944900035858154 28.194400787353516 0.0
 endloop
endfacet
facet normal 0.0 0.0 1.0
 outer loop
  vertex 4.788990020751953 26.58329963684082 0.0
  vertex 4.788990020751953 25.777700424194336 0.0
  vertex 5.5871500968933105 24.972200393676758 0.0
 endloop
endfacet
facet normal 0.0 0.0 1.0
 outer loop
  vertex 4.788990020751953 26.58329963684082 0.0
  vertex 5.5871500968933105 24.972200393676758 0.0
  vertex 7.1834797859191895 25.777700424194336 0.0
 endloop
endfacet
facet normal -0.0 0.0 1.0
 outer loop
  vertex 4.788990020751953 26.58329963684082 0.0
  vertex 7.1834797859191895 25.777700424194336 0.0
  vertex 6.38532018661499 27.3887996673584 0.0
 endloop
endfacet
facet normal 0.0 -0.0 1.0
 outer loop
  vertex 10.376099586486816 27.3887996673584 0.0
  vertex 10.376099586486816 28.194400787353516 0.0
  vertex 8.779809951782227 28.194400787353516 0.0
 endloop
endfacet
facet normal 0.0 0.0 1.0
 outer loop
  vertex 11.174300193786621 26.58329963684082 0.0
  vertex 10.376099586486816 25.777700424194336 0.0
  vertex 11.174300193786621 24.972200393676758 0.0
 endloop
endfacet
facet normal 0.0 -0.0 1.0
 outer loop
  vertex 13.56879997253418 27.3887996673584 0.0
  vertex 13.56879997253418 28.194400787353516 0.0
  vertex 11.972399711608887 28.194400787353516 0.0
 endloop
endfacet
facet normal 0.0 0.0 1.0
 outer loop
  vertex 11.972399711608887 28.194400787353516 0.0
  vertex 10.376099586486816 27.3887996673584 0.0
  vertex 11.174300193786621 26.58329963684082 0.0
 endloop
endfacet
facet normal 0.0 -0.0 1.0
 outer loop
  vertex 12.770600318908691 26.58329963684082 0.0
  vertex 13.56879997253418 27.3887996673584 0.0
  vertex 11.972399711608887 28.194400787353516 0.0
 endloop
endfacet
facet normal 0.0 0.0 1.0
 outer loop
  vertex 12.770600318908691 26.58329963684082 0.0
  vertex 11.972399711608887 28.194400787353516 0.0
  vertex 11.174300193786621 26.58329963684082 0.0
 endloop
endfacet
facet normal 0.0 0.0 1.0
 outer loop
  vertex 13.56879997253418 27.3887996673584 0.0
  vertex 12.770600318908691 26.58329963684082 0.0
  vertex 13.56879997253418 25.777700424194336 0.0
 endloop
endfacet
facet normal 0.0 0.0 1.0
 outer loop
  vertex 18.35770034790039 29.0 0.0
  vertex 17.559600830078125 29.0 0.0
  vertex 16.76140022277832 28.194400787353516 0.0
 endloop
endfacet
facet normal 0.0 0.0 1.0
 outer loop
  vertex 16.76140022277832 27.3887996673584 0.0
  vertex 15.963199615478516 26.58329963684082 0.0
  vertex 16.76140022277832 25.777700424194336 0.0
 endloop
endfacet
facet normal 0.0 0.0 1.0
 outer loop
  vertex 31.128400802612305 29.0 0.0
  vertex 30.3302001953125 28.194400787353516 0.0
  vertex 31.128400802612305 27.3887996673584 0.0
 endloop
endfacet
facet normal 0.0 0.0 1.0
 outer loop
  vertex 31.92650032043457 29.0 0.0
  vertex 31.128400802612305 29.0 0.0
  vertex 31.128400802612305 27.3887996673584 0.0
 endloop
endfacet
facet normal 0.0 0.0 1.0
 outer loop
  vertex 33.52289962768555 29.0 0.0
  vertex 32.724700927734375 29.0 0.0
  vertex 32.724700927734375 28.194400787353516 0.0
 endloop
endfacet
facet normal 0.0 0.0 0.9999999999999999
 outer loop
  vertex 34.32099914550781 27.3887996673584 0.0
  vertex 35.11920166015625 28.194400787353516 0.0
  vertex 34.32099914550781 29.0 0.0
 endloop
endfacet
facet normal 0.0 0.0 1.0
 outer loop
  vertex 34.32099914550781 29.0 0.0
  vertex 33.52289962768555 29.0 0.0
  vertex 32.724700927734375 28.194400787353516 0.0
 endloop
endfacet
facet normal 0.0 -0.0 0.9999999999999999
 outer loop
  vertex 34.32099914550781 27.3887996673584 0.0
  vertex 34.32099914550781 29.0 0.0
  vertex 32.724700927734375 28.194400787353516 0.0
 endloop
endfacet
facet normal 0.0 0.0 1.0
 outer loop
  vertex 34.32099914550781 27.3887996673584 0.0
  vertex 32.724700927734375 28.194400787353516 0.0
  vertex 33.52289962768555 26.58329963684082 0.0
 endloop
endfacet
facet normal 0.0 0.0 1.0
 outer loop
  vertex 35.91740036010742 29.0 0.0
  vertex 35.11920166015625 28.194400787353516 0.0
  vertex 35.91740036010742 27.3887996673584 0.0
 endloop
endfacet
facet normal 0.0 0.0 1.0
 outer loop
  vertex 36.71549987792969 27.3887996673584 0.0
  vertex 37.51369857788086 28.194400787353516 0.0
  vertex 36.71549987792969 29.0 0.0
 endloop
endfacet
facet normal 0.0 0.0 1.0
 outer loop
  vertex 36.71549987792969 29.0 0.0
  vertex 35.91740036010742 29.0 0.0
  vertex 35.91740036010742 27.3887996673584 0.0
 endloop
endfacet
facet normal 0.0 0.0 1.0
 outer loop
  vertex 36.71549987792969 29.0 0.0
  vertex 35.91740036010742 27.3887996673584 0.0
  vertex 36.71549987792969 27.3887996673584 0.0
 endloop
endfacet
facet normal 0.0 0.0 1.0
 outer loop
  vertex 38.3119010925293 29.0 0.0
  vertex 37.51369857788086 29.0 0.0
  vertex 37.51369857788086 28.194400787353516 0.0
 endloop
endfacet
facet normal 0.0 0.0 1.0
 outer loop
  vertex 39.11000061035156 29.0 0.0
  vertex 38.3119010925293 29.0 0.0
  vertex 37.51369857788086 28.194400787353516 0.0
 endloop
endfacet
facet normal 0.0 0.0 1.0
 outer loop
  vertex 37.51369857788086 28.194400787353516 0.0
  vertex 36.71549987792969 27.3887996673584 0.0
  vertex 38.3119010925293 26.58329963684082 0.0
 endloop
endfacet
facet normal 0.0 -0.0 1.0
 outer loop
  vertex 49.48619842529297 26.58329963684082 0.0
  vertex 49.48619842529297 28.194400787353516 0.0
  vertex 47.889801025390625 28.194400787353516 0.0
 endloop
endfacet
facet normal 0.0 0.0 1.0
 outer loop
  vertex 49.48619842529297 26.58329963684082 0.0
  vertex 47.889801025390625 28.194400787353516 0.0
  vertex 47.889801025390625 26.58329963684082 0.0
 endloop
endfacet
facet normal 0.0 0.0 1.0
 outer loop
  vertex 49.48619842529297 26.58329963684082 0.0
  vertex 49.48619842529297 25.777700424194336 0.0
  vertex 51.08250045776367 25.777700424194336 0.0
 endloop
endfacet
facet normal 0.0 0.0 0.9999999999999999
 outer loop
  vertex 51.880699157714844 27.3887996673584 0.0
  vertex 51.08250045776367 25.777700424194336 0.0
  vertex 52.67879867553711 26.58329963684082 0.0
 endloop
endfacet
facet normal 0.0 0.0 1.0
 outer loop
  vertex 61.45869827270508 26.58329963684082 0.0
  vertex 62.25680160522461 27.3887996673584 0.0
  vertex 61.45869827270508 28.194400787353516 0.0
 endloop
endfacet
facet normal 0.0 0.0 1.0
 outer loop
  vertex 3.9908199310302734 28.194400787353516 0.0
  vertex 3.9908199310302734 27.3887996673584 0.0
  vertex 4.788990020751953 26.58329963684082 0.0
 endloop
endfacet
facet normal 0.0 -0.0 1.0
 outer loop
  vertex 6.38532018661499 27.3887996673584 0.0
  vertex 6.38532018661499 28.194400787353516 0.0
  vertex 5.5871500968933105 29.0 0.0
 endloop
endfacet
facet normal 0.0 0.0 1.0
 outer loop
  vertex 3.9908199310302734 28.194400787353516 0.0
  vertex 4.788990020751953 26.58329963684082 0.0
  vertex 6.38532018661499 27.3887996673584 0.0
 endloop
endfacet
facet normal -0.0 0.0 1.0
 outer loop
  vertex 3.9908199310302734 28.194400787353516 0.0
  vertex 6.38532018661499 27.3887996673584 0.0
  vertex 5.5871500968933105 29.0 0.0
 endloop
endfacet
facet normal 0.0 0.0 0.9999999999999999
 outer loop
  vertex 22.348600387573242 28.194400787353516 0.0
  vertex 20.752199172973633 28.194400787353516 0.0
  vertex 20.752199172973633 27.3887996673584 0.0
 endloop
endfacet
facet normal 0.0 -0.0 1.0
 outer loop
  vertex 22.348600387573242 26.58329963684082 0.0
  vertex 22.348600387573242 28.194400787353516 0.0
  vertex 20.752199172973633 27.3887996673584 0.0
 endloop
endfacet
facet normal 0.0 0.0 1.0
 outer loop
  vertex 22.348600387573242 26.58329963684082 0.0
  vertex 20.752199172973633 27.3887996673584 0.0
  vertex 21.550399780273438 25.777700424194336 0.0
 endloop
endfacet
facet normal 0.0 0.0 1.0
 outer loop
  vertex 25.541200637817383 28.194400787353516 0.0
  vertex 23.944900512695313 28.194400787353516 0.0
  vertex 23.944900512695313 26.58329963684082 0.0
 endloop
endfacet
facet normal 0.0 0.0 1.0
 outer loop
  vertex 25.541200637817383 28.194400787353516 0.0
  vertex 23.944900512695313 26.58329963684082 0.0
  vertex 25.541200637817383 26.58329963684082 0.0
 endloop
endfacet
facet normal 0.0 0.0 1.0
 outer loop
  vertex 28.73390007019043 26.58329963684082 0.0
  vertex 29.531999588012695 27.3887996673584 0.0
  vertex 28.73390007019043 28.194400787353516 0.0
 endloop
endfacet
facet normal 0.0 0.0 1.0
 outer loop
  vertex 28.73390007019043 28.194400787353516 0.0
  vertex 27.13759994506836 28.194400787353516 0.0
  vertex 27.13759994506836 26.58329963684082 0.0
 endloop
endfacet
facet normal 0.0 0.0 1.0
 outer loop
  vertex 28.73390007019043 28.194400787353516 0.0
  vertex 27.13759994506836 26.58329963684082 0.0
  vertex 28.73390007019043 26.58329963684082 0.0
 endloop
endfacet
facet normal 0.0 0.0 1.0
 outer loop
  vertex 41.50450134277344 28.194400787353516 0.0
  vertex 39.908199310302734 28.194400787353516 0.0
  vertex 39.908199310302734 26.58329963684082 0.0
 endloop
endfacet
facet normal 0.0 0.0 1.0
 outer loop
  vertex 41.50450134277344 28.194400787353516 0.0
  vertex 39.908199310302734 26.58329963684082 0.0
  vertex 41.50450134277344 26.58329963684082 0.0
 endloop
endfacet
facet normal 0.0 0.0 1.0
 outer loop
  vertex 44.697200775146484 26.58329963684082 0.0
  vertex 45.49530029296875 27.3887996673584 0.0
  vertex 44.697200775146484 28.194400787353516 0.0
 endloop
endfacet
facet normal 0.0 0.0 1.0
 outer loop
  vertex 44.697200775146484 28.194400787353516 0.0
  vertex 43.10089874267578 28.194400787353516 0.0
  vertex 43.10089874267578 26.58329963684082 0.0
 endloop
endfacet
facet normal 0.0 0.0 1.0
 outer loop
  vertex 44.697200775146484 28.194400787353516 0.0
  vertex 43.10089874267578 26.58329963684082 0.0
  vertex 44.697200775146484 26.58329963684082 0.0
 endloop
endfacet
facet normal 0.0 0.0 1.0
 outer loop
  vertex 52.67879867553711 28.194400787353516 0.0
  vertex 51.880699157714844 27.3887996673584 0.0
  vertex 52.67879867553711 26.58329963684082 0.0
 endloop
endfacet
facet normal 0.0 0.0 1.0
 outer loop
  vertex 54.27519989013672 29.0 0.0
  vertex 53.47700119018555 29.0 0.0
  vertex 52.67879867553711 28.194400787353516 0.0
 endloop
endfacet
facet normal 0.0 -0.0 1.0
 outer loop
  vertex 65.44950103759766 27.856472202642323 0.0
  vertex 65.44950103759766 29.0 0.0
  vertex 64.65129852294922 29.0 0.0
 endloop
endfacet
facet normal 0.0 0.0 1.0
 outer loop
  vertex 64.65129852294922 27.742168101738596 0.0
  vertex 65.44950103759766 27.856472202642323 0.0
  vertex 64.65129852294922 29.0 0.0
 endloop
endfacet
facet normal 0.0 -0.0 1.0
 outer loop
  vertex 64.65129852294922 27.742168101738596 0.0
  vertex 64.65129852294922 29.0 0.0
  vertex 63.85309982299805 29.0 0.0
 endloop
endfacet
facet normal 0.0 0.0 1.0
 outer loop
  vertex 63.85309982299805 29.0 0.0
  vertex 63.05500030517578 28.194400787353516 0.0
  vertex 64.09255943298339 27.3887996673584 0.0
 endloop
endfacet
facet normal 0.0 0.0 1.0
 outer loop
  vertex 64.65129852294922 27.742168101738596 0.0
  vertex 63.85309982299805 29.0 0.0
  vertex 64.09255943298339 27.3887996673584 0.0
 endloop
endfacet
facet normal 0.0 0.0 1.0
 outer loop
  vertex 4.788990020751953 2.4166600704193115 0.0
  vertex 3.192660093307495 2.4166600704193115 0.0
  vertex 3.192660093307495 0.8055559992790222 0.0
 endloop
endfacet
facet normal 0.0 0.0 1.0
 outer loop
  vertex 4.788990020751953 2.4166600704193115 0.0
  vertex 3.192660093307495 0.8055559992790222 0.0
  vertex 4.788990020751953 0.8055559992790222 0.0
 endloop
endfacet
facet normal 0.0 0.0 1.0
 outer loop
  vertex 7.981649875640869 2.4166600704193115 0.0
  vertex 6.38532018661499 0.8055559992790222 0.0
  vertex 7.981649875640869 0.8055559992790222 0.0
 endloop
endfacet
facet normal 0.0 0.0 1.0
 outer loop
  vertex 30.3302001953125 2.4166600704193115 0.0
  vertex 28.73390007019043 2.4166600704193115 0.0
  vertex 28.73390007019043 0.8055559992790222 0.0
 endloop
endfacet
facet normal 0.0 0.0 1.0
 outer loop
  vertex 30.3302001953125 2.4166600704193115 0.0
  vertex 28.73390007019043 0.8055559992790222 0.0
  vertex 30.3302001953125 0.8055559992790222 0.0
 endloop
endfacet
facet normal 0.0 0.0 1.0
 outer loop
  vertex 39.908199310302734 2.4166600704193115 0.0
  vertex 38.3119010925293 2.4166600704193115 0.0
  vertex 38.3119010925293 0.8055559992790222 0.0
 endloop
endfacet
facet normal 0.0 0.0 1.0
 outer loop
  vertex 39.908199310302734 2.4166600704193115 0.0
  vertex 38.3119010925293 0.8055559992790222 0.0
  vertex 39.908199310302734 0.8055559992790222 0.0
 endloop
endfacet
facet normal 0.0 0.0 1.0
 outer loop
  vertex 43.10089874267578 0.8055559992790222 0.0
  vertex 43.89899826049805 1.611109972000122 0.0
  vertex 43.10089874267578 2.781113634555571 0.0
 endloop
endfacet
facet normal 0.0 0.0 0.9999999999999999
 outer loop
  vertex 44.697166576981544 2.7865991606030445 0.0
  vertex 43.89899826049805 1.611109972000122 0.0
  vertex 44.697200775146484 0.8055559992790222 0.0
 endloop
endfacet
facet normal 0.0 0.0 1.0
 outer loop
  vertex 45.49530029296875 2.789332042595631 0.0
  vertex 44.697166576981544 2.7865991606030445 0.0
  vertex 44.697200775146484 0.8055559992790222 0.0
 endloop
endfacet
facet normal 0.0 0.0 1.0
 outer loop
  vertex 46.29349899291992 0.8055559992790222 0.0
  vertex 45.49530029296875 2.789332042595631 0.0
  vertex 44.697200775146484 0.8055559992790222 0.0
 endloop
endfacet
facet normal 0.0 0.0 1.0
 outer loop
  vertex 58.26599884033203 1.611109972000122 0.0
  vertex 57.46784973144531 2.8448892694087693 0.0
  vertex 56.669700622558594 2.843778085227305 0.0
 endloop
endfacet
facet normal 0.0 0.0 1.0
 outer loop
  vertex 56.669700622558594 2.843778085227305 0.0
  vertex 55.8715335726738 2.8434694886084046 0.0
  vertex 55.073299407958984 1.611109972000122 0.0
 endloop
endfacet
facet normal 0.0 -0.0 1.0
 outer loop
  vertex 57.46780014038086 0.8055559992790222 0.0
  vertex 58.26599884033203 1.611109972000122 0.0
  vertex 56.669700622558594 2.843778085227305 0.0
 endloop
endfacet
facet normal 0.0 0.0 1.0
 outer loop
  vertex 56.669700622558594 2.843778085227305 0.0
  vertex 55.073299407958984 1.611109972000122 0.0
  vertex 55.871498107910156 0.8055559992790222 0.0
 endloop
endfacet
facet normal 0.0 0.0 1.0
 outer loop
  vertex 57.46780014038086 0.8055559992790222 0.0
  vertex 56.669700622558594 2.843778085227305 0.0
  vertex 55.871498107910156 0.8055559992790222 0.0
 endloop
endfacet
facet normal 0.0 0.0 1.0
 outer loop
  vertex 66.24759674072266 1.611109972000122 0.0
  vertex 65.44946776889265 2.864776295103677 0.0
  vertex 64.65130147698801 2.8626868474555653 0.0
 endloop
endfacet
facet normal 0.0 0.0 0.9999999999999999
 outer loop
  vertex 64.65130147698801 2.8626868474555653 0.0
  vertex 63.853135185083374 2.860597399807454 0.0
  vertex 63.05500030517578 1.611109972000122 0.0
 endloop
endfacet
facet normal 0.0 -0.0 1.0
 outer loop
  vertex 65.44950103759766 0.8055559992790222 0.0
  vertex 66.24759674072266 1.611109972000122 0.0
  vertex 64.65130147698801 2.8626868474555653 0.0
 endloop
endfacet
facet normal 0.0 0.0 1.0
 outer loop
  vertex 64.65130147698801 2.8626868474555653 0.0
  vertex 63.05500030517578 1.611109972000122 0.0
  vertex 63.85309982299805 0.8055559992790222 0.0
 endloop
endfacet
facet normal 0.0 0.0 1.0
 outer loop
  vertex 65.44950103759766 0.8055559992790222 0.0
  vertex 64.65130147698801 2.8626868474555653 0.0
  vertex 63.85309982299805 0.8055559992790222 0.0
 endloop
endfacet
facet normal 0.0 0.0 1.0
 outer loop
  vertex 69.44029998779297 1.611109972000122 0.0
  vertex 68.64215087890625 2.873289585150633 0.0
  vertex 67.84400177001953 2.87108601575363 0.0
 endloop
endfacet
facet normal 0.0 0.0 1.0
 outer loop
  vertex 67.84400177001953 2.87108601575363 0.0
  vertex 67.0457992553711 2.8689033516598528 0.0
  vertex 66.24759674072266 1.611109972000122 0.0
 endloop
endfacet
facet normal 0.0 -0.0 1.0
 outer loop
  vertex 68.64209747314453 0.8055559992790222 0.0
  vertex 69.44029998779297 1.611109972000122 0.0
  vertex 67.84400177001953 2.87108601575363 0.0
 endloop
endfacet
facet normal 0.0 0.0 1.0
 outer loop
  vertex 67.84400177001953 2.87108601575363 0.0
  vertex 66.24759674072266 1.611109972000122 0.0
  vertex 67.0457992553711 0.8055559992790222 0.0
 endloop
endfacet
facet normal 0.0 0.0 1.0
 outer loop
  vertex 68.64209747314453 0.8055559992790222 0.0
  vertex 67.84400177001953 2.87108601575363 0.0
  vertex 67.0457992553711 0.8055559992790222 0.0
 endloop
endfacet
facet normal 0.0 0.0 1.0
 outer loop
  vertex 74.22930145263672 1.611109972000122 0.0
  vertex 73.43115782737732 2.887947112609576 0.0
  vertex 72.63300323486328 2.8853364454534667 0.0
 endloop
endfacet
facet normal 0.0 0.0 1.0
 outer loop
  vertex 72.63300323486328 2.8853364454534667 0.0
  vertex 71.83483409881592 2.8828297864402437 0.0
  vertex 71.0365982055664 1.611109972000122 0.0
 endloop
endfacet
facet normal 0.0 -0.0 1.0
 outer loop
  vertex 73.43109893798828 0.8055559992790222 0.0
  vertex 74.22930145263672 1.611109972000122 0.0
  vertex 72.63300323486328 2.8853364454534667 0.0
 endloop
endfacet
facet normal 0.0 0.0 1.0
 outer loop
  vertex 72.63300323486328 2.8853364454534667 0.0
  vertex 71.0365982055664 1.611109972000122 0.0
  vertex 71.83480072021484 0.8055559992790222 0.0
 endloop
endfacet
facet normal 0.0 0.0 1.0
 outer loop
  vertex 73.43109893798828 0.8055559992790222 0.0
  vertex 72.63300323486328 2.8853364454534667 0.0
  vertex 71.83480072021484 0.8055559992790222 0.0
 endloop
endfacet
facet normal 0.0 0.0 1.0
 outer loop
  vertex 75.82559967041016 2.8957285397590202 0.0
  vertex 75.02745604515076 2.893143159762353 0.0
  vertex 74.22930145263672 1.611109972000122 0.0
 endloop
endfacet
facet normal 0.0 0.0 0.9999999999999999
 outer loop
  vertex 75.82559967041016 2.8957285397590202 0.0
  vertex 74.22930145263672 1.611109972000122 0.0
  vertex 75.02749633789063 0.8055559992790222 0.0
 endloop
endfacet
facet normal 0.0 0.0 0.9999999999999999
 outer loop
  vertex 76.6238021850586 0.8055559992790222 0.0
  vertex 75.82559967041016 2.8957285397590202 0.0
  vertex 75.02749633789063 0.8055559992790222 0.0
 endloop
endfacet
facet normal 0.0 0.0 1.0
 outer loop
  vertex 79.81639862060547 0.8055559992790222 0.0
  vertex 79.01830291748047 2.9112166721253363 0.0
  vertex 78.22010040283203 0.8055559992790222 0.0
 endloop
endfacet
facet normal 0.0 0.0 1.0
 outer loop
  vertex 81.41280364990234 2.4166600704193115 0.0
  vertex 81.41280364990234 0.8055559992790222 0.0
  vertex 83.00910186767578 0.8055559992790222 0.0
 endloop
endfacet
facet normal 0.0 0.0 1.0
 outer loop
  vertex 83.00910186767578 3.222219944000244 0.0
  vertex 81.41280364990234 2.4166600704193115 0.0
  vertex 83.00910186767578 0.8055559992790222 0.0
 endloop
endfacet
facet normal 0.0 0.0 1.0
 outer loop
  vertex 0.7981659770011902 3.222219944000244 0.0
  vertex 0.0 2.4166600704193115 0.0
  vertex 0.7981659770011902 1.611109972000122 0.0
 endloop
endfacet
facet normal -0.0 0.0 1.0
 outer loop
  vertex 0.7981659770011902 1.611109972000122 0.0
  vertex 1.5963300466537476 0.8055559992790222 0.0
  vertex 3.192660093307495 2.4166600704193115 0.0
 endloop
endfacet
facet normal 0.0 0.0 1.0
 outer loop
  vertex 0.7981659770011902 1.611109972000122 0.0
  vertex 3.192660093307495 2.4166600704193115 0.0
  vertex 0.7981659770011902 3.222219944000244 0.0
 endloop
endfacet
facet normal 0.0 0.0 1.0
 outer loop
  vertex 4.788990020751953 4.027780055999756 0.0
  vertex 3.192660093307495 4.027780055999756 0.0
  vertex 3.192660093307495 2.4166600704193115 0.0
 endloop
endfacet
facet normal 0.0 0.0 1.0
 outer loop
  vertex 4.788990020751953 4.027780055999756 0.0
  vertex 3.192660093307495 2.4166600704193115 0.0
  vertex 4.788990020751953 2.4166600704193115 0.0
 endloop
endfacet
facet normal 0.0 0.0 1.0
 outer loop
  vertex 11.174300193786621 4.027780055999756 0.0
  vertex 9.577980041503906 4.027780055999756 0.0
  vertex 9.577980041503906 2.4166600704193115 0.0
 endloop
endfacet
facet normal 0.0 0.0 1.0
 outer loop
  vertex 14.366900444030762 4.027780055999756 0.0
  vertex 12.770600318908691 4.027780055999756 0.0
  vertex 12.770600318908691 2.4166600704193115 0.0
 endloop
endfacet
facet normal 0.0 0.0 1.0
 outer loop
  vertex 17.559600830078125 4.027780055999756 0.0
  vertex 15.963199615478516 4.027780055999756 0.0
  vertex 15.963199615478516 2.4166600704193115 0.0
 endloop
endfacet
facet normal 0.0 0.0 1.0
 outer loop
  vertex 20.752199172973633 4.027780055999756 0.0
  vertex 19.155899047851563 4.027780055999756 0.0
  vertex 19.155899047851563 2.4166600704193115 0.0
 endloop
endfacet
facet normal 0.0 0.0 1.0
 outer loop
  vertex 23.944900512695313 4.027780055999756 0.0
  vertex 22.348600387573242 4.027780055999756 0.0
  vertex 22.348600387573242 2.4166600704193115 0.0
 endloop
endfacet
facet normal 0.0 0.0 1.0
 outer loop
  vertex 27.13759994506836 4.027780055999756 0.0
  vertex 25.541200637817383 4.027780055999756 0.0
  vertex 25.541200637817383 2.4166600704193115 0.0
 endloop
endfacet
facet normal 0.0 0.0 1.0
 outer loop
  vertex 33.52289962768555 4.027780055999756 0.0
  vertex 31.92650032043457 4.027780055999756 0.0
  vertex 31.92650032043457 2.4166600704193115 0.0
 endloop
endfacet
facet normal 0.0 0.0 1.0
 outer loop
  vertex 36.71549987792969 4.027780055999756 0.0
  vertex 35.11920166015625 4.027780055999756 0.0
  vertex 35.11920166015625 2.4166600704193115 0.0
 endloop
endfacet
facet normal 0.0 0.0 1.0
 outer loop
  vertex 39.11000061035156 6.444439888000488 0.0
  vertex 39.11000061035156 4.833330154418945 0.0
  vertex 39.908199310302734 4.833330154418945 0.0
 endloop
endfacet
facet normal 0.0 0.0 1.0
 outer loop
  vertex 40.70640182495117 6.444439888000488 0.0
  vertex 39.11000061035156 6.444439888000488 0.0
  vertex 39.908199310302734 4.833330154418945 0.0
 endloop
endfacet
facet normal 0.0 0.0 1.0
 outer loop
  vertex 84.60540008544922 6.444439888000488 0.0
  vertex 84.9242980635178 7.25 0.0
  vertex 84.60540008544922 7.593594366225144 0.0
 endloop
endfacet
facet normal 0.0 -0.0 1.0
 outer loop
  vertex 84.60540008544922 6.444439888000488 0.0
  vertex 84.60540008544922 7.593594366225144 0.0
  vertex 84.22402492741458 8.0147541042985 0.0
 endloop
endfacet
facet normal 0.0 0.0 1.0
 outer loop
  vertex 84.60540008544922 6.444439888000488 0.0
  vertex 84.22402492741458 8.0147541042985 0.0
  vertex 83.00910186767578 7.25 0.0
 endloop
endfacet
facet normal 0.0 0.0 1.0
 outer loop
  vertex 1.5963300466537476 6.958192916696957 0.0
  vertex 0.7981650233268738 6.970527840966345 0.0
  vertex 0.0 5.638889789581299 0.0
 endloop
endfacet
facet normal 0.0 0.0 1.0
 outer loop
  vertex 1.5963300466537476 6.958192916696957 0.0
  vertex 0.0 5.638889789581299 0.0
  vertex 0.7981659770011902 4.833330154418945 0.0
 endloop
endfacet
facet normal 0.0 0.0 0.9999999999999999
 outer loop
  vertex 2.3944900035858154 4.833330154418945 0.0
  vertex 1.5963300466537476 6.958192916696957 0.0
  vertex 0.7981659770011902 4.833330154418945 0.0
 endloop
endfacet
facet normal 0.0 0.0 1.0
 outer loop
  vertex 7.981649875640869 5.638889789581299 0.0
  vertex 7.1834797859191895 6.94928443082112 0.0
  vertex 6.38532018661499 6.948833593660233 0.0
 endloop
endfacet
facet normal 0.0 0.0 1.0
 outer loop
  vertex 6.38532018661499 6.948833593660233 0.0
  vertex 5.587155112531036 6.949973131298759 0.0
  vertex 4.788990020751953 5.638889789581299 0.0
 endloop
endfacet
facet normal 0.0 -0.0 1.0
 outer loop
  vertex 7.1834797859191895 4.833330154418945 0.0
  vertex 7.981649875640869 5.638889789581299 0.0
  vertex 6.38532018661499 6.948833593660233 0.0
 endloop
endfacet
facet normal 0.0 0.0 1.0
 outer loop
  vertex 9.577980041503906 5.638889789581299 0.0
  vertex 9.577980041503906 4.027780055999756 0.0
  vertex 11.174300193786621 4.027780055999756 0.0
 endloop
endfacet
facet normal 0.0 -0.0 1.0
 outer loop
  vertex 11.174300193786621 4.027780055999756 0.0
  vertex 11.174300193786621 6.444439888000488 0.0
  vertex 9.577980041503906 5.638889789581299 0.0
 endloop
endfacet
facet normal 0.0 0.0 1.0
 outer loop
  vertex 19.155899047851563 5.638889789581299 0.0
  vertex 17.559600830078125 5.638889789581299 0.0
  vertex 17.559600830078125 4.027780055999756 0.0
 endloop
endfacet
facet normal 0.0 0.0 1.0
 outer loop
  vertex 19.155899047851563 5.638889789581299 0.0
  vertex 17.559600830078125 4.027780055999756 0.0
  vertex 19.155899047851563 4.027780055999756 0.0
 endloop
endfacet
facet normal 0.0 0.0 1.0
 outer loop
  vertex 22.348600387573242 5.638889789581299 0.0
  vertex 20.752199172973633 4.027780055999756 0.0
  vertex 22.348600387573242 4.027780055999756 0.0
 endloop
endfacet
facet normal 0.0 -0.0 1.0
 outer loop
  vertex 27.935699462890625 4.833330154418945 0.0
  vertex 27.935750007629395 6.195974762248569 0.0
  vertex 27.13759994506836 6.202774858474732 0.0
 endloop
endfacet
facet normal 0.0 0.0 1.0
 outer loop
  vertex 27.13759994506836 6.202774858474732 0.0
  vertex 26.898139762878415 6.444439888000488 0.0
  vertex 25.541200637817383 5.638889789581299 0.0
 endloop
endfacet
facet normal 0.0 0.0 1.0
 outer loop
  vertex 27.13759994506836 4.027780055999756 0.0
  vertex 27.935699462890625 4.833330154418945 0.0
  vertex 27.13759994506836 6.202774858474732 0.0
 endloop
endfacet
facet normal 0.0 0.0 1.0
 outer loop
  vertex 25.541200637817383 5.638889789581299 0.0
  vertex 25.541200637817383 4.027780055999756 0.0
  vertex 27.13759994506836 4.027780055999756 0.0
 endloop
endfacet
facet normal 0.0 0.0 1.0
 outer loop
  vertex 27.13759994506836 6.202774858474732 0.0
  vertex 25.541200637817383 5.638889789581299 0.0
  vertex 27.13759994506836 4.027780055999756 0.0
 endloop
endfacet
facet normal 0.0 0.0 1.0
 outer loop
  vertex 25.541200637817383 5.638889789581299 0.0
  vertex 23.944900512695313 5.638889789581299 0.0
  vertex 23.944900512695313 4.027780055999756 0.0
 endloop
endfacet
facet normal 0.0 0.0 1.0
 outer loop
  vertex 25.541200637817383 5.638889789581299 0.0
  vertex 23.944900512695313 4.027780055999756 0.0
  vertex 25.541200637817383 4.027780055999756 0.0
 endloop
endfacet
facet normal 0.0 0.0 1.0
 outer loop
  vertex 32.724700927734375 6.686107921600342 0.0
  vertex 31.92650032043457 6.686107921600342 0.0
  vertex 31.128400802612305 6.444439888000488 0.0
 endloop
endfacet
facet normal 0.0 0.0 1.0
 outer loop
  vertex 30.3302001953125 5.638889789581299 0.0
  vertex 30.3302001953125 4.027780055999756 0.0
  vertex 31.92650032043457 4.027780055999756 0.0
 endloop
endfacet
facet normal 0.0 0.0 1.0
 outer loop
  vertex 33.52289962768555 5.638889789581299 0.0
  vertex 33.52289962768555 4.027780055999756 0.0
  vertex 35.11920166015625 4.027780055999756 0.0
 endloop
endfacet
facet normal 0.0 0.0 0.9999999999999999
 outer loop
  vertex 43.10089874267578 7.25 0.0
  vertex 42.30270004272461 6.444439888000488 0.0
  vertex 43.89899826049805 5.638889789581299 0.0
 endloop
endfacet
facet normal -0.0 0.0 0.9999999999999999
 outer loop
  vertex 43.10089874267578 7.25 0.0
  vertex 43.89899826049805 5.638889789581299 0.0
  vertex 44.697200775146484 7.25 0.0
 endloop
endfacet
facet normal 0.0 -0.0 1.0
 outer loop
  vertex 83.80729675292969 5.638889789581299 0.0
  vertex 84.60540008544922 6.444439888000488 0.0
  vertex 83.00910186767578 7.25 0.0
 endloop
endfacet
facet normal 0.0 0.0 1.0
 outer loop
  vertex 83.80729675292969 5.638889789581299 0.0
  vertex 83.00910186767578 7.25 0.0
  vertex 82.21089935302734 6.444439888000488 0.0
 endloop
endfacet
facet normal 0.0 0.0 1.0
 outer loop
  vertex 82.21089935302734 6.444439888000488 0.0
  vertex 81.41280364990234 5.638889789581299 0.0
  vertex 83.80729675292969 5.638889789581299 0.0
 endloop
endfacet
facet normal 0.0 0.0 0.9999999999999999
 outer loop
  vertex 84.60540008544922 6.444439888000488 0.0
  vertex 83.80729675292969 5.638889789581299 0.0
  vertex 84.60540008544922 4.833330154418945 0.0
 endloop
endfacet
facet normal 0.0 0.0 1.0
 outer loop
  vertex 86.20179748535156 4.833330154418945 0.0
  vertex 87.0 5.638889789581299 0.0
  vertex 87.0 6.444439888000488 0.0
 endloop
endfacet
facet normal 0.0 -0.0 1.0
 outer loop
  vertex 86.20179748535156 4.833330154418945 0.0
  vertex 87.0 6.444439888000488 0.0
  vertex 85.40360260009766 6.734126972898346 0.0
 endloop
endfacet
facet normal 0.0 0.0 1.0
 outer loop
  vertex 85.40360260009766 6.734126972898346 0.0
  vertex 84.60540008544922 6.444439888000488 0.0
  vertex 84.60540008544922 4.833330154418945 0.0
 endloop
endfacet
facet normal 0.0 0.0 1.0
 outer loop
  vertex 86.20179748535156 4.833330154418945 0.0
  vertex 85.40360260009766 6.734126972898346 0.0
  vertex 84.60540008544922 4.833330154418945 0.0
 endloop
endfacet
facet normal 0.0 0.0 1.0
 outer loop
  vertex 12.217576106502658 7.25 0.0
  vertex 11.972399711608887 7.008331966400146 0.0
  vertex 12.770600318908691 5.638889789581299 0.0
 endloop
endfacet
facet normal 0.0 0.0 0.9999999999999999
 outer loop
  vertex 14.366900444030762 6.444439888000488 0.0
  vertex 12.217576106502658 7.25 0.0
  vertex 12.770600318908691 5.638889789581299 0.0
 endloop
endfacet
facet normal 0.0 0.0 1.0
 outer loop
  vertex 19.954099655151367 7.8138920783996575 0.0
  vertex 19.225754714012147 7.669891460726365 0.0
  vertex 18.35770034790039 7.25 0.0
 endloop
endfacet
facet normal 0.0 0.0 1.0
 outer loop
  vertex 18.35770034790039 7.25 0.0
  vertex 17.559600830078125 5.638889789581299 0.0
  vertex 19.155899047851563 5.638889789581299 0.0
 endloop
endfacet
facet normal 0.0 0.0 1.0
 outer loop
  vertex 19.155899047851563 5.638889789581299 0.0
  vertex 20.752199172973633 6.444439888000488 0.0
  vertex 19.954099655151367 7.8138920783996575 0.0
 endloop
endfacet
facet normal -0.0 0.0 1.0
 outer loop
  vertex 18.35770034790039 7.25 0.0
  vertex 19.155899047851563 5.638889789581299 0.0
  vertex 19.954099655151367 7.8138920783996575 0.0
 endloop
endfacet
facet normal 0.0 0.0 1.0
 outer loop
  vertex 23.944900512695313 5.638889789581299 0.0
  vertex 25.541200637817383 5.638889789581299 0.0
  vertex 24.743099212646484 7.25 0.0
 endloop
endfacet
facet normal 0.0 0.0 1.0
 outer loop
  vertex 35.91740036010742 8.394876177950941 0.0
  vertex 35.549175969451554 8.812153547468192 0.0
  vertex 35.11920166015625 8.861109733581543 0.0
 endloop
endfacet
facet normal 0.0 0.0 1.0
 outer loop
  vertex 36.25155260611981 8.055560111999512 0.0
  vertex 35.91740036010742 8.394876177950941 0.0
  vertex 35.11920166015625 8.861109733581543 0.0
 endloop
endfacet
facet normal 0.0 0.0 1.0
 outer loop
  vertex 34.32099914550781 8.055560111999512 0.0
  vertex 33.762329483032225 7.25 0.0
  vertex 34.32099914550781 6.444439888000488 0.0
 endloop
endfacet
facet normal 0.0 0.0 1.0
 outer loop
  vertex 36.25155260611981 8.055560111999512 0.0
  vertex 35.11920166015625 8.861109733581543 0.0
  vertex 34.32099914550781 8.055560111999512 0.0
 endloop
endfacet
facet normal 0.0 0.0 1.0
 outer loop
  vertex 34.32099914550781 8.055560111999512 0.0
  vertex 34.32099914550781 6.444439888000488 0.0
  vertex 35.91740036010742 6.444439888000488 0.0
 endloop
endfacet
facet normal 0.0 0.0 1.0
 outer loop
  vertex 36.25155260611981 8.055560111999512 0.0
  vertex 34.32099914550781 8.055560111999512 0.0
  vertex 35.91740036010742 6.444439888000488 0.0
 endloop
endfacet
facet normal 0.0 0.0 0.9999999999999999
 outer loop
  vertex 36.71549987792969 7.681964558547322 0.0
  vertex 36.25155260611981 8.055560111999512 0.0
  vertex 35.91740036010742 6.444439888000488 0.0
 endloop
endfacet
facet normal 0.0 0.0 1.0
 outer loop
  vertex 36.71549987792969 5.638889789581299 0.0
  vertex 36.71549987792969 4.027780055999756 0.0
  vertex 38.3119010925293 4.027780055999756 0.0
 endloop
endfacet
facet normal 0.0 0.0 0.9999999999999999
 outer loop
  vertex 39.11000061035156 4.833330154418945 0.0
  vertex 36.71549987792969 5.638889789581299 0.0
  vertex 38.3119010925293 4.027780055999756 0.0
 endloop
endfacet
facet normal 0.0 0.0 1.0
 outer loop
  vertex 38.87057075500488 8.055560111999512 0.0
  vertex 38.3119010925293 7.787397229946404 0.0
  vertex 39.11000061035156 6.444439888000488 0.0
 endloop
endfacet
facet normal 0.0 0.0 1.0
 outer loop
  vertex 40.70640182495117 8.055560111999512 0.0
  vertex 39.389385032653806 8.3113767068756 0.0
  vertex 38.87057075500488 8.055560111999512 0.0
 endloop
endfacet
facet normal 0.0 0.0 1.0
 outer loop
  vertex 39.11000061035156 6.444439888000488 0.0
  vertex 40.70640182495117 6.444439888000488 0.0
  vertex 40.70640182495117 8.055560111999512 0.0
 endloop
endfacet
facet normal -0.0 0.0 1.0
 outer loop
  vertex 38.87057075500488 8.055560111999512 0.0
  vertex 39.11000061035156 6.444439888000488 0.0
  vertex 40.70640182495117 8.055560111999512 0.0
 endloop
endfacet
facet normal 0.0 0.0 0.9999999999999999
 outer loop
  vertex 49.48619842529297 9.294909396558028 0.0
  vertex 48.6879997253418 9.185442353559434 0.0
  vertex 47.889801025390625 8.619444847106934 0.0
 endloop
endfacet
facet normal 0.0 0.0 1.0
 outer loop
  vertex 80.6146011352539 8.055560111999512 0.0
  vertex 80.6146011352539 6.444439888000488 0.0
  vertex 82.21089935302734 6.444439888000488 0.0
 endloop
endfacet
facet normal 0.0 0.0 1.0
 outer loop
  vertex 80.6146011352539 8.055560111999512 0.0
  vertex 82.21089935302734 6.444439888000488 0.0
  vertex 83.00910186767578 7.25 0.0
 endloop
endfacet
facet normal 0.0 0.0 1.0
 outer loop
  vertex 11.972399711608887 10.472200393676758 0.0
  vertex 11.891529048467055 9.335193525524907 0.0
  vertex 12.211859893798827 8.861109733581543 0.0
 endloop
endfacet
facet normal 0.0 0.0 1.0
 outer loop
  vertex 13.648925587356306 10.803455275658052 0.0
  vertex 12.770600318908691 11.277700424194336 0.0
  vertex 11.972399711608887 10.472200393676758 0.0
 endloop
endfacet
facet normal 0.0 0.0 1.0
 outer loop
  vertex 11.972399711608887 10.472200393676758 0.0
  vertex 12.211859893798827 8.861109733581543 0.0
  vertex 13.56879997253418 9.666669845581055 0.0
 endloop
endfacet
facet normal -0.0 0.0 1.0
 outer loop
  vertex 11.972399711608887 10.472200393676758 0.0
  vertex 13.56879997253418 9.666669845581055 0.0
  vertex 13.648925587356306 10.803455275658052 0.0
 endloop
endfacet
facet normal 0.0 0.0 1.0
 outer loop
  vertex 26.898139762878415 6.444439888000488 0.0
  vertex 27.13759994506836 6.686107921600342 0.0
  vertex 27.13759994506836 7.25 0.0
 endloop
endfacet
facet normal 0.0 0.0 0.9999999999999999
 outer loop
  vertex 26.339399337768555 8.861109733581543 0.0
  vertex 24.743099212646484 8.055560111999512 0.0
  vertex 24.743099212646484 7.25 0.0
 endloop
endfacet
facet normal 0.0 0.0 1.0
 outer loop
  vertex 25.541200637817383 5.638889789581299 0.0
  vertex 26.898139762878415 6.444439888000488 0.0
  vertex 27.13759994506836 7.25 0.0
 endloop
endfacet
facet normal 0.0 0.0 0.9999999999999999
 outer loop
  vertex 27.13759994506836 7.25 0.0
  vertex 26.339399337768555 8.861109733581543 0.0
  vertex 24.743099212646484 7.25 0.0
 endloop
endfacet
facet normal 0.0 -0.0 1.0
 outer loop
  vertex 25.541200637817383 5.638889789581299 0.0
  vertex 27.13759994506836 7.25 0.0
  vertex 24.743099212646484 7.25 0.0
 endloop
endfacet
facet normal 0.0 0.0 1.0
 outer loop
  vertex 40.70640182495117 8.055560111999512 0.0
  vertex 40.70640182495117 6.444439888000488 0.0
  vertex 42.30270004272461 6.444439888000488 0.0
 endloop
endfacet
facet normal 0.0 0.0 1.0
 outer loop
  vertex 40.70640182495117 8.055560111999512 0.0
  vertex 42.30270004272461 6.444439888000488 0.0
  vertex 43.10089874267578 7.25 0.0
 endloop
endfacet
facet normal -0.0 0.0 1.0
 outer loop
  vertex 40.70640182495117 8.055560111999512 0.0
  vertex 43.10089874267578 7.25 0.0
  vertex 41.50450134277344 8.861109733581543 0.0
 endloop
endfacet
facet normal 0.0 0.0 1.0
 outer loop
  vertex 44.697200775146484 7.25 0.0
  vertex 45.49530029296875 8.055560111999512 0.0
  vertex 44.697200775146484 8.861109733581543 0.0
 endloop
endfacet
facet normal 0.0 0.0 1.0
 outer loop
  vertex 44.697200775146484 8.861109733581543 0.0
  vertex 43.10089874267578 7.25 0.0
  vertex 44.697200775146484 7.25 0.0
 endloop
endfacet
facet normal 0.0 0.0 1.0
 outer loop
  vertex 51.08250045776367 9.666669845581055 0.0
  vertex 50.2843017578125 9.4250018119812 0.0
  vertex 50.2843017578125 8.055560111999512 0.0
 endloop
endfacet
facet normal 0.0 0.0 1.0
 outer loop
  vertex 51.08250045776367 9.666669845581055 0.0
  vertex 50.2843017578125 8.055560111999512 0.0
  vertex 51.880699157714844 8.055560111999512 0.0
 endloop
endfacet
facet normal 0.0 0.0 1.0
 outer loop
  vertex 25.541200637817383 10.472200393676758 0.0
  vertex 24.743099212646484 9.946913967733963 0.0
  vertex 26.339399337768555 8.861109733581543 0.0
 endloop
endfacet
facet normal 0.0 0.0 1.0
 outer loop
  vertex 27.13759994506836 10.472200393676758 0.0
  vertex 25.541200637817383 10.472200393676758 0.0
  vertex 26.339399337768555 8.861109733581543 0.0
 endloop
endfacet
facet normal 0.0 0.0 1.0
 outer loop
  vertex 27.13759994506836 10.472200393676758 0.0
  vertex 26.339399337768555 8.861109733581543 0.0
  vertex 27.935699462890625 8.861109733581543 0.0
 endloop
endfacet
facet normal 0.0 0.0 1.0
 outer loop
  vertex 31.128400802612305 10.472200393676758 0.0
  vertex 30.3302001953125 10.472200393676758 0.0
  vertex 29.531999588012695 9.666669845581055 0.0
 endloop
endfacet
facet normal 0.0 -0.0 0.9999999999999999
 outer loop
  vertex 31.128400802612305 8.861109733581543 0.0
  vertex 31.128400802612305 10.472200393676758 0.0
  vertex 29.531999588012695 9.666669845581055 0.0
 endloop
endfacet
facet normal 0.0 -0.0 1.0
 outer loop
  vertex 12.770600318908691 11.277700424194336 0.0
  vertex 13.015050691366195 11.807312915710602 0.0
  vertex 12.698229902843014 12.314866105837055 0.0
 endloop
endfacet
facet normal 0.0 0.0 0.9999999999999999
 outer loop
  vertex 12.698229902843014 12.314866105837055 0.0
  vertex 12.37743701674044 12.78497040690014 0.0
  vertex 11.174300193786621 12.08329963684082 0.0
 endloop
endfacet
facet normal 0.0 0.0 1.0
 outer loop
  vertex 12.698229902843014 12.314866105837055 0.0
  vertex 11.174300193786621 12.08329963684082 0.0
  vertex 12.770600318908691 11.277700424194336 0.0
 endloop
endfacet
facet normal 0.0 0.0 1.0
 outer loop
  vertex 47.09170150756836 10.472200393676758 0.0
  vertex 47.889801025390625 11.277700424194336 0.0
  vertex 47.09170150756836 12.08329963684082 0.0
 endloop
endfacet
facet normal 0.0 0.0 1.0
 outer loop
  vertex 47.09170150756836 12.08329963684082 0.0
  vertex 45.9657087712347 12.164920611702836 0.0
  vertex 45.49530029296875 11.841619873046875 0.0
 endloop
endfacet
facet normal 0.0 -0.0 1.0
 outer loop
  vertex 47.09170150756836 10.472200393676758 0.0
  vertex 47.09170150756836 12.08329963684082 0.0
  vertex 45.49530029296875 11.841619873046875 0.0
 endloop
endfacet
facet normal -0.0 0.0 1.0
 outer loop
  vertex 53.47700119018555 8.861109733581543 0.0
  vertex 54.55373532669999 8.106243555429117 0.0
  vertex 55.073299407958984 8.861109733581543 0.0
 endloop
endfacet
facet normal 0.0 -0.0 1.0
 outer loop
  vertex 55.073299407958984 8.861109733581543 0.0
  vertex 55.871498107910156 9.666669845581055 0.0
  vertex 54.27519989013672 11.036050415039062 0.0
 endloop
endfacet
facet normal 0.0 0.0 1.0
 outer loop
  vertex 53.47700119018555 8.861109733581543 0.0
  vertex 55.073299407958984 8.861109733581543 0.0
  vertex 54.27519989013672 11.036050415039062 0.0
 endloop
endfacet
facet normal 0.0 0.0 1.0
 outer loop
  vertex 57.01114500698448 9.591105785549416 0.0
  vertex 57.46780014038086 9.908329010009766 0.0
  vertex 57.46780014038086 10.472200393676758 0.0
 endloop
endfacet
facet normal -0.0 0.0 1.0
 outer loop
  vertex 55.871498107910156 9.666669845581055 0.0
  vertex 57.01114500698448 9.591105785549416 0.0
  vertex 57.46780014038086 10.472200393676758 0.0
 endloop
endfacet
facet normal 0.0 0.0 1.0
 outer loop
  vertex 55.871498107910156 11.277700424194336 0.0
  vertex 55.871498107910156 9.666669845581055 0.0
  vertex 57.46780014038086 10.472200393676758 0.0
 endloop
endfacet
facet normal 0.0 -0.0 1.0
 outer loop
  vertex 57.46780014038086 10.472200393676758 0.0
  vertex 58.26599884033203 11.277700424194336 0.0
  vertex 56.669700622558594 12.08329963684082 0.0
 endloop
endfacet
facet normal -0.0 0.0 1.0
 outer loop
  vertex 55.871498107910156 11.277700424194336 0.0
  vertex 57.46780014038086 10.472200393676758 0.0
  vertex 56.669700622558594 12.08329963684082 0.0
 endloop
endfacet
facet normal 0.0 0.0 1.0
 outer loop
  vertex 32.724700927734375 9.666669845581055 0.0
  vertex 34.081569290161134 10.472200393676758 0.0
  vertex 33.84556034600171 11.277700424194336 0.0
 endloop
endfacet
facet normal 0.0 0.0 1.0
 outer loop
  vertex 32.724700927734375 12.08329963684082 0.0
  vertex 31.92650032043457 12.888799667358398 0.0
  vertex 30.3302001953125 12.08329963684082 0.0
 endloop
endfacet
facet normal 0.0 0.0 1.0
 outer loop
  vertex 32.724700927734375 12.08329963684082 0.0
  vertex 30.3302001953125 12.08329963684082 0.0
  vertex 31.128400802612305 10.472200393676758 0.0
 endloop
endfacet
facet normal 0.0 0.0 1.0
 outer loop
  vertex 32.724700927734375 9.666669845581055 0.0
  vertex 33.84556034600171 11.277700424194336 0.0
  vertex 32.724700927734375 12.08329963684082 0.0
 endloop
endfacet
facet normal 0.0 -0.0 0.9999999999999999
 outer loop
  vertex 32.724700927734375 9.666669845581055 0.0
  vertex 32.724700927734375 12.08329963684082 0.0
  vertex 31.128400802612305 10.472200393676758 0.0
 endloop
endfacet
facet normal 0.0 0.0 1.0
 outer loop
  vertex 30.3302001953125 10.472200393676758 0.0
  vertex 31.128400802612305 10.472200393676758 0.0
  vertex 30.3302001953125 12.08329963684082 0.0
 endloop
endfacet
facet normal 0.0 -0.0 1.0
 outer loop
  vertex 30.3302001953125 10.472200393676758 0.0
  vertex 30.3302001953125 12.08329963684082 0.0
  vertex 28.73390007019043 11.277700424194336 0.0
 endloop
endfacet
facet normal 0.0 -0.0 0.9999999999999999
 outer loop
  vertex 31.92650032043457 12.888799667358398 0.0
  vertex 31.92650032043457 13.936079883575438 0.0
  vertex 31.1284008026123 13.936079883575438 0.0
 endloop
endfacet
facet normal 0.0 0.0 1.0
 outer loop
  vertex 31.1284008026123 13.936079883575438 0.0
  vertex 30.3302001953125 14.097199916839598 0.0
  vertex 29.531999588012695 12.888799667358398 0.0
 endloop
endfacet
facet normal 0.0 0.0 1.0
 outer loop
  vertex 30.3302001953125 12.08329963684082 0.0
  vertex 31.92650032043457 12.888799667358398 0.0
  vertex 31.1284008026123 13.936079883575438 0.0
 endloop
endfacet
facet normal -0.0 0.0 1.0
 outer loop
  vertex 29.531999588012695 12.888799667358398 0.0
  vertex 30.3302001953125 12.08329963684082 0.0
  vertex 31.1284008026123 13.936079883575438 0.0
 endloop
endfacet
facet normal 0.0 -0.0 1.0
 outer loop
  vertex 51.880699157714844 12.888799667358398 0.0
  vertex 51.880699157714844 14.5 0.0
  vertex 50.2843017578125 13.6943998336792 0.0
 endloop
endfacet
facet normal 0.0 0.0 0.9999999999999999
 outer loop
  vertex 50.2843017578125 13.6943998336792 0.0
  vertex 49.48619842529297 12.888799667358398 0.0
  vertex 51.08250045776367 12.08329963684082 0.0
 endloop
endfacet
facet normal 0.0 0.0 1.0
 outer loop
  vertex 51.880699157714844 12.888799667358398 0.0
  vertex 50.2843017578125 13.6943998336792 0.0
  vertex 51.08250045776367 12.08329963684082 0.0
 endloop
endfacet
facet normal 0.0 0.0 1.0
 outer loop
  vertex 25.541200637817383 10.472200393676758 0.0
  vertex 27.13759994506836 10.472200393676758 0.0
  vertex 27.13759994506836 12.08329963684082 0.0
 endloop
endfacet
facet normal 0.0 0.0 1.0
 outer loop
  vertex 25.541200637817383 10.472200393676758 0.0
  vertex 27.13759994506836 12.08329963684082 0.0
  vertex 25.541200637817383 12.888799667358398 0.0
 endloop
endfacet
facet normal 0.0 -0.0 1.0
 outer loop
  vertex 25.541200637817383 10.472200393676758 0.0
  vertex 25.541200637817383 12.888799667358398 0.0
  vertex 24.521215534147494 11.546267374174203 0.0
 endloop
endfacet
facet normal 0.0 0.0 1.0
 outer loop
  vertex 25.541200637817383 14.5 0.0
  vertex 24.743099212646484 13.6943998336792 0.0
  vertex 25.541200637817383 12.888799667358398 0.0
 endloop
endfacet
facet normal 0.0 0.0 1.0
 outer loop
  vertex 27.13759994506836 14.5 0.0
  vertex 25.541200637817383 14.5 0.0
  vertex 25.541200637817383 12.888799667358398 0.0
 endloop
endfacet
facet normal 0.0 0.0 1.0
 outer loop
  vertex 27.13759994506836 14.5 0.0
  vertex 25.541200637817383 12.888799667358398 0.0
  vertex 27.13759994506836 12.08329963684082 0.0
 endloop
endfacet
facet normal 0.0 0.0 1.0
 outer loop
  vertex 27.13759994506836 14.5 0.0
  vertex 27.13759994506836 12.08329963684082 0.0
  vertex 27.935699462890625 13.6943998336792 0.0
 endloop
endfacet
facet normal 0.0 0.0 1.0
 outer loop
  vertex 29.531999588012695 12.888799667358398 0.0
  vertex 28.73390007019043 13.6943998336792 0.0
  vertex 27.935699462890625 13.6943998336792 0.0
 endloop
endfacet
facet normal 0.0 0.0 1.0
 outer loop
  vertex 28.73390007019043 11.277700424194336 0.0
  vertex 30.3302001953125 12.08329963684082 0.0
  vertex 29.531999588012695 12.888799667358398 0.0
 endloop
endfacet
facet normal 0.0 0.0 1.0
 outer loop
  vertex 29.531999588012695 12.888799667358398 0.0
  vertex 27.935699462890625 13.6943998336792 0.0
  vertex 27.13759994506836 12.08329963684082 0.0
 endloop
endfacet
facet normal 0.0 0.0 1.0
 outer loop
  vertex 29.531999588012695 12.888799667358398 0.0
  vertex 27.13759994506836 12.08329963684082 0.0
  vertex 28.73390007019043 11.277700424194336 0.0
 endloop
endfacet
facet normal 0.0 0.0 1.0
 outer loop
  vertex 33.52289962768555 14.5 0.0
  vertex 32.48524074554443 14.499999999999998 0.0
  vertex 31.92650032043457 13.936079883575438 0.0
 endloop
endfacet
facet normal 0.0 0.0 1.0
 outer loop
  vertex 31.92650032043457 13.936079883575438 0.0
  vertex 31.92650032043457 12.888799667358398 0.0
  vertex 32.724700927734375 12.08329963684082 0.0
 endloop
endfacet
facet normal 0.0 0.0 1.0
 outer loop
  vertex 31.92650032043457 13.936079883575438 0.0
  vertex 32.724700927734375 12.08329963684082 0.0
  vertex 34.081569290161134 12.888799667358398 0.0
 endloop
endfacet
facet normal 0.0 0.0 1.0
 outer loop
  vertex 33.52289962768555 14.5 0.0
  vertex 31.92650032043457 13.936079883575438 0.0
  vertex 34.081569290161134 12.888799667358398 0.0
 endloop
endfacet
facet normal -0.0 0.0 1.0
 outer loop
  vertex 48.6879997253418 11.277700424194336 0.0
  vertex 49.48619842529297 10.71385040283203 0.0
  vertex 50.2843017578125 11.277700424194336 0.0
 endloop
endfacet
facet normal 0.0 0.0 1.0
 outer loop
  vertex 47.09170150756836 12.08329963684082 0.0
  vertex 47.889801025390625 11.277700424194336 0.0
  vertex 48.6879997253418 11.277700424194336 0.0
 endloop
endfacet
facet normal 0.0 0.0 1.0
 outer loop
  vertex 48.6879997253418 11.277700424194336 0.0
  vertex 50.2843017578125 11.277700424194336 0.0
  vertex 49.48619842529297 12.888799667358398 0.0
 endloop
endfacet
facet normal 0.0 -0.0 1.0
 outer loop
  vertex 48.6879997253418 11.277700424194336 0.0
  vertex 49.48619842529297 12.888799667358398 0.0
  vertex 47.889801025390625 13.452719783782959 0.0
 endloop
endfacet
facet normal -0.0 0.0 1.0
 outer loop
  vertex 47.09170150756836 12.08329963684082 0.0
  vertex 48.6879997253418 11.277700424194336 0.0
  vertex 47.889801025390625 13.452719783782959 0.0
 endloop
endfacet
facet normal 0.0 0.0 1.0
 outer loop
  vertex 53.47700119018555 14.5 0.0
  vertex 54.51105820648954 14.775128060229552 0.0
  vertex 54.27519989013672 16.111099243164063 0.0
 endloop
endfacet
facet normal 0.0 0.0 1.0
 outer loop
  vertex 52.67879867553711 16.111099243164063 0.0
  vertex 51.880699157714844 15.305500030517578 0.0
  vertex 53.47700119018555 14.5 0.0
 endloop
endfacet
facet normal -0.0 0.0 1.0
 outer loop
  vertex 52.67879867553711 16.111099243164063 0.0
  vertex 53.47700119018555 14.5 0.0
  vertex 54.27519989013672 16.111099243164063 0.0
 endloop
endfacet
facet normal 0.0 -0.0 1.0
 outer loop
  vertex 53.23754043579102 12.888799667358398 0.0
  vertex 53.553935601422566 13.335660334280783 0.0
  vertex 51.880699157714844 12.888799667358398 0.0
 endloop
endfacet
facet normal 0.0 0.0 1.0
 outer loop
  vertex 53.23754043579102 12.888799667358398 0.0
  vertex 51.880699157714844 12.888799667358398 0.0
  vertex 53.23754043579102 12.08329963684082 0.0
 endloop
endfacet
facet normal 0.0 0.0 0.9999999999999999
 outer loop
  vertex 74.4687599182129 12.888799667358398 0.0
  vertex 74.8016323343921 12.37192826255485 0.0
  vertex 75.82559967041016 12.08329963684082 0.0
 endloop
endfacet
facet normal 0.0 0.0 1.0
 outer loop
  vertex 74.22930145263672 14.5 0.0
  vertex 74.09740404011683 13.28477416660343 0.0
  vertex 74.4687599182129 12.888799667358398 0.0
 endloop
endfacet
facet normal 0.0 0.0 0.9999999999999999
 outer loop
  vertex 75.82559967041016 14.5 0.0
  vertex 74.22930145263672 14.5 0.0
  vertex 74.4687599182129 12.888799667358398 0.0
 endloop
endfacet
facet normal 0.0 0.0 0.9999999999999999
 outer loop
  vertex 76.6238021850586 13.6943998336792 0.0
  vertex 75.82559967041016 14.5 0.0
  vertex 74.4687599182129 12.888799667358398 0.0
 endloop
endfacet
facet normal 0.0 0.0 1.0
 outer loop
  vertex 76.6238021850586 13.6943998336792 0.0
  vertex 74.4687599182129 12.888799667358398 0.0
  vertex 75.82559967041016 12.08329963684082 0.0
 endloop
endfacet
facet normal 0.0 0.0 1.0
 outer loop
  vertex 78.22010040283203 14.5 0.0
  vertex 77.4219970703125 15.305500030517578 0.0
  vertex 76.6238021850586 13.6943998336792 0.0
 endloop
endfacet
facet normal 0.0 -0.0 1.0
 outer loop
  vertex 79.01830291748047 12.888799667358398 0.0
  vertex 79.13246167387564 14.102344390010455 0.0
  vertex 78.22010040283203 14.5 0.0
 endloop
endfacet
facet normal 0.0 0.0 0.9999999999999999
 outer loop
  vertex 76.6238021850586 13.6943998336792 0.0
  vertex 77.4219970703125 12.08329963684082 0.0
  vertex 79.01830291748047 12.888799667358398 0.0
 endloop
endfacet
facet normal -0.0 0.0 1.0
 outer loop
  vertex 76.6238021850586 13.6943998336792 0.0
  vertex 79.01830291748047 12.888799667358398 0.0
  vertex 78.22010040283203 14.5 0.0
 endloop
endfacet
facet normal 0.0 0.0 1.0
 outer loop
  vertex 78.22010040283203 11.277700424194336 0.0
  vertex 79.81639862060547 11.277700424194336 0.0
  vertex 79.01830291748047 12.888799667358398 0.0
 endloop
endfacet
facet normal -0.0 0.0 1.0
 outer loop
  vertex 77.4219970703125 12.08329963684082 0.0
  vertex 78.22010040283203 11.277700424194336 0.0
  vertex 79.01830291748047 12.888799667358398 0.0
 endloop
endfacet
facet normal 0.0 0.0 1.0
 outer loop
  vertex 62.25680160522461 13.6943998336792 0.0
  vertex 63.05500030517578 14.5 0.0
  vertex 62.25680160522461 15.305500030517578 0.0
 endloop
endfacet
facet normal 0.0 0.0 1.0
 outer loop
  vertex 62.25680160522461 15.305500030517578 0.0
  vertex 61.13139197975397 15.387518426221089 0.0
  vertex 60.660499572753906 14.5 0.0
 endloop
endfacet
facet normal 0.0 -0.0 1.0
 outer loop
  vertex 62.25680160522461 13.6943998336792 0.0
  vertex 62.25680160522461 15.305500030517578 0.0
  vertex 60.660499572753906 14.5 0.0
 endloop
endfacet
facet normal 0.0 0.0 1.0
 outer loop
  vertex 62.25680160522461 13.6943998336792 0.0
  vertex 60.660499572753906 14.5 0.0
  vertex 61.78262916522799 12.804984052439384 0.0
 endloop
endfacet
facet normal 0.0 0.0 1.0
 outer loop
  vertex 24.743099212646484 16.111099243164063 0.0
  vertex 24.184360122680662 16.91659927368164 0.0
  vertex 23.146699905395508 16.91659927368164 0.0
 endloop
endfacet
facet normal 0.0 0.0 1.0
 outer loop
  vertex 24.743099212646484 16.111099243164063 0.0
  vertex 23.146699905395508 16.91659927368164 0.0
  vertex 22.348600387573242 16.111099243164063 0.0
 endloop
endfacet
facet normal 0.0 0.0 1.0
 outer loop
  vertex 24.743099212646484 16.111099243164063 0.0
  vertex 22.348600387573242 16.111099243164063 0.0
  vertex 23.146699905395508 14.5 0.0
 endloop
endfacet
facet normal 0.0 0.0 1.0
 outer loop
  vertex 25.541200637817383 14.5 0.0
  vertex 24.743099212646484 16.111099243164063 0.0
  vertex 23.146699905395508 14.5 0.0
 endloop
endfacet
facet normal 0.0 0.0 1.0
 outer loop
  vertex 25.541200637817383 14.5 0.0
  vertex 23.146699905395508 14.5 0.0
  vertex 24.743099212646484 13.6943998336792 0.0
 endloop
endfacet
facet normal -0.0 0.0 1.0
 outer loop
  vertex 48.92745933532714 15.305500030517578 0.0
  vertex 48.95218384116497 14.5 0.0
  vertex 50.2843017578125 15.305500030517578 0.0
 endloop
endfacet
facet normal 0.0 0.0 1.0
 outer loop
  vertex 50.2843017578125 15.305500030517578 0.0
  vertex 49.48619842529297 16.91659927368164 0.0
  vertex 48.68799972534179 15.547179794311523 0.0
 endloop
endfacet
facet normal 0.0 -0.0 1.0
 outer loop
  vertex 48.92745933532714 15.305500030517578 0.0
  vertex 50.2843017578125 15.305500030517578 0.0
  vertex 48.68799972534179 15.547179794311523 0.0
 endloop
endfacet
facet normal 0.0 0.0 1.0
 outer loop
  vertex 64.65129852294922 15.305500030517578 0.0
  vertex 65.44950103759766 16.111099243164063 0.0
  vertex 64.65129852294922 16.91659927368164 0.0
 endloop
endfacet
facet normal 0.0 0.0 1.0
 outer loop
  vertex 64.65129852294922 16.91659927368164 0.0
  vertex 63.52165753059089 16.99664854686234 0.0
  vertex 63.05500030517578 16.111099243164063 0.0
 endloop
endfacet
facet normal 0.0 -0.0 1.0
 outer loop
  vertex 64.65129852294922 15.305500030517578 0.0
  vertex 64.65129852294922 16.91659927368164 0.0
  vertex 63.05500030517578 16.111099243164063 0.0
 endloop
endfacet
facet normal 0.0 0.0 1.0
 outer loop
  vertex 64.65129852294922 15.305500030517578 0.0
  vertex 63.05500030517578 16.111099243164063 0.0
  vertex 64.18040832625702 14.418335156911052 0.0
 endloop
endfacet
facet normal 0.0 -0.0 0.9999999999999999
 outer loop
  vertex 77.4219970703125 15.305500030517578 0.0
  vertex 77.77428698539734 15.944476350461873 0.0
  vertex 77.39274236559868 16.395209326499383 0.0
 endloop
endfacet
facet normal 0.0 0.0 1.0
 outer loop
  vertex 77.39274236559868 16.395209326499383 0.0
  vertex 77.00827227532864 16.844634044242998 0.0
  vertex 75.82559967041016 16.111099243164063 0.0
 endloop
endfacet
facet normal 0.0 0.0 1.0
 outer loop
  vertex 77.4219970703125 15.305500030517578 0.0
  vertex 77.39274236559868 16.395209326499383 0.0
  vertex 75.82559967041016 16.111099243164063 0.0
 endloop
endfacet
facet normal 0.0 0.0 1.0
 outer loop
  vertex 73.43109893798828 16.111099243164063 0.0
  vertex 73.43109893798828 15.305500030517578 0.0
  vertex 74.22930145263672 14.5 0.0
 endloop
endfacet
facet normal 0.0 0.0 1.0
 outer loop
  vertex 74.22930145263672 14.5 0.0
  vertex 75.82559967041016 14.5 0.0
  vertex 75.82559967041016 16.111099243164063 0.0
 endloop
endfacet
facet normal 0.0 0.0 1.0
 outer loop
  vertex 75.82559967041016 16.111099243164063 0.0
  vertex 75.02749633789063 16.91659927368164 0.0
  vertex 73.43109893798828 16.111099243164063 0.0
 endloop
endfacet
facet normal 0.0 -0.0 1.0
 outer loop
  vertex 74.22930145263672 14.5 0.0
  vertex 75.82559967041016 16.111099243164063 0.0
  vertex 73.43109893798828 16.111099243164063 0.0
 endloop
endfacet
facet normal 0.0 0.0 1.0
 outer loop
  vertex 72.63300323486328 17.722200393676758 0.0
  vertex 71.83480072021484 16.91659927368164 0.0
  vertex 72.63300323486328 16.111099243164063 0.0
 endloop
endfacet
facet normal 0.0 0.0 1.0
 outer loop
  vertex 72.63300323486328 17.722200393676758 0.0
  vertex 72.63300323486328 16.111099243164063 0.0
  vertex 73.43109893798828 16.111099243164063 0.0
 endloop
endfacet
facet normal 0.0 0.0 1.0
 outer loop
  vertex 73.43109893798828 16.111099243164063 0.0
  vertex 75.02749633789063 16.91659927368164 0.0
  vertex 74.22930145263672 17.722200393676758 0.0
 endloop
endfacet
facet normal -0.0 0.0 1.0
 outer loop
  vertex 72.63300323486328 17.722200393676758 0.0
  vertex 73.43109893798828 16.111099243164063 0.0
  vertex 74.22930145263672 17.722200393676758 0.0
 endloop
endfacet
facet normal 0.0 0.0 1.0
 outer loop
  vertex 19.954099655151367 15.305500030517578 0.0
  vertex 20.22289617658705 14.255620362954588 0.0
  vertex 21.550399780273438 14.5 0.0
 endloop
endfacet
facet normal 0.0 0.0 1.0
 outer loop
  vertex 20.752199172973633 16.91659927368164 0.0
  vertex 19.954099655151367 16.111099243164063 0.0
  vertex 19.954099655151367 15.305500030517578 0.0
 endloop
endfacet
facet normal 0.0 0.0 1.0
 outer loop
  vertex 21.550399780273438 14.5 0.0
  vertex 23.146699905395508 14.5 0.0
  vertex 22.348600387573242 16.111099243164063 0.0
 endloop
endfacet
facet normal -0.0 0.0 1.0
 outer loop
  vertex 19.954099655151367 15.305500030517578 0.0
  vertex 21.550399780273438 14.5 0.0
  vertex 22.348600387573242 16.111099243164063 0.0
 endloop
endfacet
facet normal 0.0 0.0 1.0
 outer loop
  vertex 19.954099655151367 15.305500030517578 0.0
  vertex 22.348600387573242 16.111099243164063 0.0
  vertex 20.752199172973633 16.91659927368164 0.0
 endloop
endfacet
facet normal -0.0 0.0 0.9999999999999999
 outer loop
  vertex 65.44950103759766 16.111099243164063 0.0
  vertex 66.5749465941458 16.029446835909038 0.0
  vertex 67.0457992553711 16.352749252319335 0.0
 endloop
endfacet
facet normal 0.0 0.0 1.0
 outer loop
  vertex 66.24759674072266 17.722200393676758 0.0
  vertex 64.95547269508242 17.96319129073079 0.0
  vertex 64.65129852294922 16.91659927368164 0.0
 endloop
endfacet
facet normal 0.0 0.0 1.0
 outer loop
  vertex 65.44950103759766 16.111099243164063 0.0
  vertex 67.0457992553711 16.352749252319335 0.0
  vertex 66.24759674072266 17.722200393676758 0.0
 endloop
endfacet
facet normal -0.0 0.0 1.0
 outer loop
  vertex 64.65129852294922 16.91659927368164 0.0
  vertex 65.44950103759766 16.111099243164063 0.0
  vertex 66.24759674072266 17.722200393676758 0.0
 endloop
endfacet
facet normal 0.0 0.0 1.0
 outer loop
  vertex 20.752199172973633 16.91659927368164 0.0
  vertex 21.550399780273438 17.722200393676758 0.0
  vertex 21.015710936745183 18.54991262501571 0.0
 endloop
endfacet
facet normal 0.0 0.0 0.9999999999999999
 outer loop
  vertex 19.155899047851563 17.722200393676758 0.0
  vertex 19.954099655151367 16.111099243164063 0.0
  vertex 20.752199172973633 16.91659927368164 0.0
 endloop
endfacet
facet normal 0.0 -0.0 1.0
 outer loop
  vertex 20.752199172973633 16.91659927368164 0.0
  vertex 21.015710936745183 18.54991262501571 0.0
  vertex 19.954099655151367 18.527700424194336 0.0
 endloop
endfacet
facet normal 0.0 0.0 1.0
 outer loop
  vertex 20.752199172973633 16.91659927368164 0.0
  vertex 19.954099655151367 18.527700424194336 0.0
  vertex 19.155899047851563 17.722200393676758 0.0
 endloop
endfacet
facet normal 0.0 -0.0 1.0
 outer loop
  vertex 56.11595015525817 17.186331000270123 0.0
  vertex 56.43023986816405 17.722200393676758 0.0
  vertex 55.871498107910156 18.527700424194336 0.0
 endloop
endfacet
facet normal 0.0 0.0 1.0
 outer loop
  vertex 54.27519989013672 18.527700424194336 0.0
  vertex 53.47700119018555 17.722200393676758 0.0
  vertex 55.073299407958984 16.91659927368164 0.0
 endloop
endfacet
facet normal 0.0 0.0 1.0
 outer loop
  vertex 55.073299407958984 16.91659927368164 0.0
  vertex 56.11595015525817 17.186331000270123 0.0
  vertex 55.871498107910156 18.527700424194336 0.0
 endloop
endfacet
facet normal -0.0 0.0 1.0
 outer loop
  vertex 54.27519989013672 18.527700424194336 0.0
  vertex 55.073299407958984 16.91659927368164 0.0
  vertex 55.871498107910156 18.527700424194336 0.0
 endloop
endfacet
facet normal 0.0 0.0 0.9999999999999999
 outer loop
  vertex 8.470501603598848 19.33329963684082 0.0
  vertex 8.221097898483276 20.1387996673584 0.0
  vertex 7.981649875640869 20.1387996673584 0.0
 endloop
endfacet
facet normal 0.0 0.0 1.0
 outer loop
  vertex 7.1834797859191895 18.527700424194336 0.0
  vertex 8.759848948410264 18.796271134765256 0.0
  vertex 8.470501603598848 19.33329963684082 0.0
 endloop
endfacet
facet normal 0.0 0.0 1.0
 outer loop
  vertex 7.981649875640869 20.1387996673584 0.0
  vertex 6.38532018661499 20.1387996673584 0.0
  vertex 7.1834797859191895 18.527700424194336 0.0
 endloop
endfacet
facet normal 0.0 0.0 1.0
 outer loop
  vertex 8.470501603598848 19.33329963684082 0.0
  vertex 7.981649875640869 20.1387996673584 0.0
  vertex 7.1834797859191895 18.527700424194336 0.0
 endloop
endfacet
facet normal 0.0 -0.0 0.9999999999999999
 outer loop
  vertex 72.63300323486328 17.722200393676758 0.0
  vertex 73.43109893798828 18.527700424194336 0.0
  vertex 71.83480072021484 19.33329963684082 0.0
 endloop
endfacet
facet normal 0.0 0.0 1.0
 outer loop
  vertex 72.63300323486328 17.722200393676758 0.0
  vertex 71.83480072021484 19.33329963684082 0.0
  vertex 71.0365982055664 18.527700424194336 0.0
 endloop
endfacet
facet normal 0.0 -0.0 1.0
 outer loop
  vertex 71.83480072021484 16.91659927368164 0.0
  vertex 72.63300323486328 17.722200393676758 0.0
  vertex 71.0365982055664 18.527700424194336 0.0
 endloop
endfacet
facet normal 0.0 0.0 1.0
 outer loop
  vertex 71.83480072021484 16.91659927368164 0.0
  vertex 71.0365982055664 18.527700424194336 0.0
  vertex 70.75703036357628 16.91659927368164 0.0
 endloop
endfacet
facet normal 0.0 0.0 1.0
 outer loop
  vertex 16.76140022277832 20.1387996673584 0.0
  vertex 15.16510009765625 19.33329963684082 0.0
  vertex 16.76140022277832 18.527700424194336 0.0
 endloop
endfacet
facet normal 0.0 0.0 1.0
 outer loop
  vertex 16.76140022277832 20.1387996673584 0.0
  vertex 16.76140022277832 18.527700424194336 0.0
  vertex 18.35770034790039 19.33329963684082 0.0
 endloop
endfacet
facet normal 0.0 0.0 1.0
 outer loop
  vertex 17.89658006057143 20.218862661690785 0.0
  vertex 16.76140022277832 20.1387996673584 0.0
  vertex 18.35770034790039 19.33329963684082 0.0
 endloop
endfacet
facet normal 0.0 0.0 1.0
 outer loop
  vertex 16.76140022277832 16.91659927368164 0.0
  vertex 17.21162067055702 16.033012796865286 0.0
  vertex 18.35770034790039 16.111099243164063 0.0
 endloop
endfacet
facet normal 0.0 0.0 0.9999999999999999
 outer loop
  vertex 19.155899047851563 17.722200393676758 0.0
  vertex 18.35770034790039 19.33329963684082 0.0
  vertex 16.76140022277832 18.527700424194336 0.0
 endloop
endfacet
facet normal 0.0 0.0 1.0
 outer loop
  vertex 19.155899047851563 17.722200393676758 0.0
  vertex 16.76140022277832 18.527700424194336 0.0
  vertex 16.76140022277832 16.91659927368164 0.0
 endloop
endfacet
facet normal 0.0 -0.0 0.9999999999999999
 outer loop
  vertex 18.35770034790039 16.111099243164063 0.0
  vertex 19.155899047851563 17.722200393676758 0.0
  vertex 16.76140022277832 16.91659927368164 0.0
 endloop
endfacet
facet normal 0.0 0.0 0.9999999999999999
 outer loop
  vertex 44.697200775146484 19.33329963684082 0.0
  vertex 44.445626552728044 18.666338438540695 0.0
  vertex 44.96902735233307 18.29864937067032 0.0
 endloop
endfacet
facet normal 0.0 0.0 1.0
 outer loop
  vertex 44.697200775146484 19.33329963684082 0.0
  vertex 44.96902735233307 18.29864937067032 0.0
  vertex 45.49530029296875 17.96385040283203 0.0
 endloop
endfacet
facet normal -0.0 0.0 1.0
 outer loop
  vertex 45.49530029296875 17.96385040283203 0.0
  vertex 45.92898644542558 17.614769126043562 0.0
  vertex 46.29349899291992 19.33329963684082 0.0
 endloop
endfacet
facet normal -0.0 0.0 1.0
 outer loop
  vertex 44.697200775146484 19.33329963684082 0.0
  vertex 45.49530029296875 17.96385040283203 0.0
  vertex 46.29349899291992 19.33329963684082 0.0
 endloop
endfacet
facet normal 0.0 0.0 1.0
 outer loop
  vertex 67.84400177001953 19.33329963684082 0.0
  vertex 66.51636882404847 19.33329963684082 0.0
  vertex 66.24759674072266 19.00636491312763 0.0
 endloop
endfacet
facet normal 0.0 0.0 1.0
 outer loop
  vertex 67.84400177001953 16.91659927368164 0.0
  vertex 68.64209747314453 17.158279609680175 0.0
  vertex 69.44029998779297 18.527700424194336 0.0
 endloop
endfacet
facet normal 0.0 0.0 1.0
 outer loop
  vertex 67.84400177001953 19.33329963684082 0.0
  vertex 66.24759674072266 19.00636491312763 0.0
  vertex 66.24759674072266 17.722200393676758 0.0
 endloop
endfacet
facet normal 0.0 0.0 1.0
 outer loop
  vertex 67.84400177001953 16.91659927368164 0.0
  vertex 69.44029998779297 18.527700424194336 0.0
  vertex 67.84400177001953 19.33329963684082 0.0
 endloop
endfacet
facet normal 0.0 -0.0 0.9999999999999999
 outer loop
  vertex 67.84400177001953 16.91659927368164 0.0
  vertex 67.84400177001953 19.33329963684082 0.0
  vertex 66.24759674072266 17.722200393676758 0.0
 endloop
endfacet
facet normal 0.0 -0.0 1.0
 outer loop
  vertex 74.22930145263672 19.33329963684082 0.0
  vertex 74.5648999973262 20.00891480521883 0.0
  vertex 74.18680255682193 20.44340807628121 0.0
 endloop
endfacet
facet normal 0.0 0.0 1.0
 outer loop
  vertex 74.18680255682193 20.44340807628121 0.0
  vertex 73.79734767346203 20.8708266604751 0.0
  vertex 72.63300323486328 20.1387996673584 0.0
 endloop
endfacet
facet normal 0.0 0.0 0.9999999999999999
 outer loop
  vertex 74.22930145263672 19.33329963684082 0.0
  vertex 74.18680255682193 20.44340807628121 0.0
  vertex 72.63300323486328 20.1387996673584 0.0
 endloop
endfacet
facet normal 0.0 0.0 1.0
 outer loop
  vertex 15.16510009765625 19.33329963684082 0.0
  vertex 16.76140022277832 20.1387996673584 0.0
  vertex 15.963199615478516 20.944400787353516 0.0
 endloop
endfacet
facet normal 0.0 -0.0 1.0
 outer loop
  vertex 15.16510009765625 19.33329963684082 0.0
  vertex 15.963199615478516 20.944400787353516 0.0
  vertex 14.366900444030762 20.944400787353516 0.0
 endloop
endfacet
facet normal 0.0 0.0 1.0
 outer loop
  vertex 14.366900444030762 19.33329963684082 0.0
  vertex 15.16510009765625 19.33329963684082 0.0
  vertex 14.366900444030762 20.944400787353516 0.0
 endloop
endfacet
facet normal 0.0 0.0 1.0
 outer loop
  vertex 11.972399711608887 19.33329963684082 0.0
  vertex 12.523086327975452 18.537977531440234 0.0
  vertex 13.56879997253418 18.527700424194336 0.0
 endloop
endfacet
facet normal 0.0 0.0 1.0
 outer loop
  vertex 11.174300193786621 20.944400787353516 0.0
  vertex 11.174300193786621 20.1387996673584 0.0
  vertex 11.972399711608887 19.33329963684082 0.0
 endloop
endfacet
facet normal 0.0 -0.0 1.0
 outer loop
  vertex 14.366900444030762 19.33329963684082 0.0
  vertex 14.366900444030762 20.944400787353516 0.0
  vertex 13.56879997253418 20.944400787353516 0.0
 endloop
endfacet
facet normal 0.0 0.0 0.9999999999999999
 outer loop
  vertex 13.56879997253418 20.944400787353516 0.0
  vertex 12.770600318908691 21.75 0.0
  vertex 11.174300193786621 20.944400787353516 0.0
 endloop
endfacet
facet normal 0.0 0.0 0.9999999999999999
 outer loop
  vertex 13.56879997253418 20.944400787353516 0.0
  vertex 11.174300193786621 20.944400787353516 0.0
  vertex 11.972399711608887 19.33329963684082 0.0
 endloop
endfacet
facet normal -0.0 0.0 1.0
 outer loop
  vertex 11.972399711608887 19.33329963684082 0.0
  vertex 13.56879997253418 18.527700424194336 0.0
  vertex 14.366900444030762 19.33329963684082 0.0
 endloop
endfacet
facet normal 0.0 0.0 1.0
 outer loop
  vertex 13.56879997253418 20.944400787353516 0.0
  vertex 11.972399711608887 19.33329963684082 0.0
  vertex 14.366900444030762 19.33329963684082 0.0
 endloop
endfacet
facet normal 0.0 0.0 1.0
 outer loop
  vertex 6.38532018661499 21.75 0.0
  vertex 5.5871500968933105 20.944400787353516 0.0
  vertex 6.38532018661499 20.1387996673584 0.0
 endloop
endfacet
facet normal 0.0 0.0 1.0
 outer loop
  vertex 6.38532018661499 21.75 0.0
  vertex 6.38532018661499 20.1387996673584 0.0
  vertex 7.981649875640869 20.1387996673584 0.0
 endloop
endfacet
facet normal -0.0 0.0 1.0
 outer loop
  vertex 6.38532018661499 21.75 0.0
  vertex 7.981649875640869 20.1387996673584 0.0
  vertex 7.981649875640869 21.75 0.0
 endloop
endfacet
facet normal 0.0 0.0 1.0
 outer loop
  vertex 38.3119010925293 22.555500030517578 0.0
  vertex 37.132215823615454 22.555500030517578 0.0
  vertex 37.274238967895506 21.75 0.0
 endloop
endfacet
facet normal 0.0 0.0 1.0
 outer loop
  vertex 39.11000061035156 21.75 0.0
  vertex 38.3119010925293 22.555500030517578 0.0
  vertex 37.274238967895506 21.75 0.0
 endloop
endfacet
facet normal 0.0 0.0 1.0
 outer loop
  vertex 37.274238967895506 21.75 0.0
  vertex 36.95495948791504 20.944400787353516 0.0
  vertex 38.3119010925293 20.1387996673584 0.0
 endloop
endfacet
facet normal -0.0 0.0 1.0
 outer loop
  vertex 37.274238967895506 21.75 0.0
  vertex 38.3119010925293 20.1387996673584 0.0
  vertex 39.11000061035156 21.75 0.0
 endloop
endfacet
facet normal 0.0 0.0 0.9999999999999999
 outer loop
  vertex 68.64209747314453 20.1387996673584 0.0
  vertex 67.84400177001953 19.33329963684082 0.0
  vertex 69.44029998779297 18.527700424194336 0.0
 endloop
endfacet
facet normal 0.0 0.0 1.0
 outer loop
  vertex 69.44029998779297 18.527700424194336 0.0
  vertex 71.0365982055664 18.527700424194336 0.0
  vertex 70.2385025024414 20.1387996673584 0.0
 endloop
endfacet
facet normal -0.0 0.0 1.0
 outer loop
  vertex 68.64209747314453 20.1387996673584 0.0
  vertex 69.44029998779297 18.527700424194336 0.0
  vertex 70.2385025024414 20.1387996673584 0.0
 endloop
endfacet
facet normal 0.0 0.0 1.0
 outer loop
  vertex 71.83480072021484 19.33329963684082 0.0
  vertex 72.63300323486328 20.1387996673584 0.0
  vertex 72.63300323486328 20.944400787353516 0.0
 endloop
endfacet
facet normal 0.0 0.0 0.9999999999999999
 outer loop
  vertex 71.83480072021484 21.75 0.0
  vertex 70.2385025024414 21.75 0.0
  vertex 70.2385025024414 20.1387996673584 0.0
 endloop
endfacet
facet normal 0.0 0.0 1.0
 outer loop
  vertex 71.83480072021484 21.75 0.0
  vertex 70.2385025024414 20.1387996673584 0.0
  vertex 71.83480072021484 19.33329963684082 0.0
 endloop
endfacet
facet normal 0.0 0.0 0.9999999999999999
 outer loop
  vertex 72.63300323486328 20.944400787353516 0.0
  vertex 71.83480072021484 21.75 0.0
  vertex 71.83480072021484 19.33329963684082 0.0
 endloop
endfacet
facet normal 0.0 0.0 1.0
 outer loop
  vertex 56.669700622558594 19.33329963684082 0.0
  vertex 57.70860334560274 19.642284493225546 0.0
  vertex 58.02653923034667 20.1387996673584 0.0
 endloop
endfacet
facet normal 0.0 0.0 1.0
 outer loop
  vertex 55.871498107910156 20.944400787353516 0.0
  vertex 55.073299407958984 20.1387996673584 0.0
  vertex 56.669700622558594 19.33329963684082 0.0
 endloop
endfacet
facet normal 0.0 0.0 0.9999999999999999
 outer loop
  vertex 55.871498107910156 20.944400787353516 0.0
  vertex 56.669700622558594 19.33329963684082 0.0
  vertex 58.02653923034667 20.1387996673584 0.0
 endloop
endfacet
facet normal -0.0 0.0 1.0
 outer loop
  vertex 55.871498107910156 20.944400787353516 0.0
  vertex 58.02653923034667 20.1387996673584 0.0
  vertex 56.669700622558594 21.75 0.0
 endloop
endfacet
facet normal 0.0 0.0 1.0
 outer loop
  vertex 68.64209747314453 22.555500030517578 0.0
  vertex 67.0457992553711 22.555500030517578 0.0
  vertex 67.84400177001953 20.944400787353516 0.0
 endloop
endfacet
facet normal 0.0 0.0 1.0
 outer loop
  vertex 68.64209747314453 22.555500030517578 0.0
  vertex 67.84400177001953 20.944400787353516 0.0
  vertex 68.64209747314453 20.1387996673584 0.0
 endloop
endfacet
facet normal 0.0 0.0 0.9999999999999999
 outer loop
  vertex 70.2385025024414 21.75 0.0
  vertex 68.64209747314453 22.555500030517578 0.0
  vertex 68.64209747314453 20.1387996673584 0.0
 endloop
endfacet
facet normal 0.0 0.0 1.0
 outer loop
  vertex 65.44950103759766 22.555500030517578 0.0
  vertex 64.65129852294922 21.75 0.0
  vertex 65.08265186871924 20.83699347923975 0.0
 endloop
endfacet
facet normal 0.0 0.0 0.9999999999999999
 outer loop
  vertex 65.44950103759766 22.555500030517578 0.0
  vertex 65.08265186871924 20.83699347923975 0.0
  vertex 66.24759674072266 20.944400787353516 0.0
 endloop
endfacet
facet normal 0.0 0.0 1.0
 outer loop
  vertex 66.24759674072266 20.944400787353516 0.0
  vertex 67.84400177001953 20.944400787353516 0.0
  vertex 67.0457992553711 22.555500030517578 0.0
 endloop
endfacet
facet normal -0.0 0.0 1.0
 outer loop
  vertex 65.44950103759766 22.555500030517578 0.0
  vertex 66.24759674072266 20.944400787353516 0.0
  vertex 67.0457992553711 22.555500030517578 0.0
 endloop
endfacet
facet normal 0.0 -0.0 1.0
 outer loop
  vertex 11.174300193786621 20.944400787353516 0.0
  vertex 11.174300193786621 21.75 0.0
  vertex 10.376099586486816 22.555500030517578 0.0
 endloop
endfacet
facet normal 0.0 0.0 1.0
 outer loop
  vertex 7.981649875640869 21.75 0.0
  vertex 8.779809951782227 20.470007880534524 0.0
  vertex 9.577980041503906 20.380480003356933 0.0
 endloop
endfacet
facet normal 0.0 0.0 1.0
 outer loop
  vertex 9.577980041503906 20.380480003356933 0.0
  vertex 11.174300193786621 20.944400787353516 0.0
  vertex 10.376099586486816 22.555500030517578 0.0
 endloop
endfacet
facet normal 0.0 0.0 1.0
 outer loop
  vertex 10.376099586486816 22.555500030517578 0.0
  vertex 9.577980041503906 23.361099243164063 0.0
  vertex 7.981649875640869 21.75 0.0
 endloop
endfacet
facet normal 0.0 -0.0 1.0
 outer loop
  vertex 9.577980041503906 20.380480003356933 0.0
  vertex 10.376099586486816 22.555500030517578 0.0
  vertex 7.981649875640869 21.75 0.0
 endloop
endfacet
facet normal 0.0 0.0 1.0
 outer loop
  vertex 25.541200637817383 24.972200393676758 0.0
  vertex 24.743099212646484 24.16659927368164 0.0
  vertex 25.58322904603556 23.119177513760203 0.0
 endloop
endfacet
facet normal -0.0 0.0 1.0
 outer loop
  vertex 26.369216696726653 23.093989584716958 0.0
  vertex 27.15520434741775 23.06880165567371 0.0
  vertex 27.935699462890625 24.16659927368164 0.0
 endloop
endfacet
facet normal 0.0 0.0 1.0
 outer loop
  vertex 26.369216696726653 23.093989584716958 0.0
  vertex 27.935699462890625 24.16659927368164 0.0
  vertex 27.13759994506836 24.972200393676758 0.0
 endloop
endfacet
facet normal 0.0 0.0 0.9999999999999999
 outer loop
  vertex 25.541200637817383 24.972200393676758 0.0
  vertex 25.58322904603556 23.119177513760203 0.0
  vertex 26.369216696726653 23.093989584716958 0.0
 endloop
endfacet
facet normal 0.0 0.0 1.0
 outer loop
  vertex 27.13759994506836 24.972200393676758 0.0
  vertex 25.541200637817383 24.972200393676758 0.0
  vertex 26.369216696726653 23.093989584716958 0.0
 endloop
endfacet
facet normal 0.0 0.0 1.0
 outer loop
  vertex 57.46780014038086 24.972200393676758 0.0
  vertex 56.669700622558594 24.16659927368164 0.0
  vertex 58.26599884033203 23.361099243164063 0.0
 endloop
endfacet
facet normal 0.0 0.0 1.0
 outer loop
  vertex 59.06420135498047 24.16659927368164 0.0
  vertex 57.46780014038086 24.972200393676758 0.0
  vertex 58.26599884033203 23.361099243164063 0.0
 endloop
endfacet
facet normal 0.0 0.0 1.0
 outer loop
  vertex 59.06420135498047 24.16659927368164 0.0
  vertex 58.26599884033203 23.361099243164063 0.0
  vertex 59.06420135498047 22.555500030517578 0.0
 endloop
endfacet
facet normal 0.0 0.0 1.0
 outer loop
  vertex 59.06420135498047 24.16659927368164 0.0
  vertex 59.06420135498047 22.555500030517578 0.0
  vertex 60.21438304057378 22.555500030517578 0.0
 endloop
endfacet
facet normal -0.0 0.0 1.0
 outer loop
  vertex 59.06420135498047 24.16659927368164 0.0
  vertex 60.21438304057378 22.555500030517578 0.0
  vertex 60.660499572753906 24.16659927368164 0.0
 endloop
endfacet
facet normal 0.0 0.0 1.0
 outer loop
  vertex 7.981649875640869 23.361099243164063 0.0
  vertex 8.779809951782227 24.16659927368164 0.0
  vertex 7.981649875640869 24.972200393676758 0.0
 endloop
endfacet
facet normal 0.0 0.0 1.0
 outer loop
  vertex 5.5871500968933105 24.16659927368164 0.0
  vertex 5.5871500968933105 22.555500030517578 0.0
  vertex 7.1834797859191895 22.555500030517578 0.0
 endloop
endfacet
facet normal 0.0 0.0 1.0
 outer loop
  vertex 7.1834797859191895 25.777700424194336 0.0
  vertex 5.5871500968933105 24.972200393676758 0.0
  vertex 5.5871500968933105 24.16659927368164 0.0
 endloop
endfacet
facet normal 0.0 0.0 1.0
 outer loop
  vertex 5.5871500968933105 24.16659927368164 0.0
  vertex 7.1834797859191895 22.555500030517578 0.0
  vertex 7.981649875640869 23.361099243164063 0.0
 endloop
endfacet
facet normal -0.0 0.0 0.9999999999999999
 outer loop
  vertex 5.5871500968933105 24.16659927368164 0.0
  vertex 7.981649875640869 23.361099243164063 0.0
  vertex 7.981649875640869 24.972200393676758 0.0
 endloop
endfacet
facet normal 0.0 0.0 1.0
 outer loop
  vertex 7.1834797859191895 25.777700424194336 0.0
  vertex 5.5871500968933105 24.16659927368164 0.0
  vertex 7.981649875640869 24.972200393676758 0.0
 endloop
endfacet
facet normal -0.0 0.0 1.0
 outer loop
  vertex 53.47700119018555 23.690620150193354 0.0
  vertex 54.275150299072266 23.646684701256344 0.0
  vertex 55.073299407958984 24.972200393676758 0.0
 endloop
endfacet
facet normal 0.0 0.0 0.9999999999999999
 outer loop
  vertex 51.880699157714844 24.972200393676758 0.0
  vertex 52.68583027775779 23.72866023015218 0.0
  vertex 53.47700119018555 23.690620150193354 0.0
 endloop
endfacet
facet normal 0.0 0.0 0.9999999999999999
 outer loop
  vertex 53.47700119018555 23.690620150193354 0.0
  vertex 55.073299407958984 24.972200393676758 0.0
  vertex 54.27519989013672 25.777700424194336 0.0
 endloop
endfacet
facet normal 0.0 0.0 1.0
 outer loop
  vertex 52.67879867553711 25.777700424194336 0.0
  vertex 51.880699157714844 24.972200393676758 0.0
  vertex 53.47700119018555 23.690620150193354 0.0
 endloop
endfacet
facet normal 0.0 0.0 1.0
 outer loop
  vertex 54.27519989013672 25.777700424194336 0.0
  vertex 52.67879867553711 25.777700424194336 0.0
  vertex 53.47700119018555 23.690620150193354 0.0
 endloop
endfacet
facet normal 0.0 0.0 1.0
 outer loop
  vertex 65.44950103759766 22.555500030517578 0.0
  vertex 67.0457992553711 22.555500030517578 0.0
  vertex 66.24759674072266 24.16659927368164 0.0
 endloop
endfacet
facet normal 0.0 0.0 0.9999999999999999
 outer loop
  vertex 64.65129852294922 24.16659927368164 0.0
  vertex 63.85309982299805 23.361099243164063 0.0
  vertex 65.44950103759766 22.555500030517578 0.0
 endloop
endfacet
facet normal 0.0 0.0 1.0
 outer loop
  vertex 66.24759674072266 24.16659927368164 0.0
  vertex 64.65129852294922 24.16659927368164 0.0
  vertex 65.44950103759766 22.555500030517578 0.0
 endloop
endfacet
facet normal 0.0 0.0 1.0
 outer loop
  vertex 4.788990020751953 23.361099243164063 0.0
  vertex 5.5871500968933105 24.16659927368164 0.0
  vertex 5.5871500968933105 24.972200393676758 0.0
 endloop
endfacet
facet normal 0.0 0.0 1.0
 outer loop
  vertex 4.788990020751953 25.777700424194336 0.0
  vertex 3.192660093307495 25.777700424194336 0.0
  vertex 3.192660093307495 24.16659927368164 0.0
 endloop
endfacet
facet normal 0.0 0.0 1.0
 outer loop
  vertex 4.788990020751953 25.777700424194336 0.0
  vertex 3.192660093307495 24.16659927368164 0.0
  vertex 4.788990020751953 23.361099243164063 0.0
 endloop
endfacet
facet normal 0.0 0.0 1.0
 outer loop
  vertex 4.788990020751953 25.777700424194336 0.0
  vertex 4.788990020751953 23.361099243164063 0.0
  vertex 5.5871500968933105 24.972200393676758 0.0
 endloop
endfacet
facet normal 0.0 0.0 1.0
 outer loop
  vertex 8.779809951782227 25.777700424194336 0.0
  vertex 7.981649875640869 24.972200393676758 0.0
  vertex 8.779809951782227 24.16659927368164 0.0
 endloop
endfacet
facet normal 0.0 0.0 0.9999999999999999
 outer loop
  vertex 10.376099586486816 25.777700424194336 0.0
  vertex 8.779809951782227 25.777700424194336 0.0
  vertex 8.779809951782227 24.16659927368164 0.0
 endloop
endfacet
facet normal -0.0 0.0 1.0
 outer loop
  vertex 8.779809951782227 24.16659927368164 0.0
  vertex 9.577980041503906 23.361099243164063 0.0
  vertex 11.174300193786621 24.972200393676758 0.0
 endloop
endfacet
facet normal 0.0 0.0 0.9999999999999999
 outer loop
  vertex 10.376099586486816 25.777700424194336 0.0
  vertex 8.779809951782227 24.16659927368164 0.0
  vertex 11.174300193786621 24.972200393676758 0.0
 endloop
endfacet
facet normal 0.0 0.0 1.0
 outer loop
  vertex 36.71549987792969 27.3887996673584 0.0
  vertex 35.91740036010742 27.3887996673584 0.0
  vertex 35.91740036010742 25.777700424194336 0.0
 endloop
endfacet
facet normal 0.0 0.0 1.0
 outer loop
  vertex 36.71549987792969 27.3887996673584 0.0
  vertex 35.91740036010742 25.777700424194336 0.0
  vertex 37.51369857788086 25.777700424194336 0.0
 endloop
endfacet
facet normal 0.0 0.0 1.0
 outer loop
  vertex 36.71549987792969 27.3887996673584 0.0
  vertex 37.51369857788086 25.777700424194336 0.0
  vertex 38.3119010925293 26.58329963684082 0.0
 endloop
endfacet
facet normal 0.0 0.0 1.0
 outer loop
  vertex 39.908199310302734 21.218177385645948 0.0
  vertex 40.70640182495117 21.405139450631665 0.0
  vertex 40.70640182495117 22.555500030517578 0.0
 endloop
endfacet
facet normal 0.0 0.0 1.0
 outer loop
  vertex 39.11000061035156 23.361099243164063 0.0
  vertex 38.3119010925293 22.555500030517578 0.0
  vertex 39.11000061035156 21.75 0.0
 endloop
endfacet
facet normal -0.0 0.0 1.0
 outer loop
  vertex 39.11000061035156 21.75 0.0
  vertex 39.908199310302734 21.218177385645948 0.0
  vertex 40.70640182495117 22.555500030517578 0.0
 endloop
endfacet
facet normal 0.0 0.0 1.0
 outer loop
  vertex 39.11000061035156 23.361099243164063 0.0
  vertex 39.11000061035156 21.75 0.0
  vertex 40.70640182495117 22.555500030517578 0.0
 endloop
endfacet
facet normal 0.0 -0.0 1.0
 outer loop
  vertex 40.70640182495117 22.555500030517578 0.0
  vertex 41.50450134277344 23.361099243164063 0.0
  vertex 39.11000061035156 24.16659927368164 0.0
 endloop
endfacet
facet normal -0.0 0.0 0.9999999999999999
 outer loop
  vertex 39.11000061035156 23.361099243164063 0.0
  vertex 40.70640182495117 22.555500030517578 0.0
  vertex 39.11000061035156 24.16659927368164 0.0
 endloop
endfacet
facet normal 0.0 0.0 1.0
 outer loop
  vertex 40.70640182495117 24.972200393676758 0.0
  vertex 41.50450134277344 23.361099243164063 0.0
  vertex 41.80444890246933 24.16659927368164 0.0
 endloop
endfacet
facet normal 0.0 -0.0 1.0
 outer loop
  vertex 41.80444890246933 24.16659927368164 0.0
  vertex 42.30270004272461 24.45424516905574 0.0
  vertex 41.50450134277344 25.777700424194336 0.0
 endloop
endfacet
facet normal 0.0 0.0 1.0
 outer loop
  vertex 41.80444890246933 24.16659927368164 0.0
  vertex 41.50450134277344 25.777700424194336 0.0
  vertex 40.70640182495117 24.972200393676758 0.0
 endloop
endfacet
facet normal 0.0 0.0 1.0
 outer loop
  vertex 43.10089874267578 26.58329963684082 0.0
  vertex 41.50450134277344 26.58329963684082 0.0
  vertex 41.50450134277344 25.777700424194336 0.0
 endloop
endfacet
facet normal -0.0 0.0 1.0
 outer loop
  vertex 43.10089874267578 24.50925174236073 0.0
  vertex 43.89899826049805 24.492633355199963 0.0
  vertex 44.697200775146484 25.777700424194336 0.0
 endloop
endfacet
facet normal 0.0 0.0 0.9999999999999999
 outer loop
  vertex 41.50450134277344 25.777700424194336 0.0
  vertex 42.30270004272461 24.45424516905574 0.0
  vertex 43.10089874267578 24.50925174236073 0.0
 endloop
endfacet
facet normal 0.0 0.0 1.0
 outer loop
  vertex 43.10089874267578 24.50925174236073 0.0
  vertex 44.697200775146484 25.777700424194336 0.0
  vertex 43.10089874267578 26.58329963684082 0.0
 endloop
endfacet
facet normal -0.0 0.0 1.0
 outer loop
  vertex 41.50450134277344 25.777700424194336 0.0
  vertex 43.10089874267578 24.50925174236073 0.0
  vertex 43.10089874267578 26.58329963684082 0.0
 endloop
endfacet
facet normal -0.0 0.0 1.0
 outer loop
  vertex 47.09164084653821 24.424939366656893 0.0
  vertex 47.88980102539062 24.408279609680175 0.0
  vertex 48.6879997253418 24.972200393676758 0.0
 endloop
endfacet
facet normal 0.0 0.0 1.0
 outer loop
  vertex 47.889801025390625 26.58329963684082 0.0
  vertex 46.29349899291992 26.58329963684082 0.0
  vertex 46.29349899291992 25.777700424194336 0.0
 endloop
endfacet
facet normal 0.0 -0.0 1.0
 outer loop
  vertex 49.48619842529297 25.777700424194336 0.0
  vertex 49.48619842529297 26.58329963684082 0.0
  vertex 47.889801025390625 26.58329963684082 0.0
 endloop
endfacet
facet normal 0.0 -0.0 1.0
 outer loop
  vertex 48.6879997253418 24.972200393676758 0.0
  vertex 49.48619842529297 25.777700424194336 0.0
  vertex 47.889801025390625 26.58329963684082 0.0
 endloop
endfacet
facet normal 0.0 0.0 1.0
 outer loop
  vertex 47.889801025390625 26.58329963684082 0.0
  vertex 46.29349899291992 25.777700424194336 0.0
  vertex 47.09164084653821 24.424939366656893 0.0
 endloop
endfacet
facet normal 0.0 0.0 1.0
 outer loop
  vertex 48.6879997253418 24.972200393676758 0.0
  vertex 47.889801025390625 26.58329963684082 0.0
  vertex 47.09164084653821 24.424939366656893 0.0
 endloop
endfacet
facet normal 0.0 0.0 1.0
 outer loop
  vertex 59.06420135498047 26.58329963684082 0.0
  vertex 58.26599884033203 26.58329963684082 0.0
  vertex 57.46780014038086 25.777700424194336 0.0
 endloop
endfacet
facet normal 0.0 -0.0 1.0
 outer loop
  vertex 59.862300872802734 24.972200393676758 0.0
  vertex 60.660499572753906 25.777700424194336 0.0
  vertex 59.06420135498047 26.58329963684082 0.0
 endloop
endfacet
facet normal 0.0 0.0 0.9999999999999999
 outer loop
  vertex 59.06420135498047 26.58329963684082 0.0
  vertex 57.46780014038086 25.777700424194336 0.0
  vertex 57.46780014038086 24.972200393676758 0.0
 endloop
endfacet
facet normal -0.0 0.0 1.0
 outer loop
  vertex 57.46780014038086 24.972200393676758 0.0
  vertex 59.06420135498047 24.16659927368164 0.0
  vertex 59.862300872802734 24.972200393676758 0.0
 endloop
endfacet
facet normal 0.0 0.0 1.0
 outer loop
  vertex 59.06420135498047 26.58329963684082 0.0
  vertex 57.46780014038086 24.972200393676758 0.0
  vertex 59.862300872802734 24.972200393676758 0.0
 endloop
endfacet
facet normal 0.0 0.0 1.0
 outer loop
  vertex 60.660499572753906 25.777700424194336 0.0
  vertex 59.862300872802734 24.972200393676758 0.0
  vertex 60.660499572753906 24.16659927368164 0.0
 endloop
endfacet
facet normal 0.0 0.0 1.0
 outer loop
  vertex 60.660499572753906 25.777700424194336 0.0
  vertex 60.660499572753906 24.16659927368164 0.0
  vertex 62.25680160522461 24.16659927368164 0.0
 endloop
endfacet
facet normal -0.0 0.0 1.0
 outer loop
  vertex 60.660499572753906 25.777700424194336 0.0
  vertex 62.25680160522461 24.16659927368164 0.0
  vertex 62.25680160522461 25.777700424194336 0.0
 endloop
endfacet
facet normal 0.0 0.0 1.0
 outer loop
  vertex 0.0 25.777700424194336 0.0
  vertex 0.0 24.972200393676758 0.0
  vertex 0.7981659770011902 24.16659927368164 0.0
 endloop
endfacet
facet normal -0.0 0.0 1.0
 outer loop
  vertex 0.7981659770011902 24.16659927368164 0.0
  vertex 1.874544278485056 23.069686505198476 0.0
  vertex 3.192660093307495 24.16659927368164 0.0
 endloop
endfacet
facet normal 0.0 0.0 1.0
 outer loop
  vertex 1.5963300466537476 26.58329963684082 0.0
  vertex 0.0 25.777700424194336 0.0
  vertex 0.7981659770011902 24.16659927368164 0.0
 endloop
endfacet
facet normal 0.0 0.0 1.0
 outer loop
  vertex 0.7981659770011902 24.16659927368164 0.0
  vertex 3.192660093307495 24.16659927368164 0.0
  vertex 3.192660093307495 25.777700424194336 0.0
 endloop
endfacet
facet normal 0.0 0.0 1.0
 outer loop
  vertex 1.5963300466537476 26.58329963684082 0.0
  vertex 0.7981659770011902 24.16659927368164 0.0
  vertex 3.192660093307495 25.777700424194336 0.0
 endloop
endfacet
facet normal 0.0 0.0 1.0
 outer loop
  vertex 32.724700927734375 24.16659927368164 0.0
  vertex 33.522838298082206 22.93005489193643 0.0
  vertex 34.32099914550781 22.918289981444026 0.0
 endloop
endfacet
facet normal -0.0 0.0 1.0
 outer loop
  vertex 34.32099914550781 22.918289981444026 0.0
  vertex 35.11920166015625 22.900674386719267 0.0
  vertex 35.91740036010742 24.16659927368164 0.0
 endloop
endfacet
facet normal 0.0 0.0 1.0
 outer loop
  vertex 33.52289962768555 24.972200393676758 0.0
  vertex 32.724700927734375 24.16659927368164 0.0
  vertex 34.32099914550781 22.918289981444026 0.0
 endloop
endfacet
facet normal 0.0 -0.0 0.9999999999999999
 outer loop
  vertex 35.91740036010742 24.16659927368164 0.0
  vertex 35.91740036010742 24.972200393676758 0.0
  vertex 34.32099914550781 25.777700424194336 0.0
 endloop
endfacet
facet normal 0.0 0.0 1.0
 outer loop
  vertex 33.52289962768555 24.972200393676758 0.0
  vertex 34.32099914550781 22.918289981444026 0.0
  vertex 35.91740036010742 24.16659927368164 0.0
 endloop
endfacet
facet normal 0.0 0.0 1.0
 outer loop
  vertex 34.32099914550781 25.777700424194336 0.0
  vertex 33.52289962768555 24.972200393676758 0.0
  vertex 35.91740036010742 24.16659927368164 0.0
 endloop
endfacet
facet normal 0.0 -0.0 1.0
 outer loop
  vertex 39.908199310302734 24.972200393676758 0.0
  vertex 39.908199310302734 26.58329963684082 0.0
  vertex 38.3119010925293 26.58329963684082 0.0
 endloop
endfacet
facet normal 0.0 0.0 1.0
 outer loop
  vertex 37.51369857788086 25.777700424194336 0.0
  vertex 37.51369857788086 24.16659927368164 0.0
  vertex 39.11000061035156 24.16659927368164 0.0
 endloop
endfacet
facet normal 0.0 0.0 0.9999999999999999
 outer loop
  vertex 37.51369857788086 25.777700424194336 0.0
  vertex 39.11000061035156 24.16659927368164 0.0
  vertex 39.908199310302734 24.972200393676758 0.0
 endloop
endfacet
facet normal 0.0 0.0 1.0
 outer loop
  vertex 38.3119010925293 26.58329963684082 0.0
  vertex 37.51369857788086 25.777700424194336 0.0
  vertex 39.908199310302734 24.972200393676758 0.0
 endloop
endfacet
facet normal 0.0 0.0 1.0
 outer loop
  vertex 55.073299407958984 26.58329963684082 0.0
  vertex 54.27519989013672 25.777700424194336 0.0
  vertex 55.073299407958984 24.972200393676758 0.0
 endloop
endfacet
facet normal 0.0 0.0 1.0
 outer loop
  vertex 56.669700622558594 24.16659927368164 0.0
  vertex 57.46780014038086 24.972200393676758 0.0
  vertex 57.46780014038086 25.777700424194336 0.0
 endloop
endfacet
facet normal 0.0 0.0 1.0
 outer loop
  vertex 55.871498107910156 26.58329963684082 0.0
  vertex 55.073299407958984 26.58329963684082 0.0
  vertex 55.073299407958984 24.972200393676758 0.0
 endloop
endfacet
facet normal -0.0 0.0 1.0
 outer loop
  vertex 55.073299407958984 24.972200393676758 0.0
  vertex 56.669700622558594 24.16659927368164 0.0
  vertex 57.46780014038086 25.777700424194336 0.0
 endloop
endfacet
facet normal 0.0 0.0 1.0
 outer loop
  vertex 55.871498107910156 26.58329963684082 0.0
  vertex 55.073299407958984 24.972200393676758 0.0
  vertex 57.46780014038086 25.777700424194336 0.0
 endloop
endfacet
facet normal 0.0 0.0 1.0
 outer loop
  vertex 65.44950103759766 25.777700424194336 0.0
  vertex 64.99720016091595 26.690673250518742 0.0
  vertex 63.85309982299805 26.58329963684082 0.0
 endloop
endfacet
facet normal 0.0 0.0 1.0
 outer loop
  vertex 64.65129852294922 24.16659927368164 0.0
  vertex 66.24759674072266 24.16659927368164 0.0
  vertex 65.44950103759766 25.777700424194336 0.0
 endloop
endfacet
facet normal 0.0 0.0 1.0
 outer loop
  vertex 65.44950103759766 25.777700424194336 0.0
  vertex 63.85309982299805 26.58329963684082 0.0
  vertex 63.05500030517578 24.972200393676758 0.0
 endloop
endfacet
facet normal 0.0 -0.0 1.0
 outer loop
  vertex 64.65129852294922 24.16659927368164 0.0
  vertex 65.44950103759766 25.777700424194336 0.0
  vertex 63.05500030517578 24.972200393676758 0.0
 endloop
endfacet
facet normal 0.0 0.0 0.9999999999999999
 outer loop
  vertex 62.25680160522461 27.3887996673584 0.0
  vertex 61.45869827270508 26.58329963684082 0.0
  vertex 62.25680160522461 25.777700424194336 0.0
 endloop
endfacet
facet normal -0.0 0.0 1.0
 outer loop
  vertex 62.25680160522461 25.777700424194336 0.0
  vertex 63.05500030517578 24.972200393676758 0.0
  vertex 63.85309982299805 26.58329963684082 0.0
 endloop
endfacet
facet normal 0.0 0.0 1.0
 outer loop
  vertex 62.25680160522461 27.3887996673584 0.0
  vertex 62.25680160522461 25.777700424194336 0.0
  vertex 63.85309982299805 26.58329963684082 0.0
 endloop
endfacet
facet normal 0.0 -0.0 1.0
 outer loop
  vertex 63.85309982299805 26.58329963684082 0.0
  vertex 64.09255943298339 27.3887996673584 0.0
  vertex 63.05500030517578 28.194400787353516 0.0
 endloop
endfacet
facet normal -0.0 0.0 0.9999999999999999
 outer loop
  vertex 62.25680160522461 27.3887996673584 0.0
  vertex 63.85309982299805 26.58329963684082 0.0
  vertex 63.05500030517578 28.194400787353516 0.0
 endloop
endfacet
facet normal 0.0 0.0 1.0
 outer loop
  vertex 21.550399780273438 23.602749252319335 0.0
  vertex 22.348600387573242 23.602749252319335 0.0
  vertex 23.146699905395508 24.16659927368164 0.0
 endloop
endfacet
facet normal 0.0 0.0 0.9999999999999999
 outer loop
  vertex 21.550399780273438 25.777700424194336 0.0
  vertex 20.752199172973633 24.972200393676758 0.0
  vertex 21.550399780273438 23.602749252319335 0.0
 endloop
endfacet
facet normal 0.0 -0.0 1.0
 outer loop
  vertex 23.944900512695313 24.972200393676758 0.0
  vertex 23.944900512695313 26.58329963684082 0.0
  vertex 22.348600387573242 26.58329963684082 0.0
 endloop
endfacet
facet normal 0.0 0.0 1.0
 outer loop
  vertex 21.550399780273438 25.777700424194336 0.0
  vertex 21.550399780273438 23.602749252319335 0.0
  vertex 23.146699905395508 24.16659927368164 0.0
 endloop
endfacet
facet normal 0.0 0.0 1.0
 outer loop
  vertex 23.944900512695313 24.972200393676758 0.0
  vertex 22.348600387573242 26.58329963684082 0.0
  vertex 21.550399780273438 25.777700424194336 0.0
 endloop
endfacet
facet normal 0.0 -0.0 0.9999999999999999
 outer loop
  vertex 23.146699905395508 24.16659927368164 0.0
  vertex 23.944900512695313 24.972200393676758 0.0
  vertex 21.550399780273438 25.777700424194336 0.0
 endloop
endfacet
facet normal 0.0 0.0 1.0
 outer loop
  vertex 25.541200637817383 26.58329963684082 0.0
  vertex 23.944900512695313 26.58329963684082 0.0
  vertex 23.944900512695313 24.972200393676758 0.0
 endloop
endfacet
facet normal 0.0 0.0 1.0
 outer loop
  vertex 25.541200637817383 26.58329963684082 0.0
  vertex 23.944900512695313 24.972200393676758 0.0
  vertex 25.541200637817383 24.972200393676758 0.0
 endloop
endfacet
facet normal 0.0 0.0 1.0
 outer loop
  vertex 31.128400802612305 25.777700424194336 0.0
  vertex 31.92650032043457 26.58329963684082 0.0
  vertex 31.128400802612305 27.3887996673584 0.0
 endloop
endfacet
facet normal 0.0 0.0 1.0
 outer loop
  vertex 28.73390007019043 26.58329963684082 0.0
  vertex 28.73390007019043 24.972200393676758 0.0
  vertex 30.3302001953125 24.972200393676758 0.0
 endloop
endfacet
facet normal 0.0 -0.0 1.0
 outer loop
  vertex 31.128400802612305 25.777700424194336 0.0
  vertex 31.128400802612305 27.3887996673584 0.0
  vertex 29.531999588012695 27.3887996673584 0.0
 endloop
endfacet
facet normal 0.0 0.0 0.9999999999999999
 outer loop
  vertex 31.128400802612305 25.777700424194336 0.0
  vertex 29.531999588012695 27.3887996673584 0.0
  vertex 28.73390007019043 26.58329963684082 0.0
 endloop
endfacet
facet normal 0.0 0.0 1.0
 outer loop
  vertex 31.128400802612305 25.777700424194336 0.0
  vertex 28.73390007019043 26.58329963684082 0.0
  vertex 30.3302001953125 24.972200393676758 0.0
 endloop
endfacet
facet normal 0.0 0.0 1.0
 outer loop
  vertex 28.73390007019043 26.58329963684082 0.0
  vertex 27.13759994506836 26.58329963684082 0.0
  vertex 27.13759994506836 24.972200393676758 0.0
 endloop
endfacet
facet normal 0.0 0.0 1.0
 outer loop
  vertex 28.73390007019043 26.58329963684082 0.0
  vertex 27.13759994506836 24.972200393676758 0.0
  vertex 28.73390007019043 24.972200393676758 0.0
 endloop
endfacet
facet normal 0.0 0.0 1.0
 outer loop
  vertex 34.32099914550781 27.3887996673584 0.0
  vertex 33.52289962768555 26.58329963684082 0.0
  vertex 34.32099914550781 25.777700424194336 0.0
 endloop
endfacet
facet normal 0.0 0.0 1.0
 outer loop
  vertex 34.32099914550781 27.3887996673584 0.0
  vertex 34.32099914550781 25.777700424194336 0.0
  vertex 35.91740036010742 25.777700424194336 0.0
 endloop
endfacet
facet normal -0.0 0.0 1.0
 outer loop
  vertex 34.32099914550781 27.3887996673584 0.0
  vertex 35.91740036010742 25.777700424194336 0.0
  vertex 35.91740036010742 27.3887996673584 0.0
 endloop
endfacet
facet normal 0.0 0.0 1.0
 outer loop
  vertex 55.073299407958984 28.194400787353516 0.0
  vertex 55.073299407958984 26.58329963684082 0.0
  vertex 55.871498107910156 26.58329963684082 0.0
 endloop
endfacet
facet normal 0.0 0.0 1.0
 outer loop
  vertex 56.669700622558594 28.194400787353516 0.0
  vertex 55.073299407958984 28.194400787353516 0.0
  vertex 55.871498107910156 26.58329963684082 0.0
 endloop
endfacet
facet normal 0.0 0.0 1.0
 outer loop
  vertex 57.46780014038086 27.3887996673584 0.0
  vertex 56.669700622558594 28.194400787353516 0.0
  vertex 55.871498107910156 26.58329963684082 0.0
 endloop
endfacet
facet normal 0.0 0.0 1.0
 outer loop
  vertex 3.192660093307495 25.777700424194336 0.0
  vertex 4.788990020751953 26.58329963684082 0.0
  vertex 3.9908199310302734 27.3887996673584 0.0
 endloop
endfacet
facet normal 0.0 0.0 1.0
 outer loop
  vertex 2.3944900035858154 28.194400787353516 0.0
  vertex 1.5963300466537476 27.3887996673584 0.0
  vertex 1.5963300466537476 26.58329963684082 0.0
 endloop
endfacet
facet normal 0.0 0.0 1.0
 outer loop
  vertex 3.9908199310302734 27.3887996673584 0.0
  vertex 2.3944900035858154 28.194400787353516 0.0
  vertex 1.5963300466537476 26.58329963684082 0.0
 endloop
endfacet
facet normal 0.0 -0.0 1.0
 outer loop
  vertex 3.192660093307495 25.777700424194336 0.0
  vertex 3.9908199310302734 27.3887996673584 0.0
  vertex 1.5963300466537476 26.58329963684082 0.0
 endloop
endfacet
facet normal 0.0 0.0 1.0
 outer loop
  vertex 10.376099586486816 25.777700424194336 0.0
  vertex 11.174300193786621 26.58329963684082 0.0
  vertex 10.376099586486816 27.3887996673584 0.0
 endloop
endfacet
facet normal 0.0 0.0 1.0
 outer loop
  vertex 8.779809951782227 25.777700424194336 0.0
  vertex 10.376099586486816 25.777700424194336 0.0
  vertex 10.376099586486816 27.3887996673584 0.0
 endloop
endfacet
facet normal 0.0 0.0 1.0
 outer loop
  vertex 10.376099586486816 27.3887996673584 0.0
  vertex 8.779809951782227 28.194400787353516 0.0
  vertex 7.981649875640869 27.3887996673584 0.0
 endloop
endfacet
facet normal 0.0 -0.0 1.0
 outer loop
  vertex 8.779809951782227 25.777700424194336 0.0
  vertex 10.376099586486816 27.3887996673584 0.0
  vertex 7.981649875640869 27.3887996673584 0.0
 endloop
endfacet
facet normal 0.0 0.0 1.0
 outer loop
  vertex 7.981649875640869 27.3887996673584 0.0
  vertex 6.38532018661499 27.3887996673584 0.0
  vertex 7.1834797859191895 25.777700424194336 0.0
 endloop
endfacet
facet normal 0.0 0.0 1.0
 outer loop
  vertex 7.981649875640869 27.3887996673584 0.0
  vertex 7.1834797859191895 25.777700424194336 0.0
  vertex 8.779809951782227 25.777700424194336 0.0
 endloop
endfacet
facet normal 0.0 0.0 1.0
 outer loop
  vertex 11.972399711608887 24.16659927368164 0.0
  vertex 13.046291831663302 23.361099243164063 0.0
  vertex 13.56879997253418 23.602749252319335 0.0
 endloop
endfacet
facet normal 0.0 0.0 0.9999999999999999
 outer loop
  vertex 13.56879997253418 23.602749252319335 0.0
  vertex 14.366900444030762 24.972200393676758 0.0
  vertex 13.56879997253418 25.777700424194336 0.0
 endloop
endfacet
facet normal 0.0 0.0 1.0
 outer loop
  vertex 12.770600318908691 26.58329963684082 0.0
  vertex 11.174300193786621 26.58329963684082 0.0
  vertex 11.174300193786621 24.972200393676758 0.0
 endloop
endfacet
facet normal -0.0 0.0 0.9999999999999999
 outer loop
  vertex 11.972399711608887 24.16659927368164 0.0
  vertex 13.56879997253418 23.602749252319335 0.0
  vertex 13.56879997253418 25.777700424194336 0.0
 endloop
endfacet
facet normal 0.0 0.0 1.0
 outer loop
  vertex 13.56879997253418 25.777700424194336 0.0
  vertex 12.770600318908691 26.58329963684082 0.0
  vertex 11.174300193786621 24.972200393676758 0.0
 endloop
endfacet
facet normal 0.0 -0.0 1.0
 outer loop
  vertex 11.972399711608887 24.16659927368164 0.0
  vertex 13.56879997253418 25.777700424194336 0.0
  vertex 11.174300193786621 24.972200393676758 0.0
 endloop
endfacet
facet normal 0.0 -0.0 1.0
 outer loop
  vertex 16.76140022277832 27.3887996673584 0.0
  vertex 16.76140022277832 28.194400787353516 0.0
  vertex 15.16510009765625 28.194400787353516 0.0
 endloop
endfacet
facet normal 0.0 -0.0 1.0
 outer loop
  vertex 15.963199615478516 26.58329963684082 0.0
  vertex 16.76140022277832 27.3887996673584 0.0
  vertex 15.16510009765625 28.194400787353516 0.0
 endloop
endfacet
facet normal 0.0 0.0 1.0
 outer loop
  vertex 13.56879997253418 27.3887996673584 0.0
  vertex 13.56879997253418 25.777700424194336 0.0
  vertex 15.16510009765625 25.777700424194336 0.0
 endloop
endfacet
facet normal 0.0 0.0 1.0
 outer loop
  vertex 15.16510009765625 28.194400787353516 0.0
  vertex 13.56879997253418 27.3887996673584 0.0
  vertex 15.16510009765625 25.777700424194336 0.0
 endloop
endfacet
facet normal 0.0 0.0 1.0
 outer loop
  vertex 15.963199615478516 26.58329963684082 0.0
  vertex 15.16510009765625 28.194400787353516 0.0
  vertex 15.16510009765625 25.777700424194336 0.0
 endloop
endfacet
facet normal 0.0 0.0 1.0
 outer loop
  vertex 16.76140022277832 27.3887996673584 0.0
  vertex 16.76140022277832 25.777700424194336 0.0
  vertex 18.35770034790039 25.777700424194336 0.0
 endloop
endfacet
facet normal 0.0 0.0 1.0
 outer loop
  vertex 18.35770034790039 29.0 0.0
  vertex 16.76140022277832 28.194400787353516 0.0
  vertex 16.76140022277832 27.3887996673584 0.0
 endloop
endfacet
facet normal 0.0 0.0 1.0
 outer loop
  vertex 16.76140022277832 27.3887996673584 0.0
  vertex 18.35770034790039 25.777700424194336 0.0
  vertex 19.155899047851563 26.58329963684082 0.0
 endloop
endfacet
facet normal 0.0 0.0 1.0
 outer loop
  vertex 19.155899047851563 28.194400787353516 0.0
  vertex 18.35770034790039 29.0 0.0
  vertex 16.76140022277832 27.3887996673584 0.0
 endloop
endfacet
facet normal 0.0 -0.0 1.0
 outer loop
  vertex 19.155899047851563 26.58329963684082 0.0
  vertex 19.155899047851563 28.194400787353516 0.0
  vertex 16.76140022277832 27.3887996673584 0.0
 endloop
endfacet
facet normal 0.0 0.0 1.0
 outer loop
  vertex 32.724700927734375 28.194400787353516 0.0
  vertex 31.92650032043457 29.0 0.0
  vertex 31.128400802612305 27.3887996673584 0.0
 endloop
endfacet
facet normal 0.0 0.0 1.0
 outer loop
  vertex 31.92650032043457 26.58329963684082 0.0
  vertex 33.52289962768555 26.58329963684082 0.0
  vertex 32.724700927734375 28.194400787353516 0.0
 endloop
endfacet
facet normal -0.0 0.0 0.9999999999999999
 outer loop
  vertex 31.128400802612305 27.3887996673584 0.0
  vertex 31.92650032043457 26.58329963684082 0.0
  vertex 32.724700927734375 28.194400787353516 0.0
 endloop
endfacet
facet normal 0.0 0.0 1.0
 outer loop
  vertex 46.29349899291992 28.194400787353516 0.0
  vertex 45.49530029296875 27.3887996673584 0.0
  vertex 46.29349899291992 26.58329963684082 0.0
 endloop
endfacet
facet normal 0.0 0.0 1.0
 outer loop
  vertex 47.889801025390625 28.194400787353516 0.0
  vertex 46.29349899291992 28.194400787353516 0.0
  vertex 46.29349899291992 26.58329963684082 0.0
 endloop
endfacet
facet normal 0.0 0.0 1.0
 outer loop
  vertex 47.889801025390625 28.194400787353516 0.0
  vertex 46.29349899291992 26.58329963684082 0.0
  vertex 47.889801025390625 26.58329963684082 0.0
 endloop
endfacet
facet normal 0.0 0.0 1.0
 outer loop
  vertex 51.08250045776367 28.194400787353516 0.0
  vertex 49.48619842529297 28.194400787353516 0.0
  vertex 49.48619842529297 26.58329963684082 0.0
 endloop
endfacet
facet normal 0.0 0.0 1.0
 outer loop
  vertex 51.08250045776367 28.194400787353516 0.0
  vertex 49.48619842529297 26.58329963684082 0.0
  vertex 51.08250045776367 25.777700424194336 0.0
 endloop
endfacet
facet normal 0.0 0.0 0.9999999999999999
 outer loop
  vertex 51.880699157714844 27.3887996673584 0.0
  vertex 51.08250045776367 28.194400787353516 0.0
  vertex 51.08250045776367 25.777700424194336 0.0
 endloop
endfacet
facet normal 0.0 0.0 1.0
 outer loop
  vertex 58.26599884033203 28.194400787353516 0.0
  vertex 58.26599884033203 26.58329963684082 0.0
  vertex 59.06420135498047 26.58329963684082 0.0
 endloop
endfacet
facet normal 0.0 0.0 1.0
 outer loop
  vertex 59.862300872802734 28.194400787353516 0.0
  vertex 58.26599884033203 28.194400787353516 0.0
  vertex 59.06420135498047 26.58329963684082 0.0
 endloop
endfacet
facet normal 0.0 -0.0 1.0
 outer loop
  vertex 61.45869827270508 26.58329963684082 0.0
  vertex 61.45869827270508 28.194400787353516 0.0
  vertex 59.862300872802734 28.194400787353516 0.0
 endloop
endfacet
facet normal -0.0 0.0 0.9999999999999999
 outer loop
  vertex 59.06420135498047 26.58329963684082 0.0
  vertex 60.660499572753906 25.777700424194336 0.0
  vertex 61.45869827270508 26.58329963684082 0.0
 endloop
endfacet
facet normal 0.0 0.0 0.9999999999999999
 outer loop
  vertex 59.862300872802734 28.194400787353516 0.0
  vertex 59.06420135498047 26.58329963684082 0.0
  vertex 61.45869827270508 26.58329963684082 0.0
 endloop
endfacet
facet normal 0.0 0.0 1.0
 outer loop
  vertex 19.954099655151367 25.777700424194336 0.0
  vertex 21.550399780273438 25.777700424194336 0.0
  vertex 20.752199172973633 27.3887996673584 0.0
 endloop
endfacet
facet normal -0.0 0.0 1.0
 outer loop
  vertex 19.155899047851563 26.58329963684082 0.0
  vertex 19.954099655151367 25.777700424194336 0.0
  vertex 20.752199172973633 27.3887996673584 0.0
 endloop
endfacet
facet normal 0.0 0.0 1.0
 outer loop
  vertex 23.944900512695313 28.194400787353516 0.0
  vertex 22.348600387573242 28.194400787353516 0.0
  vertex 22.348600387573242 26.58329963684082 0.0
 endloop
endfacet
facet normal 0.0 0.0 1.0
 outer loop
  vertex 23.944900512695313 28.194400787353516 0.0
  vertex 22.348600387573242 26.58329963684082 0.0
  vertex 23.944900512695313 26.58329963684082 0.0
 endloop
endfacet
facet normal 0.0 0.0 1.0
 outer loop
  vertex 27.13759994506836 28.194400787353516 0.0
  vertex 25.541200637817383 28.194400787353516 0.0
  vertex 25.541200637817383 26.58329963684082 0.0
 endloop
endfacet
facet normal 0.0 0.0 1.0
 outer loop
  vertex 27.13759994506836 28.194400787353516 0.0
  vertex 25.541200637817383 26.58329963684082 0.0
  vertex 27.13759994506836 26.58329963684082 0.0
 endloop
endfacet
facet normal 0.0 0.0 1.0
 outer loop
  vertex 38.3119010925293 26.58329963684082 0.0
  vertex 39.908199310302734 26.58329963684082 0.0
  vertex 39.908199310302734 28.194400787353516 0.0
 endloop
endfacet
facet normal 0.0 0.0 1.0
 outer loop
  vertex 39.908199310302734 28.194400787353516 0.0
  vertex 39.11000061035156 29.0 0.0
  vertex 37.51369857788086 28.194400787353516 0.0
 endloop
endfacet
facet normal 0.0 -0.0 1.0
 outer loop
  vertex 38.3119010925293 26.58329963684082 0.0
  vertex 39.908199310302734 28.194400787353516 0.0
  vertex 37.51369857788086 28.194400787353516 0.0
 endloop
endfacet
facet normal 0.0 0.0 1.0
 outer loop
  vertex 43.10089874267578 28.194400787353516 0.0
  vertex 41.50450134277344 28.194400787353516 0.0
  vertex 41.50450134277344 26.58329963684082 0.0
 endloop
endfacet
facet normal 0.0 0.0 1.0
 outer loop
  vertex 43.10089874267578 28.194400787353516 0.0
  vertex 41.50450134277344 26.58329963684082 0.0
  vertex 43.10089874267578 26.58329963684082 0.0
 endloop
endfacet
facet normal 0.0 0.0 1.0
 outer loop
  vertex 55.073299407958984 28.194400787353516 0.0
  vertex 54.27519989013672 29.0 0.0
  vertex 52.67879867553711 28.194400787353516 0.0
 endloop
endfacet
facet normal -0.0 0.0 1.0
 outer loop
  vertex 52.67879867553711 26.58329963684082 0.0
  vertex 54.27519989013672 25.777700424194336 0.0
  vertex 55.073299407958984 26.58329963684082 0.0
 endloop
endfacet
facet normal 0.0 0.0 1.0
 outer loop
  vertex 52.67879867553711 26.58329963684082 0.0
  vertex 55.073299407958984 26.58329963684082 0.0
  vertex 55.073299407958984 28.194400787353516 0.0
 endloop
endfacet
facet normal 0.0 0.0 1.0
 outer loop
  vertex 52.67879867553711 26.58329963684082 0.0
  vertex 55.073299407958984 28.194400787353516 0.0
  vertex 52.67879867553711 28.194400787353516 0.0
 endloop
endfacet
facet normal 0.0 0.0 0.9999999999999999
 outer loop
  vertex 41.50450134277344 2.8857842745831634 0.0
  vertex 40.94583168029785 3.222219944000244 0.0
  vertex 39.908199310302734 2.4166600704193115 0.0
 endloop
endfacet
facet normal 0.0 -0.0 1.0
 outer loop
  vertex 43.10089874267578 0.8055559992790222 0.0
  vertex 43.10089874267578 2.781113634555571 0.0
  vertex 42.30270004272461 2.792326811310833 0.0
 endloop
endfacet
facet normal 0.0 0.0 1.0
 outer loop
  vertex 41.50450134277344 0.8055559992790222 0.0
  vertex 43.10089874267578 0.8055559992790222 0.0
  vertex 42.30270004272461 2.792326811310833 0.0
 endloop
endfacet
facet normal 0.0 0.0 1.0
 outer loop
  vertex 41.50450134277344 0.8055559992790222 0.0
  vertex 42.30270004272461 2.792326811310833 0.0
  vertex 41.50450134277344 2.8857842745831634 0.0
 endloop
endfacet
facet normal 0.0 -0.0 1.0
 outer loop
  vertex 41.50450134277344 0.8055559992790222 0.0
  vertex 41.50450134277344 2.8857842745831634 0.0
  vertex 39.908199310302734 2.4166600704193115 0.0
 endloop
endfacet
facet normal 0.0 0.0 1.0
 outer loop
  vertex 41.50450134277344 0.8055559992790222 0.0
  vertex 39.908199310302734 2.4166600704193115 0.0
  vertex 39.908199310302734 0.8055559992790222 0.0
 endloop
endfacet
facet normal 0.0 0.0 1.0
 outer loop
  vertex 46.29349899291992 2.7939256245663273 0.0
  vertex 45.49530029296875 2.789332042595631 0.0
  vertex 46.29349899291992 0.8055559992790222 0.0
 endloop
endfacet
facet normal 0.0 0.0 1.0
 outer loop
  vertex 48.6879997253418 1.611109972000122 0.0
  vertex 47.889801025390625 2.80630588970804 0.0
  vertex 47.09170150756836 2.7987652371524394 0.0
 endloop
endfacet
facet normal 0.0 -0.0 1.0
 outer loop
  vertex 47.889801025390625 0.8055559992790222 0.0
  vertex 48.6879997253418 1.611109972000122 0.0
  vertex 47.09170150756836 2.7987652371524394 0.0
 endloop
endfacet
facet normal 0.0 0.0 1.0
 outer loop
  vertex 47.09170150756836 2.7987652371524394 0.0
  vertex 46.29349899291992 2.7939256245663273 0.0
  vertex 46.29349899291992 0.8055559992790222 0.0
 endloop
endfacet
facet normal 0.0 0.0 1.0
 outer loop
  vertex 47.889801025390625 0.8055559992790222 0.0
  vertex 47.09170150756836 2.7987652371524394 0.0
  vertex 46.29349899291992 0.8055559992790222 0.0
 endloop
endfacet
facet normal 0.0 0.0 0.9999999999999999
 outer loop
  vertex 76.6238021850586 2.898566618106724 0.0
  vertex 75.82559967041016 2.8957285397590202 0.0
  vertex 76.6238021850586 0.8055559992790222 0.0
 endloop
endfacet
facet normal 0.0 0.0 0.9999999999999999
 outer loop
  vertex 78.22010040283203 0.8055559992790222 0.0
  vertex 79.01830291748047 2.9112166721253363 0.0
  vertex 78.22010040283203 2.905588248744381 0.0
 endloop
endfacet
facet normal 0.0 -0.0 1.0
 outer loop
  vertex 78.22010040283203 0.8055559992790222 0.0
  vertex 78.22010040283203 2.905588248744381 0.0
  vertex 77.4219970703125 2.9017008008081158 0.0
 endloop
endfacet
facet normal 0.0 0.0 1.0
 outer loop
  vertex 76.6238021850586 0.8055559992790222 0.0
  vertex 78.22010040283203 0.8055559992790222 0.0
  vertex 77.4219970703125 2.9017008008081158 0.0
 endloop
endfacet
facet normal 0.0 0.0 0.9999999999999999
 outer loop
  vertex 76.6238021850586 0.8055559992790222 0.0
  vertex 77.4219970703125 2.9017008008081158 0.0
  vertex 76.6238021850586 2.898566618106724 0.0
 endloop
endfacet
facet normal 0.0 0.0 1.0
 outer loop
  vertex 81.41280364990234 2.4166600704193115 0.0
  vertex 80.6146011352539 2.975872097731375 0.0
  vertex 79.81639862060547 2.9246027533357086 0.0
 endloop
endfacet
facet normal 0.0 0.0 1.0
 outer loop
  vertex 79.81639862060547 2.9246027533357086 0.0
  vertex 79.01830291748047 2.9112166721253363 0.0
  vertex 79.81639862060547 0.8055559992790222 0.0
 endloop
endfacet
facet normal 0.0 0.0 1.0
 outer loop
  vertex 81.41280364990234 2.4166600704193115 0.0
  vertex 79.81639862060547 2.9246027533357086 0.0
  vertex 79.81639862060547 0.8055559992790222 0.0
 endloop
endfacet
facet normal 0.0 0.0 1.0
 outer loop
  vertex 81.41280364990234 2.4166600704193115 0.0
  vertex 79.81639862060547 0.8055559992790222 0.0
  vertex 81.41280364990234 0.8055559992790222 0.0
 endloop
endfacet
facet normal 0.0 0.0 1.0
 outer loop
  vertex 84.60540008544922 2.4166600704193115 0.0
  vertex 83.00910186767578 3.222219944000244 0.0
  vertex 83.00910186767578 0.8055559992790222 0.0
 endloop
endfacet
facet normal 0.0 -0.0 1.0
 outer loop
  vertex 84.60540008544922 0.8055559992790222 0.0
  vertex 84.60540008544922 2.4166600704193115 0.0
  vertex 83.00910186767578 0.8055559992790222 0.0
 endloop
endfacet
facet normal 0.0 0.0 1.0
 outer loop
  vertex 0.7981659770011902 4.833330154418945 0.0
  vertex 0.0 4.027780055999756 0.0
  vertex 0.7981659770011902 3.222219944000244 0.0
 endloop
endfacet
facet normal 0.0 0.0 1.0
 outer loop
  vertex 2.3944900035858154 4.833330154418945 0.0
  vertex 0.7981659770011902 4.833330154418945 0.0
  vertex 0.7981659770011902 3.222219944000244 0.0
 endloop
endfacet
facet normal 0.0 0.0 1.0
 outer loop
  vertex 3.192660093307495 4.027780055999756 0.0
  vertex 2.3944900035858154 4.833330154418945 0.0
  vertex 0.7981659770011902 3.222219944000244 0.0
 endloop
endfacet
facet normal 0.0 0.0 1.0
 outer loop
  vertex 3.192660093307495 4.027780055999756 0.0
  vertex 0.7981659770011902 3.222219944000244 0.0
  vertex 3.192660093307495 2.4166600704193115 0.0
 endloop
endfacet
facet normal 0.0 -0.0 1.0
 outer loop
  vertex 9.577980041503906 4.027780055999756 0.0
  vertex 9.577980041503906 5.638889789581299 0.0
  vertex 7.981649875640869 5.638889789581299 0.0
 endloop
endfacet
facet normal 0.0 0.0 0.9999999999999999
 outer loop
  vertex 9.577980041503906 4.027780055999756 0.0
  vertex 7.981649875640869 5.638889789581299 0.0
  vertex 7.1834797859191895 4.833330154418945 0.0
 endloop
endfacet
facet normal 0.0 0.0 1.0
 outer loop
  vertex 9.577980041503906 4.027780055999756 0.0
  vertex 7.1834797859191895 4.833330154418945 0.0
  vertex 7.1834797859191895 3.222219944000244 0.0
 endloop
endfacet
facet normal 0.0 -0.0 1.0
 outer loop
  vertex 7.981649875640869 2.4166600704193115 0.0
  vertex 9.577980041503906 4.027780055999756 0.0
  vertex 7.1834797859191895 3.222219944000244 0.0
 endloop
endfacet
facet normal 0.0 0.0 1.0
 outer loop
  vertex 4.788990020751953 2.4166600704193115 0.0
  vertex 4.788990020751953 0.8055559992790222 0.0
  vertex 6.38532018661499 0.8055559992790222 0.0
 endloop
endfacet
facet normal 0.0 0.0 0.9999999999999999
 outer loop
  vertex 7.1834797859191895 3.222219944000244 0.0
  vertex 4.788990020751953 4.027780055999756 0.0
  vertex 4.788990020751953 2.4166600704193115 0.0
 endloop
endfacet
facet normal 0.0 0.0 1.0
 outer loop
  vertex 7.1834797859191895 3.222219944000244 0.0
  vertex 4.788990020751953 2.4166600704193115 0.0
  vertex 6.38532018661499 0.8055559992790222 0.0
 endloop
endfacet
facet normal 0.0 0.0 1.0
 outer loop
  vertex 7.981649875640869 2.4166600704193115 0.0
  vertex 7.1834797859191895 3.222219944000244 0.0
  vertex 6.38532018661499 0.8055559992790222 0.0
 endloop
endfacet
facet normal 0.0 -0.0 1.0
 outer loop
  vertex 12.770600318908691 2.4166600704193115 0.0
  vertex 12.770600318908691 4.027780055999756 0.0
  vertex 11.174300193786621 4.027780055999756 0.0
 endloop
endfacet
facet normal 0.0 0.0 1.0
 outer loop
  vertex 9.577980041503906 2.4166600704193115 0.0
  vertex 9.577980041503906 0.8055559992790222 0.0
  vertex 11.174300193786621 0.8055559992790222 0.0
 endloop
endfacet
facet normal 0.0 0.0 1.0
 outer loop
  vertex 12.770600318908691 2.4166600704193115 0.0
  vertex 11.174300193786621 4.027780055999756 0.0
  vertex 9.577980041503906 2.4166600704193115 0.0
 endloop
endfacet
facet normal 0.0 -0.0 1.0
 outer loop
  vertex 11.174300193786621 0.8055559992790222 0.0
  vertex 12.770600318908691 2.4166600704193115 0.0
  vertex 9.577980041503906 2.4166600704193115 0.0
 endloop
endfacet
facet normal 0.0 0.0 1.0
 outer loop
  vertex 12.770600318908691 2.4166600704193115 0.0
  vertex 12.770600318908691 0.8055559992790222 0.0
  vertex 14.366900444030762 0.8055559992790222 0.0
 endloop
endfacet
facet normal 0.0 -0.0 1.0
 outer loop
  vertex 15.963199615478516 2.4166600704193115 0.0
  vertex 15.963199615478516 4.027780055999756 0.0
  vertex 14.366900444030762 4.027780055999756 0.0
 endloop
endfacet
facet normal 0.0 0.0 1.0
 outer loop
  vertex 15.963199615478516 2.4166600704193115 0.0
  vertex 14.366900444030762 4.027780055999756 0.0
  vertex 12.770600318908691 2.4166600704193115 0.0
 endloop
endfacet
facet normal 0.0 -0.0 0.9999999999999999
 outer loop
  vertex 14.366900444030762 0.8055559992790222 0.0
  vertex 15.963199615478516 2.4166600704193115 0.0
  vertex 12.770600318908691 2.4166600704193115 0.0
 endloop
endfacet
facet normal 0.0 -0.0 1.0
 outer loop
  vertex 19.155899047851563 2.4166600704193115 0.0
  vertex 19.155899047851563 4.027780055999756 0.0
  vertex 17.559600830078125 4.027780055999756 0.0
 endloop
endfacet
facet normal 0.0 0.0 1.0
 outer loop
  vertex 15.963199615478516 2.4166600704193115 0.0
  vertex 15.963199615478516 0.8055559992790222 0.0
  vertex 17.559600830078125 0.8055559992790222 0.0
 endloop
endfacet
facet normal 0.0 0.0 1.0
 outer loop
  vertex 19.155899047851563 2.4166600704193115 0.0
  vertex 17.559600830078125 4.027780055999756 0.0
  vertex 15.963199615478516 2.4166600704193115 0.0
 endloop
endfacet
facet normal 0.0 -0.0 1.0
 outer loop
  vertex 17.559600830078125 0.8055559992790222 0.0
  vertex 19.155899047851563 2.4166600704193115 0.0
  vertex 15.963199615478516 2.4166600704193115 0.0
 endloop
endfacet
facet normal 0.0 0.0 1.0
 outer loop
  vertex 19.155899047851563 2.4166600704193115 0.0
  vertex 19.155899047851563 0.8055559992790222 0.0
  vertex 20.752199172973633 0.8055559992790222 0.0
 endloop
endfacet
facet normal 0.0 -0.0 1.0
 outer loop
  vertex 22.348600387573242 2.4166600704193115 0.0
  vertex 22.348600387573242 4.027780055999756 0.0
  vertex 20.752199172973633 4.027780055999756 0.0
 endloop
endfacet
facet normal 0.0 0.0 0.9999999999999999
 outer loop
  vertex 22.348600387573242 2.4166600704193115 0.0
  vertex 20.752199172973633 4.027780055999756 0.0
  vertex 19.155899047851563 2.4166600704193115 0.0
 endloop
endfacet
facet normal 0.0 -0.0 1.0
 outer loop
  vertex 20.752199172973633 0.8055559992790222 0.0
  vertex 22.348600387573242 2.4166600704193115 0.0
  vertex 19.155899047851563 2.4166600704193115 0.0
 endloop
endfacet
facet normal 0.0 0.0 1.0
 outer loop
  vertex 22.348600387573242 2.4166600704193115 0.0
  vertex 22.348600387573242 0.8055559992790222 0.0
  vertex 23.944900512695313 0.8055559992790222 0.0
 endloop
endfacet
facet normal 0.0 -0.0 1.0
 outer loop
  vertex 25.541200637817383 2.4166600704193115 0.0
  vertex 25.541200637817383 4.027780055999756 0.0
  vertex 23.944900512695313 4.027780055999756 0.0
 endloop
endfacet
facet normal 0.0 0.0 1.0
 outer loop
  vertex 25.541200637817383 2.4166600704193115 0.0
  vertex 23.944900512695313 4.027780055999756 0.0
  vertex 22.348600387573242 2.4166600704193115 0.0
 endloop
endfacet
facet normal 0.0 -0.0 1.0
 outer loop
  vertex 23.944900512695313 0.8055559992790222 0.0
  vertex 25.541200637817383 2.4166600704193115 0.0
  vertex 22.348600387573242 2.4166600704193115 0.0
 endloop
endfacet
facet normal 0.0 0.0 1.0
 outer loop
  vertex 28.73390007019043 2.4166600704193115 0.0
  vertex 30.3302001953125 2.4166600704193115 0.0
  vertex 30.3302001953125 4.027780055999756 0.0
 endloop
endfacet
facet normal 0.0 0.0 1.0
 outer loop
  vertex 29.531999588012695 4.833330154418945 0.0
  vertex 27.935699462890625 4.833330154418945 0.0
  vertex 27.13759994506836 4.027780055999756 0.0
 endloop
endfacet
facet normal 0.0 0.0 1.0
 outer loop
  vertex 28.73390007019043 2.4166600704193115 0.0
  vertex 30.3302001953125 4.027780055999756 0.0
  vertex 29.531999588012695 4.833330154418945 0.0
 endloop
endfacet
facet normal 0.0 -0.0 1.0
 outer loop
  vertex 28.73390007019043 2.4166600704193115 0.0
  vertex 29.531999588012695 4.833330154418945 0.0
  vertex 27.13759994506836 4.027780055999756 0.0
 endloop
endfacet
facet normal 0.0 0.0 1.0
 outer loop
  vertex 25.541200637817383 2.4166600704193115 0.0
  vertex 25.541200637817383 0.8055559992790222 0.0
  vertex 27.13759994506836 0.8055559992790222 0.0
 endloop
endfacet
facet normal 0.0 0.0 1.0
 outer loop
  vertex 28.73390007019043 2.4166600704193115 0.0
  vertex 27.13759994506836 4.027780055999756 0.0
  vertex 25.541200637817383 2.4166600704193115 0.0
 endloop
endfacet
facet normal 0.0 -0.0 1.0
 outer loop
  vertex 27.13759994506836 0.8055559992790222 0.0
  vertex 28.73390007019043 2.4166600704193115 0.0
  vertex 25.541200637817383 2.4166600704193115 0.0
 endloop
endfacet
facet normal 0.0 -0.0 1.0
 outer loop
  vertex 35.11920166015625 2.4166600704193115 0.0
  vertex 35.11920166015625 4.027780055999756 0.0
  vertex 33.52289962768555 4.027780055999756 0.0
 endloop
endfacet
facet normal 0.0 0.0 1.0
 outer loop
  vertex 31.92650032043457 2.4166600704193115 0.0
  vertex 31.92650032043457 0.8055559992790222 0.0
  vertex 33.52289962768555 0.8055559992790222 0.0
 endloop
endfacet
facet normal 0.0 0.0 0.9999999999999999
 outer loop
  vertex 35.11920166015625 2.4166600704193115 0.0
  vertex 33.52289962768555 4.027780055999756 0.0
  vertex 31.92650032043457 2.4166600704193115 0.0
 endloop
endfacet
facet normal 0.0 -0.0 1.0
 outer loop
  vertex 33.52289962768555 0.8055559992790222 0.0
  vertex 35.11920166015625 2.4166600704193115 0.0
  vertex 31.92650032043457 2.4166600704193115 0.0
 endloop
endfacet
facet normal 0.0 0.0 1.0
 outer loop
  vertex 35.11920166015625 2.4166600704193115 0.0
  vertex 35.11920166015625 0.8055559992790222 0.0
  vertex 36.71549987792969 0.8055559992790222 0.0
 endloop
endfacet
facet normal 0.0 -0.0 1.0
 outer loop
  vertex 38.3119010925293 2.4166600704193115 0.0
  vertex 38.3119010925293 4.027780055999756 0.0
  vertex 36.71549987792969 4.027780055999756 0.0
 endloop
endfacet
facet normal 0.0 0.0 1.0
 outer loop
  vertex 38.3119010925293 2.4166600704193115 0.0
  vertex 36.71549987792969 4.027780055999756 0.0
  vertex 35.11920166015625 2.4166600704193115 0.0
 endloop
endfacet
facet normal 0.0 -0.0 1.0
 outer loop
  vertex 36.71549987792969 0.8055559992790222 0.0
  vertex 38.3119010925293 2.4166600704193115 0.0
  vertex 35.11920166015625 2.4166600704193115 0.0
 endloop
endfacet
facet normal 0.0 0.0 1.0
 outer loop
  vertex 39.908199310302734 4.833330154418945 0.0
  vertex 39.11000061035156 4.833330154418945 0.0
  vertex 38.3119010925293 4.027780055999756 0.0
 endloop
endfacet
facet normal 0.0 -0.0 1.0
 outer loop
  vertex 40.94583168029785 3.222219944000244 0.0
  vertex 41.50450134277344 4.027780055999756 0.0
  vertex 39.908199310302734 4.833330154418945 0.0
 endloop
endfacet
facet normal 0.0 0.0 1.0
 outer loop
  vertex 38.3119010925293 4.027780055999756 0.0
  vertex 38.3119010925293 2.4166600704193115 0.0
  vertex 39.908199310302734 2.4166600704193115 0.0
 endloop
endfacet
facet normal 0.0 0.0 1.0
 outer loop
  vertex 39.908199310302734 4.833330154418945 0.0
  vertex 38.3119010925293 4.027780055999756 0.0
  vertex 39.908199310302734 2.4166600704193115 0.0
 endloop
endfacet
facet normal 0.0 0.0 1.0
 outer loop
  vertex 39.908199310302734 4.833330154418945 0.0
  vertex 39.908199310302734 2.4166600704193115 0.0
  vertex 40.94583168029785 3.222219944000244 0.0
 endloop
endfacet
facet normal 0.0 -0.0 1.0
 outer loop
  vertex 87.0 3.222219944000244 0.0
  vertex 87.0 4.027780055999756 0.0
  vertex 86.20179748535156 4.833330154418945 0.0
 endloop
endfacet
facet normal 0.0 0.0 1.0
 outer loop
  vertex 84.60540008544922 4.833330154418945 0.0
  vertex 83.80729675292969 4.027780055999756 0.0
  vertex 84.60540008544922 2.4166600704193115 0.0
 endloop
endfacet
facet normal 0.0 0.0 1.0
 outer loop
  vertex 86.20179748535156 2.4166600704193115 0.0
  vertex 87.0 3.222219944000244 0.0
  vertex 86.20179748535156 4.833330154418945 0.0
 endloop
endfacet
facet normal 0.0 -0.0 1.0
 outer loop
  vertex 86.20179748535156 2.4166600704193115 0.0
  vertex 86.20179748535156 4.833330154418945 0.0
  vertex 84.60540008544922 4.833330154418945 0.0
 endloop
endfacet
facet normal 0.0 0.0 1.0
 outer loop
  vertex 86.20179748535156 2.4166600704193115 0.0
  vertex 84.60540008544922 4.833330154418945 0.0
  vertex 84.60540008544922 2.4166600704193115 0.0
 endloop
endfacet
facet normal 0.0 0.0 1.0
 outer loop
  vertex 41.50450134277344 4.027780055999756 0.0
  vertex 42.30270004272461 4.269445085525512 0.0
  vertex 43.10089874267578 4.833330154418945 0.0
 endloop
endfacet
facet normal 0.0 0.0 1.0
 outer loop
  vertex 40.70640182495117 6.444439888000488 0.0
  vertex 39.908199310302734 4.833330154418945 0.0
  vertex 41.50450134277344 4.027780055999756 0.0
 endloop
endfacet
facet normal 0.0 0.0 0.9999999999999999
 outer loop
  vertex 41.50450134277344 4.027780055999756 0.0
  vertex 43.10089874267578 4.833330154418945 0.0
  vertex 42.30270004272461 6.444439888000488 0.0
 endloop
endfacet
facet normal -0.0 0.0 1.0
 outer loop
  vertex 40.70640182495117 6.444439888000488 0.0
  vertex 41.50450134277344 4.027780055999756 0.0
  vertex 42.30270004272461 6.444439888000488 0.0
 endloop
endfacet
facet normal 0.0 0.0 1.0
 outer loop
  vertex 4.788990020751953 5.638889789581299 0.0
  vertex 3.9908250658772886 6.952223366218226 0.0
  vertex 3.192660093307495 6.953334063499165 0.0
 endloop
endfacet
facet normal 0.0 0.0 1.0
 outer loop
  vertex 2.3944900035858154 6.955533432970254 0.0
  vertex 1.5963300466537476 6.958192916696957 0.0
  vertex 2.3944900035858154 4.833330154418945 0.0
 endloop
endfacet
facet normal 0.0 0.0 0.9999999999999999
 outer loop
  vertex 3.192660093307495 6.953334063499165 0.0
  vertex 2.3944900035858154 6.955533432970254 0.0
  vertex 2.3944900035858154 4.833330154418945 0.0
 endloop
endfacet
facet normal -0.0 0.0 1.0
 outer loop
  vertex 2.3944900035858154 4.833330154418945 0.0
  vertex 3.192660093307495 4.027780055999756 0.0
  vertex 4.788990020751953 5.638889789581299 0.0
 endloop
endfacet
facet normal 0.0 0.0 1.0
 outer loop
  vertex 3.192660093307495 6.953334063499165 0.0
  vertex 2.3944900035858154 4.833330154418945 0.0
  vertex 4.788990020751953 5.638889789581299 0.0
 endloop
endfacet
facet normal -0.0 0.0 1.0
 outer loop
  vertex 4.788990020751953 4.027780055999756 0.0
  vertex 7.1834797859191895 3.222219944000244 0.0
  vertex 7.1834797859191895 4.833330154418945 0.0
 endloop
endfacet
facet normal 0.0 0.0 1.0
 outer loop
  vertex 4.788990020751953 5.638889789581299 0.0
  vertex 4.788990020751953 4.027780055999756 0.0
  vertex 7.1834797859191895 4.833330154418945 0.0
 endloop
endfacet
facet normal -0.0 0.0 1.0
 outer loop
  vertex 4.788990020751953 5.638889789581299 0.0
  vertex 7.1834797859191895 4.833330154418945 0.0
  vertex 6.38532018661499 6.948833593660233 0.0
 endloop
endfacet
facet normal 0.0 0.0 1.0
 outer loop
  vertex 11.174300193786621 4.027780055999756 0.0
  vertex 12.770600318908691 4.027780055999756 0.0
  vertex 12.770600318908691 5.638889789581299 0.0
 endloop
endfacet
facet normal 0.0 0.0 0.9999999999999999
 outer loop
  vertex 11.174300193786621 4.027780055999756 0.0
  vertex 12.770600318908691 5.638889789581299 0.0
  vertex 11.174300193786621 6.444439888000488 0.0
 endloop
endfacet
facet normal 0.0 0.0 1.0
 outer loop
  vertex 15.16510009765625 7.25 0.0
  vertex 14.366900444030762 6.444439888000488 0.0
  vertex 14.366900444030762 5.638889789581299 0.0
 endloop
endfacet
facet normal 0.0 0.0 1.0
 outer loop
  vertex 14.366900444030762 5.638889789581299 0.0
  vertex 14.366900444030762 4.027780055999756 0.0
  vertex 15.963199615478516 4.027780055999756 0.0
 endloop
endfacet
facet normal 0.0 0.0 1.0
 outer loop
  vertex 16.76140022277832 7.008331966400146 0.0
  vertex 15.16510009765625 7.25 0.0
  vertex 14.366900444030762 5.638889789581299 0.0
 endloop
endfacet
facet normal 0.0 0.0 1.0
 outer loop
  vertex 16.76140022277832 7.008331966400146 0.0
  vertex 14.366900444030762 5.638889789581299 0.0
  vertex 15.963199615478516 4.027780055999756 0.0
 endloop
endfacet
facet normal 0.0 0.0 1.0
 outer loop
  vertex 17.559600830078125 5.638889789581299 0.0
  vertex 16.76140022277832 7.008331966400146 0.0
  vertex 15.963199615478516 4.027780055999756 0.0
 endloop
endfacet
facet normal 0.0 0.0 1.0
 outer loop
  vertex 19.155899047851563 5.638889789581299 0.0
  vertex 19.155899047851563 4.027780055999756 0.0
  vertex 20.752199172973633 4.027780055999756 0.0
 endloop
endfacet
facet normal 0.0 0.0 1.0
 outer loop
  vertex 20.752199172973633 4.027780055999756 0.0
  vertex 22.348600387573242 5.638889789581299 0.0
  vertex 20.752199172973633 6.444439888000488 0.0
 endloop
endfacet
facet normal -0.0 0.0 0.9999999999999999
 outer loop
  vertex 19.155899047851563 5.638889789581299 0.0
  vertex 20.752199172973633 4.027780055999756 0.0
  vertex 20.752199172973633 6.444439888000488 0.0
 endloop
endfacet
facet normal 0.0 0.0 1.0
 outer loop
  vertex 31.92650032043457 4.027780055999756 0.0
  vertex 33.52289962768555 4.027780055999756 0.0
  vertex 33.52289962768555 5.638889789581299 0.0
 endloop
endfacet
facet normal 0.0 0.0 1.0
 outer loop
  vertex 33.52289962768555 5.638889789581299 0.0
  vertex 32.724700927734375 6.686107921600342 0.0
  vertex 31.128400802612305 6.444439888000488 0.0
 endloop
endfacet
facet normal 0.0 -0.0 1.0
 outer loop
  vertex 31.92650032043457 4.027780055999756 0.0
  vertex 33.52289962768555 5.638889789581299 0.0
  vertex 31.128400802612305 6.444439888000488 0.0
 endloop
endfacet
facet normal 0.0 0.0 1.0
 outer loop
  vertex 31.92650032043457 4.027780055999756 0.0
  vertex 31.128400802612305 6.444439888000488 0.0
  vertex 30.3302001953125 5.638889789581299 0.0
 endloop
endfacet
facet normal 0.0 0.0 1.0
 outer loop
  vertex 35.11920166015625 4.027780055999756 0.0
  vertex 36.71549987792969 4.027780055999756 0.0
  vertex 36.71549987792969 5.638889789581299 0.0
 endloop
endfacet
facet normal 0.0 0.0 1.0
 outer loop
  vertex 36.71549987792969 5.638889789581299 0.0
  vertex 35.91740036010742 6.444439888000488 0.0
  vertex 34.32099914550781 6.444439888000488 0.0
 endloop
endfacet
facet normal 0.0 -0.0 1.0
 outer loop
  vertex 35.11920166015625 4.027780055999756 0.0
  vertex 36.71549987792969 5.638889789581299 0.0
  vertex 34.32099914550781 6.444439888000488 0.0
 endloop
endfacet
facet normal 0.0 0.0 1.0
 outer loop
  vertex 35.11920166015625 4.027780055999756 0.0
  vertex 34.32099914550781 6.444439888000488 0.0
  vertex 33.52289962768555 5.638889789581299 0.0
 endloop
endfacet
facet normal 0.0 0.0 1.0
 outer loop
  vertex 45.32076334953308 5.266740224811636 0.0
  vertex 45.94432592391968 5.458482404655623 0.0
  vertex 46.29349899291992 6.444439888000488 0.0
 endloop
endfacet
facet normal 0.0 0.0 1.0
 outer loop
  vertex 46.29349899291992 6.444439888000488 0.0
  vertex 45.49530029296875 8.055560111999512 0.0
  vertex 44.697200775146484 7.25 0.0
 endloop
endfacet
facet normal 0.0 0.0 1.0
 outer loop
  vertex 44.697200775146484 7.25 0.0
  vertex 43.89899826049805 5.638889789581299 0.0
  vertex 45.32076334953308 5.266740224811636 0.0
 endloop
endfacet
facet normal 0.0 0.0 1.0
 outer loop
  vertex 46.29349899291992 6.444439888000488 0.0
  vertex 44.697200775146484 7.25 0.0
  vertex 45.32076334953308 5.266740224811636 0.0
 endloop
endfacet
facet normal 0.0 0.0 1.0
 outer loop
  vertex 81.41280364990234 5.638889789581299 0.0
  vertex 80.85406188964843 4.833330154418945 0.0
  vertex 81.17334289550782 4.027780055999756 0.0
 endloop
endfacet
facet normal 0.0 0.0 0.9999999999999999
 outer loop
  vertex 81.17334289550782 4.027780055999756 0.0
  vertex 81.17334289550782 3.222219944000244 0.0
  vertex 81.41280364990234 2.4166600704193115 0.0
 endloop
endfacet
facet normal 0.0 0.0 0.9999999999999999
 outer loop
  vertex 81.17334289550782 4.027780055999756 0.0
  vertex 81.41280364990234 2.4166600704193115 0.0
  vertex 83.00910186767578 3.222219944000244 0.0
 endloop
endfacet
facet normal 0.0 0.0 1.0
 outer loop
  vertex 83.00910186767578 3.222219944000244 0.0
  vertex 83.80729675292969 4.027780055999756 0.0
  vertex 83.80729675292969 5.638889789581299 0.0
 endloop
endfacet
facet normal 0.0 -0.0 1.0
 outer loop
  vertex 83.00910186767578 3.222219944000244 0.0
  vertex 83.80729675292969 5.638889789581299 0.0
  vertex 81.41280364990234 5.638889789581299 0.0
 endloop
endfacet
facet normal 0.0 0.0 1.0
 outer loop
  vertex 83.00910186767578 3.222219944000244 0.0
  vertex 81.41280364990234 5.638889789581299 0.0
  vertex 81.17334289550782 4.027780055999756 0.0
 endloop
endfacet
facet normal 0.0 -0.0 1.0
 outer loop
  vertex 15.16510009765625 7.25 0.0
  vertex 15.213291609659287 8.458334922790527 0.0
  vertex 14.366900444030762 8.861109733581543 0.0
 endloop
endfacet
facet normal 0.0 0.0 1.0
 outer loop
  vertex 13.56879997253418 9.666669845581055 0.0
  vertex 12.211859893798827 8.861109733581543 0.0
  vertex 12.424739854472813 8.055560111999512 0.0
 endloop
endfacet
facet normal 0.0 0.0 1.0
 outer loop
  vertex 14.366900444030762 8.861109733581543 0.0
  vertex 13.56879997253418 9.666669845581055 0.0
  vertex 12.424739854472813 8.055560111999512 0.0
 endloop
endfacet
facet normal 0.0 0.0 1.0
 outer loop
  vertex 14.366900444030762 6.444439888000488 0.0
  vertex 15.16510009765625 7.25 0.0
  vertex 14.366900444030762 8.861109733581543 0.0
 endloop
endfacet
facet normal 0.0 -0.0 1.0
 outer loop
  vertex 14.366900444030762 6.444439888000488 0.0
  vertex 14.366900444030762 8.861109733581543 0.0
  vertex 12.424739854472813 8.055560111999512 0.0
 endloop
endfacet
facet normal 0.0 0.0 0.9999999999999999
 outer loop
  vertex 14.366900444030762 6.444439888000488 0.0
  vertex 12.424739854472813 8.055560111999512 0.0
  vertex 12.217576106502658 7.25 0.0
 endloop
endfacet
facet normal 0.0 -0.0 1.0
 outer loop
  vertex 24.743099212646484 7.25 0.0
  vertex 24.743099212646484 8.055560111999512 0.0
  vertex 23.944900512695313 8.861109733581543 0.0
 endloop
endfacet
facet normal 0.0 0.0 1.0
 outer loop
  vertex 24.743099212646484 7.25 0.0
  vertex 23.944900512695313 8.861109733581543 0.0
  vertex 22.348600387573242 8.619444847106934 0.0
 endloop
endfacet
facet normal 0.0 0.0 1.0
 outer loop
  vertex 22.348600387573242 5.638889789581299 0.0
  vertex 23.944900512695313 5.638889789581299 0.0
  vertex 24.743099212646484 7.25 0.0
 endloop
endfacet
facet normal 0.0 0.0 1.0
 outer loop
  vertex 22.348600387573242 5.638889789581299 0.0
  vertex 24.743099212646484 7.25 0.0
  vertex 22.348600387573242 8.619444847106934 0.0
 endloop
endfacet
facet normal -0.0 0.0 1.0
 outer loop
  vertex 21.550399780273438 7.25 0.0
  vertex 22.348600387573242 5.638889789581299 0.0
  vertex 22.348600387573242 8.619444847106934 0.0
 endloop
endfacet
facet normal 0.0 0.0 1.0
 outer loop
  vertex 37.51369857788086 7.5478017662507275 0.0
  vertex 36.71549987792969 7.681964558547322 0.0
  vertex 35.91740036010742 6.444439888000488 0.0
 endloop
endfacet
facet normal 0.0 0.0 1.0
 outer loop
  vertex 39.11000061035156 6.444439888000488 0.0
  vertex 38.3119010925293 7.787397229946404 0.0
  vertex 37.51369857788086 7.5478017662507275 0.0
 endloop
endfacet
facet normal 0.0 0.0 1.0
 outer loop
  vertex 37.51369857788086 7.5478017662507275 0.0
  vertex 35.91740036010742 6.444439888000488 0.0
  vertex 36.71549987792969 5.638889789581299 0.0
 endloop
endfacet
facet normal 0.0 0.0 1.0
 outer loop
  vertex 39.11000061035156 6.444439888000488 0.0
  vertex 37.51369857788086 7.5478017662507275 0.0
  vertex 36.71549987792969 5.638889789581299 0.0
 endloop
endfacet
facet normal 0.0 0.0 0.9999999999999999
 outer loop
  vertex 39.11000061035156 6.444439888000488 0.0
  vertex 36.71549987792969 5.638889789581299 0.0
  vertex 39.11000061035156 4.833330154418945 0.0
 endloop
endfacet
facet normal -0.0 0.0 1.0
 outer loop
  vertex 48.6879997253418 6.444439888000488 0.0
  vertex 49.13698101043701 6.282830041794027 0.0
  vertex 49.48619842529297 7.25 0.0
 endloop
endfacet
facet normal 0.0 0.0 1.0
 outer loop
  vertex 49.48619842529297 7.25 0.0
  vertex 50.2843017578125 8.055560111999512 0.0
  vertex 49.48619842529297 9.294909396558028 0.0
 endloop
endfacet
facet normal 0.0 -0.0 1.0
 outer loop
  vertex 49.48619842529297 7.25 0.0
  vertex 49.48619842529297 9.294909396558028 0.0
  vertex 47.889801025390625 8.619444847106934 0.0
 endloop
endfacet
facet normal 0.0 0.0 1.0
 outer loop
  vertex 47.785100269317624 6.011206796838862 0.0
  vertex 48.6879997253418 6.444439888000488 0.0
  vertex 49.48619842529297 7.25 0.0
 endloop
endfacet
facet normal 0.0 0.0 1.0
 outer loop
  vertex 49.48619842529297 7.25 0.0
  vertex 47.889801025390625 8.619444847106934 0.0
  vertex 47.09170150756836 8.055560111999512 0.0
 endloop
endfacet
facet normal 0.0 -0.0 1.0
 outer loop
  vertex 47.785100269317624 6.011206796838862 0.0
  vertex 49.48619842529297 7.25 0.0
  vertex 47.09170150756836 8.055560111999512 0.0
 endloop
endfacet
facet normal 0.0 0.0 1.0
 outer loop
  vertex 83.00910186767578 8.861109733581543 0.0
  vertex 82.71482603508267 9.66763954208935 0.0
  vertex 82.34208013318421 10.071996525939468 0.0
 endloop
endfacet
facet normal 0.0 0.0 1.0
 outer loop
  vertex 82.34208013318421 10.071996525939468 0.0
  vertex 81.41280364990234 10.472200393676758 0.0
  vertex 80.6146011352539 9.666669845581055 0.0
 endloop
endfacet
facet normal -0.0 0.0 0.9999999999999999
 outer loop
  vertex 80.6146011352539 8.055560111999512 0.0
  vertex 83.00910186767578 7.25 0.0
  vertex 83.00910186767578 8.861109733581543 0.0
 endloop
endfacet
facet normal 0.0 0.0 1.0
 outer loop
  vertex 83.00910186767578 8.861109733581543 0.0
  vertex 82.34208013318421 10.071996525939468 0.0
  vertex 80.6146011352539 9.666669845581055 0.0
 endloop
endfacet
facet normal 0.0 0.0 0.9999999999999999
 outer loop
  vertex 83.00910186767578 8.861109733581543 0.0
  vertex 80.6146011352539 9.666669845581055 0.0
  vertex 80.6146011352539 8.055560111999512 0.0
 endloop
endfacet
facet normal 0.0 0.0 1.0
 outer loop
  vertex 27.13759994506836 7.25 0.0
  vertex 27.935750007629395 6.822330863210752 0.0
  vertex 28.73390007019043 6.958553804821163 0.0
 endloop
endfacet
facet normal 0.0 0.0 1.0
 outer loop
  vertex 27.935699462890625 8.861109733581543 0.0
  vertex 26.339399337768555 8.861109733581543 0.0
  vertex 27.13759994506836 7.25 0.0
 endloop
endfacet
facet normal 0.0 0.0 1.0
 outer loop
  vertex 27.935699462890625 8.861109733581543 0.0
  vertex 27.13759994506836 7.25 0.0
  vertex 28.73390007019043 6.958553804821163 0.0
 endloop
endfacet
facet normal 0.0 0.0 1.0
 outer loop
  vertex 27.935699462890625 8.861109733581543 0.0
  vertex 28.73390007019043 6.958553804821163 0.0
  vertex 29.531999588012695 7.25 0.0
 endloop
endfacet
facet normal -0.0 0.0 1.0
 outer loop
  vertex 27.935699462890625 8.861109733581543 0.0
  vertex 29.531999588012695 7.25 0.0
  vertex 29.531999588012695 9.666669845581055 0.0
 endloop
endfacet
facet normal 0.0 0.0 1.0
 outer loop
  vertex 44.697200775146484 8.861109733581543 0.0
  vertex 43.54787244429354 10.55550639666617 0.0
  vertex 43.10089874267578 9.666669845581055 0.0
 endloop
endfacet
facet normal 0.0 0.0 1.0
 outer loop
  vertex 43.10089874267578 9.666669845581055 0.0
  vertex 42.04395784864943 9.682192472309307 0.0
  vertex 41.50450134277344 8.861109733581543 0.0
 endloop
endfacet
facet normal 0.0 0.0 1.0
 outer loop
  vertex 43.10089874267578 7.25 0.0
  vertex 44.697200775146484 8.861109733581543 0.0
  vertex 43.10089874267578 9.666669845581055 0.0
 endloop
endfacet
facet normal -0.0 0.0 1.0
 outer loop
  vertex 41.50450134277344 8.861109733581543 0.0
  vertex 43.10089874267578 7.25 0.0
  vertex 43.10089874267578 9.666669845581055 0.0
 endloop
endfacet
facet normal 0.0 0.0 1.0
 outer loop
  vertex 29.531999588012695 9.666669845581055 0.0
  vertex 28.73390007019043 11.277700424194336 0.0
  vertex 27.13759994506836 10.472200393676758 0.0
 endloop
endfacet
facet normal 0.0 0.0 1.0
 outer loop
  vertex 29.531999588012695 9.666669845581055 0.0
  vertex 27.13759994506836 10.472200393676758 0.0
  vertex 27.935699462890625 8.861109733581543 0.0
 endloop
endfacet
facet normal 0.0 0.0 0.9999999999999999
 outer loop
  vertex 30.88894062042236 8.055560111999512 0.0
  vertex 31.288005542755123 8.458334922790527 0.0
  vertex 31.128400802612305 8.861109733581543 0.0
 endloop
endfacet
facet normal 0.0 0.0 1.0
 outer loop
  vertex 29.531999588012695 7.25 0.0
  vertex 31.1361317941287 7.652780055999756 0.0
  vertex 30.88894062042236 8.055560111999512 0.0
 endloop
endfacet
facet normal 0.0 -0.0 1.0
 outer loop
  vertex 30.88894062042236 8.055560111999512 0.0
  vertex 31.128400802612305 8.861109733581543 0.0
  vertex 29.531999588012695 9.666669845581055 0.0
 endloop
endfacet
facet normal 0.0 0.0 1.0
 outer loop
  vertex 30.88894062042236 8.055560111999512 0.0
  vertex 29.531999588012695 9.666669845581055 0.0
  vertex 29.531999588012695 7.25 0.0
 endloop
endfacet
facet normal 0.0 0.0 1.0
 outer loop
  vertex 45.49530029296875 8.055560111999512 0.0
  vertex 47.09170150756836 8.055560111999512 0.0
  vertex 47.65037117004394 8.861109733581543 0.0
 endloop
endfacet
facet normal 0.0 0.0 1.0
 outer loop
  vertex 47.09170150756836 10.472200393676758 0.0
  vertex 45.49530029296875 11.841619873046875 0.0
  vertex 44.697200775146484 10.472200393676758 0.0
 endloop
endfacet
facet normal 0.0 0.0 0.9999999999999999
 outer loop
  vertex 44.697200775146484 10.472200393676758 0.0
  vertex 44.697200775146484 8.861109733581543 0.0
  vertex 45.49530029296875 8.055560111999512 0.0
 endloop
endfacet
facet normal 0.0 0.0 1.0
 outer loop
  vertex 45.49530029296875 8.055560111999512 0.0
  vertex 47.65037117004394 8.861109733581543 0.0
  vertex 47.09170150756836 10.472200393676758 0.0
 endloop
endfacet
facet normal -0.0 0.0 1.0
 outer loop
  vertex 44.697200775146484 10.472200393676758 0.0
  vertex 45.49530029296875 8.055560111999512 0.0
  vertex 47.09170150756836 10.472200393676758 0.0
 endloop
endfacet
facet normal 0.0 0.0 1.0
 outer loop
  vertex 51.880699157714844 10.224989284320625 0.0
  vertex 51.08250045776367 9.666669845581055 0.0
  vertex 51.880699157714844 8.055560111999512 0.0
 endloop
endfacet
facet normal 0.0 0.0 0.9999999999999999
 outer loop
  vertex 51.880699157714844 10.224989284320625 0.0
  vertex 51.880699157714844 8.055560111999512 0.0
  vertex 53.47700119018555 8.861109733581543 0.0
 endloop
endfacet
facet normal 0.0 0.0 1.0
 outer loop
  vertex 52.12012901306152 10.472200393676758 0.0
  vertex 51.880699157714844 10.224989284320625 0.0
  vertex 53.47700119018555 8.861109733581543 0.0
 endloop
endfacet
facet normal -0.0 0.0 1.0
 outer loop
  vertex 52.12012901306152 10.472200393676758 0.0
  vertex 53.47700119018555 8.861109733581543 0.0
  vertex 54.27519989013672 11.036050415039062 0.0
 endloop
endfacet
facet normal 0.0 0.0 1.0
 outer loop
  vertex 52.12012901306152 10.472200393676758 0.0
  vertex 54.27519989013672 11.036050415039062 0.0
  vertex 52.67879867553711 11.277700424194336 0.0
 endloop
endfacet
facet normal 0.0 0.0 1.0
 outer loop
  vertex 77.66142807006835 8.861109733581543 0.0
  vertex 78.00145006029912 8.327430093288422 0.0
  vertex 79.01830291748047 8.055560111999512 0.0
 endloop
endfacet
facet normal 0.0 0.0 1.0
 outer loop
  vertex 79.01830291748047 8.055560111999512 0.0
  vertex 80.6146011352539 8.055560111999512 0.0
  vertex 80.6146011352539 9.666669845581055 0.0
 endloop
endfacet
facet normal 0.0 0.0 0.9999999999999999
 outer loop
  vertex 78.22010040283203 11.277700424194336 0.0
  vertex 77.4219970703125 10.472200393676758 0.0
  vertex 77.66142807006835 8.861109733581543 0.0
 endloop
endfacet
facet normal 0.0 0.0 1.0
 outer loop
  vertex 80.6146011352539 9.666669845581055 0.0
  vertex 79.81639862060547 11.277700424194336 0.0
  vertex 78.22010040283203 11.277700424194336 0.0
 endloop
endfacet
facet normal -0.0 0.0 1.0
 outer loop
  vertex 77.66142807006835 8.861109733581543 0.0
  vertex 79.01830291748047 8.055560111999512 0.0
  vertex 80.6146011352539 9.666669845581055 0.0
 endloop
endfacet
facet normal 0.0 0.0 1.0
 outer loop
  vertex 77.66142807006835 8.861109733581543 0.0
  vertex 80.6146011352539 9.666669845581055 0.0
  vertex 78.22010040283203 11.277700424194336 0.0
 endloop
endfacet
endsolid
