(NOTICE  ) [15:31:37|tosca_driver]  -------------------------------------------------------------------------- 
(NOTICE  ) [15:31:37|tosca_driver] |                                                                          |
(NOTICE  ) [15:31:37|tosca_driver] |                             Tosca Structure                              |
(NOTICE  ) [15:31:37|tosca_driver] |                           3DEXPERIENCE R2025x                            |
(NOTICE  ) [15:31:37|tosca_driver] |                                                                          |
(NOTICE  ) [15:31:37|tosca_driver]  -------------------------------------------------------------------------- 
(NOTICE  ) [15:31:37|tosca_driver] 
(NOTICE  ) [15:31:37|tosca_driver] Tosca started at Thu, 19 Feb 2026 15:31:37
(NOTICE  ) [15:31:37|tosca_driver] 
(INFO    ) [15:31:37|tosca_driver] Log level              : INFO
(INFO    ) [15:31:37|tosca_driver] Job name               : airbeam_7d_tosca
(INFO    ) [15:31:37|tosca_driver] Input directory        : /uufs/chpc.utah.edu/common/home/u6074059/Abaqus/paper_reproduction/experiment7/run_7d
(INFO    ) [15:31:37|tosca_driver] Parameter file         : /uufs/chpc.utah.edu/common/home/u6074059/Abaqus/paper_reproduction/experiment7/run_7d/airbeam_7d.par
(INFO    ) [15:31:37|tosca_driver] Working directory      : /uufs/chpc.utah.edu/common/home/u6074059/Abaqus/paper_reproduction/experiment7/run_7d/airbeam_7d_tosca
(INFO    ) [15:31:37|tosca_driver] Platform               : linux_a64
(INFO    ) [15:31:37|tosca_driver] Optimization type      : Topo Sensitivity
(INFO    ) [15:31:37|tosca_driver] Macros directory       : /uufs/chpc.utah.edu/sys/installdir/abaqus/2025/linux_a64/SMATsoResources/macros
(INFO    ) [15:31:37|tosca_driver] Test type              : ALL
(INFO    ) [15:31:37|tosca_driver] Num cpus               : 1
(INFO    ) [15:31:37|tosca_driver] Fe-Solver              : abaqus
(INFO    ) [15:31:37|tosca_driver]  -------------------------------------------------------------------------- 
(INFO    ) [15:31:37|tosca_driver] | Input Files                                                              |
(INFO    ) [15:31:37|tosca_driver]  -------------------------------------------------------------------------- 
(INFO    ) [15:31:37|tosca_driver] Main input deck        : /uufs/chpc.utah.edu/common/home/u6074059/Abaqus/paper_reproduction/experiment7/run_7d/airbeam_vol.inp
(INFO    ) [15:31:37|tosca_driver]  -------------------------------------------------------------------------- 
(INFO    ) [15:31:37|tosca_driver] | Information about FE-Solver                                              |
(INFO    ) [15:31:37|tosca_driver]  -------------------------------------------------------------------------- 
(INFO    ) [15:31:37|tosca_driver] abaqus                 : /uufs/chpc.utah.edu/sys/installdir/abaqus/2025/linux_a64/code/bin/SMALauncher
(INFO    ) [15:31:37|tosca_driver] Number of solver CPUs  : 1
(INFO    ) [15:31:37|tosca_driver] Number of solver queues: 1
(INFO    ) [15:31:37|tosca_driver] Command line           : /uufs/chpc.utah.edu/sys/installdir/abaqus/2025/linux_a64/code/bin/SMALauncher -job __FE_MODEL__ analysis interactive -unified -resultsFormat ODB
(INFO    ) [15:31:37|tosca_driver]  -------------------------------------------------------------------------- 
(INFO    ) [15:31:37|tosca_driver] | Post-Processing                                                          |
(INFO    ) [15:31:37|tosca_driver]  -------------------------------------------------------------------------- 
(INFO    ) [15:31:37|tosca_driver] * Report to VTFX
(INFO    ) [15:31:37|tosca_driver] * Smooth
(INFO    ) [15:31:37|tosca_driver] 
(NOTICE  ) [15:31:37|tosca_driver] Starting job airbeam_7d_tosca
(INFO    ) [15:31:37|tosca_driver]  -------------------------------------------------------------------------- 
(INFO    ) [15:31:37|tosca_driver] | Checking User Configuration                                              |
(INFO    ) [15:31:37|tosca_driver]  -------------------------------------------------------------------------- 
(INFO    ) [15:31:37|tosca_driver] Calling: /uufs/chpc.utah.edu/sys/installdir/abaqus/2025/linux_a64/code/bin/SMATsoFemInclude --loglevel INFO --solver abaqus --out /uufs/chpc.utah.edu/common/home/u6074059/Abaqus/paper_reproduction/experiment7/run_7d/airbeam_7d_tosca/_included_files.json /uufs/chpc.utah.edu/common/home/u6074059/Abaqus/paper_reproduction/experiment7/run_7d/airbeam_vol.inp
(INFO    ) [15:31:37|fem_include] SIMULIA Tosca Structure.fem_include - version 3DEXPERIENCE R2025x - build R427 - 20240925T190012Z 64 bit
(INFO    ) [15:31:37|fem_include] SIMULIA Tosca Structure.fem_include finished successfully
(INFO    ) [15:31:37|tosca_driver] Module SMATsoFemInclude has finished with exit code 0
(INFO    ) [15:31:37|tosca_driver]  -------------------------------------------------------------------------- 
(INFO    ) [15:31:37|tosca_driver] | Creating archive directories                                             |
(INFO    ) [15:31:37|tosca_driver]  -------------------------------------------------------------------------- 
(INFO    ) [15:31:37|tosca_driver]  -------------------------------------------------------------------------- 
(INFO    ) [15:31:37|tosca_driver] | Converting FEM files to ONF format                                       |
(INFO    ) [15:31:37|tosca_driver]  -------------------------------------------------------------------------- 
(INFO    ) [15:31:37|tosca_driver] Calling: /uufs/chpc.utah.edu/sys/installdir/abaqus/2025/linux_a64/code/bin/SMATsoFemToOnf --loglevel INFO --solver abaqus /uufs/chpc.utah.edu/common/home/u6074059/Abaqus/paper_reproduction/experiment7/run_7d/airbeam_7d_tosca/airbeam_vol.inp
(INFO    ) [15:31:37|fem_to_onf] SIMULIA Tosca Structure.fem_to_onf - version 3DEXPERIENCE R2025x - build R427 - 20240925T190012Z 64 bit
(INFO    ) [15:31:37|fem_to_onf] 
(INFO    ) [15:31:37|fem_to_onf]  --------------------------------------------------------------------------
(INFO    ) [15:31:37|fem_to_onf] |                              LOADCASE TABLE                              |
(INFO    ) [15:31:37|fem_to_onf]  --------------------------------------------------------------------------
(INFO    ) [15:31:37|fem_to_onf] |  #  |   Type    |    Name    |             File              |   Line    |
(INFO    ) [15:31:37|fem_to_onf]  --------------------------------------------------------------------------
(INFO    ) [15:31:37|fem_to_onf] |   1 | STEP      |            | airbeam_vol.inp               |      8040 |
(INFO    ) [15:31:37|fem_to_onf] |     |           |            | airbeam_vol.inp               |      8053 |
(INFO    ) [15:31:37|fem_to_onf]  --------------------------------------------------------------------------
(INFO    ) [15:31:37|fem_to_onf] 
(INFO    ) [15:31:37|fem_to_onf]  --------------------------------------------------------------------------
(INFO    ) [15:31:37|fem_to_onf] |                              MATERIAL TABLE                              |
(INFO    ) [15:31:37|fem_to_onf]  --------------------------------------------------------------------------
(INFO    ) [15:31:37|fem_to_onf] |  #   |      Name      |                File                |    Line     |
(INFO    ) [15:31:37|fem_to_onf]  --------------------------------------------------------------------------
(INFO    ) [15:31:37|fem_to_onf] |    1 | MAT11          | airbeam_vol.inp                    |        8017 |
(INFO    ) [15:31:37|fem_to_onf]  --------------------------------------------------------------------------
(INFO    ) [15:31:37|fem_to_onf] 
(INFO    ) [15:31:37|fem_to_onf] SIMULIA Tosca Structure.fem_to_onf finished successfully
(INFO    ) [15:31:37|tosca_driver] Module SMATsoFemToOnf has finished with exit code 0
(NOTICE  ) [15:31:37|tosca_driver] Starting Tosca Structure Preprocessor
(INFO    ) [15:31:37|tosca_driver] Calling: /uufs/chpc.utah.edu/sys/installdir/abaqus/2025/linux_a64/code/bin/SMATsoToscaPrep --loglevel INFO --input /uufs/chpc.utah.edu/common/home/u6074059/Abaqus/paper_reproduction/experiment7/run_7d/airbeam_7d.par
(INFO    ) [15:31:38|tosca_prep] SIMULIA Tosca Structure.tosca_prep - version 3DEXPERIENCE R2025x - build R427 - 20240925T190012Z 64 bit
(INFO    ) [15:31:38|tosca_prep]  --------------------------------------------------------------------------
(INFO    ) [15:31:38|tosca_prep] |                ___  ___  __  __  _   _  _     ___    _                   |
(INFO    ) [15:31:38|tosca_prep] |               / __||_ _||  \/  || | | || |   |_ _|  /_\                  |
(INFO    ) [15:31:38|tosca_prep] |               \__ \ | | | |\/| || |_| || |__  | |  / _ \                 |
(INFO    ) [15:31:38|tosca_prep] |               |___/|___||_|  |_| \___/ |____||___|/_/ \_\                |
(INFO    ) [15:31:38|tosca_prep] |                        _____                                             |
(INFO    ) [15:31:38|tosca_prep] |                       |_   _|___  ___ __  __ _                           |
(INFO    ) [15:31:38|tosca_prep] |                         | | / _ \(_-</ _|/ _` |                          |
(INFO    ) [15:31:38|tosca_prep] |                         |_| \___//__/\__|\__,_|                          |
(INFO    ) [15:31:38|tosca_prep] |              ___  _                   _                                  |
(INFO    ) [15:31:38|tosca_prep] |             / __|| |_  _ _  _  _  __ | |_  _  _  _ _  ___                |
(INFO    ) [15:31:38|tosca_prep] |             \__ \|  _|| `_|| || |/ _||  _|| || || `_|/ -_)               |
(INFO    ) [15:31:38|tosca_prep] |             |___/ \__||_|   \_,_|\__| \__| \_,_||_|  \___|               |
(INFO    ) [15:31:38|tosca_prep] |                                                                          |
(INFO    ) [15:31:38|tosca_prep]  --------------------------------------------------------------------------
(INFO    ) [15:31:38|tosca_prep] | Version 3DEXPERIENCE R2025x                                              |
(INFO    ) [15:31:38|tosca_prep] | DATE:   2026-02-19                                                       |
(INFO    ) [15:31:38|tosca_prep]  --------------------------------------------------------------------------
(INFO    ) [15:31:38|tosca_prep] Reading command          : FEM_INPUT
(INFO    ) [15:31:38|tosca_prep] Reading command          : DV_TOPO
(INFO    ) [15:31:38|tosca_prep] Reading command          : DVCON_TOPO
(INFO    ) [15:31:38|tosca_prep] Reading command          : DRESP
(INFO    ) [15:31:38|tosca_prep] Reading command          : DRESP
(INFO    ) [15:31:38|tosca_prep] Reading command          : OBJ_FUNC
(INFO    ) [15:31:38|tosca_prep] Reading command          : CONSTRAINT
(INFO    ) [15:31:38|tosca_prep] Reading command          : OPTIMIZE
(INFO    ) [15:31:38|tosca_prep] Reading command          : OPT_PARAM
(INFO    ) [15:31:38|tosca_prep] Reading command          : STOP
(INFO    ) [15:31:38|tosca_prep] Reading command          : SMOOTH
(INFO    ) [15:31:38|tosca_prep]  --------------------------------------------------------------------------
(INFO    ) [15:31:38|tosca_prep] | ELEMENTS with LOADS are AUTOFROZEN                                       |
(INFO    ) [15:31:38|tosca_prep]  --------------------------------------------------------------------------
(INFO    ) [15:31:38|tosca_prep] System detected the following ELEMENTS as
(INFO    ) [15:31:38|tosca_prep] loaded by pressure, boundary conditions or the.
(INFO    ) [15:31:38|tosca_prep] connected nodes are loaded by forces, displacements
(INFO    ) [15:31:38|tosca_prep] or with concentrated loads.
(INFO    ) [15:31:38|tosca_prep] Number of elements:            2
(INFO    ) [15:31:38|tosca_prep] 108 109
(INFO    ) [15:31:38|tosca_prep] 
(INFO    ) [15:31:38|tosca_prep] 
(INFO    ) [15:31:38|tosca_prep] The following LIST of elements can be used
(INFO    ) [15:31:38|tosca_prep] for the topology optimization.
(INFO    ) [15:31:38|tosca_prep] Number of elements:         3922
(INFO    ) [15:31:38|tosca_prep]     1    ->   107   110    ->  3924
(INFO    ) [15:31:38|tosca_prep] 
(INFO    ) [15:31:38|tosca_prep] 
(INFO    ) [15:31:38|tosca_prep] 
(INFO    ) [15:31:38|tosca_prep] DV Cluster information:
(INFO    ) [15:31:38|tosca_prep]  Number of clustering groups          :            0
(INFO    ) [15:31:38|tosca_prep]  Number of dv-elements being clustered:            0
(INFO    ) [15:31:38|tosca_prep]  Number of free dv-elements           :         3672
(INFO    ) [15:31:38|tosca_prep]  Number of DV after clustering        :         3672
(INFO    ) [15:31:38|tosca_prep]  Setting automatic MIN_MEMBER size THICKNESS =    2.084865
(INFO    ) [15:31:39|tosca_prep] Checked out 5 tokens tosca_topo from
(INFO    ) [15:31:39|tosca_prep] 27004@ls1.chpc.utah.edu,27004@ls2.chpc.utah.edu,27004@ls3.chpc.utah.edu
(INFO    ) [15:31:39|tosca_prep] Application finished successfully
(INFO    ) [15:31:39|tosca_driver] Module SMATsoToscaPrep has finished with exit code 0
(INFO    ) [15:31:39|tosca_driver] Calling: /uufs/chpc.utah.edu/sys/installdir/abaqus/2025/linux_a64/code/bin/SMATrtOptResExportTool --loglevel INFO --cycle -1 --static_data --onf_output ON
(INFO    ) [15:31:39|opt_res_export_tool] SIMULIA Tosca Structure.opt_res_export_tool - version 3DEXPERIENCE R2025x - build R427 - 20240925T190012Z 64 bit
(INFO    ) [15:31:39|opt_res_export_tool] Extracting results from opt_res_database
(INFO    ) [15:31:39|opt_res_export_tool] SIMULIA Tosca Structure.opt_res_export_tool finished successfully
(INFO    ) [15:31:39|tosca_driver] Module SMATrtOptResExportTool has finished with exit code 0
(INFO    ) [15:31:39|tosca_driver]  -------------------------------------------------------------------------- 
(INFO    ) [15:31:39|tosca_driver] | Loading User Configuration                                               |
(INFO    ) [15:31:39|tosca_driver]  -------------------------------------------------------------------------- 
(INFO    ) [15:31:39|tosca_driver] Executing: /uufs/chpc.utah.edu/sys/installdir/abaqus/2025/linux_a64/SMATsoResources/config/tosca.cfg
(INFO    ) [15:31:39|tosca_driver]  -------------------------------------------------------------------------- 
(INFO    ) [15:31:39|tosca_driver] | Checking Final Configuration                                             |
(INFO    ) [15:31:39|tosca_driver]  -------------------------------------------------------------------------- 
(NOTICE  ) [15:31:39|tosca_driver] Design cycle 0 started on 2026-02-19
(INFO    ) [15:31:39|tosca_driver] Calling: /uufs/chpc.utah.edu/sys/installdir/abaqus/2025/linux_a64/code/bin/SMATsoFemModif --loglevel INFO --solver abaqus --cycle 000 --perturbation 0 --format_matrices sim --pseudo_step_to_lc /uufs/chpc.utah.edu/common/home/u6074059/Abaqus/paper_reproduction/experiment7/run_7d/airbeam_7d_tosca/airbeam_vol.inp
(INFO    ) [15:31:40|fem_modif] SIMULIA Tosca Structure.fem_modif - version 3DEXPERIENCE R2025x - build R427 - 20240925T190012Z 64 bit
(INFO    ) [15:31:40|fem_modif] Reading modification instructions from ONF file:
(INFO    ) [15:31:40|fem_modif] /uufs/chpc.utah.edu/common/home/u6074059/Abaqus/paper_reproduction/experiment7/run_7d/airbeam_7d_tosca/airbeam_vol_mod.onf
(INFO    ) [15:31:40|fem_modif] Reading ONF model file /uufs/chpc.utah.edu/common/home/u6074059/Abaqus/paper_reproduction/experiment7/run_7d/airbeam_7d_tosca/airbeam_vol_fem.onf
(INFO    ) [15:31:40|fem_modif] SIMULIA Tosca Structure.fem_modif finished successfully
(INFO    ) [15:31:40|tosca_driver] Module SMATsoFemModif has finished with exit code 0
(NOTICE  ) [15:31:40|tosca_driver] Starting Abaqus analysis - design cycle 0
(INFO    ) [15:31:40|tosca_driver] Starting the solver
(INFO    ) [15:31:40|tosca_driver] Calling hooks before module abaqus
(INFO    ) [15:31:40|tosca_driver] Calling: /uufs/chpc.utah.edu/sys/installdir/abaqus/2025/linux_a64/code/bin/SMATsoAbaqusTsProvider -j airbeam_vol --cycle 0
(INFO    ) [15:31:40|hook] Timestamp file written successfully
(INFO    ) [15:31:40|tosca_driver] Module hook has finished with exit code 0
(INFO    ) [15:31:40|tosca_driver] Calling: /uufs/chpc.utah.edu/sys/installdir/abaqus/2025/linux_a64/code/bin/SMALauncher -job airbeam_vol analysis interactive -unified -resultsFormat ODB
(INFO    ) [15:31:45|abaqus] Analysis initiated from SIMULIA established products
(INFO    ) [15:31:45|abaqus] Abaqus JOB airbeam_vol
(INFO    ) [15:31:45|abaqus] Abaqus 2025
(INFO    ) [15:31:45|abaqus] Abaqus License Manager checked out the following licenses:
(INFO    ) [15:31:45|abaqus] Abaqus/Foundation checked out 3 tokens from Flexnet server ls1.chpc.utah.edu.
(INFO    ) [15:31:45|abaqus] <219 out of 237 licenses remain available>.
(INFO    ) [15:31:45|abaqus] Begin Abaqus/Standard Analysis
(INFO    ) [15:31:45|abaqus] Thu 19 Feb 2026 03:31:41 PM MST
(INFO    ) [15:31:45|abaqus] Run abaqusstd
(INFO    ) [15:31:45|tosca_driver] Fe-solver abaqus finished with job airbeam_vol.inp
(INFO    ) [15:31:45|tosca_driver] Elapsed time of abaqus : 0:00:05.287096  -  current time : 15:31:45.367356
(INFO    ) [15:31:45|tosca_driver] Solution complete
(INFO    ) [15:31:45|tosca_driver] Checking solver output file: /uufs/chpc.utah.edu/common/home/u6074059/Abaqus/paper_reproduction/experiment7/run_7d/airbeam_7d_tosca/airbeam_vol.msg
(INFO    ) [15:31:45|tosca_driver] Searching for success check string: "THE ANALYSIS HAS BEEN COMPLETED"
(INFO    ) [15:31:45|tosca_driver] Calling: /uufs/chpc.utah.edu/sys/installdir/abaqus/2025/linux_a64/code/bin/SMATsoOdbToVtmMain --solver abaqus --loglevel INFO --format_matrices sim --cycle 0 --perturbation 0 /uufs/chpc.utah.edu/common/home/u6074059/Abaqus/paper_reproduction/experiment7/run_7d/airbeam_7d_tosca/airbeam_vol
(INFO    ) [15:31:45|odb_to_vtm] SIMULIA Tosca Structure.odb_to_vtm - version 3DEXPERIENCE R2025x - build R427 - 20240925T190012Z 64 bit
(INFO    ) [15:31:45|odb_to_vtm] Reading Abaqus ODB output file /uufs/chpc.utah.edu/common/home/u6074059/Abaqus/paper_reproduction/experiment7/run_7d/airbeam_7d_tosca/airbeam_vol
(INFO    ) [15:31:45|odb_to_vtm] Reading results from the Abaqus result database /uufs/chpc.utah.edu/common/home/u6074059/Abaqus/paper_reproduction/experiment7/run_7d/airbeam_7d_tosca/airbeam_vol.odb
(INFO    ) [15:31:45|odb_to_vtm] SIMULIA Tosca Structure.odb_to_vtm finished successfully
(INFO    ) [15:31:45|tosca_driver] Module SMATsoOdbToVtmMain has finished with exit code 0
(NOTICE  ) [15:31:45|tosca_driver] Starting Tosca Structure optimization module - design cycle 0
(INFO    ) [15:31:45|tosca_driver] Calling: /uufs/chpc.utah.edu/sys/installdir/abaqus/2025/linux_a64/code/bin/SMATsoToscaOpt --loglevel INFO
(INFO    ) [15:31:45|tosca_opt] SIMULIA Tosca Structure.tosca_opt - version 3DEXPERIENCE R2025x - build R427 - 20240925T190012Z 64 bit
(INFO    ) [15:31:45|tosca_opt]  --------------------------------------------------------------------------
(INFO    ) [15:31:45|tosca_opt] |                ___  ___  __  __  _   _  _     ___    _                   |
(INFO    ) [15:31:45|tosca_opt] |               / __||_ _||  \/  || | | || |   |_ _|  /_\                  |
(INFO    ) [15:31:45|tosca_opt] |               \__ \ | | | |\/| || |_| || |__  | |  / _ \                 |
(INFO    ) [15:31:45|tosca_opt] |               |___/|___||_|  |_| \___/ |____||___|/_/ \_\                |
(INFO    ) [15:31:45|tosca_opt] |                        _____                                             |
(INFO    ) [15:31:45|tosca_opt] |                       |_   _|___  ___ __  __ _                           |
(INFO    ) [15:31:45|tosca_opt] |                         | | / _ \(_-</ _|/ _` |                          |
(INFO    ) [15:31:45|tosca_opt] |                         |_| \___//__/\__|\__,_|                          |
(INFO    ) [15:31:45|tosca_opt] |              ___  _                   _                                  |
(INFO    ) [15:31:45|tosca_opt] |             / __|| |_  _ _  _  _  __ | |_  _  _  _ _  ___                |
(INFO    ) [15:31:45|tosca_opt] |             \__ \|  _|| `_|| || |/ _||  _|| || || `_|/ -_)               |
(INFO    ) [15:31:45|tosca_opt] |             |___/ \__||_|   \_,_|\__| \__| \_,_||_|  \___|               |
(INFO    ) [15:31:45|tosca_opt] |                                                                          |
(INFO    ) [15:31:45|tosca_opt]  --------------------------------------------------------------------------
(INFO    ) [15:31:45|tosca_opt] | Version 3DEXPERIENCE R2025x                                              |
(INFO    ) [15:31:45|tosca_opt] | DATE:   2026-02-19                                                       |
(INFO    ) [15:31:45|tosca_opt]  --------------------------------------------------------------------------
(INFO    ) [15:31:46|tosca_opt]  --------------------------------------------------------------------------
(INFO    ) [15:31:46|tosca_opt] | Begin of DESIGN CYCLE NUMBER: 0                                          |
(INFO    ) [15:31:46|tosca_opt]  --------------------------------------------------------------------------
(INFO    ) [15:31:46|tosca_opt] Checking for existence of results
(INFO    ) [15:31:46|tosca_opt]  --------------------------------------------------------------------------
(INFO    ) [15:31:46|tosca_opt] | ANALYZE VALUE OF VARIABLES before OPTIMIZATION                           |
(INFO    ) [15:31:46|tosca_opt]  --------------------------------------------------------------------------
(INFO    ) [15:31:46|tosca_opt]  --------------------------------------------------------------------------
(INFO    ) [15:31:46|tosca_opt] | ANALYZE VALUE OF VARIABLES after OPTIMIZATION                            |
(INFO    ) [15:31:46|tosca_opt]  --------------------------------------------------------------------------
(INFO    ) [15:31:46|tosca_opt]  --------------------------------------------------------------------------
(INFO    ) [15:31:46|tosca_opt] | VARIABLES and DESIGN RESPONSES                                           |
(INFO    ) [15:31:46|tosca_opt]  --------------------------------------------------------------------------
(INFO    ) [15:31:46|tosca_opt]  DRESP_STRAIN_ENERGY                       :    7.6467
(INFO    ) [15:31:46|tosca_opt]  DRESP_VOLUME                              :    1261.5
(INFO    ) [15:31:46|tosca_opt]  --------------------------------------------------------------------------
(INFO    ) [15:31:46|tosca_opt]  --------------------------------------------------------------------------
(INFO    ) [15:31:46|tosca_opt] | Report of OPTIMIZATION Results                                           |
(INFO    ) [15:31:46|tosca_opt]  --------------------------------------------------------------------------
(INFO    ) [15:31:46|tosca_opt]  DESIGN CYCLE                :     0 (values of startmodel)
(INFO    ) [15:31:46|tosca_opt]  OPTIMIZE name               : TOPOLOGY_OPTIMIZATION
(INFO    ) [15:31:46|tosca_opt]  OBJ_FUNC name               : MIN_SE
(INFO    ) [15:31:46|tosca_opt]  OBJ_FUNC value              :     7.64667
(INFO    ) [15:31:46|tosca_opt]  ==========================================================================
(INFO    ) [15:31:46|tosca_opt] |     Name of OBJ_FUNC_TERM      |   Value    |   Weight   |   Reference   |
(INFO    ) [15:31:46|tosca_opt]  ==========================================================================
(INFO    ) [15:31:46|tosca_opt] | DRESP_STRAIN_ENERGY            | 7.64667    | 1.0        | 0.0           |
(INFO    ) [15:31:46|tosca_opt]  ==========================================================================
(INFO    ) [15:31:46|tosca_opt] * SIMULIA Tosca Structure INFORMATION *
(INFO    ) [15:31:46|tosca_opt] Writing CONSTRAINTs with default normalization.
(INFO    ) [15:31:46|tosca_opt] For NORM value  <= 1.0   -->    CONSTRAINT is OK ( For all CONSTRAINT types )
(INFO    ) [15:31:46|tosca_opt]  ==========================================================================
(INFO    ) [15:31:46|tosca_opt] |  Name of CONSTRAINT  |  Act. Value  | Op. | Target  |   Norm   | Status  |
(INFO    ) [15:31:46|tosca_opt]  ==========================================================================
(INFO    ) [15:31:46|tosca_opt] | VOL_CONSTRAINT       | 0.500007     | <=  | 0.5     | 1.00001  | FALSE   |
(INFO    ) [15:31:46|tosca_opt]  ==========================================================================
(INFO    ) [15:31:47|tosca_opt]  --------------------------------------------------------------------------
(INFO    ) [15:31:47|tosca_opt] | Some STOP CRITERIA NOT satisfied this iteration                          |
(INFO    ) [15:31:47|tosca_opt]  --------------------------------------------------------------------------
(INFO    ) [15:31:47|tosca_opt]  --------------------------------------------------------------------------
(INFO    ) [15:31:47|tosca_opt] | End of DESIGN CYCLE NUMBER: 0                                            |
(INFO    ) [15:31:47|tosca_opt]  --------------------------------------------------------------------------
(INFO    ) [15:31:47|tosca_opt] Application finished successfully
(INFO    ) [15:31:47|tosca_driver] Module SMATsoToscaOpt has finished with exit code 0
(INFO    ) [15:31:47|tosca_driver] Calling: /uufs/chpc.utah.edu/sys/installdir/abaqus/2025/linux_a64/code/bin/SMATrtOptResExportTool --loglevel INFO --cycle 0 --onf_output ON
(INFO    ) [15:31:47|opt_res_export_tool] SIMULIA Tosca Structure.opt_res_export_tool - version 3DEXPERIENCE R2025x - build R427 - 20240925T190012Z 64 bit
(INFO    ) [15:31:47|opt_res_export_tool] Extracting results from opt_res_database
(INFO    ) [15:31:47|opt_res_export_tool] SIMULIA Tosca Structure.opt_res_export_tool finished successfully
(INFO    ) [15:31:47|tosca_driver] Module SMATrtOptResExportTool has finished with exit code 0
(NOTICE  ) [15:31:48|tosca_driver] Design cycle 1 started on 2026-02-19
(NOTICE  ) [15:31:48|tosca_driver] Starting Abaqus analysis - design cycle 1
(INFO    ) [15:31:48|tosca_driver] Activating the solver
(INFO    ) [15:31:48|tosca_driver] Calling hooks before module abaqus
(INFO    ) [15:31:48|tosca_driver] Calling: /uufs/chpc.utah.edu/sys/installdir/abaqus/2025/linux_a64/code/bin/SMATsoAbaqusTsProvider -j airbeam_vol --cycle 1
(INFO    ) [15:31:48|hook] Timestamp file written successfully
(INFO    ) [15:31:48|tosca_driver] Module hook has finished with exit code 0
(INFO    ) [15:31:49|tosca_driver] Fe-solver abaqus finished with job airbeam_vol.inp
(INFO    ) [15:31:49|tosca_driver] Elapsed time (inc. overhead): 0:00:01.102724
(INFO    ) [15:31:49|tosca_driver] Elapsed time of abaqus : 0:00:01.170847  -  current time : 15:31:49.327763
(INFO    ) [15:31:49|tosca_driver] Solution complete
(INFO    ) [15:31:49|tosca_driver] Checking solver output file: /uufs/chpc.utah.edu/common/home/u6074059/Abaqus/paper_reproduction/experiment7/run_7d/airbeam_7d_tosca/airbeam_vol.msg
(INFO    ) [15:31:49|tosca_driver] Searching for success check string: "THE ANALYSIS HAS BEEN COMPLETED"
(INFO    ) [15:31:49|tosca_driver] Calling: /uufs/chpc.utah.edu/sys/installdir/abaqus/2025/linux_a64/code/bin/SMATsoOdbToVtmMain --solver abaqus --loglevel INFO --format_matrices sim --cycle 1 --perturbation 0 /uufs/chpc.utah.edu/common/home/u6074059/Abaqus/paper_reproduction/experiment7/run_7d/airbeam_7d_tosca/airbeam_vol
(INFO    ) [15:31:49|odb_to_vtm] SIMULIA Tosca Structure.odb_to_vtm - version 3DEXPERIENCE R2025x - build R427 - 20240925T190012Z 64 bit
(INFO    ) [15:31:49|odb_to_vtm] Reading Abaqus ODB output file /uufs/chpc.utah.edu/common/home/u6074059/Abaqus/paper_reproduction/experiment7/run_7d/airbeam_7d_tosca/airbeam_vol
(INFO    ) [15:31:49|odb_to_vtm] Reading results from the Abaqus result database /uufs/chpc.utah.edu/common/home/u6074059/Abaqus/paper_reproduction/experiment7/run_7d/airbeam_7d_tosca/airbeam_vol.odb
(INFO    ) [15:31:49|odb_to_vtm] SIMULIA Tosca Structure.odb_to_vtm finished successfully
(INFO    ) [15:31:49|tosca_driver] Module SMATsoOdbToVtmMain has finished with exit code 0
(NOTICE  ) [15:31:49|tosca_driver] Starting Tosca Structure optimization module - design cycle 1
(INFO    ) [15:31:49|tosca_driver] Calling: /uufs/chpc.utah.edu/sys/installdir/abaqus/2025/linux_a64/code/bin/SMATsoToscaOpt --loglevel INFO
(INFO    ) [15:31:49|tosca_opt] SIMULIA Tosca Structure.tosca_opt - version 3DEXPERIENCE R2025x - build R427 - 20240925T190012Z 64 bit
(INFO    ) [15:31:49|tosca_opt]  --------------------------------------------------------------------------
(INFO    ) [15:31:49|tosca_opt] |                ___  ___  __  __  _   _  _     ___    _                   |
(INFO    ) [15:31:49|tosca_opt] |               / __||_ _||  \/  || | | || |   |_ _|  /_\                  |
(INFO    ) [15:31:49|tosca_opt] |               \__ \ | | | |\/| || |_| || |__  | |  / _ \                 |
(INFO    ) [15:31:49|tosca_opt] |               |___/|___||_|  |_| \___/ |____||___|/_/ \_\                |
(INFO    ) [15:31:49|tosca_opt] |                        _____                                             |
(INFO    ) [15:31:49|tosca_opt] |                       |_   _|___  ___ __  __ _                           |
(INFO    ) [15:31:49|tosca_opt] |                         | | / _ \(_-</ _|/ _` |                          |
(INFO    ) [15:31:49|tosca_opt] |                         |_| \___//__/\__|\__,_|                          |
(INFO    ) [15:31:49|tosca_opt] |              ___  _                   _                                  |
(INFO    ) [15:31:49|tosca_opt] |             / __|| |_  _ _  _  _  __ | |_  _  _  _ _  ___                |
(INFO    ) [15:31:49|tosca_opt] |             \__ \|  _|| `_|| || |/ _||  _|| || || `_|/ -_)               |
(INFO    ) [15:31:49|tosca_opt] |             |___/ \__||_|   \_,_|\__| \__| \_,_||_|  \___|               |
(INFO    ) [15:31:49|tosca_opt] |                                                                          |
(INFO    ) [15:31:49|tosca_opt]  --------------------------------------------------------------------------
(INFO    ) [15:31:49|tosca_opt] | Version 3DEXPERIENCE R2025x                                              |
(INFO    ) [15:31:49|tosca_opt] | DATE:   2026-02-19                                                       |
(INFO    ) [15:31:49|tosca_opt]  --------------------------------------------------------------------------
(INFO    ) [15:31:50|tosca_opt]  --------------------------------------------------------------------------
(INFO    ) [15:31:50|tosca_opt] | Begin of DESIGN CYCLE NUMBER: 1                                          |
(INFO    ) [15:31:50|tosca_opt]  --------------------------------------------------------------------------
(INFO    ) [15:31:50|tosca_opt] Checking for existence of results
(INFO    ) [15:31:50|tosca_opt]  --------------------------------------------------------------------------
(INFO    ) [15:31:50|tosca_opt] | ANALYZE VALUE OF VARIABLES before OPTIMIZATION                           |
(INFO    ) [15:31:50|tosca_opt]  --------------------------------------------------------------------------
(INFO    ) [15:31:50|tosca_opt]  --------------------------------------------------------------------------
(INFO    ) [15:31:50|tosca_opt] | Convergence Criteria in Design Cycle 1                                   |
(INFO    ) [15:31:50|tosca_opt]  --------------------------------------------------------------------------
(INFO    ) [15:31:50|tosca_opt] Local objective function criterion : NOT_FULFILLED (Actual change / target:    0.08859/   0.00100)
(INFO    ) [15:31:50|tosca_opt] Local design variables criterion   : NOT_FULFILLED (Actual change / target:    0.03950/   0.00500)
(INFO    ) [15:31:50|tosca_opt] Global stop criterion              : NOT_FULFILLED (Max number of design cycles :  80)
(INFO    ) [15:31:50|tosca_opt] 
(INFO    ) [15:31:50|tosca_opt]  --------------------------------------------------------------------------
(INFO    ) [15:31:50|tosca_opt] | ANALYZE VALUE OF VARIABLES after OPTIMIZATION                            |
(INFO    ) [15:31:50|tosca_opt]  --------------------------------------------------------------------------
(INFO    ) [15:31:50|tosca_opt]  --------------------------------------------------------------------------
(INFO    ) [15:31:50|tosca_opt] | VARIABLES and DESIGN RESPONSES                                           |
(INFO    ) [15:31:50|tosca_opt]  --------------------------------------------------------------------------
(INFO    ) [15:31:50|tosca_opt]  DRESP_STRAIN_ENERGY                       :    7.0244
(INFO    ) [15:31:50|tosca_opt]  DRESP_VOLUME                              :    1236.2
(INFO    ) [15:31:50|tosca_opt]  --------------------------------------------------------------------------
(INFO    ) [15:31:50|tosca_opt]  --------------------------------------------------------------------------
(INFO    ) [15:31:50|tosca_opt] | Report of OPTIMIZATION Results                                           |
(INFO    ) [15:31:50|tosca_opt]  --------------------------------------------------------------------------
(INFO    ) [15:31:50|tosca_opt]  DESIGN CYCLE                :   1
(INFO    ) [15:31:50|tosca_opt]  OPTIMIZE name               : TOPOLOGY_OPTIMIZATION
(INFO    ) [15:31:50|tosca_opt]  OBJ_FUNC name               : MIN_SE
(INFO    ) [15:31:50|tosca_opt]  OBJ_FUNC value              :     7.02440
(INFO    ) [15:31:50|tosca_opt]  ==========================================================================
(INFO    ) [15:31:50|tosca_opt] |     Name of OBJ_FUNC_TERM      |   Value    |  Weight   |   Reference    |
(INFO    ) [15:31:50|tosca_opt]  ==========================================================================
(INFO    ) [15:31:50|tosca_opt] | DRESP_STRAIN_ENERGY            | 7.0244     | 1.0       | 0.0            |
(INFO    ) [15:31:50|tosca_opt]  ==========================================================================
(INFO    ) [15:31:50|tosca_opt] * SIMULIA Tosca Structure INFORMATION *
(INFO    ) [15:31:50|tosca_opt] Writing CONSTRAINTs with default normalization.
(INFO    ) [15:31:50|tosca_opt] For NORM value  <= 1.0   -->    CONSTRAINT is OK ( For all CONSTRAINT types )
(INFO    ) [15:31:50|tosca_opt]  ==========================================================================
(INFO    ) [15:31:50|tosca_opt] |  Name of CONSTRAINT  |  Act. Value  | Op.  | Target  |   Norm   | Status |
(INFO    ) [15:31:50|tosca_opt]  ==========================================================================
(INFO    ) [15:31:50|tosca_opt] | VOL_CONSTRAINT       | 0.489976     | <=   | 0.5     | 0.979953 | TRUE   |
(INFO    ) [15:31:50|tosca_opt]  ==========================================================================
(INFO    ) [15:31:50|tosca_opt]  --------------------------------------------------------------------------
(INFO    ) [15:31:50|tosca_opt] | Some STOP CRITERIA NOT satisfied this iteration                          |
(INFO    ) [15:31:50|tosca_opt]  --------------------------------------------------------------------------
(INFO    ) [15:31:51|tosca_opt]  --------------------------------------------------------------------------
(INFO    ) [15:31:51|tosca_opt] | End of DESIGN CYCLE NUMBER: 1                                            |
(INFO    ) [15:31:51|tosca_opt]  --------------------------------------------------------------------------
(INFO    ) [15:31:51|tosca_opt] Application finished successfully
(INFO    ) [15:31:51|tosca_driver] Module SMATsoToscaOpt has finished with exit code 0
(INFO    ) [15:31:51|tosca_driver] Calling: /uufs/chpc.utah.edu/sys/installdir/abaqus/2025/linux_a64/code/bin/SMATrtOptResExportTool --loglevel INFO --cycle 1 --onf_output ON
(INFO    ) [15:31:51|opt_res_export_tool] SIMULIA Tosca Structure.opt_res_export_tool - version 3DEXPERIENCE R2025x - build R427 - 20240925T190012Z 64 bit
(INFO    ) [15:31:51|opt_res_export_tool] Extracting results from opt_res_database
(INFO    ) [15:31:51|opt_res_export_tool] SIMULIA Tosca Structure.opt_res_export_tool finished successfully
(INFO    ) [15:31:51|tosca_driver] Module SMATrtOptResExportTool has finished with exit code 0
(NOTICE  ) [15:31:51|tosca_driver] Design cycle 2 started on 2026-02-19
(NOTICE  ) [15:31:51|tosca_driver] Starting Abaqus analysis - design cycle 2
(INFO    ) [15:31:51|tosca_driver] Activating the solver
(INFO    ) [15:31:51|tosca_driver] Calling hooks before module abaqus
(INFO    ) [15:31:51|tosca_driver] Calling: /uufs/chpc.utah.edu/sys/installdir/abaqus/2025/linux_a64/code/bin/SMATsoAbaqusTsProvider -j airbeam_vol --cycle 2
(INFO    ) [15:31:51|hook] Timestamp file written successfully
(INFO    ) [15:31:51|tosca_driver] Module hook has finished with exit code 0
(INFO    ) [15:31:53|tosca_driver] Fe-solver abaqus finished with job airbeam_vol.inp
(INFO    ) [15:31:53|tosca_driver] Elapsed time (inc. overhead): 0:00:01.102742
(INFO    ) [15:31:53|tosca_driver] Elapsed time of abaqus : 0:00:01.171403  -  current time : 15:31:53.055999
(INFO    ) [15:31:53|tosca_driver] Solution complete
(INFO    ) [15:31:53|tosca_driver] Checking solver output file: /uufs/chpc.utah.edu/common/home/u6074059/Abaqus/paper_reproduction/experiment7/run_7d/airbeam_7d_tosca/airbeam_vol.msg
(INFO    ) [15:31:53|tosca_driver] Searching for success check string: "THE ANALYSIS HAS BEEN COMPLETED"
(INFO    ) [15:31:53|tosca_driver] Calling: /uufs/chpc.utah.edu/sys/installdir/abaqus/2025/linux_a64/code/bin/SMATsoOdbToVtmMain --solver abaqus --loglevel INFO --format_matrices sim --cycle 2 --perturbation 0 /uufs/chpc.utah.edu/common/home/u6074059/Abaqus/paper_reproduction/experiment7/run_7d/airbeam_7d_tosca/airbeam_vol
(INFO    ) [15:31:53|odb_to_vtm] SIMULIA Tosca Structure.odb_to_vtm - version 3DEXPERIENCE R2025x - build R427 - 20240925T190012Z 64 bit
(INFO    ) [15:31:53|odb_to_vtm] Reading Abaqus ODB output file /uufs/chpc.utah.edu/common/home/u6074059/Abaqus/paper_reproduction/experiment7/run_7d/airbeam_7d_tosca/airbeam_vol
(INFO    ) [15:31:53|odb_to_vtm] Reading results from the Abaqus result database /uufs/chpc.utah.edu/common/home/u6074059/Abaqus/paper_reproduction/experiment7/run_7d/airbeam_7d_tosca/airbeam_vol.odb
(INFO    ) [15:31:53|odb_to_vtm] SIMULIA Tosca Structure.odb_to_vtm finished successfully
(INFO    ) [15:31:53|tosca_driver] Module SMATsoOdbToVtmMain has finished with exit code 0
(NOTICE  ) [15:31:53|tosca_driver] Starting Tosca Structure optimization module - design cycle 2
(INFO    ) [15:31:53|tosca_driver] Calling: /uufs/chpc.utah.edu/sys/installdir/abaqus/2025/linux_a64/code/bin/SMATsoToscaOpt --loglevel INFO
(INFO    ) [15:31:53|tosca_opt] SIMULIA Tosca Structure.tosca_opt - version 3DEXPERIENCE R2025x - build R427 - 20240925T190012Z 64 bit
(INFO    ) [15:31:53|tosca_opt]  --------------------------------------------------------------------------
(INFO    ) [15:31:53|tosca_opt] |                ___  ___  __  __  _   _  _     ___    _                   |
(INFO    ) [15:31:53|tosca_opt] |               / __||_ _||  \/  || | | || |   |_ _|  /_\                  |
(INFO    ) [15:31:53|tosca_opt] |               \__ \ | | | |\/| || |_| || |__  | |  / _ \                 |
(INFO    ) [15:31:53|tosca_opt] |               |___/|___||_|  |_| \___/ |____||___|/_/ \_\                |
(INFO    ) [15:31:53|tosca_opt] |                        _____                                             |
(INFO    ) [15:31:53|tosca_opt] |                       |_   _|___  ___ __  __ _                           |
(INFO    ) [15:31:53|tosca_opt] |                         | | / _ \(_-</ _|/ _` |                          |
(INFO    ) [15:31:53|tosca_opt] |                         |_| \___//__/\__|\__,_|                          |
(INFO    ) [15:31:53|tosca_opt] |              ___  _                   _                                  |
(INFO    ) [15:31:53|tosca_opt] |             / __|| |_  _ _  _  _  __ | |_  _  _  _ _  ___                |
(INFO    ) [15:31:53|tosca_opt] |             \__ \|  _|| `_|| || |/ _||  _|| || || `_|/ -_)               |
(INFO    ) [15:31:53|tosca_opt] |             |___/ \__||_|   \_,_|\__| \__| \_,_||_|  \___|               |
(INFO    ) [15:31:53|tosca_opt] |                                                                          |
(INFO    ) [15:31:53|tosca_opt]  --------------------------------------------------------------------------
(INFO    ) [15:31:53|tosca_opt] | Version 3DEXPERIENCE R2025x                                              |
(INFO    ) [15:31:53|tosca_opt] | DATE:   2026-02-19                                                       |
(INFO    ) [15:31:53|tosca_opt]  --------------------------------------------------------------------------
(INFO    ) [15:31:54|tosca_opt]  --------------------------------------------------------------------------
(INFO    ) [15:31:54|tosca_opt] | Begin of DESIGN CYCLE NUMBER: 2                                          |
(INFO    ) [15:31:54|tosca_opt]  --------------------------------------------------------------------------
(INFO    ) [15:31:54|tosca_opt] Checking for existence of results
(INFO    ) [15:31:54|tosca_opt]  --------------------------------------------------------------------------
(INFO    ) [15:31:54|tosca_opt] | ANALYZE VALUE OF VARIABLES before OPTIMIZATION                           |
(INFO    ) [15:31:54|tosca_opt]  --------------------------------------------------------------------------
(INFO    ) [15:31:54|tosca_opt]  --------------------------------------------------------------------------
(INFO    ) [15:31:54|tosca_opt] | Convergence Criteria in Design Cycle 2                                   |
(INFO    ) [15:31:54|tosca_opt]  --------------------------------------------------------------------------
(INFO    ) [15:31:54|tosca_opt] Local objective function criterion : NOT_FULFILLED (Actual change / target:    0.09895/   0.00100)
(INFO    ) [15:31:54|tosca_opt] Local design variables criterion   : NOT_FULFILLED (Actual change / target:    0.02336/   0.00500)
(INFO    ) [15:31:54|tosca_opt] Global stop criterion              : NOT_FULFILLED (Max number of design cycles :  80)
(INFO    ) [15:31:54|tosca_opt] 
(INFO    ) [15:31:54|tosca_opt]  --------------------------------------------------------------------------
(INFO    ) [15:31:54|tosca_opt] | ANALYZE VALUE OF VARIABLES after OPTIMIZATION                            |
(INFO    ) [15:31:54|tosca_opt]  --------------------------------------------------------------------------
(INFO    ) [15:31:54|tosca_opt]  --------------------------------------------------------------------------
(INFO    ) [15:31:54|tosca_opt] | VARIABLES and DESIGN RESPONSES                                           |
(INFO    ) [15:31:54|tosca_opt]  --------------------------------------------------------------------------
(INFO    ) [15:31:54|tosca_opt]  DRESP_STRAIN_ENERGY                       :    6.3919
(INFO    ) [15:31:54|tosca_opt]  DRESP_VOLUME                              :    1246.0
(INFO    ) [15:31:54|tosca_opt]  --------------------------------------------------------------------------
(INFO    ) [15:31:54|tosca_opt]  --------------------------------------------------------------------------
(INFO    ) [15:31:54|tosca_opt] | Report of OPTIMIZATION Results                                           |
(INFO    ) [15:31:54|tosca_opt]  --------------------------------------------------------------------------
(INFO    ) [15:31:54|tosca_opt]  DESIGN CYCLE                :   2
(INFO    ) [15:31:54|tosca_opt]  OPTIMIZE name               : TOPOLOGY_OPTIMIZATION
(INFO    ) [15:31:54|tosca_opt]  OBJ_FUNC name               : MIN_SE
(INFO    ) [15:31:54|tosca_opt]  OBJ_FUNC value              :     6.39194
(INFO    ) [15:31:54|tosca_opt]  ==========================================================================
(INFO    ) [15:31:54|tosca_opt] |     Name of OBJ_FUNC_TERM      |   Value    |   Weight   |   Reference   |
(INFO    ) [15:31:54|tosca_opt]  ==========================================================================
(INFO    ) [15:31:54|tosca_opt] | DRESP_STRAIN_ENERGY            | 6.39194    | 1.0        | 0.0           |
(INFO    ) [15:31:54|tosca_opt]  ==========================================================================
(INFO    ) [15:31:54|tosca_opt] * SIMULIA Tosca Structure INFORMATION *
(INFO    ) [15:31:54|tosca_opt] Writing CONSTRAINTs with default normalization.
(INFO    ) [15:31:54|tosca_opt] For NORM value  <= 1.0   -->    CONSTRAINT is OK ( For all CONSTRAINT types )
(INFO    ) [15:31:54|tosca_opt]  ==========================================================================
(INFO    ) [15:31:54|tosca_opt] |  Name of CONSTRAINT  |  Act. Value  | Op.  | Target  |   Norm   | Status |
(INFO    ) [15:31:54|tosca_opt]  ==========================================================================
(INFO    ) [15:31:54|tosca_opt] | VOL_CONSTRAINT       | 0.493842     | <=   | 0.5     | 0.987683 | TRUE   |
(INFO    ) [15:31:54|tosca_opt]  ==========================================================================
(INFO    ) [15:31:54|tosca_opt]  --------------------------------------------------------------------------
(INFO    ) [15:31:54|tosca_opt] | Some STOP CRITERIA NOT satisfied this iteration                          |
(INFO    ) [15:31:54|tosca_opt]  --------------------------------------------------------------------------
(INFO    ) [15:31:55|tosca_opt]  --------------------------------------------------------------------------
(INFO    ) [15:31:55|tosca_opt] | End of DESIGN CYCLE NUMBER: 2                                            |
(INFO    ) [15:31:55|tosca_opt]  --------------------------------------------------------------------------
(INFO    ) [15:31:55|tosca_opt] Application finished successfully
(INFO    ) [15:31:55|tosca_driver] Module SMATsoToscaOpt has finished with exit code 0
(INFO    ) [15:31:55|tosca_driver] Calling: /uufs/chpc.utah.edu/sys/installdir/abaqus/2025/linux_a64/code/bin/SMATrtOptResExportTool --loglevel INFO --cycle 2 --onf_output ON
(INFO    ) [15:31:55|opt_res_export_tool] SIMULIA Tosca Structure.opt_res_export_tool - version 3DEXPERIENCE R2025x - build R427 - 20240925T190012Z 64 bit
(INFO    ) [15:31:55|opt_res_export_tool] Extracting results from opt_res_database
(INFO    ) [15:31:55|opt_res_export_tool] SIMULIA Tosca Structure.opt_res_export_tool finished successfully
(INFO    ) [15:31:55|tosca_driver] Module SMATrtOptResExportTool has finished with exit code 0
(NOTICE  ) [15:31:55|tosca_driver] Design cycle 3 started on 2026-02-19
(NOTICE  ) [15:31:55|tosca_driver] Starting Abaqus analysis - design cycle 3
(INFO    ) [15:31:55|tosca_driver] Activating the solver
(INFO    ) [15:31:55|tosca_driver] Calling hooks before module abaqus
(INFO    ) [15:31:55|tosca_driver] Calling: /uufs/chpc.utah.edu/sys/installdir/abaqus/2025/linux_a64/code/bin/SMATsoAbaqusTsProvider -j airbeam_vol --cycle 3
(INFO    ) [15:31:55|hook] Timestamp file written successfully
(INFO    ) [15:31:55|tosca_driver] Module hook has finished with exit code 0
(INFO    ) [15:31:56|tosca_driver] Fe-solver abaqus finished with job airbeam_vol.inp
(INFO    ) [15:31:56|tosca_driver] Elapsed time (inc. overhead): 0:00:01.102734
(INFO    ) [15:31:56|tosca_driver] Elapsed time of abaqus : 0:00:01.182359  -  current time : 15:31:56.990702
(INFO    ) [15:31:56|tosca_driver] Solution complete
(INFO    ) [15:31:56|tosca_driver] Checking solver output file: /uufs/chpc.utah.edu/common/home/u6074059/Abaqus/paper_reproduction/experiment7/run_7d/airbeam_7d_tosca/airbeam_vol.msg
(INFO    ) [15:31:56|tosca_driver] Searching for success check string: "THE ANALYSIS HAS BEEN COMPLETED"
(INFO    ) [15:31:56|tosca_driver] Calling: /uufs/chpc.utah.edu/sys/installdir/abaqus/2025/linux_a64/code/bin/SMATsoOdbToVtmMain --solver abaqus --loglevel INFO --format_matrices sim --cycle 3 --perturbation 0 /uufs/chpc.utah.edu/common/home/u6074059/Abaqus/paper_reproduction/experiment7/run_7d/airbeam_7d_tosca/airbeam_vol
(INFO    ) [15:31:57|odb_to_vtm] SIMULIA Tosca Structure.odb_to_vtm - version 3DEXPERIENCE R2025x - build R427 - 20240925T190012Z 64 bit
(INFO    ) [15:31:57|odb_to_vtm] Reading Abaqus ODB output file /uufs/chpc.utah.edu/common/home/u6074059/Abaqus/paper_reproduction/experiment7/run_7d/airbeam_7d_tosca/airbeam_vol
(INFO    ) [15:31:57|odb_to_vtm] Reading results from the Abaqus result database /uufs/chpc.utah.edu/common/home/u6074059/Abaqus/paper_reproduction/experiment7/run_7d/airbeam_7d_tosca/airbeam_vol.odb
(INFO    ) [15:31:57|odb_to_vtm] SIMULIA Tosca Structure.odb_to_vtm finished successfully
(INFO    ) [15:31:57|tosca_driver] Module SMATsoOdbToVtmMain has finished with exit code 0
(NOTICE  ) [15:31:57|tosca_driver] Starting Tosca Structure optimization module - design cycle 3
(INFO    ) [15:31:57|tosca_driver] Calling: /uufs/chpc.utah.edu/sys/installdir/abaqus/2025/linux_a64/code/bin/SMATsoToscaOpt --loglevel INFO
(INFO    ) [15:31:57|tosca_opt] SIMULIA Tosca Structure.tosca_opt - version 3DEXPERIENCE R2025x - build R427 - 20240925T190012Z 64 bit
(INFO    ) [15:31:57|tosca_opt]  --------------------------------------------------------------------------
(INFO    ) [15:31:57|tosca_opt] |                ___  ___  __  __  _   _  _     ___    _                   |
(INFO    ) [15:31:57|tosca_opt] |               / __||_ _||  \/  || | | || |   |_ _|  /_\                  |
(INFO    ) [15:31:57|tosca_opt] |               \__ \ | | | |\/| || |_| || |__  | |  / _ \                 |
(INFO    ) [15:31:57|tosca_opt] |               |___/|___||_|  |_| \___/ |____||___|/_/ \_\                |
(INFO    ) [15:31:57|tosca_opt] |                        _____                                             |
(INFO    ) [15:31:57|tosca_opt] |                       |_   _|___  ___ __  __ _                           |
(INFO    ) [15:31:57|tosca_opt] |                         | | / _ \(_-</ _|/ _` |                          |
(INFO    ) [15:31:57|tosca_opt] |                         |_| \___//__/\__|\__,_|                          |
(INFO    ) [15:31:57|tosca_opt] |              ___  _                   _                                  |
(INFO    ) [15:31:57|tosca_opt] |             / __|| |_  _ _  _  _  __ | |_  _  _  _ _  ___                |
(INFO    ) [15:31:57|tosca_opt] |             \__ \|  _|| `_|| || |/ _||  _|| || || `_|/ -_)               |
(INFO    ) [15:31:57|tosca_opt] |             |___/ \__||_|   \_,_|\__| \__| \_,_||_|  \___|               |
(INFO    ) [15:31:57|tosca_opt] |                                                                          |
(INFO    ) [15:31:57|tosca_opt]  --------------------------------------------------------------------------
(INFO    ) [15:31:57|tosca_opt] | Version 3DEXPERIENCE R2025x                                              |
(INFO    ) [15:31:57|tosca_opt] | DATE:   2026-02-19                                                       |
(INFO    ) [15:31:57|tosca_opt]  --------------------------------------------------------------------------
(INFO    ) [15:31:58|tosca_opt]  --------------------------------------------------------------------------
(INFO    ) [15:31:58|tosca_opt] | Begin of DESIGN CYCLE NUMBER: 3                                          |
(INFO    ) [15:31:58|tosca_opt]  --------------------------------------------------------------------------
(INFO    ) [15:31:58|tosca_opt] Checking for existence of results
(INFO    ) [15:31:58|tosca_opt]  --------------------------------------------------------------------------
(INFO    ) [15:31:58|tosca_opt] | ANALYZE VALUE OF VARIABLES before OPTIMIZATION                           |
(INFO    ) [15:31:58|tosca_opt]  --------------------------------------------------------------------------
(INFO    ) [15:31:58|tosca_opt]  --------------------------------------------------------------------------
(INFO    ) [15:31:58|tosca_opt] | Convergence Criteria in Design Cycle 3                                   |
(INFO    ) [15:31:58|tosca_opt]  --------------------------------------------------------------------------
(INFO    ) [15:31:58|tosca_opt] Local objective function criterion : NOT_FULFILLED (Actual change / target:    0.08417/   0.00100)
(INFO    ) [15:31:58|tosca_opt] Local design variables criterion   : NOT_FULFILLED (Actual change / target:    0.02206/   0.00500)
(INFO    ) [15:31:58|tosca_opt] Global stop criterion              : NOT_FULFILLED (Max number of design cycles :  80)
(INFO    ) [15:31:58|tosca_opt] 
(INFO    ) [15:31:58|tosca_opt]  --------------------------------------------------------------------------
(INFO    ) [15:31:58|tosca_opt] | ANALYZE VALUE OF VARIABLES after OPTIMIZATION                            |
(INFO    ) [15:31:58|tosca_opt]  --------------------------------------------------------------------------
(INFO    ) [15:31:58|tosca_opt]  --------------------------------------------------------------------------
(INFO    ) [15:31:58|tosca_opt] | VARIABLES and DESIGN RESPONSES                                           |
(INFO    ) [15:31:58|tosca_opt]  --------------------------------------------------------------------------
(INFO    ) [15:31:58|tosca_opt]  DRESP_STRAIN_ENERGY                       :    5.8957
(INFO    ) [15:31:58|tosca_opt]  DRESP_VOLUME                              :    1249.4
(INFO    ) [15:31:58|tosca_opt]  --------------------------------------------------------------------------
(INFO    ) [15:31:58|tosca_opt]  --------------------------------------------------------------------------
(INFO    ) [15:31:58|tosca_opt] | Report of OPTIMIZATION Results                                           |
(INFO    ) [15:31:58|tosca_opt]  --------------------------------------------------------------------------
(INFO    ) [15:31:58|tosca_opt]  DESIGN CYCLE                :   3
(INFO    ) [15:31:58|tosca_opt]  OPTIMIZE name               : TOPOLOGY_OPTIMIZATION
(INFO    ) [15:31:58|tosca_opt]  OBJ_FUNC name               : MIN_SE
(INFO    ) [15:31:58|tosca_opt]  OBJ_FUNC value              :     5.89568
(INFO    ) [15:31:58|tosca_opt]  ==========================================================================
(INFO    ) [15:31:58|tosca_opt] |     Name of OBJ_FUNC_TERM      |   Value    |   Weight   |   Reference   |
(INFO    ) [15:31:58|tosca_opt]  ==========================================================================
(INFO    ) [15:31:58|tosca_opt] | DRESP_STRAIN_ENERGY            | 5.89568    | 1.0        | 0.0           |
(INFO    ) [15:31:58|tosca_opt]  ==========================================================================
(INFO    ) [15:31:58|tosca_opt] * SIMULIA Tosca Structure INFORMATION *
(INFO    ) [15:31:58|tosca_opt] Writing CONSTRAINTs with default normalization.
(INFO    ) [15:31:58|tosca_opt] For NORM value  <= 1.0   -->    CONSTRAINT is OK ( For all CONSTRAINT types )
(INFO    ) [15:31:58|tosca_opt]  ==========================================================================
(INFO    ) [15:31:58|tosca_opt] |  Name of CONSTRAINT  |  Act. Value  | Op.  | Target  |   Norm   | Status |
(INFO    ) [15:31:58|tosca_opt]  ==========================================================================
(INFO    ) [15:31:58|tosca_opt] | VOL_CONSTRAINT       | 0.495209     | <=   | 0.5     | 0.990419 | TRUE   |
(INFO    ) [15:31:58|tosca_opt]  ==========================================================================
(INFO    ) [15:31:58|tosca_opt]  --------------------------------------------------------------------------
(INFO    ) [15:31:58|tosca_opt] | Some STOP CRITERIA NOT satisfied this iteration                          |
(INFO    ) [15:31:58|tosca_opt]  --------------------------------------------------------------------------
(INFO    ) [15:31:59|tosca_opt]  --------------------------------------------------------------------------
(INFO    ) [15:31:59|tosca_opt] | End of DESIGN CYCLE NUMBER: 3                                            |
(INFO    ) [15:31:59|tosca_opt]  --------------------------------------------------------------------------
(INFO    ) [15:31:59|tosca_opt] Application finished successfully
(INFO    ) [15:31:59|tosca_driver] Module SMATsoToscaOpt has finished with exit code 0
(INFO    ) [15:31:59|tosca_driver] Calling: /uufs/chpc.utah.edu/sys/installdir/abaqus/2025/linux_a64/code/bin/SMATrtOptResExportTool --loglevel INFO --cycle 3 --onf_output ON
(INFO    ) [15:31:59|opt_res_export_tool] SIMULIA Tosca Structure.opt_res_export_tool - version 3DEXPERIENCE R2025x - build R427 - 20240925T190012Z 64 bit
(INFO    ) [15:31:59|opt_res_export_tool] Extracting results from opt_res_database
(INFO    ) [15:31:59|opt_res_export_tool] SIMULIA Tosca Structure.opt_res_export_tool finished successfully
(INFO    ) [15:31:59|tosca_driver] Module SMATrtOptResExportTool has finished with exit code 0
(NOTICE  ) [15:31:59|tosca_driver] Design cycle 4 started on 2026-02-19
(NOTICE  ) [15:31:59|tosca_driver] Starting Abaqus analysis - design cycle 4
(INFO    ) [15:31:59|tosca_driver] Activating the solver
(INFO    ) [15:31:59|tosca_driver] Calling hooks before module abaqus
(INFO    ) [15:31:59|tosca_driver] Calling: /uufs/chpc.utah.edu/sys/installdir/abaqus/2025/linux_a64/code/bin/SMATsoAbaqusTsProvider -j airbeam_vol --cycle 4
(INFO    ) [15:31:59|hook] Timestamp file written successfully
(INFO    ) [15:32:00|tosca_driver] Module hook has finished with exit code 0
(INFO    ) [15:32:01|tosca_driver] Fe-solver abaqus finished with job airbeam_vol.inp
(INFO    ) [15:32:01|tosca_driver] Elapsed time (inc. overhead): 0:00:01.102817
(INFO    ) [15:32:01|tosca_driver] Elapsed time of abaqus : 0:00:01.382550  -  current time : 15:32:01.211989
(INFO    ) [15:32:01|tosca_driver] Solution complete
(INFO    ) [15:32:01|tosca_driver] Checking solver output file: /uufs/chpc.utah.edu/common/home/u6074059/Abaqus/paper_reproduction/experiment7/run_7d/airbeam_7d_tosca/airbeam_vol.msg
(INFO    ) [15:32:01|tosca_driver] Searching for success check string: "THE ANALYSIS HAS BEEN COMPLETED"
(INFO    ) [15:32:01|tosca_driver] Calling: /uufs/chpc.utah.edu/sys/installdir/abaqus/2025/linux_a64/code/bin/SMATsoOdbToVtmMain --solver abaqus --loglevel INFO --format_matrices sim --cycle 4 --perturbation 0 /uufs/chpc.utah.edu/common/home/u6074059/Abaqus/paper_reproduction/experiment7/run_7d/airbeam_7d_tosca/airbeam_vol
(INFO    ) [15:32:01|odb_to_vtm] SIMULIA Tosca Structure.odb_to_vtm - version 3DEXPERIENCE R2025x - build R427 - 20240925T190012Z 64 bit
(INFO    ) [15:32:01|odb_to_vtm] Reading Abaqus ODB output file /uufs/chpc.utah.edu/common/home/u6074059/Abaqus/paper_reproduction/experiment7/run_7d/airbeam_7d_tosca/airbeam_vol
(INFO    ) [15:32:01|odb_to_vtm] Reading results from the Abaqus result database /uufs/chpc.utah.edu/common/home/u6074059/Abaqus/paper_reproduction/experiment7/run_7d/airbeam_7d_tosca/airbeam_vol.odb
(INFO    ) [15:32:01|odb_to_vtm] SIMULIA Tosca Structure.odb_to_vtm finished successfully
(INFO    ) [15:32:01|tosca_driver] Module SMATsoOdbToVtmMain has finished with exit code 0
(NOTICE  ) [15:32:01|tosca_driver] Starting Tosca Structure optimization module - design cycle 4
(INFO    ) [15:32:01|tosca_driver] Calling: /uufs/chpc.utah.edu/sys/installdir/abaqus/2025/linux_a64/code/bin/SMATsoToscaOpt --loglevel INFO
(INFO    ) [15:32:01|tosca_opt] SIMULIA Tosca Structure.tosca_opt - version 3DEXPERIENCE R2025x - build R427 - 20240925T190012Z 64 bit
(INFO    ) [15:32:01|tosca_opt]  --------------------------------------------------------------------------
(INFO    ) [15:32:01|tosca_opt] |                ___  ___  __  __  _   _  _     ___    _                   |
(INFO    ) [15:32:01|tosca_opt] |               / __||_ _||  \/  || | | || |   |_ _|  /_\                  |
(INFO    ) [15:32:01|tosca_opt] |               \__ \ | | | |\/| || |_| || |__  | |  / _ \                 |
(INFO    ) [15:32:01|tosca_opt] |               |___/|___||_|  |_| \___/ |____||___|/_/ \_\                |
(INFO    ) [15:32:01|tosca_opt] |                        _____                                             |
(INFO    ) [15:32:01|tosca_opt] |                       |_   _|___  ___ __  __ _                           |
(INFO    ) [15:32:01|tosca_opt] |                         | | / _ \(_-</ _|/ _` |                          |
(INFO    ) [15:32:01|tosca_opt] |                         |_| \___//__/\__|\__,_|                          |
(INFO    ) [15:32:01|tosca_opt] |              ___  _                   _                                  |
(INFO    ) [15:32:01|tosca_opt] |             / __|| |_  _ _  _  _  __ | |_  _  _  _ _  ___                |
(INFO    ) [15:32:01|tosca_opt] |             \__ \|  _|| `_|| || |/ _||  _|| || || `_|/ -_)               |
(INFO    ) [15:32:01|tosca_opt] |             |___/ \__||_|   \_,_|\__| \__| \_,_||_|  \___|               |
(INFO    ) [15:32:01|tosca_opt] |                                                                          |
(INFO    ) [15:32:01|tosca_opt]  --------------------------------------------------------------------------
(INFO    ) [15:32:01|tosca_opt] | Version 3DEXPERIENCE R2025x                                              |
(INFO    ) [15:32:01|tosca_opt] | DATE:   2026-02-19                                                       |
(INFO    ) [15:32:01|tosca_opt]  --------------------------------------------------------------------------
(INFO    ) [15:32:02|tosca_opt]  --------------------------------------------------------------------------
(INFO    ) [15:32:02|tosca_opt] | Begin of DESIGN CYCLE NUMBER: 4                                          |
(INFO    ) [15:32:02|tosca_opt]  --------------------------------------------------------------------------
(INFO    ) [15:32:02|tosca_opt] Checking for existence of results
(INFO    ) [15:32:02|tosca_opt]  --------------------------------------------------------------------------
(INFO    ) [15:32:02|tosca_opt] | ANALYZE VALUE OF VARIABLES before OPTIMIZATION                           |
(INFO    ) [15:32:02|tosca_opt]  --------------------------------------------------------------------------
(INFO    ) [15:32:02|tosca_opt]  --------------------------------------------------------------------------
(INFO    ) [15:32:02|tosca_opt] | Convergence Criteria in Design Cycle 4                                   |
(INFO    ) [15:32:02|tosca_opt]  --------------------------------------------------------------------------
(INFO    ) [15:32:02|tosca_opt] Local objective function criterion : NOT_FULFILLED (Actual change / target:    0.07515/   0.00100)
(INFO    ) [15:32:02|tosca_opt] Local design variables criterion   : NOT_FULFILLED (Actual change / target:    0.02041/   0.00500)
(INFO    ) [15:32:02|tosca_opt] Global stop criterion              : NOT_FULFILLED (Max number of design cycles :  80)
(INFO    ) [15:32:02|tosca_opt] 
(INFO    ) [15:32:02|tosca_opt]  --------------------------------------------------------------------------
(INFO    ) [15:32:02|tosca_opt] | ANALYZE VALUE OF VARIABLES after OPTIMIZATION                            |
(INFO    ) [15:32:02|tosca_opt]  --------------------------------------------------------------------------
(INFO    ) [15:32:02|tosca_opt]  --------------------------------------------------------------------------
(INFO    ) [15:32:02|tosca_opt] | VARIABLES and DESIGN RESPONSES                                           |
(INFO    ) [15:32:02|tosca_opt]  --------------------------------------------------------------------------
(INFO    ) [15:32:02|tosca_opt]  DRESP_STRAIN_ENERGY                       :    5.4836
(INFO    ) [15:32:02|tosca_opt]  DRESP_VOLUME                              :    1251.9
(INFO    ) [15:32:02|tosca_opt]  --------------------------------------------------------------------------
(INFO    ) [15:32:02|tosca_opt]  --------------------------------------------------------------------------
(INFO    ) [15:32:02|tosca_opt] | Report of OPTIMIZATION Results                                           |
(INFO    ) [15:32:02|tosca_opt]  --------------------------------------------------------------------------
(INFO    ) [15:32:02|tosca_opt]  DESIGN CYCLE                :   4
(INFO    ) [15:32:02|tosca_opt]  OPTIMIZE name               : TOPOLOGY_OPTIMIZATION
(INFO    ) [15:32:02|tosca_opt]  OBJ_FUNC name               : MIN_SE
(INFO    ) [15:32:02|tosca_opt]  OBJ_FUNC value              :     5.48358
(INFO    ) [15:32:02|tosca_opt]  ==========================================================================
(INFO    ) [15:32:02|tosca_opt] |     Name of OBJ_FUNC_TERM      |   Value    |   Weight   |   Reference   |
(INFO    ) [15:32:02|tosca_opt]  ==========================================================================
(INFO    ) [15:32:02|tosca_opt] | DRESP_STRAIN_ENERGY            | 5.48358    | 1.0        | 0.0           |
(INFO    ) [15:32:02|tosca_opt]  ==========================================================================
(INFO    ) [15:32:02|tosca_opt] * SIMULIA Tosca Structure INFORMATION *
(INFO    ) [15:32:02|tosca_opt] Writing CONSTRAINTs with default normalization.
(INFO    ) [15:32:02|tosca_opt] For NORM value  <= 1.0   -->    CONSTRAINT is OK ( For all CONSTRAINT types )
(INFO    ) [15:32:02|tosca_opt]  ==========================================================================
(INFO    ) [15:32:02|tosca_opt] |  Name of CONSTRAINT  |  Act. Value  | Op.  | Target  |   Norm   | Status |
(INFO    ) [15:32:02|tosca_opt]  ==========================================================================
(INFO    ) [15:32:02|tosca_opt] | VOL_CONSTRAINT       | 0.496195     | <=   | 0.5     | 0.992389 | TRUE   |
(INFO    ) [15:32:02|tosca_opt]  ==========================================================================
(INFO    ) [15:32:03|tosca_opt]  --------------------------------------------------------------------------
(INFO    ) [15:32:03|tosca_opt] | Some STOP CRITERIA NOT satisfied this iteration                          |
(INFO    ) [15:32:03|tosca_opt]  --------------------------------------------------------------------------
(INFO    ) [15:32:03|tosca_opt]  --------------------------------------------------------------------------
(INFO    ) [15:32:03|tosca_opt] | End of DESIGN CYCLE NUMBER: 4                                            |
(INFO    ) [15:32:03|tosca_opt]  --------------------------------------------------------------------------
(INFO    ) [15:32:03|tosca_opt] Application finished successfully
(INFO    ) [15:32:03|tosca_driver] Module SMATsoToscaOpt has finished with exit code 0
(INFO    ) [15:32:03|tosca_driver] Calling: /uufs/chpc.utah.edu/sys/installdir/abaqus/2025/linux_a64/code/bin/SMATrtOptResExportTool --loglevel INFO --cycle 4 --onf_output ON
(INFO    ) [15:32:04|opt_res_export_tool] SIMULIA Tosca Structure.opt_res_export_tool - version 3DEXPERIENCE R2025x - build R427 - 20240925T190012Z 64 bit
(INFO    ) [15:32:04|opt_res_export_tool] Extracting results from opt_res_database
(INFO    ) [15:32:04|opt_res_export_tool] SIMULIA Tosca Structure.opt_res_export_tool finished successfully
(INFO    ) [15:32:04|tosca_driver] Module SMATrtOptResExportTool has finished with exit code 0
(NOTICE  ) [15:32:04|tosca_driver] Design cycle 5 started on 2026-02-19
(NOTICE  ) [15:32:04|tosca_driver] Starting Abaqus analysis - design cycle 5
(INFO    ) [15:32:04|tosca_driver] Activating the solver
(INFO    ) [15:32:04|tosca_driver] Calling hooks before module abaqus
(INFO    ) [15:32:04|tosca_driver] Calling: /uufs/chpc.utah.edu/sys/installdir/abaqus/2025/linux_a64/code/bin/SMATsoAbaqusTsProvider -j airbeam_vol --cycle 5
(INFO    ) [15:32:04|hook] Timestamp file written successfully
(INFO    ) [15:32:04|tosca_driver] Module hook has finished with exit code 0
(INFO    ) [15:32:05|tosca_driver] Fe-solver abaqus finished with job airbeam_vol.inp
(INFO    ) [15:32:05|tosca_driver] Elapsed time (inc. overhead): 0:00:01.102709
(INFO    ) [15:32:05|tosca_driver] Elapsed time of abaqus : 0:00:01.175121  -  current time : 15:32:05.751609
(INFO    ) [15:32:05|tosca_driver] Solution complete
(INFO    ) [15:32:05|tosca_driver] Checking solver output file: /uufs/chpc.utah.edu/common/home/u6074059/Abaqus/paper_reproduction/experiment7/run_7d/airbeam_7d_tosca/airbeam_vol.msg
(INFO    ) [15:32:05|tosca_driver] Searching for success check string: "THE ANALYSIS HAS BEEN COMPLETED"
(INFO    ) [15:32:05|tosca_driver] Calling: /uufs/chpc.utah.edu/sys/installdir/abaqus/2025/linux_a64/code/bin/SMATsoOdbToVtmMain --solver abaqus --loglevel INFO --format_matrices sim --cycle 5 --perturbation 0 /uufs/chpc.utah.edu/common/home/u6074059/Abaqus/paper_reproduction/experiment7/run_7d/airbeam_7d_tosca/airbeam_vol
(INFO    ) [15:32:05|odb_to_vtm] SIMULIA Tosca Structure.odb_to_vtm - version 3DEXPERIENCE R2025x - build R427 - 20240925T190012Z 64 bit
(INFO    ) [15:32:05|odb_to_vtm] Reading Abaqus ODB output file /uufs/chpc.utah.edu/common/home/u6074059/Abaqus/paper_reproduction/experiment7/run_7d/airbeam_7d_tosca/airbeam_vol
(INFO    ) [15:32:06|odb_to_vtm] Reading results from the Abaqus result database /uufs/chpc.utah.edu/common/home/u6074059/Abaqus/paper_reproduction/experiment7/run_7d/airbeam_7d_tosca/airbeam_vol.odb
(INFO    ) [15:32:06|odb_to_vtm] SIMULIA Tosca Structure.odb_to_vtm finished successfully
(INFO    ) [15:32:06|tosca_driver] Module SMATsoOdbToVtmMain has finished with exit code 0
(NOTICE  ) [15:32:06|tosca_driver] Starting Tosca Structure optimization module - design cycle 5
(INFO    ) [15:32:06|tosca_driver] Calling: /uufs/chpc.utah.edu/sys/installdir/abaqus/2025/linux_a64/code/bin/SMATsoToscaOpt --loglevel INFO
(INFO    ) [15:32:06|tosca_opt] SIMULIA Tosca Structure.tosca_opt - version 3DEXPERIENCE R2025x - build R427 - 20240925T190012Z 64 bit
(INFO    ) [15:32:06|tosca_opt]  --------------------------------------------------------------------------
(INFO    ) [15:32:06|tosca_opt] |                ___  ___  __  __  _   _  _     ___    _                   |
(INFO    ) [15:32:06|tosca_opt] |               / __||_ _||  \/  || | | || |   |_ _|  /_\                  |
(INFO    ) [15:32:06|tosca_opt] |               \__ \ | | | |\/| || |_| || |__  | |  / _ \                 |
(INFO    ) [15:32:06|tosca_opt] |               |___/|___||_|  |_| \___/ |____||___|/_/ \_\                |
(INFO    ) [15:32:06|tosca_opt] |                        _____                                             |
(INFO    ) [15:32:06|tosca_opt] |                       |_   _|___  ___ __  __ _                           |
(INFO    ) [15:32:06|tosca_opt] |                         | | / _ \(_-</ _|/ _` |                          |
(INFO    ) [15:32:06|tosca_opt] |                         |_| \___//__/\__|\__,_|                          |
(INFO    ) [15:32:06|tosca_opt] |              ___  _                   _                                  |
(INFO    ) [15:32:06|tosca_opt] |             / __|| |_  _ _  _  _  __ | |_  _  _  _ _  ___                |
(INFO    ) [15:32:06|tosca_opt] |             \__ \|  _|| `_|| || |/ _||  _|| || || `_|/ -_)               |
(INFO    ) [15:32:06|tosca_opt] |             |___/ \__||_|   \_,_|\__| \__| \_,_||_|  \___|               |
(INFO    ) [15:32:06|tosca_opt] |                                                                          |
(INFO    ) [15:32:06|tosca_opt]  --------------------------------------------------------------------------
(INFO    ) [15:32:06|tosca_opt] | Version 3DEXPERIENCE R2025x                                              |
(INFO    ) [15:32:06|tosca_opt] | DATE:   2026-02-19                                                       |
(INFO    ) [15:32:06|tosca_opt]  --------------------------------------------------------------------------
(INFO    ) [15:32:07|tosca_opt]  --------------------------------------------------------------------------
(INFO    ) [15:32:07|tosca_opt] | Begin of DESIGN CYCLE NUMBER: 5                                          |
(INFO    ) [15:32:07|tosca_opt]  --------------------------------------------------------------------------
(INFO    ) [15:32:07|tosca_opt] Checking for existence of results
(INFO    ) [15:32:07|tosca_opt]  --------------------------------------------------------------------------
(INFO    ) [15:32:07|tosca_opt] | ANALYZE VALUE OF VARIABLES before OPTIMIZATION                           |
(INFO    ) [15:32:07|tosca_opt]  --------------------------------------------------------------------------
(INFO    ) [15:32:07|tosca_opt]  --------------------------------------------------------------------------
(INFO    ) [15:32:07|tosca_opt] | Convergence Criteria in Design Cycle 5                                   |
(INFO    ) [15:32:07|tosca_opt]  --------------------------------------------------------------------------
(INFO    ) [15:32:07|tosca_opt] Local objective function criterion : NOT_FULFILLED (Actual change / target:    0.05320/   0.00100)
(INFO    ) [15:32:07|tosca_opt] Local design variables criterion   : NOT_FULFILLED (Actual change / target:    0.01713/   0.00500)
(INFO    ) [15:32:07|tosca_opt] Global stop criterion              : NOT_FULFILLED (Max number of design cycles :  80)
(INFO    ) [15:32:07|tosca_opt] 
(INFO    ) [15:32:07|tosca_opt]  --------------------------------------------------------------------------
(INFO    ) [15:32:07|tosca_opt] | ANALYZE VALUE OF VARIABLES after OPTIMIZATION                            |
(INFO    ) [15:32:07|tosca_opt]  --------------------------------------------------------------------------
(INFO    ) [15:32:07|tosca_opt]  --------------------------------------------------------------------------
(INFO    ) [15:32:07|tosca_opt] | VARIABLES and DESIGN RESPONSES                                           |
(INFO    ) [15:32:07|tosca_opt]  --------------------------------------------------------------------------
(INFO    ) [15:32:07|tosca_opt]  DRESP_STRAIN_ENERGY                       :    5.2066
(INFO    ) [15:32:07|tosca_opt]  DRESP_VOLUME                              :    1255.4
(INFO    ) [15:32:07|tosca_opt]  --------------------------------------------------------------------------
(INFO    ) [15:32:07|tosca_opt]  --------------------------------------------------------------------------
(INFO    ) [15:32:07|tosca_opt] | Report of OPTIMIZATION Results                                           |
(INFO    ) [15:32:07|tosca_opt]  --------------------------------------------------------------------------
(INFO    ) [15:32:07|tosca_opt]  DESIGN CYCLE                :   5
(INFO    ) [15:32:07|tosca_opt]  OPTIMIZE name               : TOPOLOGY_OPTIMIZATION
(INFO    ) [15:32:07|tosca_opt]  OBJ_FUNC name               : MIN_SE
(INFO    ) [15:32:07|tosca_opt]  OBJ_FUNC value              :     5.20657
(INFO    ) [15:32:07|tosca_opt]  ==========================================================================
(INFO    ) [15:32:07|tosca_opt] |     Name of OBJ_FUNC_TERM      |   Value    |   Weight   |   Reference   |
(INFO    ) [15:32:07|tosca_opt]  ==========================================================================
(INFO    ) [15:32:07|tosca_opt] | DRESP_STRAIN_ENERGY            | 5.20657    | 1.0        | 0.0           |
(INFO    ) [15:32:07|tosca_opt]  ==========================================================================
(INFO    ) [15:32:07|tosca_opt] * SIMULIA Tosca Structure INFORMATION *
(INFO    ) [15:32:07|tosca_opt] Writing CONSTRAINTs with default normalization.
(INFO    ) [15:32:07|tosca_opt] For NORM value  <= 1.0   -->    CONSTRAINT is OK ( For all CONSTRAINT types )
(INFO    ) [15:32:07|tosca_opt]  ==========================================================================
(INFO    ) [15:32:07|tosca_opt] |  Name of CONSTRAINT  |  Act. Value  | Op.  | Target  |   Norm   | Status |
(INFO    ) [15:32:07|tosca_opt]  ==========================================================================
(INFO    ) [15:32:07|tosca_opt] | VOL_CONSTRAINT       | 0.497586     | <=   | 0.5     | 0.995173 | TRUE   |
(INFO    ) [15:32:07|tosca_opt]  ==========================================================================
(INFO    ) [15:32:07|tosca_opt]  --------------------------------------------------------------------------
(INFO    ) [15:32:07|tosca_opt] | Some STOP CRITERIA NOT satisfied this iteration                          |
(INFO    ) [15:32:07|tosca_opt]  --------------------------------------------------------------------------
(INFO    ) [15:32:07|tosca_opt]  --------------------------------------------------------------------------
(INFO    ) [15:32:07|tosca_opt] | End of DESIGN CYCLE NUMBER: 5                                            |
(INFO    ) [15:32:07|tosca_opt]  --------------------------------------------------------------------------
(INFO    ) [15:32:08|tosca_opt] Application finished successfully
(INFO    ) [15:32:08|tosca_driver] Module SMATsoToscaOpt has finished with exit code 0
(INFO    ) [15:32:08|tosca_driver] Calling: /uufs/chpc.utah.edu/sys/installdir/abaqus/2025/linux_a64/code/bin/SMATrtOptResExportTool --loglevel INFO --cycle 5 --onf_output ON
(INFO    ) [15:32:08|opt_res_export_tool] SIMULIA Tosca Structure.opt_res_export_tool - version 3DEXPERIENCE R2025x - build R427 - 20240925T190012Z 64 bit
(INFO    ) [15:32:08|opt_res_export_tool] Extracting results from opt_res_database
(INFO    ) [15:32:08|opt_res_export_tool] SIMULIA Tosca Structure.opt_res_export_tool finished successfully
(INFO    ) [15:32:08|tosca_driver] Module SMATrtOptResExportTool has finished with exit code 0
(NOTICE  ) [15:32:08|tosca_driver] Design cycle 6 started on 2026-02-19
(NOTICE  ) [15:32:08|tosca_driver] Starting Abaqus analysis - design cycle 6
(INFO    ) [15:32:08|tosca_driver] Activating the solver
(INFO    ) [15:32:08|tosca_driver] Calling hooks before module abaqus
(INFO    ) [15:32:08|tosca_driver] Calling: /uufs/chpc.utah.edu/sys/installdir/abaqus/2025/linux_a64/code/bin/SMATsoAbaqusTsProvider -j airbeam_vol --cycle 6
(INFO    ) [15:32:08|hook] Timestamp file written successfully
(INFO    ) [15:32:08|tosca_driver] Module hook has finished with exit code 0
(INFO    ) [15:32:09|tosca_driver] Fe-solver abaqus finished with job airbeam_vol.inp
(INFO    ) [15:32:09|tosca_driver] Elapsed time (inc. overhead): 0:00:01.203285
(INFO    ) [15:32:09|tosca_driver] Elapsed time of abaqus : 0:00:01.270556  -  current time : 15:32:09.968559
(INFO    ) [15:32:09|tosca_driver] Solution complete
(INFO    ) [15:32:09|tosca_driver] Checking solver output file: /uufs/chpc.utah.edu/common/home/u6074059/Abaqus/paper_reproduction/experiment7/run_7d/airbeam_7d_tosca/airbeam_vol.msg
(INFO    ) [15:32:09|tosca_driver] Searching for success check string: "THE ANALYSIS HAS BEEN COMPLETED"
(INFO    ) [15:32:09|tosca_driver] Calling: /uufs/chpc.utah.edu/sys/installdir/abaqus/2025/linux_a64/code/bin/SMATsoOdbToVtmMain --solver abaqus --loglevel INFO --format_matrices sim --cycle 6 --perturbation 0 /uufs/chpc.utah.edu/common/home/u6074059/Abaqus/paper_reproduction/experiment7/run_7d/airbeam_7d_tosca/airbeam_vol
(INFO    ) [15:32:10|odb_to_vtm] SIMULIA Tosca Structure.odb_to_vtm - version 3DEXPERIENCE R2025x - build R427 - 20240925T190012Z 64 bit
(INFO    ) [15:32:10|odb_to_vtm] Reading Abaqus ODB output file /uufs/chpc.utah.edu/common/home/u6074059/Abaqus/paper_reproduction/experiment7/run_7d/airbeam_7d_tosca/airbeam_vol
(INFO    ) [15:32:10|odb_to_vtm] Reading results from the Abaqus result database /uufs/chpc.utah.edu/common/home/u6074059/Abaqus/paper_reproduction/experiment7/run_7d/airbeam_7d_tosca/airbeam_vol.odb
(INFO    ) [15:32:10|odb_to_vtm] SIMULIA Tosca Structure.odb_to_vtm finished successfully
(INFO    ) [15:32:10|tosca_driver] Module SMATsoOdbToVtmMain has finished with exit code 0
(NOTICE  ) [15:32:10|tosca_driver] Starting Tosca Structure optimization module - design cycle 6
(INFO    ) [15:32:10|tosca_driver] Calling: /uufs/chpc.utah.edu/sys/installdir/abaqus/2025/linux_a64/code/bin/SMATsoToscaOpt --loglevel INFO
(INFO    ) [15:32:10|tosca_opt] SIMULIA Tosca Structure.tosca_opt - version 3DEXPERIENCE R2025x - build R427 - 20240925T190012Z 64 bit
(INFO    ) [15:32:10|tosca_opt]  --------------------------------------------------------------------------
(INFO    ) [15:32:10|tosca_opt] |                ___  ___  __  __  _   _  _     ___    _                   |
(INFO    ) [15:32:10|tosca_opt] |               / __||_ _||  \/  || | | || |   |_ _|  /_\                  |
(INFO    ) [15:32:10|tosca_opt] |               \__ \ | | | |\/| || |_| || |__  | |  / _ \                 |
(INFO    ) [15:32:10|tosca_opt] |               |___/|___||_|  |_| \___/ |____||___|/_/ \_\                |
(INFO    ) [15:32:10|tosca_opt] |                        _____                                             |
(INFO    ) [15:32:10|tosca_opt] |                       |_   _|___  ___ __  __ _                           |
(INFO    ) [15:32:10|tosca_opt] |                         | | / _ \(_-</ _|/ _` |                          |
(INFO    ) [15:32:10|tosca_opt] |                         |_| \___//__/\__|\__,_|                          |
(INFO    ) [15:32:10|tosca_opt] |              ___  _                   _                                  |
(INFO    ) [15:32:10|tosca_opt] |             / __|| |_  _ _  _  _  __ | |_  _  _  _ _  ___                |
(INFO    ) [15:32:10|tosca_opt] |             \__ \|  _|| `_|| || |/ _||  _|| || || `_|/ -_)               |
(INFO    ) [15:32:10|tosca_opt] |             |___/ \__||_|   \_,_|\__| \__| \_,_||_|  \___|               |
(INFO    ) [15:32:10|tosca_opt] |                                                                          |
(INFO    ) [15:32:10|tosca_opt]  --------------------------------------------------------------------------
(INFO    ) [15:32:10|tosca_opt] | Version 3DEXPERIENCE R2025x                                              |
(INFO    ) [15:32:10|tosca_opt] | DATE:   2026-02-19                                                       |
(INFO    ) [15:32:10|tosca_opt]  --------------------------------------------------------------------------
(INFO    ) [15:32:11|tosca_opt]  --------------------------------------------------------------------------
(INFO    ) [15:32:11|tosca_opt] | Begin of DESIGN CYCLE NUMBER: 6                                          |
(INFO    ) [15:32:11|tosca_opt]  --------------------------------------------------------------------------
(INFO    ) [15:32:11|tosca_opt] Checking for existence of results
(INFO    ) [15:32:11|tosca_opt]  --------------------------------------------------------------------------
(INFO    ) [15:32:11|tosca_opt] | ANALYZE VALUE OF VARIABLES before OPTIMIZATION                           |
(INFO    ) [15:32:11|tosca_opt]  --------------------------------------------------------------------------
(INFO    ) [15:32:11|tosca_opt]  --------------------------------------------------------------------------
(INFO    ) [15:32:11|tosca_opt] | Convergence Criteria in Design Cycle 6                                   |
(INFO    ) [15:32:11|tosca_opt]  --------------------------------------------------------------------------
(INFO    ) [15:32:11|tosca_opt] Local objective function criterion : NOT_FULFILLED (Actual change / target:    0.03488/   0.00100)
(INFO    ) [15:32:11|tosca_opt] Local design variables criterion   : NOT_FULFILLED (Actual change / target:    0.01546/   0.00500)
(INFO    ) [15:32:11|tosca_opt] Global stop criterion              : NOT_FULFILLED (Max number of design cycles :  80)
(INFO    ) [15:32:11|tosca_opt] 
(INFO    ) [15:32:11|tosca_opt]  --------------------------------------------------------------------------
(INFO    ) [15:32:11|tosca_opt] | ANALYZE VALUE OF VARIABLES after OPTIMIZATION                            |
(INFO    ) [15:32:11|tosca_opt]  --------------------------------------------------------------------------
(INFO    ) [15:32:11|tosca_opt]  --------------------------------------------------------------------------
(INFO    ) [15:32:11|tosca_opt] | VARIABLES and DESIGN RESPONSES                                           |
(INFO    ) [15:32:11|tosca_opt]  --------------------------------------------------------------------------
(INFO    ) [15:32:11|tosca_opt]  DRESP_STRAIN_ENERGY                       :    5.0311
(INFO    ) [15:32:11|tosca_opt]  DRESP_VOLUME                              :    1257.4
(INFO    ) [15:32:11|tosca_opt]  --------------------------------------------------------------------------
(INFO    ) [15:32:11|tosca_opt]  --------------------------------------------------------------------------
(INFO    ) [15:32:11|tosca_opt] | Report of OPTIMIZATION Results                                           |
(INFO    ) [15:32:11|tosca_opt]  --------------------------------------------------------------------------
(INFO    ) [15:32:11|tosca_opt]  DESIGN CYCLE                :   6
(INFO    ) [15:32:11|tosca_opt]  OPTIMIZE name               : TOPOLOGY_OPTIMIZATION
(INFO    ) [15:32:11|tosca_opt]  OBJ_FUNC name               : MIN_SE
(INFO    ) [15:32:11|tosca_opt]  OBJ_FUNC value              :     5.03107
(INFO    ) [15:32:11|tosca_opt]  ==========================================================================
(INFO    ) [15:32:11|tosca_opt] |     Name of OBJ_FUNC_TERM      |   Value    |   Weight   |   Reference   |
(INFO    ) [15:32:11|tosca_opt]  ==========================================================================
(INFO    ) [15:32:11|tosca_opt] | DRESP_STRAIN_ENERGY            | 5.03107    | 1.0        | 0.0           |
(INFO    ) [15:32:11|tosca_opt]  ==========================================================================
(INFO    ) [15:32:11|tosca_opt] * SIMULIA Tosca Structure INFORMATION *
(INFO    ) [15:32:11|tosca_opt] Writing CONSTRAINTs with default normalization.
(INFO    ) [15:32:11|tosca_opt] For NORM value  <= 1.0   -->    CONSTRAINT is OK ( For all CONSTRAINT types )
(INFO    ) [15:32:11|tosca_opt]  ==========================================================================
(INFO    ) [15:32:11|tosca_opt] |  Name of CONSTRAINT  |  Act. Value  | Op.  | Target  |   Norm   | Status |
(INFO    ) [15:32:11|tosca_opt]  ==========================================================================
(INFO    ) [15:32:11|tosca_opt] | VOL_CONSTRAINT       | 0.498357     | <=   | 0.5     | 0.996715 | TRUE   |
(INFO    ) [15:32:11|tosca_opt]  ==========================================================================
(INFO    ) [15:32:12|tosca_opt]  --------------------------------------------------------------------------
(INFO    ) [15:32:12|tosca_opt] | Some STOP CRITERIA NOT satisfied this iteration                          |
(INFO    ) [15:32:12|tosca_opt]  --------------------------------------------------------------------------
(INFO    ) [15:32:12|tosca_opt]  --------------------------------------------------------------------------
(INFO    ) [15:32:12|tosca_opt] | End of DESIGN CYCLE NUMBER: 6                                            |
(INFO    ) [15:32:12|tosca_opt]  --------------------------------------------------------------------------
(INFO    ) [15:32:12|tosca_opt] Application finished successfully
(INFO    ) [15:32:12|tosca_driver] Module SMATsoToscaOpt has finished with exit code 0
(INFO    ) [15:32:12|tosca_driver] Calling: /uufs/chpc.utah.edu/sys/installdir/abaqus/2025/linux_a64/code/bin/SMATrtOptResExportTool --loglevel INFO --cycle 6 --onf_output ON
(INFO    ) [15:32:12|opt_res_export_tool] SIMULIA Tosca Structure.opt_res_export_tool - version 3DEXPERIENCE R2025x - build R427 - 20240925T190012Z 64 bit
(INFO    ) [15:32:12|opt_res_export_tool] Extracting results from opt_res_database
(INFO    ) [15:32:12|opt_res_export_tool] SIMULIA Tosca Structure.opt_res_export_tool finished successfully
(INFO    ) [15:32:12|tosca_driver] Module SMATrtOptResExportTool has finished with exit code 0
(NOTICE  ) [15:32:13|tosca_driver] Design cycle 7 started on 2026-02-19
(NOTICE  ) [15:32:13|tosca_driver] Starting Abaqus analysis - design cycle 7
(INFO    ) [15:32:13|tosca_driver] Activating the solver
(INFO    ) [15:32:13|tosca_driver] Calling hooks before module abaqus
(INFO    ) [15:32:13|tosca_driver] Calling: /uufs/chpc.utah.edu/sys/installdir/abaqus/2025/linux_a64/code/bin/SMATsoAbaqusTsProvider -j airbeam_vol --cycle 7
(INFO    ) [15:32:13|hook] Timestamp file written successfully
(INFO    ) [15:32:13|tosca_driver] Module hook has finished with exit code 0
(INFO    ) [15:32:14|tosca_driver] Fe-solver abaqus finished with job airbeam_vol.inp
(INFO    ) [15:32:14|tosca_driver] Elapsed time (inc. overhead): 0:00:01.102728
(INFO    ) [15:32:14|tosca_driver] Elapsed time of abaqus : 0:00:01.173747  -  current time : 15:32:14.350155
(INFO    ) [15:32:14|tosca_driver] Solution complete
(INFO    ) [15:32:14|tosca_driver] Checking solver output file: /uufs/chpc.utah.edu/common/home/u6074059/Abaqus/paper_reproduction/experiment7/run_7d/airbeam_7d_tosca/airbeam_vol.msg
(INFO    ) [15:32:14|tosca_driver] Searching for success check string: "THE ANALYSIS HAS BEEN COMPLETED"
(INFO    ) [15:32:14|tosca_driver] Calling: /uufs/chpc.utah.edu/sys/installdir/abaqus/2025/linux_a64/code/bin/SMATsoOdbToVtmMain --solver abaqus --loglevel INFO --format_matrices sim --cycle 7 --perturbation 0 /uufs/chpc.utah.edu/common/home/u6074059/Abaqus/paper_reproduction/experiment7/run_7d/airbeam_7d_tosca/airbeam_vol
(INFO    ) [15:32:14|odb_to_vtm] SIMULIA Tosca Structure.odb_to_vtm - version 3DEXPERIENCE R2025x - build R427 - 20240925T190012Z 64 bit
(INFO    ) [15:32:14|odb_to_vtm] Reading Abaqus ODB output file /uufs/chpc.utah.edu/common/home/u6074059/Abaqus/paper_reproduction/experiment7/run_7d/airbeam_7d_tosca/airbeam_vol
(INFO    ) [15:32:14|odb_to_vtm] Reading results from the Abaqus result database /uufs/chpc.utah.edu/common/home/u6074059/Abaqus/paper_reproduction/experiment7/run_7d/airbeam_7d_tosca/airbeam_vol.odb
(INFO    ) [15:32:14|odb_to_vtm] SIMULIA Tosca Structure.odb_to_vtm finished successfully
(INFO    ) [15:32:14|tosca_driver] Module SMATsoOdbToVtmMain has finished with exit code 0
(NOTICE  ) [15:32:14|tosca_driver] Starting Tosca Structure optimization module - design cycle 7
(INFO    ) [15:32:14|tosca_driver] Calling: /uufs/chpc.utah.edu/sys/installdir/abaqus/2025/linux_a64/code/bin/SMATsoToscaOpt --loglevel INFO
(INFO    ) [15:32:14|tosca_opt] SIMULIA Tosca Structure.tosca_opt - version 3DEXPERIENCE R2025x - build R427 - 20240925T190012Z 64 bit
(INFO    ) [15:32:14|tosca_opt]  --------------------------------------------------------------------------
(INFO    ) [15:32:14|tosca_opt] |                ___  ___  __  __  _   _  _     ___    _                   |
(INFO    ) [15:32:14|tosca_opt] |               / __||_ _||  \/  || | | || |   |_ _|  /_\                  |
(INFO    ) [15:32:14|tosca_opt] |               \__ \ | | | |\/| || |_| || |__  | |  / _ \                 |
(INFO    ) [15:32:14|tosca_opt] |               |___/|___||_|  |_| \___/ |____||___|/_/ \_\                |
(INFO    ) [15:32:14|tosca_opt] |                        _____                                             |
(INFO    ) [15:32:14|tosca_opt] |                       |_   _|___  ___ __  __ _                           |
(INFO    ) [15:32:14|tosca_opt] |                         | | / _ \(_-</ _|/ _` |                          |
(INFO    ) [15:32:14|tosca_opt] |                         |_| \___//__/\__|\__,_|                          |
(INFO    ) [15:32:14|tosca_opt] |              ___  _                   _                                  |
(INFO    ) [15:32:14|tosca_opt] |             / __|| |_  _ _  _  _  __ | |_  _  _  _ _  ___                |
(INFO    ) [15:32:14|tosca_opt] |             \__ \|  _|| `_|| || |/ _||  _|| || || `_|/ -_)               |
(INFO    ) [15:32:14|tosca_opt] |             |___/ \__||_|   \_,_|\__| \__| \_,_||_|  \___|               |
(INFO    ) [15:32:14|tosca_opt] |                                                                          |
(INFO    ) [15:32:14|tosca_opt]  --------------------------------------------------------------------------
(INFO    ) [15:32:14|tosca_opt] | Version 3DEXPERIENCE R2025x                                              |
(INFO    ) [15:32:14|tosca_opt] | DATE:   2026-02-19                                                       |
(INFO    ) [15:32:14|tosca_opt]  --------------------------------------------------------------------------
(INFO    ) [15:32:15|tosca_opt]  --------------------------------------------------------------------------
(INFO    ) [15:32:15|tosca_opt] | Begin of DESIGN CYCLE NUMBER: 7                                          |
(INFO    ) [15:32:15|tosca_opt]  --------------------------------------------------------------------------
(INFO    ) [15:32:15|tosca_opt] Checking for existence of results
(INFO    ) [15:32:15|tosca_opt]  --------------------------------------------------------------------------
(INFO    ) [15:32:15|tosca_opt] | ANALYZE VALUE OF VARIABLES before OPTIMIZATION                           |
(INFO    ) [15:32:15|tosca_opt]  --------------------------------------------------------------------------
(INFO    ) [15:32:15|tosca_opt]  --------------------------------------------------------------------------
(INFO    ) [15:32:15|tosca_opt] | Convergence Criteria in Design Cycle 7                                   |
(INFO    ) [15:32:15|tosca_opt]  --------------------------------------------------------------------------
(INFO    ) [15:32:15|tosca_opt] Local objective function criterion : NOT_FULFILLED (Actual change / target:    0.02624/   0.00100)
(INFO    ) [15:32:15|tosca_opt] Local design variables criterion   : NOT_FULFILLED (Actual change / target:    0.01598/   0.00500)
(INFO    ) [15:32:15|tosca_opt] Global stop criterion              : NOT_FULFILLED (Max number of design cycles :  80)
(INFO    ) [15:32:15|tosca_opt] 
(INFO    ) [15:32:16|tosca_opt]  --------------------------------------------------------------------------
(INFO    ) [15:32:16|tosca_opt] | ANALYZE VALUE OF VARIABLES after OPTIMIZATION                            |
(INFO    ) [15:32:16|tosca_opt]  --------------------------------------------------------------------------
(INFO    ) [15:32:16|tosca_opt]  --------------------------------------------------------------------------
(INFO    ) [15:32:16|tosca_opt] | VARIABLES and DESIGN RESPONSES                                           |
(INFO    ) [15:32:16|tosca_opt]  --------------------------------------------------------------------------
(INFO    ) [15:32:16|tosca_opt]  DRESP_STRAIN_ENERGY                       :    4.9024
(INFO    ) [15:32:16|tosca_opt]  DRESP_VOLUME                              :    1257.9
(INFO    ) [15:32:16|tosca_opt]  --------------------------------------------------------------------------
(INFO    ) [15:32:16|tosca_opt]  --------------------------------------------------------------------------
(INFO    ) [15:32:16|tosca_opt] | Report of OPTIMIZATION Results                                           |
(INFO    ) [15:32:16|tosca_opt]  --------------------------------------------------------------------------
(INFO    ) [15:32:16|tosca_opt]  DESIGN CYCLE                :   7
(INFO    ) [15:32:16|tosca_opt]  OPTIMIZE name               : TOPOLOGY_OPTIMIZATION
(INFO    ) [15:32:16|tosca_opt]  OBJ_FUNC name               : MIN_SE
(INFO    ) [15:32:16|tosca_opt]  OBJ_FUNC value              :     4.90243
(INFO    ) [15:32:16|tosca_opt]  ==========================================================================
(INFO    ) [15:32:16|tosca_opt] |     Name of OBJ_FUNC_TERM      |   Value    |   Weight   |   Reference   |
(INFO    ) [15:32:16|tosca_opt]  ==========================================================================
(INFO    ) [15:32:16|tosca_opt] | DRESP_STRAIN_ENERGY            | 4.90243    | 1.0        | 0.0           |
(INFO    ) [15:32:16|tosca_opt]  ==========================================================================
(INFO    ) [15:32:16|tosca_opt] * SIMULIA Tosca Structure INFORMATION *
(INFO    ) [15:32:16|tosca_opt] Writing CONSTRAINTs with default normalization.
(INFO    ) [15:32:16|tosca_opt] For NORM value  <= 1.0   -->    CONSTRAINT is OK ( For all CONSTRAINT types )
(INFO    ) [15:32:16|tosca_opt]  ==========================================================================
(INFO    ) [15:32:16|tosca_opt] |  Name of CONSTRAINT  |  Act. Value  | Op. | Target  |   Norm   | Status  |
(INFO    ) [15:32:16|tosca_opt]  ==========================================================================
(INFO    ) [15:32:16|tosca_opt] | VOL_CONSTRAINT       | 0.498575     | <=  | 0.5     | 0.99715  | TRUE    |
(INFO    ) [15:32:16|tosca_opt]  ==========================================================================
(INFO    ) [15:32:16|tosca_opt]  --------------------------------------------------------------------------
(INFO    ) [15:32:16|tosca_opt] | Some STOP CRITERIA NOT satisfied this iteration                          |
(INFO    ) [15:32:16|tosca_opt]  --------------------------------------------------------------------------
(INFO    ) [15:32:16|tosca_opt]  --------------------------------------------------------------------------
(INFO    ) [15:32:16|tosca_opt] | End of DESIGN CYCLE NUMBER: 7                                            |
(INFO    ) [15:32:16|tosca_opt]  --------------------------------------------------------------------------
(INFO    ) [15:32:16|tosca_opt] Application finished successfully
(INFO    ) [15:32:16|tosca_driver] Module SMATsoToscaOpt has finished with exit code 0
(INFO    ) [15:32:16|tosca_driver] Calling: /uufs/chpc.utah.edu/sys/installdir/abaqus/2025/linux_a64/code/bin/SMATrtOptResExportTool --loglevel INFO --cycle 7 --onf_output ON
(INFO    ) [15:32:17|opt_res_export_tool] SIMULIA Tosca Structure.opt_res_export_tool - version 3DEXPERIENCE R2025x - build R427 - 20240925T190012Z 64 bit
(INFO    ) [15:32:17|opt_res_export_tool] Extracting results from opt_res_database
(INFO    ) [15:32:17|opt_res_export_tool] SIMULIA Tosca Structure.opt_res_export_tool finished successfully
(INFO    ) [15:32:17|tosca_driver] Module SMATrtOptResExportTool has finished with exit code 0
(NOTICE  ) [15:32:17|tosca_driver] Design cycle 8 started on 2026-02-19
(NOTICE  ) [15:32:17|tosca_driver] Starting Abaqus analysis - design cycle 8
(INFO    ) [15:32:17|tosca_driver] Activating the solver
(INFO    ) [15:32:17|tosca_driver] Calling hooks before module abaqus
(INFO    ) [15:32:17|tosca_driver] Calling: /uufs/chpc.utah.edu/sys/installdir/abaqus/2025/linux_a64/code/bin/SMATsoAbaqusTsProvider -j airbeam_vol --cycle 8
(INFO    ) [15:32:17|hook] Timestamp file written successfully
(INFO    ) [15:32:17|tosca_driver] Module hook has finished with exit code 0
(INFO    ) [15:32:18|tosca_driver] Fe-solver abaqus finished with job airbeam_vol.inp
(INFO    ) [15:32:18|tosca_driver] Elapsed time (inc. overhead): 0:00:01.303065
(INFO    ) [15:32:18|tosca_driver] Elapsed time of abaqus : 0:00:01.369004  -  current time : 15:32:18.755391
(INFO    ) [15:32:18|tosca_driver] Solution complete
(INFO    ) [15:32:18|tosca_driver] Checking solver output file: /uufs/chpc.utah.edu/common/home/u6074059/Abaqus/paper_reproduction/experiment7/run_7d/airbeam_7d_tosca/airbeam_vol.msg
(INFO    ) [15:32:18|tosca_driver] Searching for success check string: "THE ANALYSIS HAS BEEN COMPLETED"
(INFO    ) [15:32:18|tosca_driver] Calling: /uufs/chpc.utah.edu/sys/installdir/abaqus/2025/linux_a64/code/bin/SMATsoOdbToVtmMain --solver abaqus --loglevel INFO --format_matrices sim --cycle 8 --perturbation 0 /uufs/chpc.utah.edu/common/home/u6074059/Abaqus/paper_reproduction/experiment7/run_7d/airbeam_7d_tosca/airbeam_vol
(INFO    ) [15:32:18|odb_to_vtm] SIMULIA Tosca Structure.odb_to_vtm - version 3DEXPERIENCE R2025x - build R427 - 20240925T190012Z 64 bit
(INFO    ) [15:32:18|odb_to_vtm] Reading Abaqus ODB output file /uufs/chpc.utah.edu/common/home/u6074059/Abaqus/paper_reproduction/experiment7/run_7d/airbeam_7d_tosca/airbeam_vol
(INFO    ) [15:32:19|odb_to_vtm] Reading results from the Abaqus result database /uufs/chpc.utah.edu/common/home/u6074059/Abaqus/paper_reproduction/experiment7/run_7d/airbeam_7d_tosca/airbeam_vol.odb
(INFO    ) [15:32:19|odb_to_vtm] SIMULIA Tosca Structure.odb_to_vtm finished successfully
(INFO    ) [15:32:19|tosca_driver] Module SMATsoOdbToVtmMain has finished with exit code 0
(NOTICE  ) [15:32:19|tosca_driver] Starting Tosca Structure optimization module - design cycle 8
(INFO    ) [15:32:19|tosca_driver] Calling: /uufs/chpc.utah.edu/sys/installdir/abaqus/2025/linux_a64/code/bin/SMATsoToscaOpt --loglevel INFO
(INFO    ) [15:32:19|tosca_opt] SIMULIA Tosca Structure.tosca_opt - version 3DEXPERIENCE R2025x - build R427 - 20240925T190012Z 64 bit
(INFO    ) [15:32:19|tosca_opt]  --------------------------------------------------------------------------
(INFO    ) [15:32:19|tosca_opt] |                ___  ___  __  __  _   _  _     ___    _                   |
(INFO    ) [15:32:19|tosca_opt] |               / __||_ _||  \/  || | | || |   |_ _|  /_\                  |
(INFO    ) [15:32:19|tosca_opt] |               \__ \ | | | |\/| || |_| || |__  | |  / _ \                 |
(INFO    ) [15:32:19|tosca_opt] |               |___/|___||_|  |_| \___/ |____||___|/_/ \_\                |
(INFO    ) [15:32:19|tosca_opt] |                        _____                                             |
(INFO    ) [15:32:19|tosca_opt] |                       |_   _|___  ___ __  __ _                           |
(INFO    ) [15:32:19|tosca_opt] |                         | | / _ \(_-</ _|/ _` |                          |
(INFO    ) [15:32:19|tosca_opt] |                         |_| \___//__/\__|\__,_|                          |
(INFO    ) [15:32:19|tosca_opt] |              ___  _                   _                                  |
(INFO    ) [15:32:19|tosca_opt] |             / __|| |_  _ _  _  _  __ | |_  _  _  _ _  ___                |
(INFO    ) [15:32:19|tosca_opt] |             \__ \|  _|| `_|| || |/ _||  _|| || || `_|/ -_)               |
(INFO    ) [15:32:19|tosca_opt] |             |___/ \__||_|   \_,_|\__| \__| \_,_||_|  \___|               |
(INFO    ) [15:32:19|tosca_opt] |                                                                          |
(INFO    ) [15:32:19|tosca_opt]  --------------------------------------------------------------------------
(INFO    ) [15:32:19|tosca_opt] | Version 3DEXPERIENCE R2025x                                              |
(INFO    ) [15:32:19|tosca_opt] | DATE:   2026-02-19                                                       |
(INFO    ) [15:32:19|tosca_opt]  --------------------------------------------------------------------------
(INFO    ) [15:32:20|tosca_opt]  --------------------------------------------------------------------------
(INFO    ) [15:32:20|tosca_opt] | Begin of DESIGN CYCLE NUMBER: 8                                          |
(INFO    ) [15:32:20|tosca_opt]  --------------------------------------------------------------------------
(INFO    ) [15:32:20|tosca_opt] Checking for existence of results
(INFO    ) [15:32:20|tosca_opt]  --------------------------------------------------------------------------
(INFO    ) [15:32:20|tosca_opt] | ANALYZE VALUE OF VARIABLES before OPTIMIZATION                           |
(INFO    ) [15:32:20|tosca_opt]  --------------------------------------------------------------------------
(INFO    ) [15:32:20|tosca_opt]  --------------------------------------------------------------------------
(INFO    ) [15:32:20|tosca_opt] | Convergence Criteria in Design Cycle 8                                   |
(INFO    ) [15:32:20|tosca_opt]  --------------------------------------------------------------------------
(INFO    ) [15:32:20|tosca_opt] Local objective function criterion : NOT_FULFILLED (Actual change / target:    0.03023/   0.00100)
(INFO    ) [15:32:20|tosca_opt] Local design variables criterion   : NOT_FULFILLED (Actual change / target:    0.01941/   0.00500)
(INFO    ) [15:32:20|tosca_opt] Global stop criterion              : NOT_FULFILLED (Max number of design cycles :  80)
(INFO    ) [15:32:20|tosca_opt] 
(INFO    ) [15:32:20|tosca_opt]  --------------------------------------------------------------------------
(INFO    ) [15:32:20|tosca_opt] | ANALYZE VALUE OF VARIABLES after OPTIMIZATION                            |
(INFO    ) [15:32:20|tosca_opt]  --------------------------------------------------------------------------
(INFO    ) [15:32:20|tosca_opt]  --------------------------------------------------------------------------
(INFO    ) [15:32:20|tosca_opt] | VARIABLES and DESIGN RESPONSES                                           |
(INFO    ) [15:32:20|tosca_opt]  --------------------------------------------------------------------------
(INFO    ) [15:32:20|tosca_opt]  DRESP_STRAIN_ENERGY                       :    4.7586
(INFO    ) [15:32:20|tosca_opt]  DRESP_VOLUME                              :    1257.2
(INFO    ) [15:32:20|tosca_opt]  --------------------------------------------------------------------------
(INFO    ) [15:32:20|tosca_opt]  --------------------------------------------------------------------------
(INFO    ) [15:32:20|tosca_opt] | Report of OPTIMIZATION Results                                           |
(INFO    ) [15:32:20|tosca_opt]  --------------------------------------------------------------------------
(INFO    ) [15:32:20|tosca_opt]  DESIGN CYCLE                :   8
(INFO    ) [15:32:20|tosca_opt]  OPTIMIZE name               : TOPOLOGY_OPTIMIZATION
(INFO    ) [15:32:20|tosca_opt]  OBJ_FUNC name               : MIN_SE
(INFO    ) [15:32:20|tosca_opt]  OBJ_FUNC value              :     4.75858
(INFO    ) [15:32:20|tosca_opt]  ==========================================================================
(INFO    ) [15:32:20|tosca_opt] |     Name of OBJ_FUNC_TERM      |   Value    |   Weight   |   Reference   |
(INFO    ) [15:32:20|tosca_opt]  ==========================================================================
(INFO    ) [15:32:20|tosca_opt] | DRESP_STRAIN_ENERGY            | 4.75858    | 1.0        | 0.0           |
(INFO    ) [15:32:20|tosca_opt]  ==========================================================================
(INFO    ) [15:32:20|tosca_opt] * SIMULIA Tosca Structure INFORMATION *
(INFO    ) [15:32:20|tosca_opt] Writing CONSTRAINTs with default normalization.
(INFO    ) [15:32:20|tosca_opt] For NORM value  <= 1.0   -->    CONSTRAINT is OK ( For all CONSTRAINT types )
(INFO    ) [15:32:20|tosca_opt]  ==========================================================================
(INFO    ) [15:32:20|tosca_opt] |  Name of CONSTRAINT  |  Act. Value  | Op.  | Target  |   Norm   | Status |
(INFO    ) [15:32:20|tosca_opt]  ==========================================================================
(INFO    ) [15:32:20|tosca_opt] | VOL_CONSTRAINT       | 0.498301     | <=   | 0.5     | 0.996603 | TRUE   |
(INFO    ) [15:32:20|tosca_opt]  ==========================================================================
(INFO    ) [15:32:20|tosca_opt]  --------------------------------------------------------------------------
(INFO    ) [15:32:20|tosca_opt] | Some STOP CRITERIA NOT satisfied this iteration                          |
(INFO    ) [15:32:20|tosca_opt]  --------------------------------------------------------------------------
(INFO    ) [15:32:21|tosca_opt]  --------------------------------------------------------------------------
(INFO    ) [15:32:21|tosca_opt] | End of DESIGN CYCLE NUMBER: 8                                            |
(INFO    ) [15:32:21|tosca_opt]  --------------------------------------------------------------------------
(INFO    ) [15:32:21|tosca_opt] Application finished successfully
(INFO    ) [15:32:21|tosca_driver] Module SMATsoToscaOpt has finished with exit code 0
(INFO    ) [15:32:21|tosca_driver] Calling: /uufs/chpc.utah.edu/sys/installdir/abaqus/2025/linux_a64/code/bin/SMATrtOptResExportTool --loglevel INFO --cycle 8 --onf_output ON
(INFO    ) [15:32:21|opt_res_export_tool] SIMULIA Tosca Structure.opt_res_export_tool - version 3DEXPERIENCE R2025x - build R427 - 20240925T190012Z 64 bit
(INFO    ) [15:32:21|opt_res_export_tool] Extracting results from opt_res_database
(INFO    ) [15:32:21|opt_res_export_tool] SIMULIA Tosca Structure.opt_res_export_tool finished successfully
(INFO    ) [15:32:21|tosca_driver] Module SMATrtOptResExportTool has finished with exit code 0
(NOTICE  ) [15:32:21|tosca_driver] Design cycle 9 started on 2026-02-19
(NOTICE  ) [15:32:21|tosca_driver] Starting Abaqus analysis - design cycle 9
(INFO    ) [15:32:21|tosca_driver] Activating the solver
(INFO    ) [15:32:21|tosca_driver] Calling hooks before module abaqus
(INFO    ) [15:32:21|tosca_driver] Calling: /uufs/chpc.utah.edu/sys/installdir/abaqus/2025/linux_a64/code/bin/SMATsoAbaqusTsProvider -j airbeam_vol --cycle 9
(INFO    ) [15:32:21|hook] Timestamp file written successfully
(INFO    ) [15:32:21|tosca_driver] Module hook has finished with exit code 0
(INFO    ) [15:32:23|tosca_driver] Fe-solver abaqus finished with job airbeam_vol.inp
(INFO    ) [15:32:23|tosca_driver] Elapsed time (inc. overhead): 0:00:01.102700
(INFO    ) [15:32:23|tosca_driver] Elapsed time of abaqus : 0:00:01.171312  -  current time : 15:32:23.091205
(INFO    ) [15:32:23|tosca_driver] Solution complete
(INFO    ) [15:32:23|tosca_driver] Checking solver output file: /uufs/chpc.utah.edu/common/home/u6074059/Abaqus/paper_reproduction/experiment7/run_7d/airbeam_7d_tosca/airbeam_vol.msg
(INFO    ) [15:32:23|tosca_driver] Searching for success check string: "THE ANALYSIS HAS BEEN COMPLETED"
(INFO    ) [15:32:23|tosca_driver] Calling: /uufs/chpc.utah.edu/sys/installdir/abaqus/2025/linux_a64/code/bin/SMATsoOdbToVtmMain --solver abaqus --loglevel INFO --format_matrices sim --cycle 9 --perturbation 0 /uufs/chpc.utah.edu/common/home/u6074059/Abaqus/paper_reproduction/experiment7/run_7d/airbeam_7d_tosca/airbeam_vol
(INFO    ) [15:32:23|odb_to_vtm] SIMULIA Tosca Structure.odb_to_vtm - version 3DEXPERIENCE R2025x - build R427 - 20240925T190012Z 64 bit
(INFO    ) [15:32:23|odb_to_vtm] Reading Abaqus ODB output file /uufs/chpc.utah.edu/common/home/u6074059/Abaqus/paper_reproduction/experiment7/run_7d/airbeam_7d_tosca/airbeam_vol
(INFO    ) [15:32:23|odb_to_vtm] Reading results from the Abaqus result database /uufs/chpc.utah.edu/common/home/u6074059/Abaqus/paper_reproduction/experiment7/run_7d/airbeam_7d_tosca/airbeam_vol.odb
(INFO    ) [15:32:23|odb_to_vtm] SIMULIA Tosca Structure.odb_to_vtm finished successfully
(INFO    ) [15:32:23|tosca_driver] Module SMATsoOdbToVtmMain has finished with exit code 0
(NOTICE  ) [15:32:23|tosca_driver] Starting Tosca Structure optimization module - design cycle 9
(INFO    ) [15:32:23|tosca_driver] Calling: /uufs/chpc.utah.edu/sys/installdir/abaqus/2025/linux_a64/code/bin/SMATsoToscaOpt --loglevel INFO
(INFO    ) [15:32:23|tosca_opt] SIMULIA Tosca Structure.tosca_opt - version 3DEXPERIENCE R2025x - build R427 - 20240925T190012Z 64 bit
(INFO    ) [15:32:23|tosca_opt]  --------------------------------------------------------------------------
(INFO    ) [15:32:23|tosca_opt] |                ___  ___  __  __  _   _  _     ___    _                   |
(INFO    ) [15:32:23|tosca_opt] |               / __||_ _||  \/  || | | || |   |_ _|  /_\                  |
(INFO    ) [15:32:23|tosca_opt] |               \__ \ | | | |\/| || |_| || |__  | |  / _ \                 |
(INFO    ) [15:32:23|tosca_opt] |               |___/|___||_|  |_| \___/ |____||___|/_/ \_\                |
(INFO    ) [15:32:23|tosca_opt] |                        _____                                             |
(INFO    ) [15:32:23|tosca_opt] |                       |_   _|___  ___ __  __ _                           |
(INFO    ) [15:32:23|tosca_opt] |                         | | / _ \(_-</ _|/ _` |                          |
(INFO    ) [15:32:23|tosca_opt] |                         |_| \___//__/\__|\__,_|                          |
(INFO    ) [15:32:23|tosca_opt] |              ___  _                   _                                  |
(INFO    ) [15:32:23|tosca_opt] |             / __|| |_  _ _  _  _  __ | |_  _  _  _ _  ___                |
(INFO    ) [15:32:23|tosca_opt] |             \__ \|  _|| `_|| || |/ _||  _|| || || `_|/ -_)               |
(INFO    ) [15:32:23|tosca_opt] |             |___/ \__||_|   \_,_|\__| \__| \_,_||_|  \___|               |
(INFO    ) [15:32:23|tosca_opt] |                                                                          |
(INFO    ) [15:32:23|tosca_opt]  --------------------------------------------------------------------------
(INFO    ) [15:32:23|tosca_opt] | Version 3DEXPERIENCE R2025x                                              |
(INFO    ) [15:32:23|tosca_opt] | DATE:   2026-02-19                                                       |
(INFO    ) [15:32:23|tosca_opt]  --------------------------------------------------------------------------
(INFO    ) [15:32:24|tosca_opt]  --------------------------------------------------------------------------
(INFO    ) [15:32:24|tosca_opt] | Begin of DESIGN CYCLE NUMBER: 9                                          |
(INFO    ) [15:32:24|tosca_opt]  --------------------------------------------------------------------------
(INFO    ) [15:32:24|tosca_opt] Checking for existence of results
(INFO    ) [15:32:24|tosca_opt]  --------------------------------------------------------------------------
(INFO    ) [15:32:24|tosca_opt] | ANALYZE VALUE OF VARIABLES before OPTIMIZATION                           |
(INFO    ) [15:32:24|tosca_opt]  --------------------------------------------------------------------------
(INFO    ) [15:32:24|tosca_opt]  --------------------------------------------------------------------------
(INFO    ) [15:32:24|tosca_opt] | Convergence Criteria in Design Cycle 9                                   |
(INFO    ) [15:32:24|tosca_opt]  --------------------------------------------------------------------------
(INFO    ) [15:32:24|tosca_opt] Local objective function criterion : NOT_FULFILLED (Actual change / target:    0.03862/   0.00100)
(INFO    ) [15:32:24|tosca_opt] Local design variables criterion   : NOT_FULFILLED (Actual change / target:    0.02387/   0.00500)
(INFO    ) [15:32:24|tosca_opt] Global stop criterion              : NOT_FULFILLED (Max number of design cycles :  80)
(INFO    ) [15:32:24|tosca_opt] 
(INFO    ) [15:32:24|tosca_opt]  --------------------------------------------------------------------------
(INFO    ) [15:32:24|tosca_opt] | ANALYZE VALUE OF VARIABLES after OPTIMIZATION                            |
(INFO    ) [15:32:24|tosca_opt]  --------------------------------------------------------------------------
(INFO    ) [15:32:24|tosca_opt]  --------------------------------------------------------------------------
(INFO    ) [15:32:24|tosca_opt] | VARIABLES and DESIGN RESPONSES                                           |
(INFO    ) [15:32:24|tosca_opt]  --------------------------------------------------------------------------
(INFO    ) [15:32:24|tosca_opt]  DRESP_STRAIN_ENERGY                       :    4.5816
(INFO    ) [15:32:24|tosca_opt]  DRESP_VOLUME                              :    1255.7
(INFO    ) [15:32:24|tosca_opt]  --------------------------------------------------------------------------
(INFO    ) [15:32:24|tosca_opt]  --------------------------------------------------------------------------
(INFO    ) [15:32:24|tosca_opt] | Report of OPTIMIZATION Results                                           |
(INFO    ) [15:32:24|tosca_opt]  --------------------------------------------------------------------------
(INFO    ) [15:32:24|tosca_opt]  DESIGN CYCLE                :   9
(INFO    ) [15:32:24|tosca_opt]  OPTIMIZE name               : TOPOLOGY_OPTIMIZATION
(INFO    ) [15:32:24|tosca_opt]  OBJ_FUNC name               : MIN_SE
(INFO    ) [15:32:24|tosca_opt]  OBJ_FUNC value              :     4.58162
(INFO    ) [15:32:24|tosca_opt]  ==========================================================================
(INFO    ) [15:32:24|tosca_opt] |     Name of OBJ_FUNC_TERM      |   Value    |   Weight   |   Reference   |
(INFO    ) [15:32:24|tosca_opt]  ==========================================================================
(INFO    ) [15:32:24|tosca_opt] | DRESP_STRAIN_ENERGY            | 4.58162    | 1.0        | 0.0           |
(INFO    ) [15:32:24|tosca_opt]  ==========================================================================
(INFO    ) [15:32:24|tosca_opt] * SIMULIA Tosca Structure INFORMATION *
(INFO    ) [15:32:24|tosca_opt] Writing CONSTRAINTs with default normalization.
(INFO    ) [15:32:24|tosca_opt] For NORM value  <= 1.0   -->    CONSTRAINT is OK ( For all CONSTRAINT types )
(INFO    ) [15:32:24|tosca_opt]  ==========================================================================
(INFO    ) [15:32:24|tosca_opt] |  Name of CONSTRAINT  |  Act. Value  | Op.  | Target  |   Norm   | Status |
(INFO    ) [15:32:24|tosca_opt]  ==========================================================================
(INFO    ) [15:32:24|tosca_opt] | VOL_CONSTRAINT       | 0.497718     | <=   | 0.5     | 0.995435 | TRUE   |
(INFO    ) [15:32:24|tosca_opt]  ==========================================================================
(INFO    ) [15:32:25|tosca_opt]  --------------------------------------------------------------------------
(INFO    ) [15:32:25|tosca_opt] | Some STOP CRITERIA NOT satisfied this iteration                          |
(INFO    ) [15:32:25|tosca_opt]  --------------------------------------------------------------------------
(INFO    ) [15:32:25|tosca_opt]  --------------------------------------------------------------------------
(INFO    ) [15:32:25|tosca_opt] | End of DESIGN CYCLE NUMBER: 9                                            |
(INFO    ) [15:32:25|tosca_opt]  --------------------------------------------------------------------------
(INFO    ) [15:32:25|tosca_opt] Application finished successfully
(INFO    ) [15:32:25|tosca_driver] Module SMATsoToscaOpt has finished with exit code 0
(INFO    ) [15:32:25|tosca_driver] Calling: /uufs/chpc.utah.edu/sys/installdir/abaqus/2025/linux_a64/code/bin/SMATrtOptResExportTool --loglevel INFO --cycle 9 --onf_output ON
(INFO    ) [15:32:25|opt_res_export_tool] SIMULIA Tosca Structure.opt_res_export_tool - version 3DEXPERIENCE R2025x - build R427 - 20240925T190012Z 64 bit
(INFO    ) [15:32:25|opt_res_export_tool] Extracting results from opt_res_database
(INFO    ) [15:32:25|opt_res_export_tool] SIMULIA Tosca Structure.opt_res_export_tool finished successfully
(INFO    ) [15:32:25|tosca_driver] Module SMATrtOptResExportTool has finished with exit code 0
(NOTICE  ) [15:32:26|tosca_driver] Design cycle 10 started on 2026-02-19
(NOTICE  ) [15:32:26|tosca_driver] Starting Abaqus analysis - design cycle 10
(INFO    ) [15:32:26|tosca_driver] Activating the solver
(INFO    ) [15:32:26|tosca_driver] Calling hooks before module abaqus
(INFO    ) [15:32:26|tosca_driver] Calling: /uufs/chpc.utah.edu/sys/installdir/abaqus/2025/linux_a64/code/bin/SMATsoAbaqusTsProvider -j airbeam_vol --cycle 10
(INFO    ) [15:32:26|hook] Timestamp file written successfully
(INFO    ) [15:32:26|tosca_driver] Module hook has finished with exit code 0
(INFO    ) [15:32:27|tosca_driver] Fe-solver abaqus finished with job airbeam_vol.inp
(INFO    ) [15:32:27|tosca_driver] Elapsed time (inc. overhead): 0:00:01.302825
(INFO    ) [15:32:27|tosca_driver] Elapsed time of abaqus : 0:00:01.370135  -  current time : 15:32:27.490629
(INFO    ) [15:32:27|tosca_driver] Solution complete
(INFO    ) [15:32:27|tosca_driver] Checking solver output file: /uufs/chpc.utah.edu/common/home/u6074059/Abaqus/paper_reproduction/experiment7/run_7d/airbeam_7d_tosca/airbeam_vol.msg
(INFO    ) [15:32:27|tosca_driver] Searching for success check string: "THE ANALYSIS HAS BEEN COMPLETED"
(INFO    ) [15:32:27|tosca_driver] Calling: /uufs/chpc.utah.edu/sys/installdir/abaqus/2025/linux_a64/code/bin/SMATsoOdbToVtmMain --solver abaqus --loglevel INFO --format_matrices sim --cycle 10 --perturbation 0 /uufs/chpc.utah.edu/common/home/u6074059/Abaqus/paper_reproduction/experiment7/run_7d/airbeam_7d_tosca/airbeam_vol
(INFO    ) [15:32:27|odb_to_vtm] SIMULIA Tosca Structure.odb_to_vtm - version 3DEXPERIENCE R2025x - build R427 - 20240925T190012Z 64 bit
(INFO    ) [15:32:27|odb_to_vtm] Reading Abaqus ODB output file /uufs/chpc.utah.edu/common/home/u6074059/Abaqus/paper_reproduction/experiment7/run_7d/airbeam_7d_tosca/airbeam_vol
(INFO    ) [15:32:27|odb_to_vtm] Reading results from the Abaqus result database /uufs/chpc.utah.edu/common/home/u6074059/Abaqus/paper_reproduction/experiment7/run_7d/airbeam_7d_tosca/airbeam_vol.odb
(INFO    ) [15:32:27|odb_to_vtm] SIMULIA Tosca Structure.odb_to_vtm finished successfully
(INFO    ) [15:32:27|tosca_driver] Module SMATsoOdbToVtmMain has finished with exit code 0
(NOTICE  ) [15:32:27|tosca_driver] Starting Tosca Structure optimization module - design cycle 10
(INFO    ) [15:32:27|tosca_driver] Calling: /uufs/chpc.utah.edu/sys/installdir/abaqus/2025/linux_a64/code/bin/SMATsoToscaOpt --loglevel INFO
(INFO    ) [15:32:27|tosca_opt] SIMULIA Tosca Structure.tosca_opt - version 3DEXPERIENCE R2025x - build R427 - 20240925T190012Z 64 bit
(INFO    ) [15:32:27|tosca_opt]  --------------------------------------------------------------------------
(INFO    ) [15:32:27|tosca_opt] |                ___  ___  __  __  _   _  _     ___    _                   |
(INFO    ) [15:32:27|tosca_opt] |               / __||_ _||  \/  || | | || |   |_ _|  /_\                  |
(INFO    ) [15:32:27|tosca_opt] |               \__ \ | | | |\/| || |_| || |__  | |  / _ \                 |
(INFO    ) [15:32:27|tosca_opt] |               |___/|___||_|  |_| \___/ |____||___|/_/ \_\                |
(INFO    ) [15:32:27|tosca_opt] |                        _____                                             |
(INFO    ) [15:32:27|tosca_opt] |                       |_   _|___  ___ __  __ _                           |
(INFO    ) [15:32:27|tosca_opt] |                         | | / _ \(_-</ _|/ _` |                          |
(INFO    ) [15:32:27|tosca_opt] |                         |_| \___//__/\__|\__,_|                          |
(INFO    ) [15:32:27|tosca_opt] |              ___  _                   _                                  |
(INFO    ) [15:32:27|tosca_opt] |             / __|| |_  _ _  _  _  __ | |_  _  _  _ _  ___                |
(INFO    ) [15:32:27|tosca_opt] |             \__ \|  _|| `_|| || |/ _||  _|| || || `_|/ -_)               |
(INFO    ) [15:32:27|tosca_opt] |             |___/ \__||_|   \_,_|\__| \__| \_,_||_|  \___|               |
(INFO    ) [15:32:27|tosca_opt] |                                                                          |
(INFO    ) [15:32:27|tosca_opt]  --------------------------------------------------------------------------
(INFO    ) [15:32:27|tosca_opt] | Version 3DEXPERIENCE R2025x                                              |
(INFO    ) [15:32:27|tosca_opt] | DATE:   2026-02-19                                                       |
(INFO    ) [15:32:27|tosca_opt]  --------------------------------------------------------------------------
(INFO    ) [15:32:28|tosca_opt]  --------------------------------------------------------------------------
(INFO    ) [15:32:28|tosca_opt] | Begin of DESIGN CYCLE NUMBER: 10                                         |
(INFO    ) [15:32:28|tosca_opt]  --------------------------------------------------------------------------
(INFO    ) [15:32:28|tosca_opt] Checking for existence of results
(INFO    ) [15:32:28|tosca_opt]  --------------------------------------------------------------------------
(INFO    ) [15:32:28|tosca_opt] | ANALYZE VALUE OF VARIABLES before OPTIMIZATION                           |
(INFO    ) [15:32:28|tosca_opt]  --------------------------------------------------------------------------
(INFO    ) [15:32:28|tosca_opt]  --------------------------------------------------------------------------
(INFO    ) [15:32:28|tosca_opt] | Convergence Criteria in Design Cycle 10                                  |
(INFO    ) [15:32:28|tosca_opt]  --------------------------------------------------------------------------
(INFO    ) [15:32:28|tosca_opt] Local objective function criterion : NOT_FULFILLED (Actual change / target:    0.02957/   0.00100)
(INFO    ) [15:32:28|tosca_opt] Local design variables criterion   : NOT_FULFILLED (Actual change / target:    0.02127/   0.00500)
(INFO    ) [15:32:28|tosca_opt] Global stop criterion              : NOT_FULFILLED (Max number of design cycles :  80)
(INFO    ) [15:32:28|tosca_opt] 
(INFO    ) [15:32:29|tosca_opt]  --------------------------------------------------------------------------
(INFO    ) [15:32:29|tosca_opt] | ANALYZE VALUE OF VARIABLES after OPTIMIZATION                            |
(INFO    ) [15:32:29|tosca_opt]  --------------------------------------------------------------------------
(INFO    ) [15:32:29|tosca_opt]  --------------------------------------------------------------------------
(INFO    ) [15:32:29|tosca_opt] | VARIABLES and DESIGN RESPONSES                                           |
(INFO    ) [15:32:29|tosca_opt]  --------------------------------------------------------------------------
(INFO    ) [15:32:29|tosca_opt]  DRESP_STRAIN_ENERGY                       :    4.4500
(INFO    ) [15:32:29|tosca_opt]  DRESP_VOLUME                              :    1257.0
(INFO    ) [15:32:29|tosca_opt]  --------------------------------------------------------------------------
(INFO    ) [15:32:29|tosca_opt]  --------------------------------------------------------------------------
(INFO    ) [15:32:29|tosca_opt] | Report of OPTIMIZATION Results                                           |
(INFO    ) [15:32:29|tosca_opt]  --------------------------------------------------------------------------
(INFO    ) [15:32:29|tosca_opt]  DESIGN CYCLE                :  10
(INFO    ) [15:32:29|tosca_opt]  OPTIMIZE name               : TOPOLOGY_OPTIMIZATION
(INFO    ) [15:32:29|tosca_opt]  OBJ_FUNC name               : MIN_SE
(INFO    ) [15:32:29|tosca_opt]  OBJ_FUNC value              :     4.45003
(INFO    ) [15:32:29|tosca_opt]  ==========================================================================
(INFO    ) [15:32:29|tosca_opt] |     Name of OBJ_FUNC_TERM      |   Value    |   Weight   |   Reference   |
(INFO    ) [15:32:29|tosca_opt]  ==========================================================================
(INFO    ) [15:32:29|tosca_opt] | DRESP_STRAIN_ENERGY            | 4.45003    | 1.0        | 0.0           |
(INFO    ) [15:32:29|tosca_opt]  ==========================================================================
(INFO    ) [15:32:29|tosca_opt] * SIMULIA Tosca Structure INFORMATION *
(INFO    ) [15:32:29|tosca_opt] Writing CONSTRAINTs with default normalization.
(INFO    ) [15:32:29|tosca_opt] For NORM value  <= 1.0   -->    CONSTRAINT is OK ( For all CONSTRAINT types )
(INFO    ) [15:32:29|tosca_opt]  ==========================================================================
(INFO    ) [15:32:29|tosca_opt] |  Name of CONSTRAINT  |  Act. Value  | Op.  | Target  |   Norm   | Status |
(INFO    ) [15:32:29|tosca_opt]  ==========================================================================
(INFO    ) [15:32:29|tosca_opt] | VOL_CONSTRAINT       | 0.498231     | <=   | 0.5     | 0.996461 | TRUE   |
(INFO    ) [15:32:29|tosca_opt]  ==========================================================================
(INFO    ) [15:32:30|tosca_opt]  --------------------------------------------------------------------------
(INFO    ) [15:32:30|tosca_opt] | Some STOP CRITERIA NOT satisfied this iteration                          |
(INFO    ) [15:32:30|tosca_opt]  --------------------------------------------------------------------------
(INFO    ) [15:32:30|tosca_opt]  --------------------------------------------------------------------------
(INFO    ) [15:32:30|tosca_opt] | End of DESIGN CYCLE NUMBER: 10                                           |
(INFO    ) [15:32:30|tosca_opt]  --------------------------------------------------------------------------
(INFO    ) [15:32:30|tosca_opt] Application finished successfully
(INFO    ) [15:32:30|tosca_driver] Module SMATsoToscaOpt has finished with exit code 0
(INFO    ) [15:32:30|tosca_driver] Calling: /uufs/chpc.utah.edu/sys/installdir/abaqus/2025/linux_a64/code/bin/SMATrtOptResExportTool --loglevel INFO --cycle 10 --onf_output ON
(INFO    ) [15:32:30|opt_res_export_tool] SIMULIA Tosca Structure.opt_res_export_tool - version 3DEXPERIENCE R2025x - build R427 - 20240925T190012Z 64 bit
(INFO    ) [15:32:30|opt_res_export_tool] Extracting results from opt_res_database
(INFO    ) [15:32:30|opt_res_export_tool] SIMULIA Tosca Structure.opt_res_export_tool finished successfully
(INFO    ) [15:32:30|tosca_driver] Module SMATrtOptResExportTool has finished with exit code 0
(NOTICE  ) [15:32:31|tosca_driver] Design cycle 11 started on 2026-02-19
(NOTICE  ) [15:32:31|tosca_driver] Starting Abaqus analysis - design cycle 11
(INFO    ) [15:32:31|tosca_driver] Activating the solver
(INFO    ) [15:32:31|tosca_driver] Calling hooks before module abaqus
(INFO    ) [15:32:31|tosca_driver] Calling: /uufs/chpc.utah.edu/sys/installdir/abaqus/2025/linux_a64/code/bin/SMATsoAbaqusTsProvider -j airbeam_vol --cycle 11
(INFO    ) [15:32:31|hook] Timestamp file written successfully
(INFO    ) [15:32:31|tosca_driver] Module hook has finished with exit code 0
(INFO    ) [15:32:32|tosca_driver] Fe-solver abaqus finished with job airbeam_vol.inp
(INFO    ) [15:32:32|tosca_driver] Elapsed time (inc. overhead): 0:00:01.303206
(INFO    ) [15:32:32|tosca_driver] Elapsed time of abaqus : 0:00:01.373311  -  current time : 15:32:32.566583
(INFO    ) [15:32:32|tosca_driver] Solution complete
(INFO    ) [15:32:32|tosca_driver] Checking solver output file: /uufs/chpc.utah.edu/common/home/u6074059/Abaqus/paper_reproduction/experiment7/run_7d/airbeam_7d_tosca/airbeam_vol.msg
(INFO    ) [15:32:32|tosca_driver] Searching for success check string: "THE ANALYSIS HAS BEEN COMPLETED"
(INFO    ) [15:32:32|tosca_driver] Calling: /uufs/chpc.utah.edu/sys/installdir/abaqus/2025/linux_a64/code/bin/SMATsoOdbToVtmMain --solver abaqus --loglevel INFO --format_matrices sim --cycle 11 --perturbation 0 /uufs/chpc.utah.edu/common/home/u6074059/Abaqus/paper_reproduction/experiment7/run_7d/airbeam_7d_tosca/airbeam_vol
(INFO    ) [15:32:32|odb_to_vtm] SIMULIA Tosca Structure.odb_to_vtm - version 3DEXPERIENCE R2025x - build R427 - 20240925T190012Z 64 bit
(INFO    ) [15:32:32|odb_to_vtm] Reading Abaqus ODB output file /uufs/chpc.utah.edu/common/home/u6074059/Abaqus/paper_reproduction/experiment7/run_7d/airbeam_7d_tosca/airbeam_vol
(INFO    ) [15:32:32|odb_to_vtm] Reading results from the Abaqus result database /uufs/chpc.utah.edu/common/home/u6074059/Abaqus/paper_reproduction/experiment7/run_7d/airbeam_7d_tosca/airbeam_vol.odb
(INFO    ) [15:32:33|odb_to_vtm] SIMULIA Tosca Structure.odb_to_vtm finished successfully
(INFO    ) [15:32:33|tosca_driver] Module SMATsoOdbToVtmMain has finished with exit code 0
(NOTICE  ) [15:32:33|tosca_driver] Starting Tosca Structure optimization module - design cycle 11
(INFO    ) [15:32:33|tosca_driver] Calling: /uufs/chpc.utah.edu/sys/installdir/abaqus/2025/linux_a64/code/bin/SMATsoToscaOpt --loglevel INFO
(INFO    ) [15:32:33|tosca_opt] SIMULIA Tosca Structure.tosca_opt - version 3DEXPERIENCE R2025x - build R427 - 20240925T190012Z 64 bit
(INFO    ) [15:32:33|tosca_opt]  --------------------------------------------------------------------------
(INFO    ) [15:32:33|tosca_opt] |                ___  ___  __  __  _   _  _     ___    _                   |
(INFO    ) [15:32:33|tosca_opt] |               / __||_ _||  \/  || | | || |   |_ _|  /_\                  |
(INFO    ) [15:32:33|tosca_opt] |               \__ \ | | | |\/| || |_| || |__  | |  / _ \                 |
(INFO    ) [15:32:33|tosca_opt] |               |___/|___||_|  |_| \___/ |____||___|/_/ \_\                |
(INFO    ) [15:32:33|tosca_opt] |                        _____                                             |
(INFO    ) [15:32:33|tosca_opt] |                       |_   _|___  ___ __  __ _                           |
(INFO    ) [15:32:33|tosca_opt] |                         | | / _ \(_-</ _|/ _` |                          |
(INFO    ) [15:32:33|tosca_opt] |                         |_| \___//__/\__|\__,_|                          |
(INFO    ) [15:32:33|tosca_opt] |              ___  _                   _                                  |
(INFO    ) [15:32:33|tosca_opt] |             / __|| |_  _ _  _  _  __ | |_  _  _  _ _  ___                |
(INFO    ) [15:32:33|tosca_opt] |             \__ \|  _|| `_|| || |/ _||  _|| || || `_|/ -_)               |
(INFO    ) [15:32:33|tosca_opt] |             |___/ \__||_|   \_,_|\__| \__| \_,_||_|  \___|               |
(INFO    ) [15:32:33|tosca_opt] |                                                                          |
(INFO    ) [15:32:33|tosca_opt]  --------------------------------------------------------------------------
(INFO    ) [15:32:33|tosca_opt] | Version 3DEXPERIENCE R2025x                                              |
(INFO    ) [15:32:33|tosca_opt] | DATE:   2026-02-19                                                       |
(INFO    ) [15:32:33|tosca_opt]  --------------------------------------------------------------------------
(INFO    ) [15:32:34|tosca_opt]  --------------------------------------------------------------------------
(INFO    ) [15:32:34|tosca_opt] | Begin of DESIGN CYCLE NUMBER: 11                                         |
(INFO    ) [15:32:34|tosca_opt]  --------------------------------------------------------------------------
(INFO    ) [15:32:34|tosca_opt] Checking for existence of results
(INFO    ) [15:32:34|tosca_opt]  --------------------------------------------------------------------------
(INFO    ) [15:32:34|tosca_opt] | ANALYZE VALUE OF VARIABLES before OPTIMIZATION                           |
(INFO    ) [15:32:34|tosca_opt]  --------------------------------------------------------------------------
(INFO    ) [15:32:34|tosca_opt]  --------------------------------------------------------------------------
(INFO    ) [15:32:34|tosca_opt] | Convergence Criteria in Design Cycle 11                                  |
(INFO    ) [15:32:34|tosca_opt]  --------------------------------------------------------------------------
(INFO    ) [15:32:34|tosca_opt] Local objective function criterion : NOT_FULFILLED (Actual change / target:    0.02232/   0.00100)
(INFO    ) [15:32:34|tosca_opt] Local design variables criterion   : NOT_FULFILLED (Actual change / target:    0.02196/   0.00500)
(INFO    ) [15:32:34|tosca_opt] Global stop criterion              : NOT_FULFILLED (Max number of design cycles :  80)
(INFO    ) [15:32:34|tosca_opt] 
(INFO    ) [15:32:34|tosca_opt]  --------------------------------------------------------------------------
(INFO    ) [15:32:34|tosca_opt] | ANALYZE VALUE OF VARIABLES after OPTIMIZATION                            |
(INFO    ) [15:32:34|tosca_opt]  --------------------------------------------------------------------------
(INFO    ) [15:32:34|tosca_opt]  --------------------------------------------------------------------------
(INFO    ) [15:32:34|tosca_opt] | VARIABLES and DESIGN RESPONSES                                           |
(INFO    ) [15:32:34|tosca_opt]  --------------------------------------------------------------------------
(INFO    ) [15:32:34|tosca_opt]  DRESP_STRAIN_ENERGY                       :    4.3529
(INFO    ) [15:32:34|tosca_opt]  DRESP_VOLUME                              :    1256.8
(INFO    ) [15:32:34|tosca_opt]  --------------------------------------------------------------------------
(INFO    ) [15:32:34|tosca_opt]  --------------------------------------------------------------------------
(INFO    ) [15:32:34|tosca_opt] | Report of OPTIMIZATION Results                                           |
(INFO    ) [15:32:34|tosca_opt]  --------------------------------------------------------------------------
(INFO    ) [15:32:34|tosca_opt]  DESIGN CYCLE                :  11
(INFO    ) [15:32:34|tosca_opt]  OPTIMIZE name               : TOPOLOGY_OPTIMIZATION
(INFO    ) [15:32:34|tosca_opt]  OBJ_FUNC name               : MIN_SE
(INFO    ) [15:32:34|tosca_opt]  OBJ_FUNC value              :     4.35288
(INFO    ) [15:32:34|tosca_opt]  ==========================================================================
(INFO    ) [15:32:34|tosca_opt] |     Name of OBJ_FUNC_TERM      |   Value    |   Weight   |   Reference   |
(INFO    ) [15:32:34|tosca_opt]  ==========================================================================
(INFO    ) [15:32:34|tosca_opt] | DRESP_STRAIN_ENERGY            | 4.35288    | 1.0        | 0.0           |
(INFO    ) [15:32:34|tosca_opt]  ==========================================================================
(INFO    ) [15:32:34|tosca_opt] * SIMULIA Tosca Structure INFORMATION *
(INFO    ) [15:32:34|tosca_opt] Writing CONSTRAINTs with default normalization.
(INFO    ) [15:32:34|tosca_opt] For NORM value  <= 1.0   -->    CONSTRAINT is OK ( For all CONSTRAINT types )
(INFO    ) [15:32:34|tosca_opt]  ==========================================================================
(INFO    ) [15:32:34|tosca_opt] |  Name of CONSTRAINT  |  Act. Value  | Op.  | Target  |   Norm   | Status |
(INFO    ) [15:32:34|tosca_opt]  ==========================================================================
(INFO    ) [15:32:34|tosca_opt] | VOL_CONSTRAINT       | 0.498128     | <=   | 0.5     | 0.996255 | TRUE   |
(INFO    ) [15:32:34|tosca_opt]  ==========================================================================
(INFO    ) [15:32:34|tosca_opt]  --------------------------------------------------------------------------
(INFO    ) [15:32:34|tosca_opt] | Some STOP CRITERIA NOT satisfied this iteration                          |
(INFO    ) [15:32:34|tosca_opt]  --------------------------------------------------------------------------
(INFO    ) [15:32:35|tosca_opt]  --------------------------------------------------------------------------
(INFO    ) [15:32:35|tosca_opt] | End of DESIGN CYCLE NUMBER: 11                                           |
(INFO    ) [15:32:35|tosca_opt]  --------------------------------------------------------------------------
(INFO    ) [15:32:35|tosca_opt] Application finished successfully
(INFO    ) [15:32:35|tosca_driver] Module SMATsoToscaOpt has finished with exit code 0
(INFO    ) [15:32:35|tosca_driver] Calling: /uufs/chpc.utah.edu/sys/installdir/abaqus/2025/linux_a64/code/bin/SMATrtOptResExportTool --loglevel INFO --cycle 11 --onf_output ON
(INFO    ) [15:32:35|opt_res_export_tool] SIMULIA Tosca Structure.opt_res_export_tool - version 3DEXPERIENCE R2025x - build R427 - 20240925T190012Z 64 bit
(INFO    ) [15:32:35|opt_res_export_tool] Extracting results from opt_res_database
(INFO    ) [15:32:35|opt_res_export_tool] SIMULIA Tosca Structure.opt_res_export_tool finished successfully
(INFO    ) [15:32:35|tosca_driver] Module SMATrtOptResExportTool has finished with exit code 0
(NOTICE  ) [15:32:35|tosca_driver] Design cycle 12 started on 2026-02-19
(NOTICE  ) [15:32:35|tosca_driver] Starting Abaqus analysis - design cycle 12
(INFO    ) [15:32:35|tosca_driver] Activating the solver
(INFO    ) [15:32:35|tosca_driver] Calling hooks before module abaqus
(INFO    ) [15:32:35|tosca_driver] Calling: /uufs/chpc.utah.edu/sys/installdir/abaqus/2025/linux_a64/code/bin/SMATsoAbaqusTsProvider -j airbeam_vol --cycle 12
(INFO    ) [15:32:35|hook] Timestamp file written successfully
(INFO    ) [15:32:35|tosca_driver] Module hook has finished with exit code 0
(INFO    ) [15:32:37|tosca_driver] Fe-solver abaqus finished with job airbeam_vol.inp
(INFO    ) [15:32:37|tosca_driver] Elapsed time (inc. overhead): 0:00:01.203006
(INFO    ) [15:32:37|tosca_driver] Elapsed time of abaqus : 0:00:01.318311  -  current time : 15:32:37.206101
(INFO    ) [15:32:37|tosca_driver] Solution complete
(INFO    ) [15:32:37|tosca_driver] Checking solver output file: /uufs/chpc.utah.edu/common/home/u6074059/Abaqus/paper_reproduction/experiment7/run_7d/airbeam_7d_tosca/airbeam_vol.msg
(INFO    ) [15:32:37|tosca_driver] Searching for success check string: "THE ANALYSIS HAS BEEN COMPLETED"
(INFO    ) [15:32:37|tosca_driver] Calling: /uufs/chpc.utah.edu/sys/installdir/abaqus/2025/linux_a64/code/bin/SMATsoOdbToVtmMain --solver abaqus --loglevel INFO --format_matrices sim --cycle 12 --perturbation 0 /uufs/chpc.utah.edu/common/home/u6074059/Abaqus/paper_reproduction/experiment7/run_7d/airbeam_7d_tosca/airbeam_vol
(INFO    ) [15:32:37|odb_to_vtm] SIMULIA Tosca Structure.odb_to_vtm - version 3DEXPERIENCE R2025x - build R427 - 20240925T190012Z 64 bit
(INFO    ) [15:32:37|odb_to_vtm] Reading Abaqus ODB output file /uufs/chpc.utah.edu/common/home/u6074059/Abaqus/paper_reproduction/experiment7/run_7d/airbeam_7d_tosca/airbeam_vol
(INFO    ) [15:32:37|odb_to_vtm] Reading results from the Abaqus result database /uufs/chpc.utah.edu/common/home/u6074059/Abaqus/paper_reproduction/experiment7/run_7d/airbeam_7d_tosca/airbeam_vol.odb
(INFO    ) [15:32:37|odb_to_vtm] SIMULIA Tosca Structure.odb_to_vtm finished successfully
(INFO    ) [15:32:37|tosca_driver] Module SMATsoOdbToVtmMain has finished with exit code 0
(NOTICE  ) [15:32:37|tosca_driver] Starting Tosca Structure optimization module - design cycle 12
(INFO    ) [15:32:37|tosca_driver] Calling: /uufs/chpc.utah.edu/sys/installdir/abaqus/2025/linux_a64/code/bin/SMATsoToscaOpt --loglevel INFO
(INFO    ) [15:32:37|tosca_opt] SIMULIA Tosca Structure.tosca_opt - version 3DEXPERIENCE R2025x - build R427 - 20240925T190012Z 64 bit
(INFO    ) [15:32:37|tosca_opt]  --------------------------------------------------------------------------
(INFO    ) [15:32:37|tosca_opt] |                ___  ___  __  __  _   _  _     ___    _                   |
(INFO    ) [15:32:37|tosca_opt] |               / __||_ _||  \/  || | | || |   |_ _|  /_\                  |
(INFO    ) [15:32:37|tosca_opt] |               \__ \ | | | |\/| || |_| || |__  | |  / _ \                 |
(INFO    ) [15:32:37|tosca_opt] |               |___/|___||_|  |_| \___/ |____||___|/_/ \_\                |
(INFO    ) [15:32:37|tosca_opt] |                        _____                                             |
(INFO    ) [15:32:37|tosca_opt] |                       |_   _|___  ___ __  __ _                           |
(INFO    ) [15:32:37|tosca_opt] |                         | | / _ \(_-</ _|/ _` |                          |
(INFO    ) [15:32:37|tosca_opt] |                         |_| \___//__/\__|\__,_|                          |
(INFO    ) [15:32:37|tosca_opt] |              ___  _                   _                                  |
(INFO    ) [15:32:37|tosca_opt] |             / __|| |_  _ _  _  _  __ | |_  _  _  _ _  ___                |
(INFO    ) [15:32:37|tosca_opt] |             \__ \|  _|| `_|| || |/ _||  _|| || || `_|/ -_)               |
(INFO    ) [15:32:37|tosca_opt] |             |___/ \__||_|   \_,_|\__| \__| \_,_||_|  \___|               |
(INFO    ) [15:32:37|tosca_opt] |                                                                          |
(INFO    ) [15:32:37|tosca_opt]  --------------------------------------------------------------------------
(INFO    ) [15:32:37|tosca_opt] | Version 3DEXPERIENCE R2025x                                              |
(INFO    ) [15:32:37|tosca_opt] | DATE:   2026-02-19                                                       |
(INFO    ) [15:32:37|tosca_opt]  --------------------------------------------------------------------------
(INFO    ) [15:32:38|tosca_opt]  --------------------------------------------------------------------------
(INFO    ) [15:32:38|tosca_opt] | Begin of DESIGN CYCLE NUMBER: 12                                         |
(INFO    ) [15:32:38|tosca_opt]  --------------------------------------------------------------------------
(INFO    ) [15:32:38|tosca_opt] Checking for existence of results
(INFO    ) [15:32:38|tosca_opt]  --------------------------------------------------------------------------
(INFO    ) [15:32:38|tosca_opt] | ANALYZE VALUE OF VARIABLES before OPTIMIZATION                           |
(INFO    ) [15:32:38|tosca_opt]  --------------------------------------------------------------------------
(INFO    ) [15:32:38|tosca_opt]  --------------------------------------------------------------------------
(INFO    ) [15:32:38|tosca_opt] | Convergence Criteria in Design Cycle 12                                  |
(INFO    ) [15:32:38|tosca_opt]  --------------------------------------------------------------------------
(INFO    ) [15:32:38|tosca_opt] Local objective function criterion : NOT_FULFILLED (Actual change / target:    0.02720/   0.00100)
(INFO    ) [15:32:38|tosca_opt] Local design variables criterion   : NOT_FULFILLED (Actual change / target:    0.02760/   0.00500)
(INFO    ) [15:32:38|tosca_opt] Global stop criterion              : NOT_FULFILLED (Max number of design cycles :  80)
(INFO    ) [15:32:38|tosca_opt] 
(INFO    ) [15:32:38|tosca_opt]  --------------------------------------------------------------------------
(INFO    ) [15:32:38|tosca_opt] | ANALYZE VALUE OF VARIABLES after OPTIMIZATION                            |
(INFO    ) [15:32:38|tosca_opt]  --------------------------------------------------------------------------
(INFO    ) [15:32:38|tosca_opt]  --------------------------------------------------------------------------
(INFO    ) [15:32:38|tosca_opt] | VARIABLES and DESIGN RESPONSES                                           |
(INFO    ) [15:32:38|tosca_opt]  --------------------------------------------------------------------------
(INFO    ) [15:32:38|tosca_opt]  DRESP_STRAIN_ENERGY                       :    4.2376
(INFO    ) [15:32:38|tosca_opt]  DRESP_VOLUME                              :    1254.9
(INFO    ) [15:32:38|tosca_opt]  --------------------------------------------------------------------------
(INFO    ) [15:32:39|tosca_opt]  --------------------------------------------------------------------------
(INFO    ) [15:32:39|tosca_opt] | Report of OPTIMIZATION Results                                           |
(INFO    ) [15:32:39|tosca_opt]  --------------------------------------------------------------------------
(INFO    ) [15:32:39|tosca_opt]  DESIGN CYCLE                :  12
(INFO    ) [15:32:39|tosca_opt]  OPTIMIZE name               : TOPOLOGY_OPTIMIZATION
(INFO    ) [15:32:39|tosca_opt]  OBJ_FUNC name               : MIN_SE
(INFO    ) [15:32:39|tosca_opt]  OBJ_FUNC value              :     4.23762
(INFO    ) [15:32:39|tosca_opt]  ==========================================================================
(INFO    ) [15:32:39|tosca_opt] |     Name of OBJ_FUNC_TERM      |   Value    |   Weight   |   Reference   |
(INFO    ) [15:32:39|tosca_opt]  ==========================================================================
(INFO    ) [15:32:39|tosca_opt] | DRESP_STRAIN_ENERGY            | 4.23762    | 1.0        | 0.0           |
(INFO    ) [15:32:39|tosca_opt]  ==========================================================================
(INFO    ) [15:32:39|tosca_opt] * SIMULIA Tosca Structure INFORMATION *
(INFO    ) [15:32:39|tosca_opt] Writing CONSTRAINTs with default normalization.
(INFO    ) [15:32:39|tosca_opt] For NORM value  <= 1.0   -->    CONSTRAINT is OK ( For all CONSTRAINT types )
(INFO    ) [15:32:39|tosca_opt]  ==========================================================================
(INFO    ) [15:32:39|tosca_opt] |  Name of CONSTRAINT  |  Act. Value  | Op.  | Target  |   Norm   | Status |
(INFO    ) [15:32:39|tosca_opt]  ==========================================================================
(INFO    ) [15:32:39|tosca_opt] | VOL_CONSTRAINT       | 0.497381     | <=   | 0.5     | 0.994763 | TRUE   |
(INFO    ) [15:32:39|tosca_opt]  ==========================================================================
(INFO    ) [15:32:39|tosca_opt]  --------------------------------------------------------------------------
(INFO    ) [15:32:39|tosca_opt] | Some STOP CRITERIA NOT satisfied this iteration                          |
(INFO    ) [15:32:39|tosca_opt]  --------------------------------------------------------------------------
(INFO    ) [15:32:39|tosca_opt]  --------------------------------------------------------------------------
(INFO    ) [15:32:39|tosca_opt] | End of DESIGN CYCLE NUMBER: 12                                           |
(INFO    ) [15:32:39|tosca_opt]  --------------------------------------------------------------------------
(INFO    ) [15:32:40|tosca_opt] Application finished successfully
(INFO    ) [15:32:40|tosca_driver] Module SMATsoToscaOpt has finished with exit code 0
(INFO    ) [15:32:40|tosca_driver] Calling: /uufs/chpc.utah.edu/sys/installdir/abaqus/2025/linux_a64/code/bin/SMATrtOptResExportTool --loglevel INFO --cycle 12 --onf_output ON
(INFO    ) [15:32:40|opt_res_export_tool] SIMULIA Tosca Structure.opt_res_export_tool - version 3DEXPERIENCE R2025x - build R427 - 20240925T190012Z 64 bit
(INFO    ) [15:32:40|opt_res_export_tool] Extracting results from opt_res_database
(INFO    ) [15:32:40|opt_res_export_tool] SIMULIA Tosca Structure.opt_res_export_tool finished successfully
(INFO    ) [15:32:40|tosca_driver] Module SMATrtOptResExportTool has finished with exit code 0
(NOTICE  ) [15:32:41|tosca_driver] Design cycle 13 started on 2026-02-19
(NOTICE  ) [15:32:41|tosca_driver] Starting Abaqus analysis - design cycle 13
(INFO    ) [15:32:41|tosca_driver] Activating the solver
(INFO    ) [15:32:41|tosca_driver] Calling hooks before module abaqus
(INFO    ) [15:32:41|tosca_driver] Calling: /uufs/chpc.utah.edu/sys/installdir/abaqus/2025/linux_a64/code/bin/SMATsoAbaqusTsProvider -j airbeam_vol --cycle 13
(INFO    ) [15:32:41|hook] Timestamp file written successfully
(INFO    ) [15:32:41|tosca_driver] Module hook has finished with exit code 0
(INFO    ) [15:32:42|tosca_driver] Fe-solver abaqus finished with job airbeam_vol.inp
(INFO    ) [15:32:42|tosca_driver] Elapsed time (inc. overhead): 0:00:01.203093
(INFO    ) [15:32:42|tosca_driver] Elapsed time of abaqus : 0:00:01.271362  -  current time : 15:32:42.319447
(INFO    ) [15:32:42|tosca_driver] Solution complete
(INFO    ) [15:32:42|tosca_driver] Checking solver output file: /uufs/chpc.utah.edu/common/home/u6074059/Abaqus/paper_reproduction/experiment7/run_7d/airbeam_7d_tosca/airbeam_vol.msg
(INFO    ) [15:32:42|tosca_driver] Searching for success check string: "THE ANALYSIS HAS BEEN COMPLETED"
(INFO    ) [15:32:42|tosca_driver] Calling: /uufs/chpc.utah.edu/sys/installdir/abaqus/2025/linux_a64/code/bin/SMATsoOdbToVtmMain --solver abaqus --loglevel INFO --format_matrices sim --cycle 13 --perturbation 0 /uufs/chpc.utah.edu/common/home/u6074059/Abaqus/paper_reproduction/experiment7/run_7d/airbeam_7d_tosca/airbeam_vol
(INFO    ) [15:32:42|odb_to_vtm] SIMULIA Tosca Structure.odb_to_vtm - version 3DEXPERIENCE R2025x - build R427 - 20240925T190012Z 64 bit
(INFO    ) [15:32:42|odb_to_vtm] Reading Abaqus ODB output file /uufs/chpc.utah.edu/common/home/u6074059/Abaqus/paper_reproduction/experiment7/run_7d/airbeam_7d_tosca/airbeam_vol
(INFO    ) [15:32:42|odb_to_vtm] Reading results from the Abaqus result database /uufs/chpc.utah.edu/common/home/u6074059/Abaqus/paper_reproduction/experiment7/run_7d/airbeam_7d_tosca/airbeam_vol.odb
(INFO    ) [15:32:42|odb_to_vtm] SIMULIA Tosca Structure.odb_to_vtm finished successfully
(INFO    ) [15:32:42|tosca_driver] Module SMATsoOdbToVtmMain has finished with exit code 0
(NOTICE  ) [15:32:42|tosca_driver] Starting Tosca Structure optimization module - design cycle 13
(INFO    ) [15:32:42|tosca_driver] Calling: /uufs/chpc.utah.edu/sys/installdir/abaqus/2025/linux_a64/code/bin/SMATsoToscaOpt --loglevel INFO
(INFO    ) [15:32:42|tosca_opt] SIMULIA Tosca Structure.tosca_opt - version 3DEXPERIENCE R2025x - build R427 - 20240925T190012Z 64 bit
(INFO    ) [15:32:42|tosca_opt]  --------------------------------------------------------------------------
(INFO    ) [15:32:42|tosca_opt] |                ___  ___  __  __  _   _  _     ___    _                   |
(INFO    ) [15:32:42|tosca_opt] |               / __||_ _||  \/  || | | || |   |_ _|  /_\                  |
(INFO    ) [15:32:42|tosca_opt] |               \__ \ | | | |\/| || |_| || |__  | |  / _ \                 |
(INFO    ) [15:32:42|tosca_opt] |               |___/|___||_|  |_| \___/ |____||___|/_/ \_\                |
(INFO    ) [15:32:42|tosca_opt] |                        _____                                             |
(INFO    ) [15:32:42|tosca_opt] |                       |_   _|___  ___ __  __ _                           |
(INFO    ) [15:32:42|tosca_opt] |                         | | / _ \(_-</ _|/ _` |                          |
(INFO    ) [15:32:42|tosca_opt] |                         |_| \___//__/\__|\__,_|                          |
(INFO    ) [15:32:42|tosca_opt] |              ___  _                   _                                  |
(INFO    ) [15:32:42|tosca_opt] |             / __|| |_  _ _  _  _  __ | |_  _  _  _ _  ___                |
(INFO    ) [15:32:42|tosca_opt] |             \__ \|  _|| `_|| || |/ _||  _|| || || `_|/ -_)               |
(INFO    ) [15:32:42|tosca_opt] |             |___/ \__||_|   \_,_|\__| \__| \_,_||_|  \___|               |
(INFO    ) [15:32:42|tosca_opt] |                                                                          |
(INFO    ) [15:32:42|tosca_opt]  --------------------------------------------------------------------------
(INFO    ) [15:32:42|tosca_opt] | Version 3DEXPERIENCE R2025x                                              |
(INFO    ) [15:32:42|tosca_opt] | DATE:   2026-02-19                                                       |
(INFO    ) [15:32:42|tosca_opt]  --------------------------------------------------------------------------
(INFO    ) [15:32:43|tosca_opt]  --------------------------------------------------------------------------
(INFO    ) [15:32:43|tosca_opt] | Begin of DESIGN CYCLE NUMBER: 13                                         |
(INFO    ) [15:32:43|tosca_opt]  --------------------------------------------------------------------------
(INFO    ) [15:32:43|tosca_opt] Checking for existence of results
(INFO    ) [15:32:43|tosca_opt]  --------------------------------------------------------------------------
(INFO    ) [15:32:43|tosca_opt] | ANALYZE VALUE OF VARIABLES before OPTIMIZATION                           |
(INFO    ) [15:32:43|tosca_opt]  --------------------------------------------------------------------------
(INFO    ) [15:32:44|tosca_opt]  --------------------------------------------------------------------------
(INFO    ) [15:32:44|tosca_opt] | Convergence Criteria in Design Cycle 13                                  |
(INFO    ) [15:32:44|tosca_opt]  --------------------------------------------------------------------------
(INFO    ) [15:32:44|tosca_opt] Local objective function criterion : NOT_FULFILLED (Actual change / target:    0.03894/   0.00100)
(INFO    ) [15:32:44|tosca_opt] Local design variables criterion   : NOT_FULFILLED (Actual change / target:    0.03406/   0.00500)
(INFO    ) [15:32:44|tosca_opt] Global stop criterion              : NOT_FULFILLED (Max number of design cycles :  80)
(INFO    ) [15:32:44|tosca_opt] 
(INFO    ) [15:32:44|tosca_opt]  --------------------------------------------------------------------------
(INFO    ) [15:32:44|tosca_opt] | ANALYZE VALUE OF VARIABLES after OPTIMIZATION                            |
(INFO    ) [15:32:44|tosca_opt]  --------------------------------------------------------------------------
(INFO    ) [15:32:44|tosca_opt]  --------------------------------------------------------------------------
(INFO    ) [15:32:44|tosca_opt] | VARIABLES and DESIGN RESPONSES                                           |
(INFO    ) [15:32:44|tosca_opt]  --------------------------------------------------------------------------
(INFO    ) [15:32:44|tosca_opt]  DRESP_STRAIN_ENERGY                       :    4.0788
(INFO    ) [15:32:44|tosca_opt]  DRESP_VOLUME                              :    1252.3
(INFO    ) [15:32:44|tosca_opt]  --------------------------------------------------------------------------
(INFO    ) [15:32:44|tosca_opt]  --------------------------------------------------------------------------
(INFO    ) [15:32:44|tosca_opt] | Report of OPTIMIZATION Results                                           |
(INFO    ) [15:32:44|tosca_opt]  --------------------------------------------------------------------------
(INFO    ) [15:32:44|tosca_opt]  DESIGN CYCLE                :  13
(INFO    ) [15:32:44|tosca_opt]  OPTIMIZE name               : TOPOLOGY_OPTIMIZATION
(INFO    ) [15:32:44|tosca_opt]  OBJ_FUNC name               : MIN_SE
(INFO    ) [15:32:44|tosca_opt]  OBJ_FUNC value              :     4.07880
(INFO    ) [15:32:44|tosca_opt]  ==========================================================================
(INFO    ) [15:32:44|tosca_opt] |     Name of OBJ_FUNC_TERM      |   Value    |  Weight   |   Reference    |
(INFO    ) [15:32:44|tosca_opt]  ==========================================================================
(INFO    ) [15:32:44|tosca_opt] | DRESP_STRAIN_ENERGY            | 4.0788     | 1.0       | 0.0            |
(INFO    ) [15:32:44|tosca_opt]  ==========================================================================
(INFO    ) [15:32:44|tosca_opt] * SIMULIA Tosca Structure INFORMATION *
(INFO    ) [15:32:44|tosca_opt] Writing CONSTRAINTs with default normalization.
(INFO    ) [15:32:44|tosca_opt] For NORM value  <= 1.0   -->    CONSTRAINT is OK ( For all CONSTRAINT types )
(INFO    ) [15:32:44|tosca_opt]  ==========================================================================
(INFO    ) [15:32:44|tosca_opt] |  Name of CONSTRAINT  |  Act. Value  | Op.  | Target  |   Norm   | Status |
(INFO    ) [15:32:44|tosca_opt]  ==========================================================================
(INFO    ) [15:32:44|tosca_opt] | VOL_CONSTRAINT       | 0.496337     | <=   | 0.5     | 0.992674 | TRUE   |
(INFO    ) [15:32:44|tosca_opt]  ==========================================================================
(INFO    ) [15:32:45|tosca_opt]  --------------------------------------------------------------------------
(INFO    ) [15:32:45|tosca_opt] | Some STOP CRITERIA NOT satisfied this iteration                          |
(INFO    ) [15:32:45|tosca_opt]  --------------------------------------------------------------------------
(INFO    ) [15:32:45|tosca_opt]  --------------------------------------------------------------------------
(INFO    ) [15:32:45|tosca_opt] | End of DESIGN CYCLE NUMBER: 13                                           |
(INFO    ) [15:32:45|tosca_opt]  --------------------------------------------------------------------------
(INFO    ) [15:32:45|tosca_opt] Application finished successfully
(INFO    ) [15:32:45|tosca_driver] Module SMATsoToscaOpt has finished with exit code 0
(INFO    ) [15:32:45|tosca_driver] Calling: /uufs/chpc.utah.edu/sys/installdir/abaqus/2025/linux_a64/code/bin/SMATrtOptResExportTool --loglevel INFO --cycle 13 --onf_output ON
(INFO    ) [15:32:45|opt_res_export_tool] SIMULIA Tosca Structure.opt_res_export_tool - version 3DEXPERIENCE R2025x - build R427 - 20240925T190012Z 64 bit
(INFO    ) [15:32:45|opt_res_export_tool] Extracting results from opt_res_database
(INFO    ) [15:32:45|opt_res_export_tool] SIMULIA Tosca Structure.opt_res_export_tool finished successfully
(INFO    ) [15:32:45|tosca_driver] Module SMATrtOptResExportTool has finished with exit code 0
(NOTICE  ) [15:32:45|tosca_driver] Design cycle 14 started on 2026-02-19
(NOTICE  ) [15:32:45|tosca_driver] Starting Abaqus analysis - design cycle 14
(INFO    ) [15:32:45|tosca_driver] Activating the solver
(INFO    ) [15:32:45|tosca_driver] Calling hooks before module abaqus
(INFO    ) [15:32:45|tosca_driver] Calling: /uufs/chpc.utah.edu/sys/installdir/abaqus/2025/linux_a64/code/bin/SMATsoAbaqusTsProvider -j airbeam_vol --cycle 14
(INFO    ) [15:32:45|hook] Timestamp file written successfully
(INFO    ) [15:32:46|tosca_driver] Module hook has finished with exit code 0
(INFO    ) [15:32:47|tosca_driver] Fe-solver abaqus finished with job airbeam_vol.inp
(INFO    ) [15:32:47|tosca_driver] Elapsed time (inc. overhead): 0:00:01.402882
(INFO    ) [15:32:47|tosca_driver] Elapsed time of abaqus : 0:00:01.472254  -  current time : 15:32:47.456808
(INFO    ) [15:32:47|tosca_driver] Solution complete
(INFO    ) [15:32:47|tosca_driver] Checking solver output file: /uufs/chpc.utah.edu/common/home/u6074059/Abaqus/paper_reproduction/experiment7/run_7d/airbeam_7d_tosca/airbeam_vol.msg
(INFO    ) [15:32:47|tosca_driver] Searching for success check string: "THE ANALYSIS HAS BEEN COMPLETED"
(INFO    ) [15:32:47|tosca_driver] Calling: /uufs/chpc.utah.edu/sys/installdir/abaqus/2025/linux_a64/code/bin/SMATsoOdbToVtmMain --solver abaqus --loglevel INFO --format_matrices sim --cycle 14 --perturbation 0 /uufs/chpc.utah.edu/common/home/u6074059/Abaqus/paper_reproduction/experiment7/run_7d/airbeam_7d_tosca/airbeam_vol
(INFO    ) [15:32:47|odb_to_vtm] SIMULIA Tosca Structure.odb_to_vtm - version 3DEXPERIENCE R2025x - build R427 - 20240925T190012Z 64 bit
(INFO    ) [15:32:47|odb_to_vtm] Reading Abaqus ODB output file /uufs/chpc.utah.edu/common/home/u6074059/Abaqus/paper_reproduction/experiment7/run_7d/airbeam_7d_tosca/airbeam_vol
(INFO    ) [15:32:47|odb_to_vtm] Reading results from the Abaqus result database /uufs/chpc.utah.edu/common/home/u6074059/Abaqus/paper_reproduction/experiment7/run_7d/airbeam_7d_tosca/airbeam_vol.odb
(INFO    ) [15:32:47|odb_to_vtm] SIMULIA Tosca Structure.odb_to_vtm finished successfully
(INFO    ) [15:32:47|tosca_driver] Module SMATsoOdbToVtmMain has finished with exit code 0
(NOTICE  ) [15:32:47|tosca_driver] Starting Tosca Structure optimization module - design cycle 14
(INFO    ) [15:32:47|tosca_driver] Calling: /uufs/chpc.utah.edu/sys/installdir/abaqus/2025/linux_a64/code/bin/SMATsoToscaOpt --loglevel INFO
(INFO    ) [15:32:47|tosca_opt] SIMULIA Tosca Structure.tosca_opt - version 3DEXPERIENCE R2025x - build R427 - 20240925T190012Z 64 bit
(INFO    ) [15:32:47|tosca_opt]  --------------------------------------------------------------------------
(INFO    ) [15:32:47|tosca_opt] |                ___  ___  __  __  _   _  _     ___    _                   |
(INFO    ) [15:32:47|tosca_opt] |               / __||_ _||  \/  || | | || |   |_ _|  /_\                  |
(INFO    ) [15:32:47|tosca_opt] |               \__ \ | | | |\/| || |_| || |__  | |  / _ \                 |
(INFO    ) [15:32:47|tosca_opt] |               |___/|___||_|  |_| \___/ |____||___|/_/ \_\                |
(INFO    ) [15:32:47|tosca_opt] |                        _____                                             |
(INFO    ) [15:32:47|tosca_opt] |                       |_   _|___  ___ __  __ _                           |
(INFO    ) [15:32:47|tosca_opt] |                         | | / _ \(_-</ _|/ _` |                          |
(INFO    ) [15:32:47|tosca_opt] |                         |_| \___//__/\__|\__,_|                          |
(INFO    ) [15:32:47|tosca_opt] |              ___  _                   _                                  |
(INFO    ) [15:32:47|tosca_opt] |             / __|| |_  _ _  _  _  __ | |_  _  _  _ _  ___                |
(INFO    ) [15:32:47|tosca_opt] |             \__ \|  _|| `_|| || |/ _||  _|| || || `_|/ -_)               |
(INFO    ) [15:32:47|tosca_opt] |             |___/ \__||_|   \_,_|\__| \__| \_,_||_|  \___|               |
(INFO    ) [15:32:47|tosca_opt] |                                                                          |
(INFO    ) [15:32:47|tosca_opt]  --------------------------------------------------------------------------
(INFO    ) [15:32:47|tosca_opt] | Version 3DEXPERIENCE R2025x                                              |
(INFO    ) [15:32:47|tosca_opt] | DATE:   2026-02-19                                                       |
(INFO    ) [15:32:47|tosca_opt]  --------------------------------------------------------------------------
(INFO    ) [15:32:48|tosca_opt]  --------------------------------------------------------------------------
(INFO    ) [15:32:48|tosca_opt] | Begin of DESIGN CYCLE NUMBER: 14                                         |
(INFO    ) [15:32:48|tosca_opt]  --------------------------------------------------------------------------
(INFO    ) [15:32:48|tosca_opt] Checking for existence of results
(INFO    ) [15:32:48|tosca_opt]  --------------------------------------------------------------------------
(INFO    ) [15:32:48|tosca_opt] | ANALYZE VALUE OF VARIABLES before OPTIMIZATION                           |
(INFO    ) [15:32:48|tosca_opt]  --------------------------------------------------------------------------
(INFO    ) [15:32:48|tosca_opt]  --------------------------------------------------------------------------
(INFO    ) [15:32:48|tosca_opt] | Convergence Criteria in Design Cycle 14                                  |
(INFO    ) [15:32:48|tosca_opt]  --------------------------------------------------------------------------
(INFO    ) [15:32:48|tosca_opt] Local objective function criterion : NOT_FULFILLED (Actual change / target:    0.04057/   0.00100)
(INFO    ) [15:32:48|tosca_opt] Local design variables criterion   : NOT_FULFILLED (Actual change / target:    0.03565/   0.00500)
(INFO    ) [15:32:48|tosca_opt] Global stop criterion              : NOT_FULFILLED (Max number of design cycles :  80)
(INFO    ) [15:32:48|tosca_opt] 
(INFO    ) [15:32:49|tosca_opt]  --------------------------------------------------------------------------
(INFO    ) [15:32:49|tosca_opt] | ANALYZE VALUE OF VARIABLES after OPTIMIZATION                            |
(INFO    ) [15:32:49|tosca_opt]  --------------------------------------------------------------------------
(INFO    ) [15:32:49|tosca_opt]  --------------------------------------------------------------------------
(INFO    ) [15:32:49|tosca_opt] | VARIABLES and DESIGN RESPONSES                                           |
(INFO    ) [15:32:49|tosca_opt]  --------------------------------------------------------------------------
(INFO    ) [15:32:49|tosca_opt]  DRESP_STRAIN_ENERGY                       :    3.9198
(INFO    ) [15:32:49|tosca_opt]  DRESP_VOLUME                              :    1251.1
(INFO    ) [15:32:49|tosca_opt]  --------------------------------------------------------------------------
(INFO    ) [15:32:49|tosca_opt]  --------------------------------------------------------------------------
(INFO    ) [15:32:49|tosca_opt] | Report of OPTIMIZATION Results                                           |
(INFO    ) [15:32:49|tosca_opt]  --------------------------------------------------------------------------
(INFO    ) [15:32:49|tosca_opt]  DESIGN CYCLE                :  14
(INFO    ) [15:32:49|tosca_opt]  OPTIMIZE name               : TOPOLOGY_OPTIMIZATION
(INFO    ) [15:32:49|tosca_opt]  OBJ_FUNC name               : MIN_SE
(INFO    ) [15:32:49|tosca_opt]  OBJ_FUNC value              :     3.91980
(INFO    ) [15:32:49|tosca_opt]  ==========================================================================
(INFO    ) [15:32:49|tosca_opt] |     Name of OBJ_FUNC_TERM      |   Value    |  Weight   |   Reference    |
(INFO    ) [15:32:49|tosca_opt]  ==========================================================================
(INFO    ) [15:32:49|tosca_opt] | DRESP_STRAIN_ENERGY            | 3.9198     | 1.0       | 0.0            |
(INFO    ) [15:32:49|tosca_opt]  ==========================================================================
(INFO    ) [15:32:49|tosca_opt] * SIMULIA Tosca Structure INFORMATION *
(INFO    ) [15:32:49|tosca_opt] Writing CONSTRAINTs with default normalization.
(INFO    ) [15:32:49|tosca_opt] For NORM value  <= 1.0   -->    CONSTRAINT is OK ( For all CONSTRAINT types )
(INFO    ) [15:32:49|tosca_opt]  ==========================================================================
(INFO    ) [15:32:49|tosca_opt] |  Name of CONSTRAINT  |  Act. Value  | Op.  | Target  |   Norm   | Status |
(INFO    ) [15:32:49|tosca_opt]  ==========================================================================
(INFO    ) [15:32:49|tosca_opt] | VOL_CONSTRAINT       | 0.495868     | <=   | 0.5     | 0.991737 | TRUE   |
(INFO    ) [15:32:49|tosca_opt]  ==========================================================================
(INFO    ) [15:32:50|tosca_opt]  --------------------------------------------------------------------------
(INFO    ) [15:32:50|tosca_opt] | Some STOP CRITERIA NOT satisfied this iteration                          |
(INFO    ) [15:32:50|tosca_opt]  --------------------------------------------------------------------------
(INFO    ) [15:32:50|tosca_opt]  --------------------------------------------------------------------------
(INFO    ) [15:32:50|tosca_opt] | End of DESIGN CYCLE NUMBER: 14                                           |
(INFO    ) [15:32:50|tosca_opt]  --------------------------------------------------------------------------
(INFO    ) [15:32:50|tosca_opt] Application finished successfully
(INFO    ) [15:32:50|tosca_driver] Module SMATsoToscaOpt has finished with exit code 0
(INFO    ) [15:32:50|tosca_driver] Calling: /uufs/chpc.utah.edu/sys/installdir/abaqus/2025/linux_a64/code/bin/SMATrtOptResExportTool --loglevel INFO --cycle 14 --onf_output ON
(INFO    ) [15:32:50|opt_res_export_tool] SIMULIA Tosca Structure.opt_res_export_tool - version 3DEXPERIENCE R2025x - build R427 - 20240925T190012Z 64 bit
(INFO    ) [15:32:50|opt_res_export_tool] Extracting results from opt_res_database
(INFO    ) [15:32:50|opt_res_export_tool] SIMULIA Tosca Structure.opt_res_export_tool finished successfully
(INFO    ) [15:32:50|tosca_driver] Module SMATrtOptResExportTool has finished with exit code 0
(NOTICE  ) [15:32:51|tosca_driver] Design cycle 15 started on 2026-02-19
(NOTICE  ) [15:32:51|tosca_driver] Starting Abaqus analysis - design cycle 15
(INFO    ) [15:32:51|tosca_driver] Activating the solver
(INFO    ) [15:32:51|tosca_driver] Calling hooks before module abaqus
(INFO    ) [15:32:51|tosca_driver] Calling: /uufs/chpc.utah.edu/sys/installdir/abaqus/2025/linux_a64/code/bin/SMATsoAbaqusTsProvider -j airbeam_vol --cycle 15
(INFO    ) [15:32:51|hook] Timestamp file written successfully
(INFO    ) [15:32:51|tosca_driver] Module hook has finished with exit code 0
(INFO    ) [15:32:52|tosca_driver] Fe-solver abaqus finished with job airbeam_vol.inp
(INFO    ) [15:32:52|tosca_driver] Elapsed time (inc. overhead): 0:00:01.002362
(INFO    ) [15:32:52|tosca_driver] Elapsed time of abaqus : 0:00:01.072345  -  current time : 15:32:52.141812
(INFO    ) [15:32:52|tosca_driver] Solution complete
(INFO    ) [15:32:52|tosca_driver] Checking solver output file: /uufs/chpc.utah.edu/common/home/u6074059/Abaqus/paper_reproduction/experiment7/run_7d/airbeam_7d_tosca/airbeam_vol.msg
(INFO    ) [15:32:52|tosca_driver] Searching for success check string: "THE ANALYSIS HAS BEEN COMPLETED"
(INFO    ) [15:32:52|tosca_driver] Calling: /uufs/chpc.utah.edu/sys/installdir/abaqus/2025/linux_a64/code/bin/SMATsoOdbToVtmMain --solver abaqus --loglevel INFO --format_matrices sim --cycle 15 --perturbation 0 /uufs/chpc.utah.edu/common/home/u6074059/Abaqus/paper_reproduction/experiment7/run_7d/airbeam_7d_tosca/airbeam_vol
(INFO    ) [15:32:52|odb_to_vtm] SIMULIA Tosca Structure.odb_to_vtm - version 3DEXPERIENCE R2025x - build R427 - 20240925T190012Z 64 bit
(INFO    ) [15:32:52|odb_to_vtm] Reading Abaqus ODB output file /uufs/chpc.utah.edu/common/home/u6074059/Abaqus/paper_reproduction/experiment7/run_7d/airbeam_7d_tosca/airbeam_vol
(INFO    ) [15:32:52|odb_to_vtm] Reading results from the Abaqus result database /uufs/chpc.utah.edu/common/home/u6074059/Abaqus/paper_reproduction/experiment7/run_7d/airbeam_7d_tosca/airbeam_vol.odb
(INFO    ) [15:32:52|odb_to_vtm] SIMULIA Tosca Structure.odb_to_vtm finished successfully
(INFO    ) [15:32:52|tosca_driver] Module SMATsoOdbToVtmMain has finished with exit code 0
(NOTICE  ) [15:32:52|tosca_driver] Starting Tosca Structure optimization module - design cycle 15
(INFO    ) [15:32:52|tosca_driver] Calling: /uufs/chpc.utah.edu/sys/installdir/abaqus/2025/linux_a64/code/bin/SMATsoToscaOpt --loglevel INFO
(INFO    ) [15:32:52|tosca_opt] SIMULIA Tosca Structure.tosca_opt - version 3DEXPERIENCE R2025x - build R427 - 20240925T190012Z 64 bit
(INFO    ) [15:32:52|tosca_opt]  --------------------------------------------------------------------------
(INFO    ) [15:32:52|tosca_opt] |                ___  ___  __  __  _   _  _     ___    _                   |
(INFO    ) [15:32:52|tosca_opt] |               / __||_ _||  \/  || | | || |   |_ _|  /_\                  |
(INFO    ) [15:32:52|tosca_opt] |               \__ \ | | | |\/| || |_| || |__  | |  / _ \                 |
(INFO    ) [15:32:52|tosca_opt] |               |___/|___||_|  |_| \___/ |____||___|/_/ \_\                |
(INFO    ) [15:32:52|tosca_opt] |                        _____                                             |
(INFO    ) [15:32:52|tosca_opt] |                       |_   _|___  ___ __  __ _                           |
(INFO    ) [15:32:52|tosca_opt] |                         | | / _ \(_-</ _|/ _` |                          |
(INFO    ) [15:32:52|tosca_opt] |                         |_| \___//__/\__|\__,_|                          |
(INFO    ) [15:32:52|tosca_opt] |              ___  _                   _                                  |
(INFO    ) [15:32:52|tosca_opt] |             / __|| |_  _ _  _  _  __ | |_  _  _  _ _  ___                |
(INFO    ) [15:32:52|tosca_opt] |             \__ \|  _|| `_|| || |/ _||  _|| || || `_|/ -_)               |
(INFO    ) [15:32:52|tosca_opt] |             |___/ \__||_|   \_,_|\__| \__| \_,_||_|  \___|               |
(INFO    ) [15:32:52|tosca_opt] |                                                                          |
(INFO    ) [15:32:52|tosca_opt]  --------------------------------------------------------------------------
(INFO    ) [15:32:52|tosca_opt] | Version 3DEXPERIENCE R2025x                                              |
(INFO    ) [15:32:52|tosca_opt] | DATE:   2026-02-19                                                       |
(INFO    ) [15:32:52|tosca_opt]  --------------------------------------------------------------------------
(INFO    ) [15:32:53|tosca_opt]  --------------------------------------------------------------------------
(INFO    ) [15:32:53|tosca_opt] | Begin of DESIGN CYCLE NUMBER: 15                                         |
(INFO    ) [15:32:53|tosca_opt]  --------------------------------------------------------------------------
(INFO    ) [15:32:53|tosca_opt] Checking for existence of results
(INFO    ) [15:32:53|tosca_opt]  --------------------------------------------------------------------------
(INFO    ) [15:32:53|tosca_opt] | ANALYZE VALUE OF VARIABLES before OPTIMIZATION                           |
(INFO    ) [15:32:53|tosca_opt]  --------------------------------------------------------------------------
(INFO    ) [15:32:53|tosca_opt]  --------------------------------------------------------------------------
(INFO    ) [15:32:53|tosca_opt] | Convergence Criteria in Design Cycle 15                                  |
(INFO    ) [15:32:53|tosca_opt]  --------------------------------------------------------------------------
(INFO    ) [15:32:53|tosca_opt] Local objective function criterion : NOT_FULFILLED (Actual change / target:    0.04352/   0.00100)
(INFO    ) [15:32:53|tosca_opt] Local design variables criterion   : NOT_FULFILLED (Actual change / target:    0.03540/   0.00500)
(INFO    ) [15:32:53|tosca_opt] Global stop criterion              : NOT_FULFILLED (Max number of design cycles :  80)
(INFO    ) [15:32:53|tosca_opt] 
(INFO    ) [15:32:53|tosca_opt]  --------------------------------------------------------------------------
(INFO    ) [15:32:53|tosca_opt] | ANALYZE VALUE OF VARIABLES after OPTIMIZATION                            |
(INFO    ) [15:32:53|tosca_opt]  --------------------------------------------------------------------------
(INFO    ) [15:32:53|tosca_opt]  --------------------------------------------------------------------------
(INFO    ) [15:32:53|tosca_opt] | VARIABLES and DESIGN RESPONSES                                           |
(INFO    ) [15:32:53|tosca_opt]  --------------------------------------------------------------------------
(INFO    ) [15:32:53|tosca_opt]  DRESP_STRAIN_ENERGY                       :    3.7563
(INFO    ) [15:32:53|tosca_opt]  DRESP_VOLUME                              :    1251.3
(INFO    ) [15:32:53|tosca_opt]  --------------------------------------------------------------------------
(INFO    ) [15:32:53|tosca_opt]  --------------------------------------------------------------------------
(INFO    ) [15:32:53|tosca_opt] | Report of OPTIMIZATION Results                                           |
(INFO    ) [15:32:53|tosca_opt]  --------------------------------------------------------------------------
(INFO    ) [15:32:53|tosca_opt]  DESIGN CYCLE                :  15
(INFO    ) [15:32:53|tosca_opt]  OPTIMIZE name               : TOPOLOGY_OPTIMIZATION
(INFO    ) [15:32:53|tosca_opt]  OBJ_FUNC name               : MIN_SE
(INFO    ) [15:32:53|tosca_opt]  OBJ_FUNC value              :     3.75633
(INFO    ) [15:32:53|tosca_opt]  ==========================================================================
(INFO    ) [15:32:53|tosca_opt] |     Name of OBJ_FUNC_TERM      |   Value    |   Weight   |   Reference   |
(INFO    ) [15:32:53|tosca_opt]  ==========================================================================
(INFO    ) [15:32:53|tosca_opt] | DRESP_STRAIN_ENERGY            | 3.75633    | 1.0        | 0.0           |
(INFO    ) [15:32:53|tosca_opt]  ==========================================================================
(INFO    ) [15:32:53|tosca_opt] * SIMULIA Tosca Structure INFORMATION *
(INFO    ) [15:32:53|tosca_opt] Writing CONSTRAINTs with default normalization.
(INFO    ) [15:32:53|tosca_opt] For NORM value  <= 1.0   -->    CONSTRAINT is OK ( For all CONSTRAINT types )
(INFO    ) [15:32:53|tosca_opt]  ==========================================================================
(INFO    ) [15:32:53|tosca_opt] |  Name of CONSTRAINT  |  Act. Value  | Op.  | Target  |   Norm   | Status |
(INFO    ) [15:32:53|tosca_opt]  ==========================================================================
(INFO    ) [15:32:53|tosca_opt] | VOL_CONSTRAINT       | 0.495948     | <=   | 0.5     | 0.991897 | TRUE   |
(INFO    ) [15:32:53|tosca_opt]  ==========================================================================
(INFO    ) [15:32:54|tosca_opt]  --------------------------------------------------------------------------
(INFO    ) [15:32:54|tosca_opt] | Some STOP CRITERIA NOT satisfied this iteration                          |
(INFO    ) [15:32:54|tosca_opt]  --------------------------------------------------------------------------
(INFO    ) [15:32:54|tosca_opt]  --------------------------------------------------------------------------
(INFO    ) [15:32:54|tosca_opt] | End of DESIGN CYCLE NUMBER: 15                                           |
(INFO    ) [15:32:54|tosca_opt]  --------------------------------------------------------------------------
(INFO    ) [15:32:55|tosca_opt] Application finished successfully
(INFO    ) [15:32:55|tosca_driver] Module SMATsoToscaOpt has finished with exit code 0
(INFO    ) [15:32:55|tosca_driver] Calling: /uufs/chpc.utah.edu/sys/installdir/abaqus/2025/linux_a64/code/bin/SMATrtOptResExportTool --loglevel INFO --cycle 15 --onf_output ON
(INFO    ) [15:32:55|opt_res_export_tool] SIMULIA Tosca Structure.opt_res_export_tool - version 3DEXPERIENCE R2025x - build R427 - 20240925T190012Z 64 bit
(INFO    ) [15:32:55|opt_res_export_tool] Extracting results from opt_res_database
(INFO    ) [15:32:55|opt_res_export_tool] SIMULIA Tosca Structure.opt_res_export_tool finished successfully
(INFO    ) [15:32:55|tosca_driver] Module SMATrtOptResExportTool has finished with exit code 0
(NOTICE  ) [15:32:55|tosca_driver] Design cycle 16 started on 2026-02-19
(NOTICE  ) [15:32:55|tosca_driver] Starting Abaqus analysis - design cycle 16
(INFO    ) [15:32:55|tosca_driver] Activating the solver
(INFO    ) [15:32:55|tosca_driver] Calling hooks before module abaqus
(INFO    ) [15:32:55|tosca_driver] Calling: /uufs/chpc.utah.edu/sys/installdir/abaqus/2025/linux_a64/code/bin/SMATsoAbaqusTsProvider -j airbeam_vol --cycle 16
(INFO    ) [15:32:55|hook] Timestamp file written successfully
(INFO    ) [15:32:55|tosca_driver] Module hook has finished with exit code 0
(INFO    ) [15:32:57|tosca_driver] Fe-solver abaqus finished with job airbeam_vol.inp
(INFO    ) [15:32:57|tosca_driver] Elapsed time (inc. overhead): 0:00:01.302762
(INFO    ) [15:32:57|tosca_driver] Elapsed time of abaqus : 0:00:01.370953  -  current time : 15:32:57.055574
(INFO    ) [15:32:57|tosca_driver] Solution complete
(INFO    ) [15:32:57|tosca_driver] Checking solver output file: /uufs/chpc.utah.edu/common/home/u6074059/Abaqus/paper_reproduction/experiment7/run_7d/airbeam_7d_tosca/airbeam_vol.msg
(INFO    ) [15:32:57|tosca_driver] Searching for success check string: "THE ANALYSIS HAS BEEN COMPLETED"
(INFO    ) [15:32:57|tosca_driver] Calling: /uufs/chpc.utah.edu/sys/installdir/abaqus/2025/linux_a64/code/bin/SMATsoOdbToVtmMain --solver abaqus --loglevel INFO --format_matrices sim --cycle 16 --perturbation 0 /uufs/chpc.utah.edu/common/home/u6074059/Abaqus/paper_reproduction/experiment7/run_7d/airbeam_7d_tosca/airbeam_vol
(INFO    ) [15:32:57|odb_to_vtm] SIMULIA Tosca Structure.odb_to_vtm - version 3DEXPERIENCE R2025x - build R427 - 20240925T190012Z 64 bit
(INFO    ) [15:32:57|odb_to_vtm] Reading Abaqus ODB output file /uufs/chpc.utah.edu/common/home/u6074059/Abaqus/paper_reproduction/experiment7/run_7d/airbeam_7d_tosca/airbeam_vol
(INFO    ) [15:32:57|odb_to_vtm] Reading results from the Abaqus result database /uufs/chpc.utah.edu/common/home/u6074059/Abaqus/paper_reproduction/experiment7/run_7d/airbeam_7d_tosca/airbeam_vol.odb
(INFO    ) [15:32:57|odb_to_vtm] SIMULIA Tosca Structure.odb_to_vtm finished successfully
(INFO    ) [15:32:57|tosca_driver] Module SMATsoOdbToVtmMain has finished with exit code 0
(NOTICE  ) [15:32:57|tosca_driver] Starting Tosca Structure optimization module - design cycle 16
(INFO    ) [15:32:57|tosca_driver] Calling: /uufs/chpc.utah.edu/sys/installdir/abaqus/2025/linux_a64/code/bin/SMATsoToscaOpt --loglevel INFO
(INFO    ) [15:32:57|tosca_opt] SIMULIA Tosca Structure.tosca_opt - version 3DEXPERIENCE R2025x - build R427 - 20240925T190012Z 64 bit
(INFO    ) [15:32:57|tosca_opt]  --------------------------------------------------------------------------
(INFO    ) [15:32:57|tosca_opt] |                ___  ___  __  __  _   _  _     ___    _                   |
(INFO    ) [15:32:57|tosca_opt] |               / __||_ _||  \/  || | | || |   |_ _|  /_\                  |
(INFO    ) [15:32:57|tosca_opt] |               \__ \ | | | |\/| || |_| || |__  | |  / _ \                 |
(INFO    ) [15:32:57|tosca_opt] |               |___/|___||_|  |_| \___/ |____||___|/_/ \_\                |
(INFO    ) [15:32:57|tosca_opt] |                        _____                                             |
(INFO    ) [15:32:57|tosca_opt] |                       |_   _|___  ___ __  __ _                           |
(INFO    ) [15:32:57|tosca_opt] |                         | | / _ \(_-</ _|/ _` |                          |
(INFO    ) [15:32:57|tosca_opt] |                         |_| \___//__/\__|\__,_|                          |
(INFO    ) [15:32:57|tosca_opt] |              ___  _                   _                                  |
(INFO    ) [15:32:57|tosca_opt] |             / __|| |_  _ _  _  _  __ | |_  _  _  _ _  ___                |
(INFO    ) [15:32:57|tosca_opt] |             \__ \|  _|| `_|| || |/ _||  _|| || || `_|/ -_)               |
(INFO    ) [15:32:57|tosca_opt] |             |___/ \__||_|   \_,_|\__| \__| \_,_||_|  \___|               |
(INFO    ) [15:32:57|tosca_opt] |                                                                          |
(INFO    ) [15:32:57|tosca_opt]  --------------------------------------------------------------------------
(INFO    ) [15:32:57|tosca_opt] | Version 3DEXPERIENCE R2025x                                              |
(INFO    ) [15:32:57|tosca_opt] | DATE:   2026-02-19                                                       |
(INFO    ) [15:32:57|tosca_opt]  --------------------------------------------------------------------------
(INFO    ) [15:32:58|tosca_opt]  --------------------------------------------------------------------------
(INFO    ) [15:32:58|tosca_opt] | Begin of DESIGN CYCLE NUMBER: 16                                         |
(INFO    ) [15:32:58|tosca_opt]  --------------------------------------------------------------------------
(INFO    ) [15:32:58|tosca_opt] Checking for existence of results
(INFO    ) [15:32:58|tosca_opt]  --------------------------------------------------------------------------
(INFO    ) [15:32:58|tosca_opt] | ANALYZE VALUE OF VARIABLES before OPTIMIZATION                           |
(INFO    ) [15:32:58|tosca_opt]  --------------------------------------------------------------------------
(INFO    ) [15:32:58|tosca_opt]  --------------------------------------------------------------------------
(INFO    ) [15:32:58|tosca_opt] | Convergence Criteria in Design Cycle 16                                  |
(INFO    ) [15:32:58|tosca_opt]  --------------------------------------------------------------------------
(INFO    ) [15:32:58|tosca_opt] Local objective function criterion : NOT_FULFILLED (Actual change / target:    0.03535/   0.00100)
(INFO    ) [15:32:58|tosca_opt] Local design variables criterion   : NOT_FULFILLED (Actual change / target:    0.03612/   0.00500)
(INFO    ) [15:32:58|tosca_opt] Global stop criterion              : NOT_FULFILLED (Max number of design cycles :  80)
(INFO    ) [15:32:58|tosca_opt] 
(INFO    ) [15:32:58|tosca_opt]  --------------------------------------------------------------------------
(INFO    ) [15:32:58|tosca_opt] | ANALYZE VALUE OF VARIABLES after OPTIMIZATION                            |
(INFO    ) [15:32:58|tosca_opt]  --------------------------------------------------------------------------
(INFO    ) [15:32:58|tosca_opt]  --------------------------------------------------------------------------
(INFO    ) [15:32:58|tosca_opt] | VARIABLES and DESIGN RESPONSES                                           |
(INFO    ) [15:32:58|tosca_opt]  --------------------------------------------------------------------------
(INFO    ) [15:32:58|tosca_opt]  DRESP_STRAIN_ENERGY                       :    3.6281
(INFO    ) [15:32:58|tosca_opt]  DRESP_VOLUME                              :    1250.5
(INFO    ) [15:32:58|tosca_opt]  --------------------------------------------------------------------------
(INFO    ) [15:32:59|tosca_opt]  --------------------------------------------------------------------------
(INFO    ) [15:32:59|tosca_opt] | Report of OPTIMIZATION Results                                           |
(INFO    ) [15:32:59|tosca_opt]  --------------------------------------------------------------------------
(INFO    ) [15:32:59|tosca_opt]  DESIGN CYCLE                :  16
(INFO    ) [15:32:59|tosca_opt]  OPTIMIZE name               : TOPOLOGY_OPTIMIZATION
(INFO    ) [15:32:59|tosca_opt]  OBJ_FUNC name               : MIN_SE
(INFO    ) [15:32:59|tosca_opt]  OBJ_FUNC value              :     3.62808
(INFO    ) [15:32:59|tosca_opt]  ==========================================================================
(INFO    ) [15:32:59|tosca_opt] |     Name of OBJ_FUNC_TERM      |   Value    |   Weight   |   Reference   |
(INFO    ) [15:32:59|tosca_opt]  ==========================================================================
(INFO    ) [15:32:59|tosca_opt] | DRESP_STRAIN_ENERGY            | 3.62808    | 1.0        | 0.0           |
(INFO    ) [15:32:59|tosca_opt]  ==========================================================================
(INFO    ) [15:32:59|tosca_opt] * SIMULIA Tosca Structure INFORMATION *
(INFO    ) [15:32:59|tosca_opt] Writing CONSTRAINTs with default normalization.
(INFO    ) [15:32:59|tosca_opt] For NORM value  <= 1.0   -->    CONSTRAINT is OK ( For all CONSTRAINT types )
(INFO    ) [15:32:59|tosca_opt]  ==========================================================================
(INFO    ) [15:32:59|tosca_opt] |  Name of CONSTRAINT  |  Act. Value  | Op.  | Target  |   Norm   | Status |
(INFO    ) [15:32:59|tosca_opt]  ==========================================================================
(INFO    ) [15:32:59|tosca_opt] | VOL_CONSTRAINT       | 0.495637     | <=   | 0.5     | 0.991274 | TRUE   |
(INFO    ) [15:32:59|tosca_opt]  ==========================================================================
(INFO    ) [15:33:00|tosca_opt]  --------------------------------------------------------------------------
(INFO    ) [15:33:00|tosca_opt] | Some STOP CRITERIA NOT satisfied this iteration                          |
(INFO    ) [15:33:00|tosca_opt]  --------------------------------------------------------------------------
(INFO    ) [15:33:00|tosca_opt]  --------------------------------------------------------------------------
(INFO    ) [15:33:00|tosca_opt] | End of DESIGN CYCLE NUMBER: 16                                           |
(INFO    ) [15:33:00|tosca_opt]  --------------------------------------------------------------------------
(INFO    ) [15:33:00|tosca_opt] Application finished successfully
(INFO    ) [15:33:00|tosca_driver] Module SMATsoToscaOpt has finished with exit code 0
(INFO    ) [15:33:00|tosca_driver] Calling: /uufs/chpc.utah.edu/sys/installdir/abaqus/2025/linux_a64/code/bin/SMATrtOptResExportTool --loglevel INFO --cycle 16 --onf_output ON
(INFO    ) [15:33:00|opt_res_export_tool] SIMULIA Tosca Structure.opt_res_export_tool - version 3DEXPERIENCE R2025x - build R427 - 20240925T190012Z 64 bit
(INFO    ) [15:33:00|opt_res_export_tool] Extracting results from opt_res_database
(INFO    ) [15:33:01|opt_res_export_tool] SIMULIA Tosca Structure.opt_res_export_tool finished successfully
(INFO    ) [15:33:01|tosca_driver] Module SMATrtOptResExportTool has finished with exit code 0
(NOTICE  ) [15:33:01|tosca_driver] Design cycle 17 started on 2026-02-19
(NOTICE  ) [15:33:01|tosca_driver] Starting Abaqus analysis - design cycle 17
(INFO    ) [15:33:01|tosca_driver] Activating the solver
(INFO    ) [15:33:01|tosca_driver] Calling hooks before module abaqus
(INFO    ) [15:33:01|tosca_driver] Calling: /uufs/chpc.utah.edu/sys/installdir/abaqus/2025/linux_a64/code/bin/SMATsoAbaqusTsProvider -j airbeam_vol --cycle 17
(INFO    ) [15:33:01|hook] Timestamp file written successfully
(INFO    ) [15:33:01|tosca_driver] Module hook has finished with exit code 0
(INFO    ) [15:33:02|tosca_driver] Fe-solver abaqus finished with job airbeam_vol.inp
(INFO    ) [15:33:02|tosca_driver] Elapsed time (inc. overhead): 0:00:01.403338
(INFO    ) [15:33:02|tosca_driver] Elapsed time of abaqus : 0:00:01.476907  -  current time : 15:33:02.907466
(INFO    ) [15:33:02|tosca_driver] Solution complete
(INFO    ) [15:33:02|tosca_driver] Checking solver output file: /uufs/chpc.utah.edu/common/home/u6074059/Abaqus/paper_reproduction/experiment7/run_7d/airbeam_7d_tosca/airbeam_vol.msg
(INFO    ) [15:33:02|tosca_driver] Searching for success check string: "THE ANALYSIS HAS BEEN COMPLETED"
(INFO    ) [15:33:02|tosca_driver] Calling: /uufs/chpc.utah.edu/sys/installdir/abaqus/2025/linux_a64/code/bin/SMATsoOdbToVtmMain --solver abaqus --loglevel INFO --format_matrices sim --cycle 17 --perturbation 0 /uufs/chpc.utah.edu/common/home/u6074059/Abaqus/paper_reproduction/experiment7/run_7d/airbeam_7d_tosca/airbeam_vol
(INFO    ) [15:33:03|odb_to_vtm] SIMULIA Tosca Structure.odb_to_vtm - version 3DEXPERIENCE R2025x - build R427 - 20240925T190012Z 64 bit
(INFO    ) [15:33:03|odb_to_vtm] Reading Abaqus ODB output file /uufs/chpc.utah.edu/common/home/u6074059/Abaqus/paper_reproduction/experiment7/run_7d/airbeam_7d_tosca/airbeam_vol
(INFO    ) [15:33:03|odb_to_vtm] Reading results from the Abaqus result database /uufs/chpc.utah.edu/common/home/u6074059/Abaqus/paper_reproduction/experiment7/run_7d/airbeam_7d_tosca/airbeam_vol.odb
(INFO    ) [15:33:03|odb_to_vtm] SIMULIA Tosca Structure.odb_to_vtm finished successfully
(INFO    ) [15:33:03|tosca_driver] Module SMATsoOdbToVtmMain has finished with exit code 0
(NOTICE  ) [15:33:03|tosca_driver] Starting Tosca Structure optimization module - design cycle 17
(INFO    ) [15:33:03|tosca_driver] Calling: /uufs/chpc.utah.edu/sys/installdir/abaqus/2025/linux_a64/code/bin/SMATsoToscaOpt --loglevel INFO
(INFO    ) [15:33:03|tosca_opt] SIMULIA Tosca Structure.tosca_opt - version 3DEXPERIENCE R2025x - build R427 - 20240925T190012Z 64 bit
(INFO    ) [15:33:03|tosca_opt]  --------------------------------------------------------------------------
(INFO    ) [15:33:03|tosca_opt] |                ___  ___  __  __  _   _  _     ___    _                   |
(INFO    ) [15:33:03|tosca_opt] |               / __||_ _||  \/  || | | || |   |_ _|  /_\                  |
(INFO    ) [15:33:03|tosca_opt] |               \__ \ | | | |\/| || |_| || |__  | |  / _ \                 |
(INFO    ) [15:33:03|tosca_opt] |               |___/|___||_|  |_| \___/ |____||___|/_/ \_\                |
(INFO    ) [15:33:03|tosca_opt] |                        _____                                             |
(INFO    ) [15:33:03|tosca_opt] |                       |_   _|___  ___ __  __ _                           |
(INFO    ) [15:33:03|tosca_opt] |                         | | / _ \(_-</ _|/ _` |                          |
(INFO    ) [15:33:03|tosca_opt] |                         |_| \___//__/\__|\__,_|                          |
(INFO    ) [15:33:03|tosca_opt] |              ___  _                   _                                  |
(INFO    ) [15:33:03|tosca_opt] |             / __|| |_  _ _  _  _  __ | |_  _  _  _ _  ___                |
(INFO    ) [15:33:03|tosca_opt] |             \__ \|  _|| `_|| || |/ _||  _|| || || `_|/ -_)               |
(INFO    ) [15:33:03|tosca_opt] |             |___/ \__||_|   \_,_|\__| \__| \_,_||_|  \___|               |
(INFO    ) [15:33:03|tosca_opt] |                                                                          |
(INFO    ) [15:33:03|tosca_opt]  --------------------------------------------------------------------------
(INFO    ) [15:33:03|tosca_opt] | Version 3DEXPERIENCE R2025x                                              |
(INFO    ) [15:33:03|tosca_opt] | DATE:   2026-02-19                                                       |
(INFO    ) [15:33:03|tosca_opt]  --------------------------------------------------------------------------
(INFO    ) [15:33:04|tosca_opt]  --------------------------------------------------------------------------
(INFO    ) [15:33:04|tosca_opt] | Begin of DESIGN CYCLE NUMBER: 17                                         |
(INFO    ) [15:33:04|tosca_opt]  --------------------------------------------------------------------------
(INFO    ) [15:33:04|tosca_opt] Checking for existence of results
(INFO    ) [15:33:04|tosca_opt]  --------------------------------------------------------------------------
(INFO    ) [15:33:04|tosca_opt] | ANALYZE VALUE OF VARIABLES before OPTIMIZATION                           |
(INFO    ) [15:33:04|tosca_opt]  --------------------------------------------------------------------------
(INFO    ) [15:33:04|tosca_opt]  --------------------------------------------------------------------------
(INFO    ) [15:33:04|tosca_opt] | Convergence Criteria in Design Cycle 17                                  |
(INFO    ) [15:33:04|tosca_opt]  --------------------------------------------------------------------------
(INFO    ) [15:33:04|tosca_opt] Local objective function criterion : NOT_FULFILLED (Actual change / target:    0.02884/   0.00100)
(INFO    ) [15:33:04|tosca_opt] Local design variables criterion   : NOT_FULFILLED (Actual change / target:    0.03773/   0.00500)
(INFO    ) [15:33:04|tosca_opt] Global stop criterion              : NOT_FULFILLED (Max number of design cycles :  80)
(INFO    ) [15:33:04|tosca_opt] 
(INFO    ) [15:33:04|tosca_opt]  --------------------------------------------------------------------------
(INFO    ) [15:33:04|tosca_opt] | ANALYZE VALUE OF VARIABLES after OPTIMIZATION                            |
(INFO    ) [15:33:04|tosca_opt]  --------------------------------------------------------------------------
(INFO    ) [15:33:04|tosca_opt]  --------------------------------------------------------------------------
(INFO    ) [15:33:04|tosca_opt] | VARIABLES and DESIGN RESPONSES                                           |
(INFO    ) [15:33:04|tosca_opt]  --------------------------------------------------------------------------
(INFO    ) [15:33:04|tosca_opt]  DRESP_STRAIN_ENERGY                       :    3.5264
(INFO    ) [15:33:04|tosca_opt]  DRESP_VOLUME                              :    1249.0
(INFO    ) [15:33:04|tosca_opt]  --------------------------------------------------------------------------
(INFO    ) [15:33:04|tosca_opt]  --------------------------------------------------------------------------
(INFO    ) [15:33:04|tosca_opt] | Report of OPTIMIZATION Results                                           |
(INFO    ) [15:33:04|tosca_opt]  --------------------------------------------------------------------------
(INFO    ) [15:33:04|tosca_opt]  DESIGN CYCLE                :  17
(INFO    ) [15:33:04|tosca_opt]  OPTIMIZE name               : TOPOLOGY_OPTIMIZATION
(INFO    ) [15:33:04|tosca_opt]  OBJ_FUNC name               : MIN_SE
(INFO    ) [15:33:04|tosca_opt]  OBJ_FUNC value              :     3.52638
(INFO    ) [15:33:04|tosca_opt]  ==========================================================================
(INFO    ) [15:33:04|tosca_opt] |     Name of OBJ_FUNC_TERM      |   Value    |   Weight   |   Reference   |
(INFO    ) [15:33:04|tosca_opt]  ==========================================================================
(INFO    ) [15:33:04|tosca_opt] | DRESP_STRAIN_ENERGY            | 3.52638    | 1.0        | 0.0           |
(INFO    ) [15:33:04|tosca_opt]  ==========================================================================
(INFO    ) [15:33:04|tosca_opt] * SIMULIA Tosca Structure INFORMATION *
(INFO    ) [15:33:04|tosca_opt] Writing CONSTRAINTs with default normalization.
(INFO    ) [15:33:04|tosca_opt] For NORM value  <= 1.0   -->    CONSTRAINT is OK ( For all CONSTRAINT types )
(INFO    ) [15:33:04|tosca_opt]  ==========================================================================
(INFO    ) [15:33:04|tosca_opt] |  Name of CONSTRAINT  |  Act. Value  | Op.  | Target  |   Norm   | Status |
(INFO    ) [15:33:04|tosca_opt]  ==========================================================================
(INFO    ) [15:33:04|tosca_opt] | VOL_CONSTRAINT       | 0.495043     | <=   | 0.5     | 0.990086 | TRUE   |
(INFO    ) [15:33:04|tosca_opt]  ==========================================================================
(INFO    ) [15:33:05|tosca_opt]  --------------------------------------------------------------------------
(INFO    ) [15:33:05|tosca_opt] | Some STOP CRITERIA NOT satisfied this iteration                          |
(INFO    ) [15:33:05|tosca_opt]  --------------------------------------------------------------------------
(INFO    ) [15:33:05|tosca_opt]  --------------------------------------------------------------------------
(INFO    ) [15:33:05|tosca_opt] | End of DESIGN CYCLE NUMBER: 17                                           |
(INFO    ) [15:33:05|tosca_opt]  --------------------------------------------------------------------------
(INFO    ) [15:33:06|tosca_opt] Application finished successfully
(INFO    ) [15:33:06|tosca_driver] Module SMATsoToscaOpt has finished with exit code 0
(INFO    ) [15:33:06|tosca_driver] Calling: /uufs/chpc.utah.edu/sys/installdir/abaqus/2025/linux_a64/code/bin/SMATrtOptResExportTool --loglevel INFO --cycle 17 --onf_output ON
(INFO    ) [15:33:06|opt_res_export_tool] SIMULIA Tosca Structure.opt_res_export_tool - version 3DEXPERIENCE R2025x - build R427 - 20240925T190012Z 64 bit
(INFO    ) [15:33:06|opt_res_export_tool] Extracting results from opt_res_database
(INFO    ) [15:33:06|opt_res_export_tool] SIMULIA Tosca Structure.opt_res_export_tool finished successfully
(INFO    ) [15:33:06|tosca_driver] Module SMATrtOptResExportTool has finished with exit code 0
(NOTICE  ) [15:33:06|tosca_driver] Design cycle 18 started on 2026-02-19
(NOTICE  ) [15:33:06|tosca_driver] Starting Abaqus analysis - design cycle 18
(INFO    ) [15:33:06|tosca_driver] Activating the solver
(INFO    ) [15:33:06|tosca_driver] Calling hooks before module abaqus
(INFO    ) [15:33:06|tosca_driver] Calling: /uufs/chpc.utah.edu/sys/installdir/abaqus/2025/linux_a64/code/bin/SMATsoAbaqusTsProvider -j airbeam_vol --cycle 18
(INFO    ) [15:33:06|hook] Timestamp file written successfully
(INFO    ) [15:33:06|tosca_driver] Module hook has finished with exit code 0
(INFO    ) [15:33:07|tosca_driver] Fe-solver abaqus finished with job airbeam_vol.inp
(INFO    ) [15:33:07|tosca_driver] Elapsed time (inc. overhead): 0:00:01.102765
(INFO    ) [15:33:07|tosca_driver] Elapsed time of abaqus : 0:00:01.174447  -  current time : 15:33:07.747293
(INFO    ) [15:33:07|tosca_driver] Solution complete
(INFO    ) [15:33:07|tosca_driver] Checking solver output file: /uufs/chpc.utah.edu/common/home/u6074059/Abaqus/paper_reproduction/experiment7/run_7d/airbeam_7d_tosca/airbeam_vol.msg
(INFO    ) [15:33:07|tosca_driver] Searching for success check string: "THE ANALYSIS HAS BEEN COMPLETED"
(INFO    ) [15:33:07|tosca_driver] Calling: /uufs/chpc.utah.edu/sys/installdir/abaqus/2025/linux_a64/code/bin/SMATsoOdbToVtmMain --solver abaqus --loglevel INFO --format_matrices sim --cycle 18 --perturbation 0 /uufs/chpc.utah.edu/common/home/u6074059/Abaqus/paper_reproduction/experiment7/run_7d/airbeam_7d_tosca/airbeam_vol
(INFO    ) [15:33:07|odb_to_vtm] SIMULIA Tosca Structure.odb_to_vtm - version 3DEXPERIENCE R2025x - build R427 - 20240925T190012Z 64 bit
(INFO    ) [15:33:07|odb_to_vtm] Reading Abaqus ODB output file /uufs/chpc.utah.edu/common/home/u6074059/Abaqus/paper_reproduction/experiment7/run_7d/airbeam_7d_tosca/airbeam_vol
(INFO    ) [15:33:08|odb_to_vtm] Reading results from the Abaqus result database /uufs/chpc.utah.edu/common/home/u6074059/Abaqus/paper_reproduction/experiment7/run_7d/airbeam_7d_tosca/airbeam_vol.odb
(INFO    ) [15:33:08|odb_to_vtm] SIMULIA Tosca Structure.odb_to_vtm finished successfully
(INFO    ) [15:33:08|tosca_driver] Module SMATsoOdbToVtmMain has finished with exit code 0
(NOTICE  ) [15:33:08|tosca_driver] Starting Tosca Structure optimization module - design cycle 18
(INFO    ) [15:33:08|tosca_driver] Calling: /uufs/chpc.utah.edu/sys/installdir/abaqus/2025/linux_a64/code/bin/SMATsoToscaOpt --loglevel INFO
(INFO    ) [15:33:08|tosca_opt] SIMULIA Tosca Structure.tosca_opt - version 3DEXPERIENCE R2025x - build R427 - 20240925T190012Z 64 bit
(INFO    ) [15:33:08|tosca_opt]  --------------------------------------------------------------------------
(INFO    ) [15:33:08|tosca_opt] |                ___  ___  __  __  _   _  _     ___    _                   |
(INFO    ) [15:33:08|tosca_opt] |               / __||_ _||  \/  || | | || |   |_ _|  /_\                  |
(INFO    ) [15:33:08|tosca_opt] |               \__ \ | | | |\/| || |_| || |__  | |  / _ \                 |
(INFO    ) [15:33:08|tosca_opt] |               |___/|___||_|  |_| \___/ |____||___|/_/ \_\                |
(INFO    ) [15:33:08|tosca_opt] |                        _____                                             |
(INFO    ) [15:33:08|tosca_opt] |                       |_   _|___  ___ __  __ _                           |
(INFO    ) [15:33:08|tosca_opt] |                         | | / _ \(_-</ _|/ _` |                          |
(INFO    ) [15:33:08|tosca_opt] |                         |_| \___//__/\__|\__,_|                          |
(INFO    ) [15:33:08|tosca_opt] |              ___  _                   _                                  |
(INFO    ) [15:33:08|tosca_opt] |             / __|| |_  _ _  _  _  __ | |_  _  _  _ _  ___                |
(INFO    ) [15:33:08|tosca_opt] |             \__ \|  _|| `_|| || |/ _||  _|| || || `_|/ -_)               |
(INFO    ) [15:33:08|tosca_opt] |             |___/ \__||_|   \_,_|\__| \__| \_,_||_|  \___|               |
(INFO    ) [15:33:08|tosca_opt] |                                                                          |
(INFO    ) [15:33:08|tosca_opt]  --------------------------------------------------------------------------
(INFO    ) [15:33:08|tosca_opt] | Version 3DEXPERIENCE R2025x                                              |
(INFO    ) [15:33:08|tosca_opt] | DATE:   2026-02-19                                                       |
(INFO    ) [15:33:08|tosca_opt]  --------------------------------------------------------------------------
(INFO    ) [15:33:09|tosca_opt]  --------------------------------------------------------------------------
(INFO    ) [15:33:09|tosca_opt] | Begin of DESIGN CYCLE NUMBER: 18                                         |
(INFO    ) [15:33:09|tosca_opt]  --------------------------------------------------------------------------
(INFO    ) [15:33:09|tosca_opt] Checking for existence of results
(INFO    ) [15:33:09|tosca_opt]  --------------------------------------------------------------------------
(INFO    ) [15:33:09|tosca_opt] | ANALYZE VALUE OF VARIABLES before OPTIMIZATION                           |
(INFO    ) [15:33:09|tosca_opt]  --------------------------------------------------------------------------
(INFO    ) [15:33:09|tosca_opt]  --------------------------------------------------------------------------
(INFO    ) [15:33:09|tosca_opt] | Convergence Criteria in Design Cycle 18                                  |
(INFO    ) [15:33:09|tosca_opt]  --------------------------------------------------------------------------
(INFO    ) [15:33:09|tosca_opt] Local objective function criterion : NOT_FULFILLED (Actual change / target:    0.03495/   0.00100)
(INFO    ) [15:33:09|tosca_opt] Local design variables criterion   : NOT_FULFILLED (Actual change / target:    0.04162/   0.00500)
(INFO    ) [15:33:09|tosca_opt] Global stop criterion              : NOT_FULFILLED (Max number of design cycles :  80)
(INFO    ) [15:33:09|tosca_opt] 
(INFO    ) [15:33:09|tosca_opt]  --------------------------------------------------------------------------
(INFO    ) [15:33:09|tosca_opt] | ANALYZE VALUE OF VARIABLES after OPTIMIZATION                            |
(INFO    ) [15:33:09|tosca_opt]  --------------------------------------------------------------------------
(INFO    ) [15:33:09|tosca_opt]  --------------------------------------------------------------------------
(INFO    ) [15:33:09|tosca_opt] | VARIABLES and DESIGN RESPONSES                                           |
(INFO    ) [15:33:09|tosca_opt]  --------------------------------------------------------------------------
(INFO    ) [15:33:09|tosca_opt]  DRESP_STRAIN_ENERGY                       :    3.4073
(INFO    ) [15:33:09|tosca_opt]  DRESP_VOLUME                              :    1247.1
(INFO    ) [15:33:09|tosca_opt]  --------------------------------------------------------------------------
(INFO    ) [15:33:09|tosca_opt]  --------------------------------------------------------------------------
(INFO    ) [15:33:09|tosca_opt] | Report of OPTIMIZATION Results                                           |
(INFO    ) [15:33:09|tosca_opt]  --------------------------------------------------------------------------
(INFO    ) [15:33:09|tosca_opt]  DESIGN CYCLE                :  18
(INFO    ) [15:33:09|tosca_opt]  OPTIMIZE name               : TOPOLOGY_OPTIMIZATION
(INFO    ) [15:33:09|tosca_opt]  OBJ_FUNC name               : MIN_SE
(INFO    ) [15:33:09|tosca_opt]  OBJ_FUNC value              :     3.40729
(INFO    ) [15:33:09|tosca_opt]  ==========================================================================
(INFO    ) [15:33:09|tosca_opt] |     Name of OBJ_FUNC_TERM      |   Value    |   Weight   |   Reference   |
(INFO    ) [15:33:09|tosca_opt]  ==========================================================================
(INFO    ) [15:33:09|tosca_opt] | DRESP_STRAIN_ENERGY            | 3.40729    | 1.0        | 0.0           |
(INFO    ) [15:33:09|tosca_opt]  ==========================================================================
(INFO    ) [15:33:09|tosca_opt] * SIMULIA Tosca Structure INFORMATION *
(INFO    ) [15:33:09|tosca_opt] Writing CONSTRAINTs with default normalization.
(INFO    ) [15:33:09|tosca_opt] For NORM value  <= 1.0   -->    CONSTRAINT is OK ( For all CONSTRAINT types )
(INFO    ) [15:33:09|tosca_opt]  ==========================================================================
(INFO    ) [15:33:09|tosca_opt] |  Name of CONSTRAINT  |  Act. Value  | Op.  | Target  |   Norm   | Status |
(INFO    ) [15:33:09|tosca_opt]  ==========================================================================
(INFO    ) [15:33:09|tosca_opt] | VOL_CONSTRAINT       | 0.494283     | <=   | 0.5     | 0.988567 | TRUE   |
(INFO    ) [15:33:09|tosca_opt]  ==========================================================================
(INFO    ) [15:33:10|tosca_opt]  --------------------------------------------------------------------------
(INFO    ) [15:33:10|tosca_opt] | Some STOP CRITERIA NOT satisfied this iteration                          |
(INFO    ) [15:33:10|tosca_opt]  --------------------------------------------------------------------------
(INFO    ) [15:33:11|tosca_opt]  --------------------------------------------------------------------------
(INFO    ) [15:33:11|tosca_opt] | End of DESIGN CYCLE NUMBER: 18                                           |
(INFO    ) [15:33:11|tosca_opt]  --------------------------------------------------------------------------
(INFO    ) [15:33:11|tosca_opt] Application finished successfully
(INFO    ) [15:33:11|tosca_driver] Module SMATsoToscaOpt has finished with exit code 0
(INFO    ) [15:33:11|tosca_driver] Calling: /uufs/chpc.utah.edu/sys/installdir/abaqus/2025/linux_a64/code/bin/SMATrtOptResExportTool --loglevel INFO --cycle 18 --onf_output ON
(INFO    ) [15:33:11|opt_res_export_tool] SIMULIA Tosca Structure.opt_res_export_tool - version 3DEXPERIENCE R2025x - build R427 - 20240925T190012Z 64 bit
(INFO    ) [15:33:11|opt_res_export_tool] Extracting results from opt_res_database
(INFO    ) [15:33:11|opt_res_export_tool] SIMULIA Tosca Structure.opt_res_export_tool finished successfully
(INFO    ) [15:33:11|tosca_driver] Module SMATrtOptResExportTool has finished with exit code 0
(NOTICE  ) [15:33:11|tosca_driver] Design cycle 19 started on 2026-02-19
(NOTICE  ) [15:33:11|tosca_driver] Starting Abaqus analysis - design cycle 19
(INFO    ) [15:33:11|tosca_driver] Activating the solver
(INFO    ) [15:33:11|tosca_driver] Calling hooks before module abaqus
(INFO    ) [15:33:11|tosca_driver] Calling: /uufs/chpc.utah.edu/sys/installdir/abaqus/2025/linux_a64/code/bin/SMATsoAbaqusTsProvider -j airbeam_vol --cycle 19
(INFO    ) [15:33:11|hook] Timestamp file written successfully
(INFO    ) [15:33:11|tosca_driver] Module hook has finished with exit code 0
(INFO    ) [15:33:13|tosca_driver] Fe-solver abaqus finished with job airbeam_vol.inp
(INFO    ) [15:33:13|tosca_driver] Elapsed time (inc. overhead): 0:00:01.503484
(INFO    ) [15:33:13|tosca_driver] Elapsed time of abaqus : 0:00:01.577981  -  current time : 15:33:13.345058
(INFO    ) [15:33:13|tosca_driver] Solution complete
(INFO    ) [15:33:13|tosca_driver] Checking solver output file: /uufs/chpc.utah.edu/common/home/u6074059/Abaqus/paper_reproduction/experiment7/run_7d/airbeam_7d_tosca/airbeam_vol.msg
(INFO    ) [15:33:13|tosca_driver] Searching for success check string: "THE ANALYSIS HAS BEEN COMPLETED"
(INFO    ) [15:33:13|tosca_driver] Calling: /uufs/chpc.utah.edu/sys/installdir/abaqus/2025/linux_a64/code/bin/SMATsoOdbToVtmMain --solver abaqus --loglevel INFO --format_matrices sim --cycle 19 --perturbation 0 /uufs/chpc.utah.edu/common/home/u6074059/Abaqus/paper_reproduction/experiment7/run_7d/airbeam_7d_tosca/airbeam_vol
(INFO    ) [15:33:13|odb_to_vtm] SIMULIA Tosca Structure.odb_to_vtm - version 3DEXPERIENCE R2025x - build R427 - 20240925T190012Z 64 bit
(INFO    ) [15:33:13|odb_to_vtm] Reading Abaqus ODB output file /uufs/chpc.utah.edu/common/home/u6074059/Abaqus/paper_reproduction/experiment7/run_7d/airbeam_7d_tosca/airbeam_vol
(INFO    ) [15:33:13|odb_to_vtm] Reading results from the Abaqus result database /uufs/chpc.utah.edu/common/home/u6074059/Abaqus/paper_reproduction/experiment7/run_7d/airbeam_7d_tosca/airbeam_vol.odb
(INFO    ) [15:33:13|odb_to_vtm] SIMULIA Tosca Structure.odb_to_vtm finished successfully
(INFO    ) [15:33:13|tosca_driver] Module SMATsoOdbToVtmMain has finished with exit code 0
(NOTICE  ) [15:33:13|tosca_driver] Starting Tosca Structure optimization module - design cycle 19
(INFO    ) [15:33:13|tosca_driver] Calling: /uufs/chpc.utah.edu/sys/installdir/abaqus/2025/linux_a64/code/bin/SMATsoToscaOpt --loglevel INFO
(INFO    ) [15:33:13|tosca_opt] SIMULIA Tosca Structure.tosca_opt - version 3DEXPERIENCE R2025x - build R427 - 20240925T190012Z 64 bit
(INFO    ) [15:33:13|tosca_opt]  --------------------------------------------------------------------------
(INFO    ) [15:33:13|tosca_opt] |                ___  ___  __  __  _   _  _     ___    _                   |
(INFO    ) [15:33:13|tosca_opt] |               / __||_ _||  \/  || | | || |   |_ _|  /_\                  |
(INFO    ) [15:33:13|tosca_opt] |               \__ \ | | | |\/| || |_| || |__  | |  / _ \                 |
(INFO    ) [15:33:13|tosca_opt] |               |___/|___||_|  |_| \___/ |____||___|/_/ \_\                |
(INFO    ) [15:33:13|tosca_opt] |                        _____                                             |
(INFO    ) [15:33:13|tosca_opt] |                       |_   _|___  ___ __  __ _                           |
(INFO    ) [15:33:13|tosca_opt] |                         | | / _ \(_-</ _|/ _` |                          |
(INFO    ) [15:33:13|tosca_opt] |                         |_| \___//__/\__|\__,_|                          |
(INFO    ) [15:33:13|tosca_opt] |              ___  _                   _                                  |
(INFO    ) [15:33:13|tosca_opt] |             / __|| |_  _ _  _  _  __ | |_  _  _  _ _  ___                |
(INFO    ) [15:33:13|tosca_opt] |             \__ \|  _|| `_|| || |/ _||  _|| || || `_|/ -_)               |
(INFO    ) [15:33:13|tosca_opt] |             |___/ \__||_|   \_,_|\__| \__| \_,_||_|  \___|               |
(INFO    ) [15:33:13|tosca_opt] |                                                                          |
(INFO    ) [15:33:13|tosca_opt]  --------------------------------------------------------------------------
(INFO    ) [15:33:13|tosca_opt] | Version 3DEXPERIENCE R2025x                                              |
(INFO    ) [15:33:13|tosca_opt] | DATE:   2026-02-19                                                       |
(INFO    ) [15:33:13|tosca_opt]  --------------------------------------------------------------------------
(INFO    ) [15:33:14|tosca_opt]  --------------------------------------------------------------------------
(INFO    ) [15:33:14|tosca_opt] | Begin of DESIGN CYCLE NUMBER: 19                                         |
(INFO    ) [15:33:14|tosca_opt]  --------------------------------------------------------------------------
(INFO    ) [15:33:14|tosca_opt] Checking for existence of results
(INFO    ) [15:33:14|tosca_opt]  --------------------------------------------------------------------------
(INFO    ) [15:33:14|tosca_opt] | ANALYZE VALUE OF VARIABLES before OPTIMIZATION                           |
(INFO    ) [15:33:14|tosca_opt]  --------------------------------------------------------------------------
(INFO    ) [15:33:14|tosca_opt]  --------------------------------------------------------------------------
(INFO    ) [15:33:14|tosca_opt] | Convergence Criteria in Design Cycle 19                                  |
(INFO    ) [15:33:14|tosca_opt]  --------------------------------------------------------------------------
(INFO    ) [15:33:14|tosca_opt] Local objective function criterion : NOT_FULFILLED (Actual change / target:    0.03933/   0.00100)
(INFO    ) [15:33:14|tosca_opt] Local design variables criterion   : NOT_FULFILLED (Actual change / target:    0.04508/   0.00500)
(INFO    ) [15:33:14|tosca_opt] Global stop criterion              : NOT_FULFILLED (Max number of design cycles :  80)
(INFO    ) [15:33:14|tosca_opt] 
(INFO    ) [15:33:15|tosca_opt]  --------------------------------------------------------------------------
(INFO    ) [15:33:15|tosca_opt] | ANALYZE VALUE OF VARIABLES after OPTIMIZATION                            |
(INFO    ) [15:33:15|tosca_opt]  --------------------------------------------------------------------------
(INFO    ) [15:33:15|tosca_opt]  --------------------------------------------------------------------------
(INFO    ) [15:33:15|tosca_opt] | VARIABLES and DESIGN RESPONSES                                           |
(INFO    ) [15:33:15|tosca_opt]  --------------------------------------------------------------------------
(INFO    ) [15:33:15|tosca_opt]  DRESP_STRAIN_ENERGY                       :    3.2784
(INFO    ) [15:33:15|tosca_opt]  DRESP_VOLUME                              :    1244.7
(INFO    ) [15:33:15|tosca_opt]  --------------------------------------------------------------------------
(INFO    ) [15:33:15|tosca_opt]  --------------------------------------------------------------------------
(INFO    ) [15:33:15|tosca_opt] | Report of OPTIMIZATION Results                                           |
(INFO    ) [15:33:15|tosca_opt]  --------------------------------------------------------------------------
(INFO    ) [15:33:15|tosca_opt]  DESIGN CYCLE                :  19
(INFO    ) [15:33:15|tosca_opt]  OPTIMIZE name               : TOPOLOGY_OPTIMIZATION
(INFO    ) [15:33:15|tosca_opt]  OBJ_FUNC name               : MIN_SE
(INFO    ) [15:33:15|tosca_opt]  OBJ_FUNC value              :     3.27837
(INFO    ) [15:33:15|tosca_opt]  ==========================================================================
(INFO    ) [15:33:15|tosca_opt] |     Name of OBJ_FUNC_TERM      |   Value    |   Weight   |   Reference   |
(INFO    ) [15:33:15|tosca_opt]  ==========================================================================
(INFO    ) [15:33:15|tosca_opt] | DRESP_STRAIN_ENERGY            | 3.27837    | 1.0        | 0.0           |
(INFO    ) [15:33:15|tosca_opt]  ==========================================================================
(INFO    ) [15:33:15|tosca_opt] * SIMULIA Tosca Structure INFORMATION *
(INFO    ) [15:33:15|tosca_opt] Writing CONSTRAINTs with default normalization.
(INFO    ) [15:33:15|tosca_opt] For NORM value  <= 1.0   -->    CONSTRAINT is OK ( For all CONSTRAINT types )
(INFO    ) [15:33:15|tosca_opt]  ==========================================================================
(INFO    ) [15:33:15|tosca_opt] |  Name of CONSTRAINT  |  Act. Value  | Op.  | Target  |   Norm   | Status |
(INFO    ) [15:33:15|tosca_opt]  ==========================================================================
(INFO    ) [15:33:15|tosca_opt] | VOL_CONSTRAINT       | 0.493338     | <=   | 0.5     | 0.986677 | TRUE   |
(INFO    ) [15:33:15|tosca_opt]  ==========================================================================
(INFO    ) [15:33:17|tosca_opt]  --------------------------------------------------------------------------
(INFO    ) [15:33:17|tosca_opt] | Some STOP CRITERIA NOT satisfied this iteration                          |
(INFO    ) [15:33:17|tosca_opt]  --------------------------------------------------------------------------
(INFO    ) [15:33:17|tosca_opt]  --------------------------------------------------------------------------
(INFO    ) [15:33:17|tosca_opt] | End of DESIGN CYCLE NUMBER: 19                                           |
(INFO    ) [15:33:17|tosca_opt]  --------------------------------------------------------------------------
(INFO    ) [15:33:17|tosca_opt] Application finished successfully
(INFO    ) [15:33:17|tosca_driver] Module SMATsoToscaOpt has finished with exit code 0
(INFO    ) [15:33:17|tosca_driver] Calling: /uufs/chpc.utah.edu/sys/installdir/abaqus/2025/linux_a64/code/bin/SMATrtOptResExportTool --loglevel INFO --cycle 19 --onf_output ON
(INFO    ) [15:33:17|opt_res_export_tool] SIMULIA Tosca Structure.opt_res_export_tool - version 3DEXPERIENCE R2025x - build R427 - 20240925T190012Z 64 bit
(INFO    ) [15:33:17|opt_res_export_tool] Extracting results from opt_res_database
(INFO    ) [15:33:17|opt_res_export_tool] SIMULIA Tosca Structure.opt_res_export_tool finished successfully
(INFO    ) [15:33:17|tosca_driver] Module SMATrtOptResExportTool has finished with exit code 0
(NOTICE  ) [15:33:17|tosca_driver] Design cycle 20 started on 2026-02-19
(NOTICE  ) [15:33:17|tosca_driver] Starting Abaqus analysis - design cycle 20
(INFO    ) [15:33:17|tosca_driver] Activating the solver
(INFO    ) [15:33:17|tosca_driver] Calling hooks before module abaqus
(INFO    ) [15:33:17|tosca_driver] Calling: /uufs/chpc.utah.edu/sys/installdir/abaqus/2025/linux_a64/code/bin/SMATsoAbaqusTsProvider -j airbeam_vol --cycle 20
(INFO    ) [15:33:17|hook] Timestamp file written successfully
(INFO    ) [15:33:18|tosca_driver] Module hook has finished with exit code 0
(INFO    ) [15:33:19|tosca_driver] Fe-solver abaqus finished with job airbeam_vol.inp
(INFO    ) [15:33:19|tosca_driver] Elapsed time (inc. overhead): 0:00:01.102638
(INFO    ) [15:33:19|tosca_driver] Elapsed time of abaqus : 0:00:01.168761  -  current time : 15:33:19.108475
(INFO    ) [15:33:19|tosca_driver] Solution complete
(INFO    ) [15:33:19|tosca_driver] Checking solver output file: /uufs/chpc.utah.edu/common/home/u6074059/Abaqus/paper_reproduction/experiment7/run_7d/airbeam_7d_tosca/airbeam_vol.msg
(INFO    ) [15:33:19|tosca_driver] Searching for success check string: "THE ANALYSIS HAS BEEN COMPLETED"
(INFO    ) [15:33:19|tosca_driver] Calling: /uufs/chpc.utah.edu/sys/installdir/abaqus/2025/linux_a64/code/bin/SMATsoOdbToVtmMain --solver abaqus --loglevel INFO --format_matrices sim --cycle 20 --perturbation 0 /uufs/chpc.utah.edu/common/home/u6074059/Abaqus/paper_reproduction/experiment7/run_7d/airbeam_7d_tosca/airbeam_vol
(INFO    ) [15:33:19|odb_to_vtm] SIMULIA Tosca Structure.odb_to_vtm - version 3DEXPERIENCE R2025x - build R427 - 20240925T190012Z 64 bit
(INFO    ) [15:33:19|odb_to_vtm] Reading Abaqus ODB output file /uufs/chpc.utah.edu/common/home/u6074059/Abaqus/paper_reproduction/experiment7/run_7d/airbeam_7d_tosca/airbeam_vol
(INFO    ) [15:33:19|odb_to_vtm] Reading results from the Abaqus result database /uufs/chpc.utah.edu/common/home/u6074059/Abaqus/paper_reproduction/experiment7/run_7d/airbeam_7d_tosca/airbeam_vol.odb
(INFO    ) [15:33:19|odb_to_vtm] SIMULIA Tosca Structure.odb_to_vtm finished successfully
(INFO    ) [15:33:19|tosca_driver] Module SMATsoOdbToVtmMain has finished with exit code 0
(NOTICE  ) [15:33:19|tosca_driver] Starting Tosca Structure optimization module - design cycle 20
(INFO    ) [15:33:19|tosca_driver] Calling: /uufs/chpc.utah.edu/sys/installdir/abaqus/2025/linux_a64/code/bin/SMATsoToscaOpt --loglevel INFO
(INFO    ) [15:33:19|tosca_opt] SIMULIA Tosca Structure.tosca_opt - version 3DEXPERIENCE R2025x - build R427 - 20240925T190012Z 64 bit
(INFO    ) [15:33:19|tosca_opt]  --------------------------------------------------------------------------
(INFO    ) [15:33:19|tosca_opt] |                ___  ___  __  __  _   _  _     ___    _                   |
(INFO    ) [15:33:19|tosca_opt] |               / __||_ _||  \/  || | | || |   |_ _|  /_\                  |
(INFO    ) [15:33:19|tosca_opt] |               \__ \ | | | |\/| || |_| || |__  | |  / _ \                 |
(INFO    ) [15:33:19|tosca_opt] |               |___/|___||_|  |_| \___/ |____||___|/_/ \_\                |
(INFO    ) [15:33:19|tosca_opt] |                        _____                                             |
(INFO    ) [15:33:19|tosca_opt] |                       |_   _|___  ___ __  __ _                           |
(INFO    ) [15:33:19|tosca_opt] |                         | | / _ \(_-</ _|/ _` |                          |
(INFO    ) [15:33:19|tosca_opt] |                         |_| \___//__/\__|\__,_|                          |
(INFO    ) [15:33:19|tosca_opt] |              ___  _                   _                                  |
(INFO    ) [15:33:19|tosca_opt] |             / __|| |_  _ _  _  _  __ | |_  _  _  _ _  ___                |
(INFO    ) [15:33:19|tosca_opt] |             \__ \|  _|| `_|| || |/ _||  _|| || || `_|/ -_)               |
(INFO    ) [15:33:19|tosca_opt] |             |___/ \__||_|   \_,_|\__| \__| \_,_||_|  \___|               |
(INFO    ) [15:33:19|tosca_opt] |                                                                          |
(INFO    ) [15:33:19|tosca_opt]  --------------------------------------------------------------------------
(INFO    ) [15:33:19|tosca_opt] | Version 3DEXPERIENCE R2025x                                              |
(INFO    ) [15:33:19|tosca_opt] | DATE:   2026-02-19                                                       |
(INFO    ) [15:33:19|tosca_opt]  --------------------------------------------------------------------------
(INFO    ) [15:33:20|tosca_opt]  --------------------------------------------------------------------------
(INFO    ) [15:33:20|tosca_opt] | Begin of DESIGN CYCLE NUMBER: 20                                         |
(INFO    ) [15:33:20|tosca_opt]  --------------------------------------------------------------------------
(INFO    ) [15:33:20|tosca_opt] Checking for existence of results
(INFO    ) [15:33:20|tosca_opt]  --------------------------------------------------------------------------
(INFO    ) [15:33:20|tosca_opt] | ANALYZE VALUE OF VARIABLES before OPTIMIZATION                           |
(INFO    ) [15:33:20|tosca_opt]  --------------------------------------------------------------------------
(INFO    ) [15:33:20|tosca_opt]  --------------------------------------------------------------------------
(INFO    ) [15:33:20|tosca_opt] | Convergence Criteria in Design Cycle 20                                  |
(INFO    ) [15:33:20|tosca_opt]  --------------------------------------------------------------------------
(INFO    ) [15:33:20|tosca_opt] Local objective function criterion : NOT_FULFILLED (Actual change / target:    0.03710/   0.00100)
(INFO    ) [15:33:20|tosca_opt] Local design variables criterion   : NOT_FULFILLED (Actual change / target:    0.04588/   0.00500)
(INFO    ) [15:33:20|tosca_opt] Global stop criterion              : NOT_FULFILLED (Max number of design cycles :  80)
(INFO    ) [15:33:20|tosca_opt] 
(INFO    ) [15:33:20|tosca_opt]  --------------------------------------------------------------------------
(INFO    ) [15:33:20|tosca_opt] | ANALYZE VALUE OF VARIABLES after OPTIMIZATION                            |
(INFO    ) [15:33:20|tosca_opt]  --------------------------------------------------------------------------
(INFO    ) [15:33:20|tosca_opt]  --------------------------------------------------------------------------
(INFO    ) [15:33:20|tosca_opt] | VARIABLES and DESIGN RESPONSES                                           |
(INFO    ) [15:33:20|tosca_opt]  --------------------------------------------------------------------------
(INFO    ) [15:33:20|tosca_opt]  DRESP_STRAIN_ENERGY                       :    3.1611
(INFO    ) [15:33:20|tosca_opt]  DRESP_VOLUME                              :    1243.2
(INFO    ) [15:33:20|tosca_opt]  --------------------------------------------------------------------------
(INFO    ) [15:33:21|tosca_opt]  --------------------------------------------------------------------------
(INFO    ) [15:33:21|tosca_opt] | Report of OPTIMIZATION Results                                           |
(INFO    ) [15:33:21|tosca_opt]  --------------------------------------------------------------------------
(INFO    ) [15:33:21|tosca_opt]  DESIGN CYCLE                :  20
(INFO    ) [15:33:21|tosca_opt]  OPTIMIZE name               : TOPOLOGY_OPTIMIZATION
(INFO    ) [15:33:21|tosca_opt]  OBJ_FUNC name               : MIN_SE
(INFO    ) [15:33:21|tosca_opt]  OBJ_FUNC value              :     3.16108
(INFO    ) [15:33:21|tosca_opt]  ==========================================================================
(INFO    ) [15:33:21|tosca_opt] |     Name of OBJ_FUNC_TERM      |   Value    |   Weight   |   Reference   |
(INFO    ) [15:33:21|tosca_opt]  ==========================================================================
(INFO    ) [15:33:21|tosca_opt] | DRESP_STRAIN_ENERGY            | 3.16108    | 1.0        | 0.0           |
(INFO    ) [15:33:21|tosca_opt]  ==========================================================================
(INFO    ) [15:33:21|tosca_opt] * SIMULIA Tosca Structure INFORMATION *
(INFO    ) [15:33:21|tosca_opt] Writing CONSTRAINTs with default normalization.
(INFO    ) [15:33:21|tosca_opt] For NORM value  <= 1.0   -->    CONSTRAINT is OK ( For all CONSTRAINT types )
(INFO    ) [15:33:21|tosca_opt]  ==========================================================================
(INFO    ) [15:33:21|tosca_opt] |  Name of CONSTRAINT  |  Act. Value  | Op.  | Target  |   Norm   | Status |
(INFO    ) [15:33:21|tosca_opt]  ==========================================================================
(INFO    ) [15:33:21|tosca_opt] | VOL_CONSTRAINT       | 0.492758     | <=   | 0.5     | 0.985515 | TRUE   |
(INFO    ) [15:33:21|tosca_opt]  ==========================================================================
(INFO    ) [15:33:22|tosca_opt]  --------------------------------------------------------------------------
(INFO    ) [15:33:22|tosca_opt] | Some STOP CRITERIA NOT satisfied this iteration                          |
(INFO    ) [15:33:22|tosca_opt]  --------------------------------------------------------------------------
(INFO    ) [15:33:22|tosca_opt]  --------------------------------------------------------------------------
(INFO    ) [15:33:22|tosca_opt] | End of DESIGN CYCLE NUMBER: 20                                           |
(INFO    ) [15:33:22|tosca_opt]  --------------------------------------------------------------------------
(INFO    ) [15:33:22|tosca_opt] Application finished successfully
(INFO    ) [15:33:22|tosca_driver] Module SMATsoToscaOpt has finished with exit code 0
(INFO    ) [15:33:22|tosca_driver] Calling: /uufs/chpc.utah.edu/sys/installdir/abaqus/2025/linux_a64/code/bin/SMATrtOptResExportTool --loglevel INFO --cycle 20 --onf_output ON
(INFO    ) [15:33:22|opt_res_export_tool] SIMULIA Tosca Structure.opt_res_export_tool - version 3DEXPERIENCE R2025x - build R427 - 20240925T190012Z 64 bit
(INFO    ) [15:33:23|opt_res_export_tool] Extracting results from opt_res_database
(INFO    ) [15:33:23|opt_res_export_tool] SIMULIA Tosca Structure.opt_res_export_tool finished successfully
(INFO    ) [15:33:23|tosca_driver] Module SMATrtOptResExportTool has finished with exit code 0
(NOTICE  ) [15:33:23|tosca_driver] Design cycle 21 started on 2026-02-19
(NOTICE  ) [15:33:23|tosca_driver] Starting Abaqus analysis - design cycle 21
(INFO    ) [15:33:23|tosca_driver] Activating the solver
(INFO    ) [15:33:23|tosca_driver] Calling hooks before module abaqus
(INFO    ) [15:33:23|tosca_driver] Calling: /uufs/chpc.utah.edu/sys/installdir/abaqus/2025/linux_a64/code/bin/SMATsoAbaqusTsProvider -j airbeam_vol --cycle 21
(INFO    ) [15:33:23|hook] Timestamp file written successfully
(INFO    ) [15:33:23|tosca_driver] Module hook has finished with exit code 0
(INFO    ) [15:33:24|tosca_driver] Fe-solver abaqus finished with job airbeam_vol.inp
(INFO    ) [15:33:24|tosca_driver] Elapsed time (inc. overhead): 0:00:01.102553
(INFO    ) [15:33:24|tosca_driver] Elapsed time of abaqus : 0:00:01.168468  -  current time : 15:33:24.530038
(INFO    ) [15:33:24|tosca_driver] Solution complete
(INFO    ) [15:33:24|tosca_driver] Checking solver output file: /uufs/chpc.utah.edu/common/home/u6074059/Abaqus/paper_reproduction/experiment7/run_7d/airbeam_7d_tosca/airbeam_vol.msg
(INFO    ) [15:33:24|tosca_driver] Searching for success check string: "THE ANALYSIS HAS BEEN COMPLETED"
(INFO    ) [15:33:24|tosca_driver] Calling: /uufs/chpc.utah.edu/sys/installdir/abaqus/2025/linux_a64/code/bin/SMATsoOdbToVtmMain --solver abaqus --loglevel INFO --format_matrices sim --cycle 21 --perturbation 0 /uufs/chpc.utah.edu/common/home/u6074059/Abaqus/paper_reproduction/experiment7/run_7d/airbeam_7d_tosca/airbeam_vol
(INFO    ) [15:33:24|odb_to_vtm] SIMULIA Tosca Structure.odb_to_vtm - version 3DEXPERIENCE R2025x - build R427 - 20240925T190012Z 64 bit
(INFO    ) [15:33:24|odb_to_vtm] Reading Abaqus ODB output file /uufs/chpc.utah.edu/common/home/u6074059/Abaqus/paper_reproduction/experiment7/run_7d/airbeam_7d_tosca/airbeam_vol
(INFO    ) [15:33:24|odb_to_vtm] Reading results from the Abaqus result database /uufs/chpc.utah.edu/common/home/u6074059/Abaqus/paper_reproduction/experiment7/run_7d/airbeam_7d_tosca/airbeam_vol.odb
(INFO    ) [15:33:24|odb_to_vtm] SIMULIA Tosca Structure.odb_to_vtm finished successfully
(INFO    ) [15:33:24|tosca_driver] Module SMATsoOdbToVtmMain has finished with exit code 0
(NOTICE  ) [15:33:24|tosca_driver] Starting Tosca Structure optimization module - design cycle 21
(INFO    ) [15:33:24|tosca_driver] Calling: /uufs/chpc.utah.edu/sys/installdir/abaqus/2025/linux_a64/code/bin/SMATsoToscaOpt --loglevel INFO
(INFO    ) [15:33:25|tosca_opt] SIMULIA Tosca Structure.tosca_opt - version 3DEXPERIENCE R2025x - build R427 - 20240925T190012Z 64 bit
(INFO    ) [15:33:25|tosca_opt]  --------------------------------------------------------------------------
(INFO    ) [15:33:25|tosca_opt] |                ___  ___  __  __  _   _  _     ___    _                   |
(INFO    ) [15:33:25|tosca_opt] |               / __||_ _||  \/  || | | || |   |_ _|  /_\                  |
(INFO    ) [15:33:25|tosca_opt] |               \__ \ | | | |\/| || |_| || |__  | |  / _ \                 |
(INFO    ) [15:33:25|tosca_opt] |               |___/|___||_|  |_| \___/ |____||___|/_/ \_\                |
(INFO    ) [15:33:25|tosca_opt] |                        _____                                             |
(INFO    ) [15:33:25|tosca_opt] |                       |_   _|___  ___ __  __ _                           |
(INFO    ) [15:33:25|tosca_opt] |                         | | / _ \(_-</ _|/ _` |                          |
(INFO    ) [15:33:25|tosca_opt] |                         |_| \___//__/\__|\__,_|                          |
(INFO    ) [15:33:25|tosca_opt] |              ___  _                   _                                  |
(INFO    ) [15:33:25|tosca_opt] |             / __|| |_  _ _  _  _  __ | |_  _  _  _ _  ___                |
(INFO    ) [15:33:25|tosca_opt] |             \__ \|  _|| `_|| || |/ _||  _|| || || `_|/ -_)               |
(INFO    ) [15:33:25|tosca_opt] |             |___/ \__||_|   \_,_|\__| \__| \_,_||_|  \___|               |
(INFO    ) [15:33:25|tosca_opt] |                                                                          |
(INFO    ) [15:33:25|tosca_opt]  --------------------------------------------------------------------------
(INFO    ) [15:33:25|tosca_opt] | Version 3DEXPERIENCE R2025x                                              |
(INFO    ) [15:33:25|tosca_opt] | DATE:   2026-02-19                                                       |
(INFO    ) [15:33:25|tosca_opt]  --------------------------------------------------------------------------
(INFO    ) [15:33:25|tosca_opt]  --------------------------------------------------------------------------
(INFO    ) [15:33:25|tosca_opt] | Begin of DESIGN CYCLE NUMBER: 21                                         |
(INFO    ) [15:33:25|tosca_opt]  --------------------------------------------------------------------------
(INFO    ) [15:33:25|tosca_opt] Checking for existence of results
(INFO    ) [15:33:25|tosca_opt]  --------------------------------------------------------------------------
(INFO    ) [15:33:25|tosca_opt] | ANALYZE VALUE OF VARIABLES before OPTIMIZATION                           |
(INFO    ) [15:33:25|tosca_opt]  --------------------------------------------------------------------------
(INFO    ) [15:33:26|tosca_opt]  --------------------------------------------------------------------------
(INFO    ) [15:33:26|tosca_opt] | Convergence Criteria in Design Cycle 21                                  |
(INFO    ) [15:33:26|tosca_opt]  --------------------------------------------------------------------------
(INFO    ) [15:33:26|tosca_opt] Local objective function criterion : NOT_FULFILLED (Actual change / target:    0.02330/   0.00100)
(INFO    ) [15:33:26|tosca_opt] Local design variables criterion   : NOT_FULFILLED (Actual change / target:    0.04075/   0.00500)
(INFO    ) [15:33:26|tosca_opt] Global stop criterion              : NOT_FULFILLED (Max number of design cycles :  80)
(INFO    ) [15:33:26|tosca_opt] 
(INFO    ) [15:33:26|tosca_opt]  --------------------------------------------------------------------------
(INFO    ) [15:33:26|tosca_opt] | ANALYZE VALUE OF VARIABLES after OPTIMIZATION                            |
(INFO    ) [15:33:26|tosca_opt]  --------------------------------------------------------------------------
(INFO    ) [15:33:26|tosca_opt]  --------------------------------------------------------------------------
(INFO    ) [15:33:26|tosca_opt] | VARIABLES and DESIGN RESPONSES                                           |
(INFO    ) [15:33:26|tosca_opt]  --------------------------------------------------------------------------
(INFO    ) [15:33:26|tosca_opt]  DRESP_STRAIN_ENERGY                       :    3.0891
(INFO    ) [15:33:26|tosca_opt]  DRESP_VOLUME                              :    1244.8
(INFO    ) [15:33:26|tosca_opt]  --------------------------------------------------------------------------
(INFO    ) [15:33:26|tosca_opt]  --------------------------------------------------------------------------
(INFO    ) [15:33:26|tosca_opt] | Report of OPTIMIZATION Results                                           |
(INFO    ) [15:33:26|tosca_opt]  --------------------------------------------------------------------------
(INFO    ) [15:33:26|tosca_opt]  DESIGN CYCLE                :  21
(INFO    ) [15:33:26|tosca_opt]  OPTIMIZE name               : TOPOLOGY_OPTIMIZATION
(INFO    ) [15:33:26|tosca_opt]  OBJ_FUNC name               : MIN_SE
(INFO    ) [15:33:26|tosca_opt]  OBJ_FUNC value              :     3.08911
(INFO    ) [15:33:26|tosca_opt]  ==========================================================================
(INFO    ) [15:33:26|tosca_opt] |     Name of OBJ_FUNC_TERM      |   Value    |   Weight   |   Reference   |
(INFO    ) [15:33:26|tosca_opt]  ==========================================================================
(INFO    ) [15:33:26|tosca_opt] | DRESP_STRAIN_ENERGY            | 3.08911    | 1.0        | 0.0           |
(INFO    ) [15:33:26|tosca_opt]  ==========================================================================
(INFO    ) [15:33:26|tosca_opt] * SIMULIA Tosca Structure INFORMATION *
(INFO    ) [15:33:26|tosca_opt] Writing CONSTRAINTs with default normalization.
(INFO    ) [15:33:26|tosca_opt] For NORM value  <= 1.0   -->    CONSTRAINT is OK ( For all CONSTRAINT types )
(INFO    ) [15:33:26|tosca_opt]  ==========================================================================
(INFO    ) [15:33:26|tosca_opt] |  Name of CONSTRAINT  |  Act. Value  | Op.  | Target  |   Norm   | Status |
(INFO    ) [15:33:26|tosca_opt]  ==========================================================================
(INFO    ) [15:33:26|tosca_opt] | VOL_CONSTRAINT       | 0.493396     | <=   | 0.5     | 0.986791 | TRUE   |
(INFO    ) [15:33:26|tosca_opt]  ==========================================================================
(INFO    ) [15:33:27|tosca_opt]  --------------------------------------------------------------------------
(INFO    ) [15:33:27|tosca_opt] | Some STOP CRITERIA NOT satisfied this iteration                          |
(INFO    ) [15:33:27|tosca_opt]  --------------------------------------------------------------------------
(INFO    ) [15:33:28|tosca_opt]  --------------------------------------------------------------------------
(INFO    ) [15:33:28|tosca_opt] | End of DESIGN CYCLE NUMBER: 21                                           |
(INFO    ) [15:33:28|tosca_opt]  --------------------------------------------------------------------------
(INFO    ) [15:33:28|tosca_opt] Application finished successfully
(INFO    ) [15:33:28|tosca_driver] Module SMATsoToscaOpt has finished with exit code 0
(INFO    ) [15:33:28|tosca_driver] Calling: /uufs/chpc.utah.edu/sys/installdir/abaqus/2025/linux_a64/code/bin/SMATrtOptResExportTool --loglevel INFO --cycle 21 --onf_output ON
(INFO    ) [15:33:28|opt_res_export_tool] SIMULIA Tosca Structure.opt_res_export_tool - version 3DEXPERIENCE R2025x - build R427 - 20240925T190012Z 64 bit
(INFO    ) [15:33:28|opt_res_export_tool] Extracting results from opt_res_database
(INFO    ) [15:33:28|opt_res_export_tool] SIMULIA Tosca Structure.opt_res_export_tool finished successfully
(INFO    ) [15:33:28|tosca_driver] Module SMATrtOptResExportTool has finished with exit code 0
(NOTICE  ) [15:33:28|tosca_driver] Design cycle 22 started on 2026-02-19
(NOTICE  ) [15:33:28|tosca_driver] Starting Abaqus analysis - design cycle 22
(INFO    ) [15:33:28|tosca_driver] Activating the solver
(INFO    ) [15:33:28|tosca_driver] Calling hooks before module abaqus
(INFO    ) [15:33:28|tosca_driver] Calling: /uufs/chpc.utah.edu/sys/installdir/abaqus/2025/linux_a64/code/bin/SMATsoAbaqusTsProvider -j airbeam_vol --cycle 22
(INFO    ) [15:33:28|hook] Timestamp file written successfully
(INFO    ) [15:33:28|tosca_driver] Module hook has finished with exit code 0
(INFO    ) [15:33:29|tosca_driver] Fe-solver abaqus finished with job airbeam_vol.inp
(INFO    ) [15:33:29|tosca_driver] Elapsed time (inc. overhead): 0:00:01.002402
(INFO    ) [15:33:29|tosca_driver] Elapsed time of abaqus : 0:00:01.071454  -  current time : 15:33:29.926779
(INFO    ) [15:33:29|tosca_driver] Solution complete
(INFO    ) [15:33:29|tosca_driver] Checking solver output file: /uufs/chpc.utah.edu/common/home/u6074059/Abaqus/paper_reproduction/experiment7/run_7d/airbeam_7d_tosca/airbeam_vol.msg
(INFO    ) [15:33:29|tosca_driver] Searching for success check string: "THE ANALYSIS HAS BEEN COMPLETED"
(INFO    ) [15:33:29|tosca_driver] Calling: /uufs/chpc.utah.edu/sys/installdir/abaqus/2025/linux_a64/code/bin/SMATsoOdbToVtmMain --solver abaqus --loglevel INFO --format_matrices sim --cycle 22 --perturbation 0 /uufs/chpc.utah.edu/common/home/u6074059/Abaqus/paper_reproduction/experiment7/run_7d/airbeam_7d_tosca/airbeam_vol
(INFO    ) [15:33:30|odb_to_vtm] SIMULIA Tosca Structure.odb_to_vtm - version 3DEXPERIENCE R2025x - build R427 - 20240925T190012Z 64 bit
(INFO    ) [15:33:30|odb_to_vtm] Reading Abaqus ODB output file /uufs/chpc.utah.edu/common/home/u6074059/Abaqus/paper_reproduction/experiment7/run_7d/airbeam_7d_tosca/airbeam_vol
(INFO    ) [15:33:30|odb_to_vtm] Reading results from the Abaqus result database /uufs/chpc.utah.edu/common/home/u6074059/Abaqus/paper_reproduction/experiment7/run_7d/airbeam_7d_tosca/airbeam_vol.odb
(INFO    ) [15:33:30|odb_to_vtm] SIMULIA Tosca Structure.odb_to_vtm finished successfully
(INFO    ) [15:33:30|tosca_driver] Module SMATsoOdbToVtmMain has finished with exit code 0
(NOTICE  ) [15:33:30|tosca_driver] Starting Tosca Structure optimization module - design cycle 22
(INFO    ) [15:33:30|tosca_driver] Calling: /uufs/chpc.utah.edu/sys/installdir/abaqus/2025/linux_a64/code/bin/SMATsoToscaOpt --loglevel INFO
(INFO    ) [15:33:30|tosca_opt] SIMULIA Tosca Structure.tosca_opt - version 3DEXPERIENCE R2025x - build R427 - 20240925T190012Z 64 bit
(INFO    ) [15:33:30|tosca_opt]  --------------------------------------------------------------------------
(INFO    ) [15:33:30|tosca_opt] |                ___  ___  __  __  _   _  _     ___    _                   |
(INFO    ) [15:33:30|tosca_opt] |               / __||_ _||  \/  || | | || |   |_ _|  /_\                  |
(INFO    ) [15:33:30|tosca_opt] |               \__ \ | | | |\/| || |_| || |__  | |  / _ \                 |
(INFO    ) [15:33:30|tosca_opt] |               |___/|___||_|  |_| \___/ |____||___|/_/ \_\                |
(INFO    ) [15:33:30|tosca_opt] |                        _____                                             |
(INFO    ) [15:33:30|tosca_opt] |                       |_   _|___  ___ __  __ _                           |
(INFO    ) [15:33:30|tosca_opt] |                         | | / _ \(_-</ _|/ _` |                          |
(INFO    ) [15:33:30|tosca_opt] |                         |_| \___//__/\__|\__,_|                          |
(INFO    ) [15:33:30|tosca_opt] |              ___  _                   _                                  |
(INFO    ) [15:33:30|tosca_opt] |             / __|| |_  _ _  _  _  __ | |_  _  _  _ _  ___                |
(INFO    ) [15:33:30|tosca_opt] |             \__ \|  _|| `_|| || |/ _||  _|| || || `_|/ -_)               |
(INFO    ) [15:33:30|tosca_opt] |             |___/ \__||_|   \_,_|\__| \__| \_,_||_|  \___|               |
(INFO    ) [15:33:30|tosca_opt] |                                                                          |
(INFO    ) [15:33:30|tosca_opt]  --------------------------------------------------------------------------
(INFO    ) [15:33:30|tosca_opt] | Version 3DEXPERIENCE R2025x                                              |
(INFO    ) [15:33:30|tosca_opt] | DATE:   2026-02-19                                                       |
(INFO    ) [15:33:30|tosca_opt]  --------------------------------------------------------------------------
(INFO    ) [15:33:31|tosca_opt]  --------------------------------------------------------------------------
(INFO    ) [15:33:31|tosca_opt] | Begin of DESIGN CYCLE NUMBER: 22                                         |
(INFO    ) [15:33:31|tosca_opt]  --------------------------------------------------------------------------
(INFO    ) [15:33:31|tosca_opt] Checking for existence of results
(INFO    ) [15:33:31|tosca_opt]  --------------------------------------------------------------------------
(INFO    ) [15:33:31|tosca_opt] | ANALYZE VALUE OF VARIABLES before OPTIMIZATION                           |
(INFO    ) [15:33:31|tosca_opt]  --------------------------------------------------------------------------
(INFO    ) [15:33:31|tosca_opt]  --------------------------------------------------------------------------
(INFO    ) [15:33:31|tosca_opt] | Convergence Criteria in Design Cycle 22                                  |
(INFO    ) [15:33:31|tosca_opt]  --------------------------------------------------------------------------
(INFO    ) [15:33:31|tosca_opt] Local objective function criterion : NOT_FULFILLED (Actual change / target:    0.02081/   0.00100)
(INFO    ) [15:33:31|tosca_opt] Local design variables criterion   : NOT_FULFILLED (Actual change / target:    0.03743/   0.00500)
(INFO    ) [15:33:31|tosca_opt] Global stop criterion              : NOT_FULFILLED (Max number of design cycles :  80)
(INFO    ) [15:33:31|tosca_opt] 
(INFO    ) [15:33:31|tosca_opt]  --------------------------------------------------------------------------
(INFO    ) [15:33:31|tosca_opt] | ANALYZE VALUE OF VARIABLES after OPTIMIZATION                            |
(INFO    ) [15:33:31|tosca_opt]  --------------------------------------------------------------------------
(INFO    ) [15:33:31|tosca_opt]  --------------------------------------------------------------------------
(INFO    ) [15:33:31|tosca_opt] | VARIABLES and DESIGN RESPONSES                                           |
(INFO    ) [15:33:31|tosca_opt]  --------------------------------------------------------------------------
(INFO    ) [15:33:31|tosca_opt]  DRESP_STRAIN_ENERGY                       :    3.0261
(INFO    ) [15:33:31|tosca_opt]  DRESP_VOLUME                              :    1245.3
(INFO    ) [15:33:31|tosca_opt]  --------------------------------------------------------------------------
(INFO    ) [15:33:32|tosca_opt]  --------------------------------------------------------------------------
(INFO    ) [15:33:32|tosca_opt] | Report of OPTIMIZATION Results                                           |
(INFO    ) [15:33:32|tosca_opt]  --------------------------------------------------------------------------
(INFO    ) [15:33:32|tosca_opt]  DESIGN CYCLE                :  22
(INFO    ) [15:33:32|tosca_opt]  OPTIMIZE name               : TOPOLOGY_OPTIMIZATION
(INFO    ) [15:33:32|tosca_opt]  OBJ_FUNC name               : MIN_SE
(INFO    ) [15:33:32|tosca_opt]  OBJ_FUNC value              :     3.02615
(INFO    ) [15:33:32|tosca_opt]  ==========================================================================
(INFO    ) [15:33:32|tosca_opt] |     Name of OBJ_FUNC_TERM      |   Value    |   Weight   |   Reference   |
(INFO    ) [15:33:32|tosca_opt]  ==========================================================================
(INFO    ) [15:33:32|tosca_opt] | DRESP_STRAIN_ENERGY            | 3.02615    | 1.0        | 0.0           |
(INFO    ) [15:33:32|tosca_opt]  ==========================================================================
(INFO    ) [15:33:32|tosca_opt] * SIMULIA Tosca Structure INFORMATION *
(INFO    ) [15:33:32|tosca_opt] Writing CONSTRAINTs with default normalization.
(INFO    ) [15:33:32|tosca_opt] For NORM value  <= 1.0   -->    CONSTRAINT is OK ( For all CONSTRAINT types )
(INFO    ) [15:33:32|tosca_opt]  ==========================================================================
(INFO    ) [15:33:32|tosca_opt] |  Name of CONSTRAINT  |  Act. Value  | Op.  | Target  |   Norm   | Status |
(INFO    ) [15:33:32|tosca_opt]  ==========================================================================
(INFO    ) [15:33:32|tosca_opt] | VOL_CONSTRAINT       | 0.493576     | <=   | 0.5     | 0.987152 | TRUE   |
(INFO    ) [15:33:32|tosca_opt]  ==========================================================================
(INFO    ) [15:33:33|tosca_opt]  --------------------------------------------------------------------------
(INFO    ) [15:33:33|tosca_opt] | Some STOP CRITERIA NOT satisfied this iteration                          |
(INFO    ) [15:33:33|tosca_opt]  --------------------------------------------------------------------------
(INFO    ) [15:33:33|tosca_opt]  --------------------------------------------------------------------------
(INFO    ) [15:33:33|tosca_opt] | End of DESIGN CYCLE NUMBER: 22                                           |
(INFO    ) [15:33:33|tosca_opt]  --------------------------------------------------------------------------
(INFO    ) [15:33:33|tosca_opt] Application finished successfully
(INFO    ) [15:33:33|tosca_driver] Module SMATsoToscaOpt has finished with exit code 0
(INFO    ) [15:33:33|tosca_driver] Calling: /uufs/chpc.utah.edu/sys/installdir/abaqus/2025/linux_a64/code/bin/SMATrtOptResExportTool --loglevel INFO --cycle 22 --onf_output ON
(INFO    ) [15:33:33|opt_res_export_tool] SIMULIA Tosca Structure.opt_res_export_tool - version 3DEXPERIENCE R2025x - build R427 - 20240925T190012Z 64 bit
(INFO    ) [15:33:33|opt_res_export_tool] Extracting results from opt_res_database
(INFO    ) [15:33:34|opt_res_export_tool] SIMULIA Tosca Structure.opt_res_export_tool finished successfully
(INFO    ) [15:33:34|tosca_driver] Module SMATrtOptResExportTool has finished with exit code 0
(NOTICE  ) [15:33:34|tosca_driver] Design cycle 23 started on 2026-02-19
(NOTICE  ) [15:33:34|tosca_driver] Starting Abaqus analysis - design cycle 23
(INFO    ) [15:33:34|tosca_driver] Activating the solver
(INFO    ) [15:33:34|tosca_driver] Calling hooks before module abaqus
(INFO    ) [15:33:34|tosca_driver] Calling: /uufs/chpc.utah.edu/sys/installdir/abaqus/2025/linux_a64/code/bin/SMATsoAbaqusTsProvider -j airbeam_vol --cycle 23
(INFO    ) [15:33:34|hook] Timestamp file written successfully
(INFO    ) [15:33:34|tosca_driver] Module hook has finished with exit code 0
(INFO    ) [15:33:35|tosca_driver] Fe-solver abaqus finished with job airbeam_vol.inp
(INFO    ) [15:33:35|tosca_driver] Elapsed time (inc. overhead): 0:00:01.202755
(INFO    ) [15:33:35|tosca_driver] Elapsed time of abaqus : 0:00:01.275469  -  current time : 15:33:35.511983
(INFO    ) [15:33:35|tosca_driver] Solution complete
(INFO    ) [15:33:35|tosca_driver] Checking solver output file: /uufs/chpc.utah.edu/common/home/u6074059/Abaqus/paper_reproduction/experiment7/run_7d/airbeam_7d_tosca/airbeam_vol.msg
(INFO    ) [15:33:35|tosca_driver] Searching for success check string: "THE ANALYSIS HAS BEEN COMPLETED"
(INFO    ) [15:33:35|tosca_driver] Calling: /uufs/chpc.utah.edu/sys/installdir/abaqus/2025/linux_a64/code/bin/SMATsoOdbToVtmMain --solver abaqus --loglevel INFO --format_matrices sim --cycle 23 --perturbation 0 /uufs/chpc.utah.edu/common/home/u6074059/Abaqus/paper_reproduction/experiment7/run_7d/airbeam_7d_tosca/airbeam_vol
(INFO    ) [15:33:35|odb_to_vtm] SIMULIA Tosca Structure.odb_to_vtm - version 3DEXPERIENCE R2025x - build R427 - 20240925T190012Z 64 bit
(INFO    ) [15:33:35|odb_to_vtm] Reading Abaqus ODB output file /uufs/chpc.utah.edu/common/home/u6074059/Abaqus/paper_reproduction/experiment7/run_7d/airbeam_7d_tosca/airbeam_vol
(INFO    ) [15:33:35|odb_to_vtm] Reading results from the Abaqus result database /uufs/chpc.utah.edu/common/home/u6074059/Abaqus/paper_reproduction/experiment7/run_7d/airbeam_7d_tosca/airbeam_vol.odb
(INFO    ) [15:33:35|odb_to_vtm] SIMULIA Tosca Structure.odb_to_vtm finished successfully
(INFO    ) [15:33:35|tosca_driver] Module SMATsoOdbToVtmMain has finished with exit code 0
(NOTICE  ) [15:33:35|tosca_driver] Starting Tosca Structure optimization module - design cycle 23
(INFO    ) [15:33:35|tosca_driver] Calling: /uufs/chpc.utah.edu/sys/installdir/abaqus/2025/linux_a64/code/bin/SMATsoToscaOpt --loglevel INFO
(INFO    ) [15:33:36|tosca_opt] SIMULIA Tosca Structure.tosca_opt - version 3DEXPERIENCE R2025x - build R427 - 20240925T190012Z 64 bit
(INFO    ) [15:33:36|tosca_opt]  --------------------------------------------------------------------------
(INFO    ) [15:33:36|tosca_opt] |                ___  ___  __  __  _   _  _     ___    _                   |
(INFO    ) [15:33:36|tosca_opt] |               / __||_ _||  \/  || | | || |   |_ _|  /_\                  |
(INFO    ) [15:33:36|tosca_opt] |               \__ \ | | | |\/| || |_| || |__  | |  / _ \                 |
(INFO    ) [15:33:36|tosca_opt] |               |___/|___||_|  |_| \___/ |____||___|/_/ \_\                |
(INFO    ) [15:33:36|tosca_opt] |                        _____                                             |
(INFO    ) [15:33:36|tosca_opt] |                       |_   _|___  ___ __  __ _                           |
(INFO    ) [15:33:36|tosca_opt] |                         | | / _ \(_-</ _|/ _` |                          |
(INFO    ) [15:33:36|tosca_opt] |                         |_| \___//__/\__|\__,_|                          |
(INFO    ) [15:33:36|tosca_opt] |              ___  _                   _                                  |
(INFO    ) [15:33:36|tosca_opt] |             / __|| |_  _ _  _  _  __ | |_  _  _  _ _  ___                |
(INFO    ) [15:33:36|tosca_opt] |             \__ \|  _|| `_|| || |/ _||  _|| || || `_|/ -_)               |
(INFO    ) [15:33:36|tosca_opt] |             |___/ \__||_|   \_,_|\__| \__| \_,_||_|  \___|               |
(INFO    ) [15:33:36|tosca_opt] |                                                                          |
(INFO    ) [15:33:36|tosca_opt]  --------------------------------------------------------------------------
(INFO    ) [15:33:36|tosca_opt] | Version 3DEXPERIENCE R2025x                                              |
(INFO    ) [15:33:36|tosca_opt] | DATE:   2026-02-19                                                       |
(INFO    ) [15:33:36|tosca_opt]  --------------------------------------------------------------------------
(INFO    ) [15:33:36|tosca_opt]  --------------------------------------------------------------------------
(INFO    ) [15:33:36|tosca_opt] | Begin of DESIGN CYCLE NUMBER: 23                                         |
(INFO    ) [15:33:36|tosca_opt]  --------------------------------------------------------------------------
(INFO    ) [15:33:36|tosca_opt] Checking for existence of results
(INFO    ) [15:33:36|tosca_opt]  --------------------------------------------------------------------------
(INFO    ) [15:33:36|tosca_opt] | ANALYZE VALUE OF VARIABLES before OPTIMIZATION                           |
(INFO    ) [15:33:36|tosca_opt]  --------------------------------------------------------------------------
(INFO    ) [15:33:37|tosca_opt]  --------------------------------------------------------------------------
(INFO    ) [15:33:37|tosca_opt] | Convergence Criteria in Design Cycle 23                                  |
(INFO    ) [15:33:37|tosca_opt]  --------------------------------------------------------------------------
(INFO    ) [15:33:37|tosca_opt] Local objective function criterion : NOT_FULFILLED (Actual change / target:    0.01182/   0.00100)
(INFO    ) [15:33:37|tosca_opt] Local design variables criterion   : NOT_FULFILLED (Actual change / target:    0.03578/   0.00500)
(INFO    ) [15:33:37|tosca_opt] Global stop criterion              : NOT_FULFILLED (Max number of design cycles :  80)
(INFO    ) [15:33:37|tosca_opt] 
(INFO    ) [15:33:37|tosca_opt]  --------------------------------------------------------------------------
(INFO    ) [15:33:37|tosca_opt] | ANALYZE VALUE OF VARIABLES after OPTIMIZATION                            |
(INFO    ) [15:33:37|tosca_opt]  --------------------------------------------------------------------------
(INFO    ) [15:33:37|tosca_opt]  --------------------------------------------------------------------------
(INFO    ) [15:33:37|tosca_opt] | VARIABLES and DESIGN RESPONSES                                           |
(INFO    ) [15:33:37|tosca_opt]  --------------------------------------------------------------------------
(INFO    ) [15:33:37|tosca_opt]  DRESP_STRAIN_ENERGY                       :    2.9908
(INFO    ) [15:33:37|tosca_opt]  DRESP_VOLUME                              :    1244.2
(INFO    ) [15:33:37|tosca_opt]  --------------------------------------------------------------------------
(INFO    ) [15:33:37|tosca_opt]  --------------------------------------------------------------------------
(INFO    ) [15:33:37|tosca_opt] | Report of OPTIMIZATION Results                                           |
(INFO    ) [15:33:37|tosca_opt]  --------------------------------------------------------------------------
(INFO    ) [15:33:37|tosca_opt]  DESIGN CYCLE                :  23
(INFO    ) [15:33:37|tosca_opt]  OPTIMIZE name               : TOPOLOGY_OPTIMIZATION
(INFO    ) [15:33:37|tosca_opt]  OBJ_FUNC name               : MIN_SE
(INFO    ) [15:33:37|tosca_opt]  OBJ_FUNC value              :     2.99080
(INFO    ) [15:33:37|tosca_opt]  ==========================================================================
(INFO    ) [15:33:37|tosca_opt] |     Name of OBJ_FUNC_TERM      |   Value    |  Weight   |   Reference    |
(INFO    ) [15:33:37|tosca_opt]  ==========================================================================
(INFO    ) [15:33:37|tosca_opt] | DRESP_STRAIN_ENERGY            | 2.9908     | 1.0       | 0.0            |
(INFO    ) [15:33:37|tosca_opt]  ==========================================================================
(INFO    ) [15:33:37|tosca_opt] * SIMULIA Tosca Structure INFORMATION *
(INFO    ) [15:33:37|tosca_opt] Writing CONSTRAINTs with default normalization.
(INFO    ) [15:33:37|tosca_opt] For NORM value  <= 1.0   -->    CONSTRAINT is OK ( For all CONSTRAINT types )
(INFO    ) [15:33:37|tosca_opt]  ==========================================================================
(INFO    ) [15:33:37|tosca_opt] |  Name of CONSTRAINT  |  Act. Value  | Op.  | Target  |   Norm   | Status |
(INFO    ) [15:33:37|tosca_opt]  ==========================================================================
(INFO    ) [15:33:37|tosca_opt] | VOL_CONSTRAINT       | 0.493146     | <=   | 0.5     | 0.986291 | TRUE   |
(INFO    ) [15:33:37|tosca_opt]  ==========================================================================
(INFO    ) [15:33:39|tosca_opt]  --------------------------------------------------------------------------
(INFO    ) [15:33:39|tosca_opt] | Some STOP CRITERIA NOT satisfied this iteration                          |
(INFO    ) [15:33:39|tosca_opt]  --------------------------------------------------------------------------
(INFO    ) [15:33:39|tosca_opt]  --------------------------------------------------------------------------
(INFO    ) [15:33:39|tosca_opt] | End of DESIGN CYCLE NUMBER: 23                                           |
(INFO    ) [15:33:39|tosca_opt]  --------------------------------------------------------------------------
(INFO    ) [15:33:39|tosca_opt] Application finished successfully
(INFO    ) [15:33:39|tosca_driver] Module SMATsoToscaOpt has finished with exit code 0
(INFO    ) [15:33:39|tosca_driver] Calling: /uufs/chpc.utah.edu/sys/installdir/abaqus/2025/linux_a64/code/bin/SMATrtOptResExportTool --loglevel INFO --cycle 23 --onf_output ON
(INFO    ) [15:33:39|opt_res_export_tool] SIMULIA Tosca Structure.opt_res_export_tool - version 3DEXPERIENCE R2025x - build R427 - 20240925T190012Z 64 bit
(INFO    ) [15:33:39|opt_res_export_tool] Extracting results from opt_res_database
(INFO    ) [15:33:39|opt_res_export_tool] SIMULIA Tosca Structure.opt_res_export_tool finished successfully
(INFO    ) [15:33:39|tosca_driver] Module SMATrtOptResExportTool has finished with exit code 0
(NOTICE  ) [15:33:40|tosca_driver] Design cycle 24 started on 2026-02-19
(NOTICE  ) [15:33:40|tosca_driver] Starting Abaqus analysis - design cycle 24
(INFO    ) [15:33:40|tosca_driver] Activating the solver
(INFO    ) [15:33:40|tosca_driver] Calling hooks before module abaqus
(INFO    ) [15:33:40|tosca_driver] Calling: /uufs/chpc.utah.edu/sys/installdir/abaqus/2025/linux_a64/code/bin/SMATsoAbaqusTsProvider -j airbeam_vol --cycle 24
(INFO    ) [15:33:40|hook] Timestamp file written successfully
(INFO    ) [15:33:40|tosca_driver] Module hook has finished with exit code 0
(INFO    ) [15:33:41|tosca_driver] Fe-solver abaqus finished with job airbeam_vol.inp
(INFO    ) [15:33:41|tosca_driver] Elapsed time (inc. overhead): 0:00:01.303821
(INFO    ) [15:33:41|tosca_driver] Elapsed time of abaqus : 0:00:01.370438  -  current time : 15:33:41.513948
(INFO    ) [15:33:41|tosca_driver] Solution complete
(INFO    ) [15:33:41|tosca_driver] Checking solver output file: /uufs/chpc.utah.edu/common/home/u6074059/Abaqus/paper_reproduction/experiment7/run_7d/airbeam_7d_tosca/airbeam_vol.msg
(INFO    ) [15:33:41|tosca_driver] Searching for success check string: "THE ANALYSIS HAS BEEN COMPLETED"
(INFO    ) [15:33:41|tosca_driver] Calling: /uufs/chpc.utah.edu/sys/installdir/abaqus/2025/linux_a64/code/bin/SMATsoOdbToVtmMain --solver abaqus --loglevel INFO --format_matrices sim --cycle 24 --perturbation 0 /uufs/chpc.utah.edu/common/home/u6074059/Abaqus/paper_reproduction/experiment7/run_7d/airbeam_7d_tosca/airbeam_vol
(INFO    ) [15:33:41|odb_to_vtm] SIMULIA Tosca Structure.odb_to_vtm - version 3DEXPERIENCE R2025x - build R427 - 20240925T190012Z 64 bit
(INFO    ) [15:33:41|odb_to_vtm] Reading Abaqus ODB output file /uufs/chpc.utah.edu/common/home/u6074059/Abaqus/paper_reproduction/experiment7/run_7d/airbeam_7d_tosca/airbeam_vol
(INFO    ) [15:33:41|odb_to_vtm] Reading results from the Abaqus result database /uufs/chpc.utah.edu/common/home/u6074059/Abaqus/paper_reproduction/experiment7/run_7d/airbeam_7d_tosca/airbeam_vol.odb
(INFO    ) [15:33:41|odb_to_vtm] SIMULIA Tosca Structure.odb_to_vtm finished successfully
(INFO    ) [15:33:41|tosca_driver] Module SMATsoOdbToVtmMain has finished with exit code 0
(NOTICE  ) [15:33:41|tosca_driver] Starting Tosca Structure optimization module - design cycle 24
(INFO    ) [15:33:41|tosca_driver] Calling: /uufs/chpc.utah.edu/sys/installdir/abaqus/2025/linux_a64/code/bin/SMATsoToscaOpt --loglevel INFO
(INFO    ) [15:33:42|tosca_opt] SIMULIA Tosca Structure.tosca_opt - version 3DEXPERIENCE R2025x - build R427 - 20240925T190012Z 64 bit
(INFO    ) [15:33:42|tosca_opt]  --------------------------------------------------------------------------
(INFO    ) [15:33:42|tosca_opt] |                ___  ___  __  __  _   _  _     ___    _                   |
(INFO    ) [15:33:42|tosca_opt] |               / __||_ _||  \/  || | | || |   |_ _|  /_\                  |
(INFO    ) [15:33:42|tosca_opt] |               \__ \ | | | |\/| || |_| || |__  | |  / _ \                 |
(INFO    ) [15:33:42|tosca_opt] |               |___/|___||_|  |_| \___/ |____||___|/_/ \_\                |
(INFO    ) [15:33:42|tosca_opt] |                        _____                                             |
(INFO    ) [15:33:42|tosca_opt] |                       |_   _|___  ___ __  __ _                           |
(INFO    ) [15:33:42|tosca_opt] |                         | | / _ \(_-</ _|/ _` |                          |
(INFO    ) [15:33:42|tosca_opt] |                         |_| \___//__/\__|\__,_|                          |
(INFO    ) [15:33:42|tosca_opt] |              ___  _                   _                                  |
(INFO    ) [15:33:42|tosca_opt] |             / __|| |_  _ _  _  _  __ | |_  _  _  _ _  ___                |
(INFO    ) [15:33:42|tosca_opt] |             \__ \|  _|| `_|| || |/ _||  _|| || || `_|/ -_)               |
(INFO    ) [15:33:42|tosca_opt] |             |___/ \__||_|   \_,_|\__| \__| \_,_||_|  \___|               |
(INFO    ) [15:33:42|tosca_opt] |                                                                          |
(INFO    ) [15:33:42|tosca_opt]  --------------------------------------------------------------------------
(INFO    ) [15:33:42|tosca_opt] | Version 3DEXPERIENCE R2025x                                              |
(INFO    ) [15:33:42|tosca_opt] | DATE:   2026-02-19                                                       |
(INFO    ) [15:33:42|tosca_opt]  --------------------------------------------------------------------------
(INFO    ) [15:33:42|tosca_opt]  --------------------------------------------------------------------------
(INFO    ) [15:33:42|tosca_opt] | Begin of DESIGN CYCLE NUMBER: 24                                         |
(INFO    ) [15:33:42|tosca_opt]  --------------------------------------------------------------------------
(INFO    ) [15:33:42|tosca_opt] Checking for existence of results
(INFO    ) [15:33:42|tosca_opt]  --------------------------------------------------------------------------
(INFO    ) [15:33:43|tosca_opt] | ANALYZE VALUE OF VARIABLES before OPTIMIZATION                           |
(INFO    ) [15:33:43|tosca_opt]  --------------------------------------------------------------------------
(INFO    ) [15:33:43|tosca_opt]  --------------------------------------------------------------------------
(INFO    ) [15:33:43|tosca_opt] | Convergence Criteria in Design Cycle 24                                  |
(INFO    ) [15:33:43|tosca_opt]  --------------------------------------------------------------------------
(INFO    ) [15:33:43|tosca_opt] Local objective function criterion : NOT_FULFILLED (Actual change / target:    0.01659/   0.00100)
(INFO    ) [15:33:43|tosca_opt] Local design variables criterion   : NOT_FULFILLED (Actual change / target:    0.03367/   0.00500)
(INFO    ) [15:33:43|tosca_opt] Global stop criterion              : NOT_FULFILLED (Max number of design cycles :  80)
(INFO    ) [15:33:43|tosca_opt] 
(INFO    ) [15:33:43|tosca_opt]  --------------------------------------------------------------------------
(INFO    ) [15:33:43|tosca_opt] | ANALYZE VALUE OF VARIABLES after OPTIMIZATION                            |
(INFO    ) [15:33:43|tosca_opt]  --------------------------------------------------------------------------
(INFO    ) [15:33:43|tosca_opt]  --------------------------------------------------------------------------
(INFO    ) [15:33:43|tosca_opt] | VARIABLES and DESIGN RESPONSES                                           |
(INFO    ) [15:33:43|tosca_opt]  --------------------------------------------------------------------------
(INFO    ) [15:33:43|tosca_opt]  DRESP_STRAIN_ENERGY                       :    2.9420
(INFO    ) [15:33:43|tosca_opt]  DRESP_VOLUME                              :    1246.3
(INFO    ) [15:33:43|tosca_opt]  --------------------------------------------------------------------------
(INFO    ) [15:33:43|tosca_opt]  --------------------------------------------------------------------------
(INFO    ) [15:33:43|tosca_opt] | Report of OPTIMIZATION Results                                           |
(INFO    ) [15:33:43|tosca_opt]  --------------------------------------------------------------------------
(INFO    ) [15:33:43|tosca_opt]  DESIGN CYCLE                :  24
(INFO    ) [15:33:43|tosca_opt]  OPTIMIZE name               : TOPOLOGY_OPTIMIZATION
(INFO    ) [15:33:43|tosca_opt]  OBJ_FUNC name               : MIN_SE
(INFO    ) [15:33:43|tosca_opt]  OBJ_FUNC value              :     2.94200
(INFO    ) [15:33:43|tosca_opt]  ==========================================================================
(INFO    ) [15:33:43|tosca_opt] |      Name of OBJ_FUNC_TERM      |   Value   |  Weight   |   Reference    |
(INFO    ) [15:33:43|tosca_opt]  ==========================================================================
(INFO    ) [15:33:43|tosca_opt] | DRESP_STRAIN_ENERGY             | 2.942     | 1.0       | 0.0            |
(INFO    ) [15:33:43|tosca_opt]  ==========================================================================
(INFO    ) [15:33:43|tosca_opt] * SIMULIA Tosca Structure INFORMATION *
(INFO    ) [15:33:43|tosca_opt] Writing CONSTRAINTs with default normalization.
(INFO    ) [15:33:43|tosca_opt] For NORM value  <= 1.0   -->    CONSTRAINT is OK ( For all CONSTRAINT types )
(INFO    ) [15:33:43|tosca_opt]  ==========================================================================
(INFO    ) [15:33:43|tosca_opt] |  Name of CONSTRAINT  |  Act. Value  | Op.  | Target  |   Norm   | Status |
(INFO    ) [15:33:43|tosca_opt]  ==========================================================================
(INFO    ) [15:33:43|tosca_opt] | VOL_CONSTRAINT       | 0.493983     | <=   | 0.5     | 0.987966 | TRUE   |
(INFO    ) [15:33:43|tosca_opt]  ==========================================================================
(INFO    ) [15:33:45|tosca_opt]  --------------------------------------------------------------------------
(INFO    ) [15:33:45|tosca_opt] | Some STOP CRITERIA NOT satisfied this iteration                          |
(INFO    ) [15:33:45|tosca_opt]  --------------------------------------------------------------------------
(INFO    ) [15:33:45|tosca_opt]  --------------------------------------------------------------------------
(INFO    ) [15:33:45|tosca_opt] | End of DESIGN CYCLE NUMBER: 24                                           |
(INFO    ) [15:33:45|tosca_opt]  --------------------------------------------------------------------------
(INFO    ) [15:33:46|tosca_opt] Application finished successfully
(INFO    ) [15:33:46|tosca_driver] Module SMATsoToscaOpt has finished with exit code 0
(INFO    ) [15:33:46|tosca_driver] Calling: /uufs/chpc.utah.edu/sys/installdir/abaqus/2025/linux_a64/code/bin/SMATrtOptResExportTool --loglevel INFO --cycle 24 --onf_output ON
(INFO    ) [15:33:46|opt_res_export_tool] SIMULIA Tosca Structure.opt_res_export_tool - version 3DEXPERIENCE R2025x - build R427 - 20240925T190012Z 64 bit
(INFO    ) [15:33:46|opt_res_export_tool] Extracting results from opt_res_database
(INFO    ) [15:33:46|opt_res_export_tool] SIMULIA Tosca Structure.opt_res_export_tool finished successfully
(INFO    ) [15:33:46|tosca_driver] Module SMATrtOptResExportTool has finished with exit code 0
(NOTICE  ) [15:33:46|tosca_driver] Design cycle 25 started on 2026-02-19
(NOTICE  ) [15:33:46|tosca_driver] Starting Abaqus analysis - design cycle 25
(INFO    ) [15:33:46|tosca_driver] Activating the solver
(INFO    ) [15:33:46|tosca_driver] Calling hooks before module abaqus
(INFO    ) [15:33:46|tosca_driver] Calling: /uufs/chpc.utah.edu/sys/installdir/abaqus/2025/linux_a64/code/bin/SMATsoAbaqusTsProvider -j airbeam_vol --cycle 25
(INFO    ) [15:33:46|hook] Timestamp file written successfully
(INFO    ) [15:33:47|tosca_driver] Module hook has finished with exit code 0
(INFO    ) [15:33:48|tosca_driver] Fe-solver abaqus finished with job airbeam_vol.inp
(INFO    ) [15:33:48|tosca_driver] Elapsed time (inc. overhead): 0:00:01.102552
(INFO    ) [15:33:48|tosca_driver] Elapsed time of abaqus : 0:00:01.172533  -  current time : 15:33:48.141550
(INFO    ) [15:33:48|tosca_driver] Solution complete
(INFO    ) [15:33:48|tosca_driver] Checking solver output file: /uufs/chpc.utah.edu/common/home/u6074059/Abaqus/paper_reproduction/experiment7/run_7d/airbeam_7d_tosca/airbeam_vol.msg
(INFO    ) [15:33:48|tosca_driver] Searching for success check string: "THE ANALYSIS HAS BEEN COMPLETED"
(INFO    ) [15:33:48|tosca_driver] Calling: /uufs/chpc.utah.edu/sys/installdir/abaqus/2025/linux_a64/code/bin/SMATsoOdbToVtmMain --solver abaqus --loglevel INFO --format_matrices sim --cycle 25 --perturbation 0 /uufs/chpc.utah.edu/common/home/u6074059/Abaqus/paper_reproduction/experiment7/run_7d/airbeam_7d_tosca/airbeam_vol
(INFO    ) [15:33:48|odb_to_vtm] SIMULIA Tosca Structure.odb_to_vtm - version 3DEXPERIENCE R2025x - build R427 - 20240925T190012Z 64 bit
(INFO    ) [15:33:48|odb_to_vtm] Reading Abaqus ODB output file /uufs/chpc.utah.edu/common/home/u6074059/Abaqus/paper_reproduction/experiment7/run_7d/airbeam_7d_tosca/airbeam_vol
(INFO    ) [15:33:48|odb_to_vtm] Reading results from the Abaqus result database /uufs/chpc.utah.edu/common/home/u6074059/Abaqus/paper_reproduction/experiment7/run_7d/airbeam_7d_tosca/airbeam_vol.odb
(INFO    ) [15:33:48|odb_to_vtm] SIMULIA Tosca Structure.odb_to_vtm finished successfully
(INFO    ) [15:33:48|tosca_driver] Module SMATsoOdbToVtmMain has finished with exit code 0
(NOTICE  ) [15:33:48|tosca_driver] Starting Tosca Structure optimization module - design cycle 25
(INFO    ) [15:33:48|tosca_driver] Calling: /uufs/chpc.utah.edu/sys/installdir/abaqus/2025/linux_a64/code/bin/SMATsoToscaOpt --loglevel INFO
(INFO    ) [15:33:48|tosca_opt] SIMULIA Tosca Structure.tosca_opt - version 3DEXPERIENCE R2025x - build R427 - 20240925T190012Z 64 bit
(INFO    ) [15:33:48|tosca_opt]  --------------------------------------------------------------------------
(INFO    ) [15:33:48|tosca_opt] |                ___  ___  __  __  _   _  _     ___    _                   |
(INFO    ) [15:33:48|tosca_opt] |               / __||_ _||  \/  || | | || |   |_ _|  /_\                  |
(INFO    ) [15:33:48|tosca_opt] |               \__ \ | | | |\/| || |_| || |__  | |  / _ \                 |
(INFO    ) [15:33:48|tosca_opt] |               |___/|___||_|  |_| \___/ |____||___|/_/ \_\                |
(INFO    ) [15:33:48|tosca_opt] |                        _____                                             |
(INFO    ) [15:33:48|tosca_opt] |                       |_   _|___  ___ __  __ _                           |
(INFO    ) [15:33:48|tosca_opt] |                         | | / _ \(_-</ _|/ _` |                          |
(INFO    ) [15:33:48|tosca_opt] |                         |_| \___//__/\__|\__,_|                          |
(INFO    ) [15:33:48|tosca_opt] |              ___  _                   _                                  |
(INFO    ) [15:33:48|tosca_opt] |             / __|| |_  _ _  _  _  __ | |_  _  _  _ _  ___                |
(INFO    ) [15:33:48|tosca_opt] |             \__ \|  _|| `_|| || |/ _||  _|| || || `_|/ -_)               |
(INFO    ) [15:33:48|tosca_opt] |             |___/ \__||_|   \_,_|\__| \__| \_,_||_|  \___|               |
(INFO    ) [15:33:48|tosca_opt] |                                                                          |
(INFO    ) [15:33:48|tosca_opt]  --------------------------------------------------------------------------
(INFO    ) [15:33:48|tosca_opt] | Version 3DEXPERIENCE R2025x                                              |
(INFO    ) [15:33:48|tosca_opt] | DATE:   2026-02-19                                                       |
(INFO    ) [15:33:48|tosca_opt]  --------------------------------------------------------------------------
(INFO    ) [15:33:49|tosca_opt]  --------------------------------------------------------------------------
(INFO    ) [15:33:49|tosca_opt] | Begin of DESIGN CYCLE NUMBER: 25                                         |
(INFO    ) [15:33:49|tosca_opt]  --------------------------------------------------------------------------
(INFO    ) [15:33:49|tosca_opt] Checking for existence of results
(INFO    ) [15:33:49|tosca_opt]  --------------------------------------------------------------------------
(INFO    ) [15:33:49|tosca_opt] | ANALYZE VALUE OF VARIABLES before OPTIMIZATION                           |
(INFO    ) [15:33:49|tosca_opt]  --------------------------------------------------------------------------
(INFO    ) [15:33:49|tosca_opt]  --------------------------------------------------------------------------
(INFO    ) [15:33:49|tosca_opt] | Convergence Criteria in Design Cycle 25                                  |
(INFO    ) [15:33:49|tosca_opt]  --------------------------------------------------------------------------
(INFO    ) [15:33:49|tosca_opt] Optimization converged. Both criteria checked.
(INFO    ) [15:33:49|tosca_opt] Local objective function criterion : NOT_FULFILLED (Actual change / target:    0.00585/   0.00100)
(INFO    ) [15:33:49|tosca_opt] Local design variables criterion   : NOT_FULFILLED (Actual change / target:    0.02908/   0.00500)
(INFO    ) [15:33:49|tosca_opt] Global stop criterion              : NOT_FULFILLED (Max number of design cycles :  80)
(INFO    ) [15:33:49|tosca_opt] 
(INFO    ) [15:33:49|tosca_opt]  --------------------------------------------------------------------------
(INFO    ) [15:33:49|tosca_opt] | ANALYZE VALUE OF VARIABLES after OPTIMIZATION                            |
(INFO    ) [15:33:49|tosca_opt]  --------------------------------------------------------------------------
(INFO    ) [15:33:49|tosca_opt]  --------------------------------------------------------------------------
(INFO    ) [15:33:49|tosca_opt] | VARIABLES and DESIGN RESPONSES                                           |
(INFO    ) [15:33:49|tosca_opt]  --------------------------------------------------------------------------
(INFO    ) [15:33:49|tosca_opt]  DRESP_STRAIN_ENERGY                       :    2.9249
(INFO    ) [15:33:49|tosca_opt]  DRESP_VOLUME                              :    1243.6
(INFO    ) [15:33:49|tosca_opt]  --------------------------------------------------------------------------
(INFO    ) [15:33:50|tosca_opt]  --------------------------------------------------------------------------
(INFO    ) [15:33:50|tosca_opt] | Report of OPTIMIZATION Results                                           |
(INFO    ) [15:33:50|tosca_opt]  --------------------------------------------------------------------------
(INFO    ) [15:33:50|tosca_opt]  DESIGN CYCLE                :  25
(INFO    ) [15:33:50|tosca_opt]  OPTIMIZE name               : TOPOLOGY_OPTIMIZATION
(INFO    ) [15:33:50|tosca_opt]  OBJ_FUNC name               : MIN_SE
(INFO    ) [15:33:50|tosca_opt]  OBJ_FUNC value              :     2.92488
(INFO    ) [15:33:50|tosca_opt]  ==========================================================================
(INFO    ) [15:33:50|tosca_opt] |     Name of OBJ_FUNC_TERM      |   Value    |   Weight   |   Reference   |
(INFO    ) [15:33:50|tosca_opt]  ==========================================================================
(INFO    ) [15:33:50|tosca_opt] | DRESP_STRAIN_ENERGY            | 2.92488    | 1.0        | 0.0           |
(INFO    ) [15:33:50|tosca_opt]  ==========================================================================
(INFO    ) [15:33:50|tosca_opt] * SIMULIA Tosca Structure INFORMATION *
(INFO    ) [15:33:50|tosca_opt] Writing CONSTRAINTs with default normalization.
(INFO    ) [15:33:50|tosca_opt] For NORM value  <= 1.0   -->    CONSTRAINT is OK ( For all CONSTRAINT types )
(INFO    ) [15:33:50|tosca_opt]  ==========================================================================
(INFO    ) [15:33:50|tosca_opt] |  Name of CONSTRAINT  |  Act. Value  | Op.  | Target  |   Norm   | Status |
(INFO    ) [15:33:50|tosca_opt]  ==========================================================================
(INFO    ) [15:33:50|tosca_opt] | VOL_CONSTRAINT       | 0.492888     | <=   | 0.5     | 0.985775 | TRUE   |
(INFO    ) [15:33:50|tosca_opt]  ==========================================================================
(INFO    ) [15:33:51|tosca_opt]  --------------------------------------------------------------------------
(INFO    ) [15:33:51|tosca_opt] | Some STOP CRITERIA NOT satisfied this iteration                          |
(INFO    ) [15:33:51|tosca_opt]  --------------------------------------------------------------------------
(INFO    ) [15:33:52|tosca_opt]  --------------------------------------------------------------------------
(INFO    ) [15:33:52|tosca_opt] | End of DESIGN CYCLE NUMBER: 25                                           |
(INFO    ) [15:33:52|tosca_opt]  --------------------------------------------------------------------------
(INFO    ) [15:33:52|tosca_opt] Application finished successfully
(INFO    ) [15:33:52|tosca_driver] Module SMATsoToscaOpt has finished with exit code 0
(INFO    ) [15:33:52|tosca_driver] Calling: /uufs/chpc.utah.edu/sys/installdir/abaqus/2025/linux_a64/code/bin/SMATrtOptResExportTool --loglevel INFO --cycle 25 --onf_output ON
(INFO    ) [15:33:52|opt_res_export_tool] SIMULIA Tosca Structure.opt_res_export_tool - version 3DEXPERIENCE R2025x - build R427 - 20240925T190012Z 64 bit
(INFO    ) [15:33:52|opt_res_export_tool] Extracting results from opt_res_database
(INFO    ) [15:33:52|opt_res_export_tool] SIMULIA Tosca Structure.opt_res_export_tool finished successfully
(INFO    ) [15:33:52|tosca_driver] Module SMATrtOptResExportTool has finished with exit code 0
(NOTICE  ) [15:33:52|tosca_driver] Design cycle 26 started on 2026-02-19
(NOTICE  ) [15:33:52|tosca_driver] Starting Abaqus analysis - design cycle 26
(INFO    ) [15:33:52|tosca_driver] Activating the solver
(INFO    ) [15:33:52|tosca_driver] Calling hooks before module abaqus
(INFO    ) [15:33:52|tosca_driver] Calling: /uufs/chpc.utah.edu/sys/installdir/abaqus/2025/linux_a64/code/bin/SMATsoAbaqusTsProvider -j airbeam_vol --cycle 26
(INFO    ) [15:33:52|hook] Timestamp file written successfully
(INFO    ) [15:33:52|tosca_driver] Module hook has finished with exit code 0
(INFO    ) [15:33:53|tosca_driver] Fe-solver abaqus finished with job airbeam_vol.inp
(INFO    ) [15:33:53|tosca_driver] Elapsed time (inc. overhead): 0:00:01.102316
(INFO    ) [15:33:53|tosca_driver] Elapsed time of abaqus : 0:00:01.172294  -  current time : 15:33:53.840900
(INFO    ) [15:33:53|tosca_driver] Solution complete
(INFO    ) [15:33:53|tosca_driver] Checking solver output file: /uufs/chpc.utah.edu/common/home/u6074059/Abaqus/paper_reproduction/experiment7/run_7d/airbeam_7d_tosca/airbeam_vol.msg
(INFO    ) [15:33:53|tosca_driver] Searching for success check string: "THE ANALYSIS HAS BEEN COMPLETED"
(INFO    ) [15:33:53|tosca_driver] Calling: /uufs/chpc.utah.edu/sys/installdir/abaqus/2025/linux_a64/code/bin/SMATsoOdbToVtmMain --solver abaqus --loglevel INFO --format_matrices sim --cycle 26 --perturbation 0 /uufs/chpc.utah.edu/common/home/u6074059/Abaqus/paper_reproduction/experiment7/run_7d/airbeam_7d_tosca/airbeam_vol
(INFO    ) [15:33:53|odb_to_vtm] SIMULIA Tosca Structure.odb_to_vtm - version 3DEXPERIENCE R2025x - build R427 - 20240925T190012Z 64 bit
(INFO    ) [15:33:54|odb_to_vtm] Reading Abaqus ODB output file /uufs/chpc.utah.edu/common/home/u6074059/Abaqus/paper_reproduction/experiment7/run_7d/airbeam_7d_tosca/airbeam_vol
(INFO    ) [15:33:54|odb_to_vtm] Reading results from the Abaqus result database /uufs/chpc.utah.edu/common/home/u6074059/Abaqus/paper_reproduction/experiment7/run_7d/airbeam_7d_tosca/airbeam_vol.odb
(INFO    ) [15:33:54|odb_to_vtm] SIMULIA Tosca Structure.odb_to_vtm finished successfully
(INFO    ) [15:33:54|tosca_driver] Module SMATsoOdbToVtmMain has finished with exit code 0
(NOTICE  ) [15:33:54|tosca_driver] Starting Tosca Structure optimization module - design cycle 26
(INFO    ) [15:33:54|tosca_driver] Calling: /uufs/chpc.utah.edu/sys/installdir/abaqus/2025/linux_a64/code/bin/SMATsoToscaOpt --loglevel INFO
(INFO    ) [15:33:54|tosca_opt] SIMULIA Tosca Structure.tosca_opt - version 3DEXPERIENCE R2025x - build R427 - 20240925T190012Z 64 bit
(INFO    ) [15:33:54|tosca_opt]  --------------------------------------------------------------------------
(INFO    ) [15:33:54|tosca_opt] |                ___  ___  __  __  _   _  _     ___    _                   |
(INFO    ) [15:33:54|tosca_opt] |               / __||_ _||  \/  || | | || |   |_ _|  /_\                  |
(INFO    ) [15:33:54|tosca_opt] |               \__ \ | | | |\/| || |_| || |__  | |  / _ \                 |
(INFO    ) [15:33:54|tosca_opt] |               |___/|___||_|  |_| \___/ |____||___|/_/ \_\                |
(INFO    ) [15:33:54|tosca_opt] |                        _____                                             |
(INFO    ) [15:33:54|tosca_opt] |                       |_   _|___  ___ __  __ _                           |
(INFO    ) [15:33:54|tosca_opt] |                         | | / _ \(_-</ _|/ _` |                          |
(INFO    ) [15:33:54|tosca_opt] |                         |_| \___//__/\__|\__,_|                          |
(INFO    ) [15:33:54|tosca_opt] |              ___  _                   _                                  |
(INFO    ) [15:33:54|tosca_opt] |             / __|| |_  _ _  _  _  __ | |_  _  _  _ _  ___                |
(INFO    ) [15:33:54|tosca_opt] |             \__ \|  _|| `_|| || |/ _||  _|| || || `_|/ -_)               |
(INFO    ) [15:33:54|tosca_opt] |             |___/ \__||_|   \_,_|\__| \__| \_,_||_|  \___|               |
(INFO    ) [15:33:54|tosca_opt] |                                                                          |
(INFO    ) [15:33:54|tosca_opt]  --------------------------------------------------------------------------
(INFO    ) [15:33:54|tosca_opt] | Version 3DEXPERIENCE R2025x                                              |
(INFO    ) [15:33:54|tosca_opt] | DATE:   2026-02-19                                                       |
(INFO    ) [15:33:54|tosca_opt]  --------------------------------------------------------------------------
(INFO    ) [15:33:55|tosca_opt]  --------------------------------------------------------------------------
(INFO    ) [15:33:55|tosca_opt] | Begin of DESIGN CYCLE NUMBER: 26                                         |
(INFO    ) [15:33:55|tosca_opt]  --------------------------------------------------------------------------
(INFO    ) [15:33:55|tosca_opt] Checking for existence of results
(INFO    ) [15:33:55|tosca_opt]  --------------------------------------------------------------------------
(INFO    ) [15:33:55|tosca_opt] | ANALYZE VALUE OF VARIABLES before OPTIMIZATION                           |
(INFO    ) [15:33:55|tosca_opt]  --------------------------------------------------------------------------
(INFO    ) [15:33:55|tosca_opt]  --------------------------------------------------------------------------
(INFO    ) [15:33:55|tosca_opt] | Convergence Criteria in Design Cycle 26                                  |
(INFO    ) [15:33:55|tosca_opt]  --------------------------------------------------------------------------
(INFO    ) [15:33:55|tosca_opt] Local objective function criterion : NOT_FULFILLED (Actual change / target:    0.01303/   0.00100)
(INFO    ) [15:33:55|tosca_opt] Local design variables criterion   : NOT_FULFILLED (Actual change / target:    0.02580/   0.00500)
(INFO    ) [15:33:55|tosca_opt] Global stop criterion              : NOT_FULFILLED (Max number of design cycles :  80)
(INFO    ) [15:33:55|tosca_opt] 
(INFO    ) [15:33:55|tosca_opt]  --------------------------------------------------------------------------
(INFO    ) [15:33:55|tosca_opt] | ANALYZE VALUE OF VARIABLES after OPTIMIZATION                            |
(INFO    ) [15:33:55|tosca_opt]  --------------------------------------------------------------------------
(INFO    ) [15:33:55|tosca_opt]  --------------------------------------------------------------------------
(INFO    ) [15:33:55|tosca_opt] | VARIABLES and DESIGN RESPONSES                                           |
(INFO    ) [15:33:55|tosca_opt]  --------------------------------------------------------------------------
(INFO    ) [15:33:55|tosca_opt]  DRESP_STRAIN_ENERGY                       :    2.8873
(INFO    ) [15:33:55|tosca_opt]  DRESP_VOLUME                              :    1247.4
(INFO    ) [15:33:55|tosca_opt]  --------------------------------------------------------------------------
(INFO    ) [15:33:55|tosca_opt]  --------------------------------------------------------------------------
(INFO    ) [15:33:55|tosca_opt] | Report of OPTIMIZATION Results                                           |
(INFO    ) [15:33:55|tosca_opt]  --------------------------------------------------------------------------
(INFO    ) [15:33:55|tosca_opt]  DESIGN CYCLE                :  26
(INFO    ) [15:33:55|tosca_opt]  OPTIMIZE name               : TOPOLOGY_OPTIMIZATION
(INFO    ) [15:33:55|tosca_opt]  OBJ_FUNC name               : MIN_SE
(INFO    ) [15:33:55|tosca_opt]  OBJ_FUNC value              :     2.88727
(INFO    ) [15:33:55|tosca_opt]  ==========================================================================
(INFO    ) [15:33:55|tosca_opt] |     Name of OBJ_FUNC_TERM      |   Value    |   Weight   |   Reference   |
(INFO    ) [15:33:55|tosca_opt]  ==========================================================================
(INFO    ) [15:33:55|tosca_opt] | DRESP_STRAIN_ENERGY            | 2.88727    | 1.0        | 0.0           |
(INFO    ) [15:33:55|tosca_opt]  ==========================================================================
(INFO    ) [15:33:55|tosca_opt] * SIMULIA Tosca Structure INFORMATION *
(INFO    ) [15:33:55|tosca_opt] Writing CONSTRAINTs with default normalization.
(INFO    ) [15:33:55|tosca_opt] For NORM value  <= 1.0   -->    CONSTRAINT is OK ( For all CONSTRAINT types )
(INFO    ) [15:33:55|tosca_opt]  ==========================================================================
(INFO    ) [15:33:55|tosca_opt] |  Name of CONSTRAINT  |  Act. Value  | Op.  | Target  |   Norm   | Status |
(INFO    ) [15:33:55|tosca_opt]  ==========================================================================
(INFO    ) [15:33:55|tosca_opt] | VOL_CONSTRAINT       | 0.494396     | <=   | 0.5     | 0.988793 | TRUE   |
(INFO    ) [15:33:55|tosca_opt]  ==========================================================================
(INFO    ) [15:33:57|tosca_opt]  --------------------------------------------------------------------------
(INFO    ) [15:33:57|tosca_opt] | Some STOP CRITERIA NOT satisfied this iteration                          |
(INFO    ) [15:33:57|tosca_opt]  --------------------------------------------------------------------------
(INFO    ) [15:33:57|tosca_opt]  --------------------------------------------------------------------------
(INFO    ) [15:33:57|tosca_opt] | End of DESIGN CYCLE NUMBER: 26                                           |
(INFO    ) [15:33:57|tosca_opt]  --------------------------------------------------------------------------
(INFO    ) [15:33:57|tosca_opt] Application finished successfully
(INFO    ) [15:33:57|tosca_driver] Module SMATsoToscaOpt has finished with exit code 0
(INFO    ) [15:33:57|tosca_driver] Calling: /uufs/chpc.utah.edu/sys/installdir/abaqus/2025/linux_a64/code/bin/SMATrtOptResExportTool --loglevel INFO --cycle 26 --onf_output ON
(INFO    ) [15:33:57|opt_res_export_tool] SIMULIA Tosca Structure.opt_res_export_tool - version 3DEXPERIENCE R2025x - build R427 - 20240925T190012Z 64 bit
(INFO    ) [15:33:57|opt_res_export_tool] Extracting results from opt_res_database
(INFO    ) [15:33:57|opt_res_export_tool] SIMULIA Tosca Structure.opt_res_export_tool finished successfully
(INFO    ) [15:33:57|tosca_driver] Module SMATrtOptResExportTool has finished with exit code 0
(NOTICE  ) [15:33:58|tosca_driver] Design cycle 27 started on 2026-02-19
(NOTICE  ) [15:33:58|tosca_driver] Starting Abaqus analysis - design cycle 27
(INFO    ) [15:33:58|tosca_driver] Activating the solver
(INFO    ) [15:33:58|tosca_driver] Calling hooks before module abaqus
(INFO    ) [15:33:58|tosca_driver] Calling: /uufs/chpc.utah.edu/sys/installdir/abaqus/2025/linux_a64/code/bin/SMATsoAbaqusTsProvider -j airbeam_vol --cycle 27
(INFO    ) [15:33:58|hook] Timestamp file written successfully
(INFO    ) [15:33:58|tosca_driver] Module hook has finished with exit code 0
(INFO    ) [15:33:59|tosca_driver] Fe-solver abaqus finished with job airbeam_vol.inp
(INFO    ) [15:33:59|tosca_driver] Elapsed time (inc. overhead): 0:00:01.102729
(INFO    ) [15:33:59|tosca_driver] Elapsed time of abaqus : 0:00:01.168561  -  current time : 15:33:59.281808
(INFO    ) [15:33:59|tosca_driver] Solution complete
(INFO    ) [15:33:59|tosca_driver] Checking solver output file: /uufs/chpc.utah.edu/common/home/u6074059/Abaqus/paper_reproduction/experiment7/run_7d/airbeam_7d_tosca/airbeam_vol.msg
(INFO    ) [15:33:59|tosca_driver] Searching for success check string: "THE ANALYSIS HAS BEEN COMPLETED"
(INFO    ) [15:33:59|tosca_driver] Calling: /uufs/chpc.utah.edu/sys/installdir/abaqus/2025/linux_a64/code/bin/SMATsoOdbToVtmMain --solver abaqus --loglevel INFO --format_matrices sim --cycle 27 --perturbation 0 /uufs/chpc.utah.edu/common/home/u6074059/Abaqus/paper_reproduction/experiment7/run_7d/airbeam_7d_tosca/airbeam_vol
(INFO    ) [15:33:59|odb_to_vtm] SIMULIA Tosca Structure.odb_to_vtm - version 3DEXPERIENCE R2025x - build R427 - 20240925T190012Z 64 bit
(INFO    ) [15:33:59|odb_to_vtm] Reading Abaqus ODB output file /uufs/chpc.utah.edu/common/home/u6074059/Abaqus/paper_reproduction/experiment7/run_7d/airbeam_7d_tosca/airbeam_vol
(INFO    ) [15:33:59|odb_to_vtm] Reading results from the Abaqus result database /uufs/chpc.utah.edu/common/home/u6074059/Abaqus/paper_reproduction/experiment7/run_7d/airbeam_7d_tosca/airbeam_vol.odb
(INFO    ) [15:33:59|odb_to_vtm] SIMULIA Tosca Structure.odb_to_vtm finished successfully
(INFO    ) [15:33:59|tosca_driver] Module SMATsoOdbToVtmMain has finished with exit code 0
(NOTICE  ) [15:33:59|tosca_driver] Starting Tosca Structure optimization module - design cycle 27
(INFO    ) [15:33:59|tosca_driver] Calling: /uufs/chpc.utah.edu/sys/installdir/abaqus/2025/linux_a64/code/bin/SMATsoToscaOpt --loglevel INFO
(INFO    ) [15:33:59|tosca_opt] SIMULIA Tosca Structure.tosca_opt - version 3DEXPERIENCE R2025x - build R427 - 20240925T190012Z 64 bit
(INFO    ) [15:33:59|tosca_opt]  --------------------------------------------------------------------------
(INFO    ) [15:33:59|tosca_opt] |                ___  ___  __  __  _   _  _     ___    _                   |
(INFO    ) [15:33:59|tosca_opt] |               / __||_ _||  \/  || | | || |   |_ _|  /_\                  |
(INFO    ) [15:33:59|tosca_opt] |               \__ \ | | | |\/| || |_| || |__  | |  / _ \                 |
(INFO    ) [15:33:59|tosca_opt] |               |___/|___||_|  |_| \___/ |____||___|/_/ \_\                |
(INFO    ) [15:33:59|tosca_opt] |                        _____                                             |
(INFO    ) [15:33:59|tosca_opt] |                       |_   _|___  ___ __  __ _                           |
(INFO    ) [15:33:59|tosca_opt] |                         | | / _ \(_-</ _|/ _` |                          |
(INFO    ) [15:33:59|tosca_opt] |                         |_| \___//__/\__|\__,_|                          |
(INFO    ) [15:33:59|tosca_opt] |              ___  _                   _                                  |
(INFO    ) [15:33:59|tosca_opt] |             / __|| |_  _ _  _  _  __ | |_  _  _  _ _  ___                |
(INFO    ) [15:33:59|tosca_opt] |             \__ \|  _|| `_|| || |/ _||  _|| || || `_|/ -_)               |
(INFO    ) [15:33:59|tosca_opt] |             |___/ \__||_|   \_,_|\__| \__| \_,_||_|  \___|               |
(INFO    ) [15:33:59|tosca_opt] |                                                                          |
(INFO    ) [15:33:59|tosca_opt]  --------------------------------------------------------------------------
(INFO    ) [15:33:59|tosca_opt] | Version 3DEXPERIENCE R2025x                                              |
(INFO    ) [15:33:59|tosca_opt] | DATE:   2026-02-19                                                       |
(INFO    ) [15:33:59|tosca_opt]  --------------------------------------------------------------------------
(INFO    ) [15:34:00|tosca_opt]  --------------------------------------------------------------------------
(INFO    ) [15:34:00|tosca_opt] | Begin of DESIGN CYCLE NUMBER: 27                                         |
(INFO    ) [15:34:00|tosca_opt]  --------------------------------------------------------------------------
(INFO    ) [15:34:00|tosca_opt] Checking for existence of results
(INFO    ) [15:34:00|tosca_opt]  --------------------------------------------------------------------------
(INFO    ) [15:34:00|tosca_opt] | ANALYZE VALUE OF VARIABLES before OPTIMIZATION                           |
(INFO    ) [15:34:00|tosca_opt]  --------------------------------------------------------------------------
(INFO    ) [15:34:00|tosca_opt]  --------------------------------------------------------------------------
(INFO    ) [15:34:00|tosca_opt] | Convergence Criteria in Design Cycle 27                                  |
(INFO    ) [15:34:00|tosca_opt]  --------------------------------------------------------------------------
(INFO    ) [15:34:00|tosca_opt] Optimization converged. Both criteria checked.
(INFO    ) [15:34:00|tosca_opt] Local objective function criterion : NOT_FULFILLED (Actual change / target:    0.00882/   0.00100)
(INFO    ) [15:34:00|tosca_opt] Local design variables criterion   : NOT_FULFILLED (Actual change / target:    0.02225/   0.00500)
(INFO    ) [15:34:00|tosca_opt] Global stop criterion              : NOT_FULFILLED (Max number of design cycles :  80)
(INFO    ) [15:34:00|tosca_opt] 
(INFO    ) [15:34:00|tosca_opt]  --------------------------------------------------------------------------
(INFO    ) [15:34:00|tosca_opt] | ANALYZE VALUE OF VARIABLES after OPTIMIZATION                            |
(INFO    ) [15:34:00|tosca_opt]  --------------------------------------------------------------------------
(INFO    ) [15:34:00|tosca_opt]  --------------------------------------------------------------------------
(INFO    ) [15:34:00|tosca_opt] | VARIABLES and DESIGN RESPONSES                                           |
(INFO    ) [15:34:00|tosca_opt]  --------------------------------------------------------------------------
(INFO    ) [15:34:00|tosca_opt]  DRESP_STRAIN_ENERGY                       :    2.8620
(INFO    ) [15:34:00|tosca_opt]  DRESP_VOLUME                              :    1248.6
(INFO    ) [15:34:00|tosca_opt]  --------------------------------------------------------------------------
(INFO    ) [15:34:01|tosca_opt]  --------------------------------------------------------------------------
(INFO    ) [15:34:01|tosca_opt] | Report of OPTIMIZATION Results                                           |
(INFO    ) [15:34:01|tosca_opt]  --------------------------------------------------------------------------
(INFO    ) [15:34:01|tosca_opt]  DESIGN CYCLE                :  27
(INFO    ) [15:34:01|tosca_opt]  OPTIMIZE name               : TOPOLOGY_OPTIMIZATION
(INFO    ) [15:34:01|tosca_opt]  OBJ_FUNC name               : MIN_SE
(INFO    ) [15:34:01|tosca_opt]  OBJ_FUNC value              :     2.86203
(INFO    ) [15:34:01|tosca_opt]  ==========================================================================
(INFO    ) [15:34:01|tosca_opt] |     Name of OBJ_FUNC_TERM      |   Value    |   Weight   |   Reference   |
(INFO    ) [15:34:01|tosca_opt]  ==========================================================================
(INFO    ) [15:34:01|tosca_opt] | DRESP_STRAIN_ENERGY            | 2.86203    | 1.0        | 0.0           |
(INFO    ) [15:34:01|tosca_opt]  ==========================================================================
(INFO    ) [15:34:01|tosca_opt] * SIMULIA Tosca Structure INFORMATION *
(INFO    ) [15:34:01|tosca_opt] Writing CONSTRAINTs with default normalization.
(INFO    ) [15:34:01|tosca_opt] For NORM value  <= 1.0   -->    CONSTRAINT is OK ( For all CONSTRAINT types )
(INFO    ) [15:34:01|tosca_opt]  ==========================================================================
(INFO    ) [15:34:01|tosca_opt] |  Name of CONSTRAINT  |  Act. Value  | Op.  | Target  |   Norm   | Status |
(INFO    ) [15:34:01|tosca_opt]  ==========================================================================
(INFO    ) [15:34:01|tosca_opt] | VOL_CONSTRAINT       | 0.494889     | <=   | 0.5     | 0.989778 | TRUE   |
(INFO    ) [15:34:01|tosca_opt]  ==========================================================================
(INFO    ) [15:34:02|tosca_opt]  --------------------------------------------------------------------------
(INFO    ) [15:34:02|tosca_opt] | Some STOP CRITERIA NOT satisfied this iteration                          |
(INFO    ) [15:34:02|tosca_opt]  --------------------------------------------------------------------------
(INFO    ) [15:34:02|tosca_opt]  --------------------------------------------------------------------------
(INFO    ) [15:34:02|tosca_opt] | End of DESIGN CYCLE NUMBER: 27                                           |
(INFO    ) [15:34:02|tosca_opt]  --------------------------------------------------------------------------
(INFO    ) [15:34:02|tosca_opt] Application finished successfully
(INFO    ) [15:34:02|tosca_driver] Module SMATsoToscaOpt has finished with exit code 0
(INFO    ) [15:34:02|tosca_driver] Calling: /uufs/chpc.utah.edu/sys/installdir/abaqus/2025/linux_a64/code/bin/SMATrtOptResExportTool --loglevel INFO --cycle 27 --onf_output ON
(INFO    ) [15:34:02|opt_res_export_tool] SIMULIA Tosca Structure.opt_res_export_tool - version 3DEXPERIENCE R2025x - build R427 - 20240925T190012Z 64 bit
(INFO    ) [15:34:02|opt_res_export_tool] Extracting results from opt_res_database
(INFO    ) [15:34:03|opt_res_export_tool] SIMULIA Tosca Structure.opt_res_export_tool finished successfully
(INFO    ) [15:34:03|tosca_driver] Module SMATrtOptResExportTool has finished with exit code 0
(NOTICE  ) [15:34:03|tosca_driver] Design cycle 28 started on 2026-02-19
(NOTICE  ) [15:34:03|tosca_driver] Starting Abaqus analysis - design cycle 28
(INFO    ) [15:34:03|tosca_driver] Activating the solver
(INFO    ) [15:34:03|tosca_driver] Calling hooks before module abaqus
(INFO    ) [15:34:03|tosca_driver] Calling: /uufs/chpc.utah.edu/sys/installdir/abaqus/2025/linux_a64/code/bin/SMATsoAbaqusTsProvider -j airbeam_vol --cycle 28
(INFO    ) [15:34:03|hook] Timestamp file written successfully
(INFO    ) [15:34:03|tosca_driver] Module hook has finished with exit code 0
(INFO    ) [15:34:04|tosca_driver] Fe-solver abaqus finished with job airbeam_vol.inp
(INFO    ) [15:34:04|tosca_driver] Elapsed time (inc. overhead): 0:00:01.302960
(INFO    ) [15:34:04|tosca_driver] Elapsed time of abaqus : 0:00:01.370032  -  current time : 15:34:04.652298
(INFO    ) [15:34:04|tosca_driver] Solution complete
(INFO    ) [15:34:04|tosca_driver] Checking solver output file: /uufs/chpc.utah.edu/common/home/u6074059/Abaqus/paper_reproduction/experiment7/run_7d/airbeam_7d_tosca/airbeam_vol.msg
(INFO    ) [15:34:04|tosca_driver] Searching for success check string: "THE ANALYSIS HAS BEEN COMPLETED"
(INFO    ) [15:34:04|tosca_driver] Calling: /uufs/chpc.utah.edu/sys/installdir/abaqus/2025/linux_a64/code/bin/SMATsoOdbToVtmMain --solver abaqus --loglevel INFO --format_matrices sim --cycle 28 --perturbation 0 /uufs/chpc.utah.edu/common/home/u6074059/Abaqus/paper_reproduction/experiment7/run_7d/airbeam_7d_tosca/airbeam_vol
(INFO    ) [15:34:04|odb_to_vtm] SIMULIA Tosca Structure.odb_to_vtm - version 3DEXPERIENCE R2025x - build R427 - 20240925T190012Z 64 bit
(INFO    ) [15:34:05|odb_to_vtm] Reading Abaqus ODB output file /uufs/chpc.utah.edu/common/home/u6074059/Abaqus/paper_reproduction/experiment7/run_7d/airbeam_7d_tosca/airbeam_vol
(INFO    ) [15:34:05|odb_to_vtm] Reading results from the Abaqus result database /uufs/chpc.utah.edu/common/home/u6074059/Abaqus/paper_reproduction/experiment7/run_7d/airbeam_7d_tosca/airbeam_vol.odb
(INFO    ) [15:34:05|odb_to_vtm] SIMULIA Tosca Structure.odb_to_vtm finished successfully
(INFO    ) [15:34:05|tosca_driver] Module SMATsoOdbToVtmMain has finished with exit code 0
(NOTICE  ) [15:34:05|tosca_driver] Starting Tosca Structure optimization module - design cycle 28
(INFO    ) [15:34:05|tosca_driver] Calling: /uufs/chpc.utah.edu/sys/installdir/abaqus/2025/linux_a64/code/bin/SMATsoToscaOpt --loglevel INFO
(INFO    ) [15:34:05|tosca_opt] SIMULIA Tosca Structure.tosca_opt - version 3DEXPERIENCE R2025x - build R427 - 20240925T190012Z 64 bit
(INFO    ) [15:34:05|tosca_opt]  --------------------------------------------------------------------------
(INFO    ) [15:34:05|tosca_opt] |                ___  ___  __  __  _   _  _     ___    _                   |
(INFO    ) [15:34:05|tosca_opt] |               / __||_ _||  \/  || | | || |   |_ _|  /_\                  |
(INFO    ) [15:34:05|tosca_opt] |               \__ \ | | | |\/| || |_| || |__  | |  / _ \                 |
(INFO    ) [15:34:05|tosca_opt] |               |___/|___||_|  |_| \___/ |____||___|/_/ \_\                |
(INFO    ) [15:34:05|tosca_opt] |                        _____                                             |
(INFO    ) [15:34:05|tosca_opt] |                       |_   _|___  ___ __  __ _                           |
(INFO    ) [15:34:05|tosca_opt] |                         | | / _ \(_-</ _|/ _` |                          |
(INFO    ) [15:34:05|tosca_opt] |                         |_| \___//__/\__|\__,_|                          |
(INFO    ) [15:34:05|tosca_opt] |              ___  _                   _                                  |
(INFO    ) [15:34:05|tosca_opt] |             / __|| |_  _ _  _  _  __ | |_  _  _  _ _  ___                |
(INFO    ) [15:34:05|tosca_opt] |             \__ \|  _|| `_|| || |/ _||  _|| || || `_|/ -_)               |
(INFO    ) [15:34:05|tosca_opt] |             |___/ \__||_|   \_,_|\__| \__| \_,_||_|  \___|               |
(INFO    ) [15:34:05|tosca_opt] |                                                                          |
(INFO    ) [15:34:05|tosca_opt]  --------------------------------------------------------------------------
(INFO    ) [15:34:05|tosca_opt] | Version 3DEXPERIENCE R2025x                                              |
(INFO    ) [15:34:05|tosca_opt] | DATE:   2026-02-19                                                       |
(INFO    ) [15:34:05|tosca_opt]  --------------------------------------------------------------------------
(INFO    ) [15:34:06|tosca_opt]  --------------------------------------------------------------------------
(INFO    ) [15:34:06|tosca_opt] | Begin of DESIGN CYCLE NUMBER: 28                                         |
(INFO    ) [15:34:06|tosca_opt]  --------------------------------------------------------------------------
(INFO    ) [15:34:06|tosca_opt] Checking for existence of results
(INFO    ) [15:34:06|tosca_opt]  --------------------------------------------------------------------------
(INFO    ) [15:34:06|tosca_opt] | ANALYZE VALUE OF VARIABLES before OPTIMIZATION                           |
(INFO    ) [15:34:06|tosca_opt]  --------------------------------------------------------------------------
(INFO    ) [15:34:06|tosca_opt]  --------------------------------------------------------------------------
(INFO    ) [15:34:06|tosca_opt] | Convergence Criteria in Design Cycle 28                                  |
(INFO    ) [15:34:06|tosca_opt]  --------------------------------------------------------------------------
(INFO    ) [15:34:06|tosca_opt] Local objective function criterion : NOT_FULFILLED (Actual change / target:    0.01103/   0.00100)
(INFO    ) [15:34:06|tosca_opt] Local design variables criterion   : NOT_FULFILLED (Actual change / target:    0.01970/   0.00500)
(INFO    ) [15:34:06|tosca_opt] Global stop criterion              : NOT_FULFILLED (Max number of design cycles :  80)
(INFO    ) [15:34:06|tosca_opt] 
(INFO    ) [15:34:06|tosca_opt]  --------------------------------------------------------------------------
(INFO    ) [15:34:06|tosca_opt] | ANALYZE VALUE OF VARIABLES after OPTIMIZATION                            |
(INFO    ) [15:34:06|tosca_opt]  --------------------------------------------------------------------------
(INFO    ) [15:34:06|tosca_opt]  --------------------------------------------------------------------------
(INFO    ) [15:34:06|tosca_opt] | VARIABLES and DESIGN RESPONSES                                           |
(INFO    ) [15:34:06|tosca_opt]  --------------------------------------------------------------------------
(INFO    ) [15:34:06|tosca_opt]  DRESP_STRAIN_ENERGY                       :    2.8308
(INFO    ) [15:34:06|tosca_opt]  DRESP_VOLUME                              :    1250.8
(INFO    ) [15:34:06|tosca_opt]  --------------------------------------------------------------------------
(INFO    ) [15:34:06|tosca_opt]  --------------------------------------------------------------------------
(INFO    ) [15:34:06|tosca_opt] | Report of OPTIMIZATION Results                                           |
(INFO    ) [15:34:06|tosca_opt]  --------------------------------------------------------------------------
(INFO    ) [15:34:06|tosca_opt]  DESIGN CYCLE                :  28
(INFO    ) [15:34:06|tosca_opt]  OPTIMIZE name               : TOPOLOGY_OPTIMIZATION
(INFO    ) [15:34:06|tosca_opt]  OBJ_FUNC name               : MIN_SE
(INFO    ) [15:34:06|tosca_opt]  OBJ_FUNC value              :     2.83081
(INFO    ) [15:34:06|tosca_opt]  ==========================================================================
(INFO    ) [15:34:06|tosca_opt] |     Name of OBJ_FUNC_TERM      |   Value    |   Weight   |   Reference   |
(INFO    ) [15:34:06|tosca_opt]  ==========================================================================
(INFO    ) [15:34:06|tosca_opt] | DRESP_STRAIN_ENERGY            | 2.83081    | 1.0        | 0.0           |
(INFO    ) [15:34:06|tosca_opt]  ==========================================================================
(INFO    ) [15:34:06|tosca_opt] * SIMULIA Tosca Structure INFORMATION *
(INFO    ) [15:34:06|tosca_opt] Writing CONSTRAINTs with default normalization.
(INFO    ) [15:34:06|tosca_opt] For NORM value  <= 1.0   -->    CONSTRAINT is OK ( For all CONSTRAINT types )
(INFO    ) [15:34:06|tosca_opt]  ==========================================================================
(INFO    ) [15:34:06|tosca_opt] |  Name of CONSTRAINT  |  Act. Value  | Op.  | Target  |   Norm   | Status |
(INFO    ) [15:34:06|tosca_opt]  ==========================================================================
(INFO    ) [15:34:06|tosca_opt] | VOL_CONSTRAINT       | 0.495763     | <=   | 0.5     | 0.991525 | TRUE   |
(INFO    ) [15:34:06|tosca_opt]  ==========================================================================
(INFO    ) [15:34:09|tosca_opt]  --------------------------------------------------------------------------
(INFO    ) [15:34:09|tosca_opt] | Some STOP CRITERIA NOT satisfied this iteration                          |
(INFO    ) [15:34:09|tosca_opt]  --------------------------------------------------------------------------
(INFO    ) [15:34:09|tosca_opt]  --------------------------------------------------------------------------
(INFO    ) [15:34:09|tosca_opt] | End of DESIGN CYCLE NUMBER: 28                                           |
(INFO    ) [15:34:09|tosca_opt]  --------------------------------------------------------------------------
(INFO    ) [15:34:10|tosca_opt] Application finished successfully
(INFO    ) [15:34:10|tosca_driver] Module SMATsoToscaOpt has finished with exit code 0
(INFO    ) [15:34:10|tosca_driver] Calling: /uufs/chpc.utah.edu/sys/installdir/abaqus/2025/linux_a64/code/bin/SMATrtOptResExportTool --loglevel INFO --cycle 28 --onf_output ON
(INFO    ) [15:34:10|opt_res_export_tool] SIMULIA Tosca Structure.opt_res_export_tool - version 3DEXPERIENCE R2025x - build R427 - 20240925T190012Z 64 bit
(INFO    ) [15:34:10|opt_res_export_tool] Extracting results from opt_res_database
(INFO    ) [15:34:10|opt_res_export_tool] SIMULIA Tosca Structure.opt_res_export_tool finished successfully
(INFO    ) [15:34:10|tosca_driver] Module SMATrtOptResExportTool has finished with exit code 0
(NOTICE  ) [15:34:11|tosca_driver] Design cycle 29 started on 2026-02-19
(NOTICE  ) [15:34:11|tosca_driver] Starting Abaqus analysis - design cycle 29
(INFO    ) [15:34:11|tosca_driver] Activating the solver
(INFO    ) [15:34:11|tosca_driver] Calling hooks before module abaqus
(INFO    ) [15:34:11|tosca_driver] Calling: /uufs/chpc.utah.edu/sys/installdir/abaqus/2025/linux_a64/code/bin/SMATsoAbaqusTsProvider -j airbeam_vol --cycle 29
(INFO    ) [15:34:11|hook] Timestamp file written successfully
(INFO    ) [15:34:11|tosca_driver] Module hook has finished with exit code 0
(INFO    ) [15:34:12|tosca_driver] Fe-solver abaqus finished with job airbeam_vol.inp
(INFO    ) [15:34:12|tosca_driver] Elapsed time (inc. overhead): 0:00:01.302838
(INFO    ) [15:34:12|tosca_driver] Elapsed time of abaqus : 0:00:01.375278  -  current time : 15:34:12.542615
(INFO    ) [15:34:12|tosca_driver] Solution complete
(INFO    ) [15:34:12|tosca_driver] Checking solver output file: /uufs/chpc.utah.edu/common/home/u6074059/Abaqus/paper_reproduction/experiment7/run_7d/airbeam_7d_tosca/airbeam_vol.msg
(INFO    ) [15:34:12|tosca_driver] Searching for success check string: "THE ANALYSIS HAS BEEN COMPLETED"
(INFO    ) [15:34:12|tosca_driver] Calling: /uufs/chpc.utah.edu/sys/installdir/abaqus/2025/linux_a64/code/bin/SMATsoOdbToVtmMain --solver abaqus --loglevel INFO --format_matrices sim --cycle 29 --perturbation 0 /uufs/chpc.utah.edu/common/home/u6074059/Abaqus/paper_reproduction/experiment7/run_7d/airbeam_7d_tosca/airbeam_vol
(INFO    ) [15:34:12|odb_to_vtm] SIMULIA Tosca Structure.odb_to_vtm - version 3DEXPERIENCE R2025x - build R427 - 20240925T190012Z 64 bit
(INFO    ) [15:34:12|odb_to_vtm] Reading Abaqus ODB output file /uufs/chpc.utah.edu/common/home/u6074059/Abaqus/paper_reproduction/experiment7/run_7d/airbeam_7d_tosca/airbeam_vol
(INFO    ) [15:34:12|odb_to_vtm] Reading results from the Abaqus result database /uufs/chpc.utah.edu/common/home/u6074059/Abaqus/paper_reproduction/experiment7/run_7d/airbeam_7d_tosca/airbeam_vol.odb
(INFO    ) [15:34:13|odb_to_vtm] SIMULIA Tosca Structure.odb_to_vtm finished successfully
(INFO    ) [15:34:13|tosca_driver] Module SMATsoOdbToVtmMain has finished with exit code 0
(NOTICE  ) [15:34:13|tosca_driver] Starting Tosca Structure optimization module - design cycle 29
(INFO    ) [15:34:13|tosca_driver] Calling: /uufs/chpc.utah.edu/sys/installdir/abaqus/2025/linux_a64/code/bin/SMATsoToscaOpt --loglevel INFO
(INFO    ) [15:34:13|tosca_opt] SIMULIA Tosca Structure.tosca_opt - version 3DEXPERIENCE R2025x - build R427 - 20240925T190012Z 64 bit
(INFO    ) [15:34:13|tosca_opt]  --------------------------------------------------------------------------
(INFO    ) [15:34:13|tosca_opt] |                ___  ___  __  __  _   _  _     ___    _                   |
(INFO    ) [15:34:13|tosca_opt] |               / __||_ _||  \/  || | | || |   |_ _|  /_\                  |
(INFO    ) [15:34:13|tosca_opt] |               \__ \ | | | |\/| || |_| || |__  | |  / _ \                 |
(INFO    ) [15:34:13|tosca_opt] |               |___/|___||_|  |_| \___/ |____||___|/_/ \_\                |
(INFO    ) [15:34:13|tosca_opt] |                        _____                                             |
(INFO    ) [15:34:13|tosca_opt] |                       |_   _|___  ___ __  __ _                           |
(INFO    ) [15:34:13|tosca_opt] |                         | | / _ \(_-</ _|/ _` |                          |
(INFO    ) [15:34:13|tosca_opt] |                         |_| \___//__/\__|\__,_|                          |
(INFO    ) [15:34:13|tosca_opt] |              ___  _                   _                                  |
(INFO    ) [15:34:13|tosca_opt] |             / __|| |_  _ _  _  _  __ | |_  _  _  _ _  ___                |
(INFO    ) [15:34:13|tosca_opt] |             \__ \|  _|| `_|| || |/ _||  _|| || || `_|/ -_)               |
(INFO    ) [15:34:13|tosca_opt] |             |___/ \__||_|   \_,_|\__| \__| \_,_||_|  \___|               |
(INFO    ) [15:34:13|tosca_opt] |                                                                          |
(INFO    ) [15:34:13|tosca_opt]  --------------------------------------------------------------------------
(INFO    ) [15:34:13|tosca_opt] | Version 3DEXPERIENCE R2025x                                              |
(INFO    ) [15:34:13|tosca_opt] | DATE:   2026-02-19                                                       |
(INFO    ) [15:34:13|tosca_opt]  --------------------------------------------------------------------------
(INFO    ) [15:34:14|tosca_opt]  --------------------------------------------------------------------------
(INFO    ) [15:34:14|tosca_opt] | Begin of DESIGN CYCLE NUMBER: 29                                         |
(INFO    ) [15:34:14|tosca_opt]  --------------------------------------------------------------------------
(INFO    ) [15:34:14|tosca_opt] Checking for existence of results
(INFO    ) [15:34:14|tosca_opt]  --------------------------------------------------------------------------
(INFO    ) [15:34:14|tosca_opt] | ANALYZE VALUE OF VARIABLES before OPTIMIZATION                           |
(INFO    ) [15:34:14|tosca_opt]  --------------------------------------------------------------------------
(INFO    ) [15:34:14|tosca_opt]  --------------------------------------------------------------------------
(INFO    ) [15:34:14|tosca_opt] | Convergence Criteria in Design Cycle 29                                  |
(INFO    ) [15:34:14|tosca_opt]  --------------------------------------------------------------------------
(INFO    ) [15:34:14|tosca_opt] Optimization converged. Both criteria checked.
(INFO    ) [15:34:14|tosca_opt] Local objective function criterion : NOT_FULFILLED (Actual change / target:    0.00784/   0.00100)
(INFO    ) [15:34:14|tosca_opt] Local design variables criterion   : NOT_FULFILLED (Actual change / target:    0.01621/   0.00500)
(INFO    ) [15:34:14|tosca_opt] Global stop criterion              : NOT_FULFILLED (Max number of design cycles :  80)
(INFO    ) [15:34:14|tosca_opt] 
(INFO    ) [15:34:14|tosca_opt]  --------------------------------------------------------------------------
(INFO    ) [15:34:14|tosca_opt] | ANALYZE VALUE OF VARIABLES after OPTIMIZATION                            |
(INFO    ) [15:34:14|tosca_opt]  --------------------------------------------------------------------------
(INFO    ) [15:34:14|tosca_opt]  --------------------------------------------------------------------------
(INFO    ) [15:34:14|tosca_opt] | VARIABLES and DESIGN RESPONSES                                           |
(INFO    ) [15:34:14|tosca_opt]  --------------------------------------------------------------------------
(INFO    ) [15:34:14|tosca_opt]  DRESP_STRAIN_ENERGY                       :    2.8088
(INFO    ) [15:34:14|tosca_opt]  DRESP_VOLUME                              :    1253.3
(INFO    ) [15:34:14|tosca_opt]  --------------------------------------------------------------------------
(INFO    ) [15:34:14|tosca_opt]  --------------------------------------------------------------------------
(INFO    ) [15:34:14|tosca_opt] | Report of OPTIMIZATION Results                                           |
(INFO    ) [15:34:14|tosca_opt]  --------------------------------------------------------------------------
(INFO    ) [15:34:14|tosca_opt]  DESIGN CYCLE                :  29
(INFO    ) [15:34:14|tosca_opt]  OPTIMIZE name               : TOPOLOGY_OPTIMIZATION
(INFO    ) [15:34:14|tosca_opt]  OBJ_FUNC name               : MIN_SE
(INFO    ) [15:34:14|tosca_opt]  OBJ_FUNC value              :     2.80880
(INFO    ) [15:34:14|tosca_opt]  ==========================================================================
(INFO    ) [15:34:14|tosca_opt] |     Name of OBJ_FUNC_TERM      |   Value    |  Weight   |   Reference    |
(INFO    ) [15:34:14|tosca_opt]  ==========================================================================
(INFO    ) [15:34:14|tosca_opt] | DRESP_STRAIN_ENERGY            | 2.8088     | 1.0       | 0.0            |
(INFO    ) [15:34:14|tosca_opt]  ==========================================================================
(INFO    ) [15:34:14|tosca_opt] * SIMULIA Tosca Structure INFORMATION *
(INFO    ) [15:34:14|tosca_opt] Writing CONSTRAINTs with default normalization.
(INFO    ) [15:34:14|tosca_opt] For NORM value  <= 1.0   -->    CONSTRAINT is OK ( For all CONSTRAINT types )
(INFO    ) [15:34:14|tosca_opt]  ==========================================================================
(INFO    ) [15:34:14|tosca_opt] |  Name of CONSTRAINT  |  Act. Value  | Op.  | Target  |   Norm   | Status |
(INFO    ) [15:34:14|tosca_opt]  ==========================================================================
(INFO    ) [15:34:14|tosca_opt] | VOL_CONSTRAINT       | 0.496744     | <=   | 0.5     | 0.993489 | TRUE   |
(INFO    ) [15:34:14|tosca_opt]  ==========================================================================
(INFO    ) [15:34:17|tosca_opt]  --------------------------------------------------------------------------
(INFO    ) [15:34:17|tosca_opt] | Some STOP CRITERIA NOT satisfied this iteration                          |
(INFO    ) [15:34:17|tosca_opt]  --------------------------------------------------------------------------
(INFO    ) [15:34:17|tosca_opt]  --------------------------------------------------------------------------
(INFO    ) [15:34:17|tosca_opt] | End of DESIGN CYCLE NUMBER: 29                                           |
(INFO    ) [15:34:17|tosca_opt]  --------------------------------------------------------------------------
(INFO    ) [15:34:18|tosca_opt] Application finished successfully
(INFO    ) [15:34:18|tosca_driver] Module SMATsoToscaOpt has finished with exit code 0
(INFO    ) [15:34:18|tosca_driver] Calling: /uufs/chpc.utah.edu/sys/installdir/abaqus/2025/linux_a64/code/bin/SMATrtOptResExportTool --loglevel INFO --cycle 29 --onf_output ON
(INFO    ) [15:34:18|opt_res_export_tool] SIMULIA Tosca Structure.opt_res_export_tool - version 3DEXPERIENCE R2025x - build R427 - 20240925T190012Z 64 bit
(INFO    ) [15:34:18|opt_res_export_tool] Extracting results from opt_res_database
(INFO    ) [15:34:18|opt_res_export_tool] SIMULIA Tosca Structure.opt_res_export_tool finished successfully
(INFO    ) [15:34:18|tosca_driver] Module SMATrtOptResExportTool has finished with exit code 0
(NOTICE  ) [15:34:18|tosca_driver] Design cycle 30 started on 2026-02-19
(NOTICE  ) [15:34:18|tosca_driver] Starting Abaqus analysis - design cycle 30
(INFO    ) [15:34:18|tosca_driver] Activating the solver
(INFO    ) [15:34:18|tosca_driver] Calling hooks before module abaqus
(INFO    ) [15:34:18|tosca_driver] Calling: /uufs/chpc.utah.edu/sys/installdir/abaqus/2025/linux_a64/code/bin/SMATsoAbaqusTsProvider -j airbeam_vol --cycle 30
(INFO    ) [15:34:18|hook] Timestamp file written successfully
(INFO    ) [15:34:18|tosca_driver] Module hook has finished with exit code 0
(INFO    ) [15:34:19|tosca_driver] Fe-solver abaqus finished with job airbeam_vol.inp
(INFO    ) [15:34:19|tosca_driver] Elapsed time (inc. overhead): 0:00:01.302983
(INFO    ) [15:34:19|tosca_driver] Elapsed time of abaqus : 0:00:01.372549  -  current time : 15:34:19.954638
(INFO    ) [15:34:19|tosca_driver] Solution complete
(INFO    ) [15:34:19|tosca_driver] Checking solver output file: /uufs/chpc.utah.edu/common/home/u6074059/Abaqus/paper_reproduction/experiment7/run_7d/airbeam_7d_tosca/airbeam_vol.msg
(INFO    ) [15:34:19|tosca_driver] Searching for success check string: "THE ANALYSIS HAS BEEN COMPLETED"
(INFO    ) [15:34:19|tosca_driver] Calling: /uufs/chpc.utah.edu/sys/installdir/abaqus/2025/linux_a64/code/bin/SMATsoOdbToVtmMain --solver abaqus --loglevel INFO --format_matrices sim --cycle 30 --perturbation 0 /uufs/chpc.utah.edu/common/home/u6074059/Abaqus/paper_reproduction/experiment7/run_7d/airbeam_7d_tosca/airbeam_vol
(INFO    ) [15:34:20|odb_to_vtm] SIMULIA Tosca Structure.odb_to_vtm - version 3DEXPERIENCE R2025x - build R427 - 20240925T190012Z 64 bit
(INFO    ) [15:34:20|odb_to_vtm] Reading Abaqus ODB output file /uufs/chpc.utah.edu/common/home/u6074059/Abaqus/paper_reproduction/experiment7/run_7d/airbeam_7d_tosca/airbeam_vol
(INFO    ) [15:34:20|odb_to_vtm] Reading results from the Abaqus result database /uufs/chpc.utah.edu/common/home/u6074059/Abaqus/paper_reproduction/experiment7/run_7d/airbeam_7d_tosca/airbeam_vol.odb
(INFO    ) [15:34:20|odb_to_vtm] SIMULIA Tosca Structure.odb_to_vtm finished successfully
(INFO    ) [15:34:20|tosca_driver] Module SMATsoOdbToVtmMain has finished with exit code 0
(NOTICE  ) [15:34:20|tosca_driver] Starting Tosca Structure optimization module - design cycle 30
(INFO    ) [15:34:20|tosca_driver] Calling: /uufs/chpc.utah.edu/sys/installdir/abaqus/2025/linux_a64/code/bin/SMATsoToscaOpt --loglevel INFO
(INFO    ) [15:34:20|tosca_opt] SIMULIA Tosca Structure.tosca_opt - version 3DEXPERIENCE R2025x - build R427 - 20240925T190012Z 64 bit
(INFO    ) [15:34:20|tosca_opt]  --------------------------------------------------------------------------
(INFO    ) [15:34:20|tosca_opt] |                ___  ___  __  __  _   _  _     ___    _                   |
(INFO    ) [15:34:20|tosca_opt] |               / __||_ _||  \/  || | | || |   |_ _|  /_\                  |
(INFO    ) [15:34:20|tosca_opt] |               \__ \ | | | |\/| || |_| || |__  | |  / _ \                 |
(INFO    ) [15:34:20|tosca_opt] |               |___/|___||_|  |_| \___/ |____||___|/_/ \_\                |
(INFO    ) [15:34:20|tosca_opt] |                        _____                                             |
(INFO    ) [15:34:20|tosca_opt] |                       |_   _|___  ___ __  __ _                           |
(INFO    ) [15:34:20|tosca_opt] |                         | | / _ \(_-</ _|/ _` |                          |
(INFO    ) [15:34:20|tosca_opt] |                         |_| \___//__/\__|\__,_|                          |
(INFO    ) [15:34:20|tosca_opt] |              ___  _                   _                                  |
(INFO    ) [15:34:20|tosca_opt] |             / __|| |_  _ _  _  _  __ | |_  _  _  _ _  ___                |
(INFO    ) [15:34:20|tosca_opt] |             \__ \|  _|| `_|| || |/ _||  _|| || || `_|/ -_)               |
(INFO    ) [15:34:20|tosca_opt] |             |___/ \__||_|   \_,_|\__| \__| \_,_||_|  \___|               |
(INFO    ) [15:34:20|tosca_opt] |                                                                          |
(INFO    ) [15:34:20|tosca_opt]  --------------------------------------------------------------------------
(INFO    ) [15:34:20|tosca_opt] | Version 3DEXPERIENCE R2025x                                              |
(INFO    ) [15:34:20|tosca_opt] | DATE:   2026-02-19                                                       |
(INFO    ) [15:34:20|tosca_opt]  --------------------------------------------------------------------------
(INFO    ) [15:34:21|tosca_opt]  --------------------------------------------------------------------------
(INFO    ) [15:34:21|tosca_opt] | Begin of DESIGN CYCLE NUMBER: 30                                         |
(INFO    ) [15:34:21|tosca_opt]  --------------------------------------------------------------------------
(INFO    ) [15:34:21|tosca_opt] Checking for existence of results
(INFO    ) [15:34:21|tosca_opt]  --------------------------------------------------------------------------
(INFO    ) [15:34:21|tosca_opt] | ANALYZE VALUE OF VARIABLES before OPTIMIZATION                           |
(INFO    ) [15:34:21|tosca_opt]  --------------------------------------------------------------------------
(INFO    ) [15:34:21|tosca_opt]  --------------------------------------------------------------------------
(INFO    ) [15:34:21|tosca_opt] | Convergence Criteria in Design Cycle 30                                  |
(INFO    ) [15:34:21|tosca_opt]  --------------------------------------------------------------------------
(INFO    ) [15:34:21|tosca_opt] Optimization converged. Both criteria checked.
(INFO    ) [15:34:21|tosca_opt] Local objective function criterion : NOT_FULFILLED (Actual change / target:    0.00701/   0.00100)
(INFO    ) [15:34:21|tosca_opt] Local design variables criterion   : NOT_FULFILLED (Actual change / target:    0.01378/   0.00500)
(INFO    ) [15:34:21|tosca_opt] Global stop criterion              : NOT_FULFILLED (Max number of design cycles :  80)
(INFO    ) [15:34:21|tosca_opt] 
(INFO    ) [15:34:21|tosca_opt]  --------------------------------------------------------------------------
(INFO    ) [15:34:21|tosca_opt] | ANALYZE VALUE OF VARIABLES after OPTIMIZATION                            |
(INFO    ) [15:34:21|tosca_opt]  --------------------------------------------------------------------------
(INFO    ) [15:34:21|tosca_opt]  --------------------------------------------------------------------------
(INFO    ) [15:34:21|tosca_opt] | VARIABLES and DESIGN RESPONSES                                           |
(INFO    ) [15:34:21|tosca_opt]  --------------------------------------------------------------------------
(INFO    ) [15:34:21|tosca_opt]  DRESP_STRAIN_ENERGY                       :    2.7892
(INFO    ) [15:34:21|tosca_opt]  DRESP_VOLUME                              :    1254.4
(INFO    ) [15:34:21|tosca_opt]  --------------------------------------------------------------------------
(INFO    ) [15:34:22|tosca_opt]  --------------------------------------------------------------------------
(INFO    ) [15:34:22|tosca_opt] | Report of OPTIMIZATION Results                                           |
(INFO    ) [15:34:22|tosca_opt]  --------------------------------------------------------------------------
(INFO    ) [15:34:22|tosca_opt]  DESIGN CYCLE                :  30
(INFO    ) [15:34:22|tosca_opt]  OPTIMIZE name               : TOPOLOGY_OPTIMIZATION
(INFO    ) [15:34:22|tosca_opt]  OBJ_FUNC name               : MIN_SE
(INFO    ) [15:34:22|tosca_opt]  OBJ_FUNC value              :     2.78924
(INFO    ) [15:34:22|tosca_opt]  ==========================================================================
(INFO    ) [15:34:22|tosca_opt] |     Name of OBJ_FUNC_TERM      |   Value    |   Weight   |   Reference   |
(INFO    ) [15:34:22|tosca_opt]  ==========================================================================
(INFO    ) [15:34:22|tosca_opt] | DRESP_STRAIN_ENERGY            | 2.78924    | 1.0        | 0.0           |
(INFO    ) [15:34:22|tosca_opt]  ==========================================================================
(INFO    ) [15:34:22|tosca_opt] * SIMULIA Tosca Structure INFORMATION *
(INFO    ) [15:34:22|tosca_opt] Writing CONSTRAINTs with default normalization.
(INFO    ) [15:34:22|tosca_opt] For NORM value  <= 1.0   -->    CONSTRAINT is OK ( For all CONSTRAINT types )
(INFO    ) [15:34:22|tosca_opt]  ==========================================================================
(INFO    ) [15:34:22|tosca_opt] |  Name of CONSTRAINT  |  Act. Value  | Op.  | Target  |   Norm   | Status |
(INFO    ) [15:34:22|tosca_opt]  ==========================================================================
(INFO    ) [15:34:22|tosca_opt] | VOL_CONSTRAINT       | 0.497178     | <=   | 0.5     | 0.994357 | TRUE   |
(INFO    ) [15:34:22|tosca_opt]  ==========================================================================
(INFO    ) [15:34:24|tosca_opt]  --------------------------------------------------------------------------
(INFO    ) [15:34:24|tosca_opt] | Some STOP CRITERIA NOT satisfied this iteration                          |
(INFO    ) [15:34:24|tosca_opt]  --------------------------------------------------------------------------
(INFO    ) [15:34:24|tosca_opt]  --------------------------------------------------------------------------
(INFO    ) [15:34:24|tosca_opt] | End of DESIGN CYCLE NUMBER: 30                                           |
(INFO    ) [15:34:24|tosca_opt]  --------------------------------------------------------------------------
(INFO    ) [15:34:24|tosca_opt] Application finished successfully
(INFO    ) [15:34:24|tosca_driver] Module SMATsoToscaOpt has finished with exit code 0
(INFO    ) [15:34:24|tosca_driver] Calling: /uufs/chpc.utah.edu/sys/installdir/abaqus/2025/linux_a64/code/bin/SMATrtOptResExportTool --loglevel INFO --cycle 30 --onf_output ON
(INFO    ) [15:34:24|opt_res_export_tool] SIMULIA Tosca Structure.opt_res_export_tool - version 3DEXPERIENCE R2025x - build R427 - 20240925T190012Z 64 bit
(INFO    ) [15:34:24|opt_res_export_tool] Extracting results from opt_res_database
(INFO    ) [15:34:25|opt_res_export_tool] SIMULIA Tosca Structure.opt_res_export_tool finished successfully
(INFO    ) [15:34:25|tosca_driver] Module SMATrtOptResExportTool has finished with exit code 0
(NOTICE  ) [15:34:25|tosca_driver] Design cycle 31 started on 2026-02-19
(NOTICE  ) [15:34:25|tosca_driver] Starting Abaqus analysis - design cycle 31
(INFO    ) [15:34:25|tosca_driver] Activating the solver
(INFO    ) [15:34:25|tosca_driver] Calling hooks before module abaqus
(INFO    ) [15:34:25|tosca_driver] Calling: /uufs/chpc.utah.edu/sys/installdir/abaqus/2025/linux_a64/code/bin/SMATsoAbaqusTsProvider -j airbeam_vol --cycle 31
(INFO    ) [15:34:25|hook] Timestamp file written successfully
(INFO    ) [15:34:25|tosca_driver] Module hook has finished with exit code 0
(INFO    ) [15:34:26|tosca_driver] Fe-solver abaqus finished with job airbeam_vol.inp
(INFO    ) [15:34:26|tosca_driver] Elapsed time (inc. overhead): 0:00:01.102722
(INFO    ) [15:34:26|tosca_driver] Elapsed time of abaqus : 0:00:01.175506  -  current time : 15:34:26.505903
(INFO    ) [15:34:26|tosca_driver] Solution complete
(INFO    ) [15:34:26|tosca_driver] Checking solver output file: /uufs/chpc.utah.edu/common/home/u6074059/Abaqus/paper_reproduction/experiment7/run_7d/airbeam_7d_tosca/airbeam_vol.msg
(INFO    ) [15:34:26|tosca_driver] Searching for success check string: "THE ANALYSIS HAS BEEN COMPLETED"
(INFO    ) [15:34:26|tosca_driver] Calling: /uufs/chpc.utah.edu/sys/installdir/abaqus/2025/linux_a64/code/bin/SMATsoOdbToVtmMain --solver abaqus --loglevel INFO --format_matrices sim --cycle 31 --perturbation 0 /uufs/chpc.utah.edu/common/home/u6074059/Abaqus/paper_reproduction/experiment7/run_7d/airbeam_7d_tosca/airbeam_vol
(INFO    ) [15:34:26|odb_to_vtm] SIMULIA Tosca Structure.odb_to_vtm - version 3DEXPERIENCE R2025x - build R427 - 20240925T190012Z 64 bit
(INFO    ) [15:34:26|odb_to_vtm] Reading Abaqus ODB output file /uufs/chpc.utah.edu/common/home/u6074059/Abaqus/paper_reproduction/experiment7/run_7d/airbeam_7d_tosca/airbeam_vol
(INFO    ) [15:34:26|odb_to_vtm] Reading results from the Abaqus result database /uufs/chpc.utah.edu/common/home/u6074059/Abaqus/paper_reproduction/experiment7/run_7d/airbeam_7d_tosca/airbeam_vol.odb
(INFO    ) [15:34:27|odb_to_vtm] SIMULIA Tosca Structure.odb_to_vtm finished successfully
(INFO    ) [15:34:27|tosca_driver] Module SMATsoOdbToVtmMain has finished with exit code 0
(NOTICE  ) [15:34:27|tosca_driver] Starting Tosca Structure optimization module - design cycle 31
(INFO    ) [15:34:27|tosca_driver] Calling: /uufs/chpc.utah.edu/sys/installdir/abaqus/2025/linux_a64/code/bin/SMATsoToscaOpt --loglevel INFO
(INFO    ) [15:34:27|tosca_opt] SIMULIA Tosca Structure.tosca_opt - version 3DEXPERIENCE R2025x - build R427 - 20240925T190012Z 64 bit
(INFO    ) [15:34:27|tosca_opt]  --------------------------------------------------------------------------
(INFO    ) [15:34:27|tosca_opt] |                ___  ___  __  __  _   _  _     ___    _                   |
(INFO    ) [15:34:27|tosca_opt] |               / __||_ _||  \/  || | | || |   |_ _|  /_\                  |
(INFO    ) [15:34:27|tosca_opt] |               \__ \ | | | |\/| || |_| || |__  | |  / _ \                 |
(INFO    ) [15:34:27|tosca_opt] |               |___/|___||_|  |_| \___/ |____||___|/_/ \_\                |
(INFO    ) [15:34:27|tosca_opt] |                        _____                                             |
(INFO    ) [15:34:27|tosca_opt] |                       |_   _|___  ___ __  __ _                           |
(INFO    ) [15:34:27|tosca_opt] |                         | | / _ \(_-</ _|/ _` |                          |
(INFO    ) [15:34:27|tosca_opt] |                         |_| \___//__/\__|\__,_|                          |
(INFO    ) [15:34:27|tosca_opt] |              ___  _                   _                                  |
(INFO    ) [15:34:27|tosca_opt] |             / __|| |_  _ _  _  _  __ | |_  _  _  _ _  ___                |
(INFO    ) [15:34:27|tosca_opt] |             \__ \|  _|| `_|| || |/ _||  _|| || || `_|/ -_)               |
(INFO    ) [15:34:27|tosca_opt] |             |___/ \__||_|   \_,_|\__| \__| \_,_||_|  \___|               |
(INFO    ) [15:34:27|tosca_opt] |                                                                          |
(INFO    ) [15:34:27|tosca_opt]  --------------------------------------------------------------------------
(INFO    ) [15:34:27|tosca_opt] | Version 3DEXPERIENCE R2025x                                              |
(INFO    ) [15:34:27|tosca_opt] | DATE:   2026-02-19                                                       |
(INFO    ) [15:34:27|tosca_opt]  --------------------------------------------------------------------------
(INFO    ) [15:34:28|tosca_opt]  --------------------------------------------------------------------------
(INFO    ) [15:34:28|tosca_opt] | Begin of DESIGN CYCLE NUMBER: 31                                         |
(INFO    ) [15:34:28|tosca_opt]  --------------------------------------------------------------------------
(INFO    ) [15:34:28|tosca_opt] Checking for existence of results
(INFO    ) [15:34:28|tosca_opt]  --------------------------------------------------------------------------
(INFO    ) [15:34:28|tosca_opt] | ANALYZE VALUE OF VARIABLES before OPTIMIZATION                           |
(INFO    ) [15:34:28|tosca_opt]  --------------------------------------------------------------------------
(INFO    ) [15:34:28|tosca_opt]  --------------------------------------------------------------------------
(INFO    ) [15:34:28|tosca_opt] | Convergence Criteria in Design Cycle 31                                  |
(INFO    ) [15:34:28|tosca_opt]  --------------------------------------------------------------------------
(INFO    ) [15:34:28|tosca_opt] Optimization converged. Both criteria checked.
(INFO    ) [15:34:28|tosca_opt] Local objective function criterion : NOT_FULFILLED (Actual change / target:    0.00434/   0.00100)
(INFO    ) [15:34:28|tosca_opt] Local design variables criterion   : NOT_FULFILLED (Actual change / target:    0.01216/   0.00500)
(INFO    ) [15:34:28|tosca_opt] Global stop criterion              : NOT_FULFILLED (Max number of design cycles :  80)
(INFO    ) [15:34:28|tosca_opt] 
(INFO    ) [15:34:28|tosca_opt]  --------------------------------------------------------------------------
(INFO    ) [15:34:28|tosca_opt] | ANALYZE VALUE OF VARIABLES after OPTIMIZATION                            |
(INFO    ) [15:34:28|tosca_opt]  --------------------------------------------------------------------------
(INFO    ) [15:34:28|tosca_opt]  --------------------------------------------------------------------------
(INFO    ) [15:34:28|tosca_opt] | VARIABLES and DESIGN RESPONSES                                           |
(INFO    ) [15:34:28|tosca_opt]  --------------------------------------------------------------------------
(INFO    ) [15:34:28|tosca_opt]  DRESP_STRAIN_ENERGY                       :    2.7772
(INFO    ) [15:34:28|tosca_opt]  DRESP_VOLUME                              :    1254.9
(INFO    ) [15:34:28|tosca_opt]  --------------------------------------------------------------------------
(INFO    ) [15:34:28|tosca_opt]  --------------------------------------------------------------------------
(INFO    ) [15:34:28|tosca_opt] | Report of OPTIMIZATION Results                                           |
(INFO    ) [15:34:28|tosca_opt]  --------------------------------------------------------------------------
(INFO    ) [15:34:28|tosca_opt]  DESIGN CYCLE                :  31
(INFO    ) [15:34:28|tosca_opt]  OPTIMIZE name               : TOPOLOGY_OPTIMIZATION
(INFO    ) [15:34:28|tosca_opt]  OBJ_FUNC name               : MIN_SE
(INFO    ) [15:34:28|tosca_opt]  OBJ_FUNC value              :     2.77717
(INFO    ) [15:34:28|tosca_opt]  ==========================================================================
(INFO    ) [15:34:28|tosca_opt] |     Name of OBJ_FUNC_TERM      |   Value    |   Weight   |   Reference   |
(INFO    ) [15:34:28|tosca_opt]  ==========================================================================
(INFO    ) [15:34:28|tosca_opt] | DRESP_STRAIN_ENERGY            | 2.77717    | 1.0        | 0.0           |
(INFO    ) [15:34:28|tosca_opt]  ==========================================================================
(INFO    ) [15:34:28|tosca_opt] * SIMULIA Tosca Structure INFORMATION *
(INFO    ) [15:34:28|tosca_opt] Writing CONSTRAINTs with default normalization.
(INFO    ) [15:34:28|tosca_opt] For NORM value  <= 1.0   -->    CONSTRAINT is OK ( For all CONSTRAINT types )
(INFO    ) [15:34:28|tosca_opt]  ==========================================================================
(INFO    ) [15:34:28|tosca_opt] |  Name of CONSTRAINT  |  Act. Value  | Op.  | Target  |   Norm   | Status |
(INFO    ) [15:34:28|tosca_opt]  ==========================================================================
(INFO    ) [15:34:28|tosca_opt] | VOL_CONSTRAINT       | 0.497398     | <=   | 0.5     | 0.994796 | TRUE   |
(INFO    ) [15:34:28|tosca_opt]  ==========================================================================
(INFO    ) [15:34:31|tosca_opt]  --------------------------------------------------------------------------
(INFO    ) [15:34:31|tosca_opt] | Some STOP CRITERIA NOT satisfied this iteration                          |
(INFO    ) [15:34:31|tosca_opt]  --------------------------------------------------------------------------
(INFO    ) [15:34:31|tosca_opt]  --------------------------------------------------------------------------
(INFO    ) [15:34:31|tosca_opt] | End of DESIGN CYCLE NUMBER: 31                                           |
(INFO    ) [15:34:31|tosca_opt]  --------------------------------------------------------------------------
(INFO    ) [15:34:31|tosca_opt] Application finished successfully
(INFO    ) [15:34:31|tosca_driver] Module SMATsoToscaOpt has finished with exit code 0
(INFO    ) [15:34:31|tosca_driver] Calling: /uufs/chpc.utah.edu/sys/installdir/abaqus/2025/linux_a64/code/bin/SMATrtOptResExportTool --loglevel INFO --cycle 31 --onf_output ON
(INFO    ) [15:34:31|opt_res_export_tool] SIMULIA Tosca Structure.opt_res_export_tool - version 3DEXPERIENCE R2025x - build R427 - 20240925T190012Z 64 bit
(INFO    ) [15:34:31|opt_res_export_tool] Extracting results from opt_res_database
(INFO    ) [15:34:32|opt_res_export_tool] SIMULIA Tosca Structure.opt_res_export_tool finished successfully
(INFO    ) [15:34:32|tosca_driver] Module SMATrtOptResExportTool has finished with exit code 0
(NOTICE  ) [15:34:32|tosca_driver] Design cycle 32 started on 2026-02-19
(NOTICE  ) [15:34:32|tosca_driver] Starting Abaqus analysis - design cycle 32
(INFO    ) [15:34:32|tosca_driver] Activating the solver
(INFO    ) [15:34:32|tosca_driver] Calling hooks before module abaqus
(INFO    ) [15:34:32|tosca_driver] Calling: /uufs/chpc.utah.edu/sys/installdir/abaqus/2025/linux_a64/code/bin/SMATsoAbaqusTsProvider -j airbeam_vol --cycle 32
(INFO    ) [15:34:32|hook] Timestamp file written successfully
(INFO    ) [15:34:32|tosca_driver] Module hook has finished with exit code 0
(INFO    ) [15:34:33|tosca_driver] Fe-solver abaqus finished with job airbeam_vol.inp
(INFO    ) [15:34:33|tosca_driver] Elapsed time (inc. overhead): 0:00:01.303061
(INFO    ) [15:34:33|tosca_driver] Elapsed time of abaqus : 0:00:01.376579  -  current time : 15:34:33.752527
(INFO    ) [15:34:33|tosca_driver] Solution complete
(INFO    ) [15:34:33|tosca_driver] Checking solver output file: /uufs/chpc.utah.edu/common/home/u6074059/Abaqus/paper_reproduction/experiment7/run_7d/airbeam_7d_tosca/airbeam_vol.msg
(INFO    ) [15:34:33|tosca_driver] Searching for success check string: "THE ANALYSIS HAS BEEN COMPLETED"
(INFO    ) [15:34:33|tosca_driver] Calling: /uufs/chpc.utah.edu/sys/installdir/abaqus/2025/linux_a64/code/bin/SMATsoOdbToVtmMain --solver abaqus --loglevel INFO --format_matrices sim --cycle 32 --perturbation 0 /uufs/chpc.utah.edu/common/home/u6074059/Abaqus/paper_reproduction/experiment7/run_7d/airbeam_7d_tosca/airbeam_vol
(INFO    ) [15:34:33|odb_to_vtm] SIMULIA Tosca Structure.odb_to_vtm - version 3DEXPERIENCE R2025x - build R427 - 20240925T190012Z 64 bit
(INFO    ) [15:34:33|odb_to_vtm] Reading Abaqus ODB output file /uufs/chpc.utah.edu/common/home/u6074059/Abaqus/paper_reproduction/experiment7/run_7d/airbeam_7d_tosca/airbeam_vol
(INFO    ) [15:34:34|odb_to_vtm] Reading results from the Abaqus result database /uufs/chpc.utah.edu/common/home/u6074059/Abaqus/paper_reproduction/experiment7/run_7d/airbeam_7d_tosca/airbeam_vol.odb
(INFO    ) [15:34:34|odb_to_vtm] SIMULIA Tosca Structure.odb_to_vtm finished successfully
(INFO    ) [15:34:34|tosca_driver] Module SMATsoOdbToVtmMain has finished with exit code 0
(NOTICE  ) [15:34:34|tosca_driver] Starting Tosca Structure optimization module - design cycle 32
(INFO    ) [15:34:34|tosca_driver] Calling: /uufs/chpc.utah.edu/sys/installdir/abaqus/2025/linux_a64/code/bin/SMATsoToscaOpt --loglevel INFO
(INFO    ) [15:34:34|tosca_opt] SIMULIA Tosca Structure.tosca_opt - version 3DEXPERIENCE R2025x - build R427 - 20240925T190012Z 64 bit
(INFO    ) [15:34:34|tosca_opt]  --------------------------------------------------------------------------
(INFO    ) [15:34:34|tosca_opt] |                ___  ___  __  __  _   _  _     ___    _                   |
(INFO    ) [15:34:34|tosca_opt] |               / __||_ _||  \/  || | | || |   |_ _|  /_\                  |
(INFO    ) [15:34:34|tosca_opt] |               \__ \ | | | |\/| || |_| || |__  | |  / _ \                 |
(INFO    ) [15:34:34|tosca_opt] |               |___/|___||_|  |_| \___/ |____||___|/_/ \_\                |
(INFO    ) [15:34:34|tosca_opt] |                        _____                                             |
(INFO    ) [15:34:34|tosca_opt] |                       |_   _|___  ___ __  __ _                           |
(INFO    ) [15:34:34|tosca_opt] |                         | | / _ \(_-</ _|/ _` |                          |
(INFO    ) [15:34:34|tosca_opt] |                         |_| \___//__/\__|\__,_|                          |
(INFO    ) [15:34:34|tosca_opt] |              ___  _                   _                                  |
(INFO    ) [15:34:34|tosca_opt] |             / __|| |_  _ _  _  _  __ | |_  _  _  _ _  ___                |
(INFO    ) [15:34:34|tosca_opt] |             \__ \|  _|| `_|| || |/ _||  _|| || || `_|/ -_)               |
(INFO    ) [15:34:34|tosca_opt] |             |___/ \__||_|   \_,_|\__| \__| \_,_||_|  \___|               |
(INFO    ) [15:34:34|tosca_opt] |                                                                          |
(INFO    ) [15:34:34|tosca_opt]  --------------------------------------------------------------------------
(INFO    ) [15:34:34|tosca_opt] | Version 3DEXPERIENCE R2025x                                              |
(INFO    ) [15:34:34|tosca_opt] | DATE:   2026-02-19                                                       |
(INFO    ) [15:34:34|tosca_opt]  --------------------------------------------------------------------------
(INFO    ) [15:34:35|tosca_opt]  --------------------------------------------------------------------------
(INFO    ) [15:34:35|tosca_opt] | Begin of DESIGN CYCLE NUMBER: 32                                         |
(INFO    ) [15:34:35|tosca_opt]  --------------------------------------------------------------------------
(INFO    ) [15:34:35|tosca_opt] Checking for existence of results
(INFO    ) [15:34:35|tosca_opt]  --------------------------------------------------------------------------
(INFO    ) [15:34:35|tosca_opt] | ANALYZE VALUE OF VARIABLES before OPTIMIZATION                           |
(INFO    ) [15:34:35|tosca_opt]  --------------------------------------------------------------------------
(INFO    ) [15:34:35|tosca_opt]  --------------------------------------------------------------------------
(INFO    ) [15:34:35|tosca_opt] | Convergence Criteria in Design Cycle 32                                  |
(INFO    ) [15:34:35|tosca_opt]  --------------------------------------------------------------------------
(INFO    ) [15:34:35|tosca_opt] Optimization converged. Both criteria checked.
(INFO    ) [15:34:35|tosca_opt] Local objective function criterion : NOT_FULFILLED (Actual change / target:    0.00491/   0.00100)
(INFO    ) [15:34:35|tosca_opt] Local design variables criterion   : NOT_FULFILLED (Actual change / target:    0.01096/   0.00500)
(INFO    ) [15:34:35|tosca_opt] Global stop criterion              : NOT_FULFILLED (Max number of design cycles :  80)
(INFO    ) [15:34:35|tosca_opt] 
(INFO    ) [15:34:35|tosca_opt]  --------------------------------------------------------------------------
(INFO    ) [15:34:35|tosca_opt] | ANALYZE VALUE OF VARIABLES after OPTIMIZATION                            |
(INFO    ) [15:34:35|tosca_opt]  --------------------------------------------------------------------------
(INFO    ) [15:34:35|tosca_opt]  --------------------------------------------------------------------------
(INFO    ) [15:34:35|tosca_opt] | VARIABLES and DESIGN RESPONSES                                           |
(INFO    ) [15:34:35|tosca_opt]  --------------------------------------------------------------------------
(INFO    ) [15:34:35|tosca_opt]  DRESP_STRAIN_ENERGY                       :    2.7636
(INFO    ) [15:34:35|tosca_opt]  DRESP_VOLUME                              :    1256.3
(INFO    ) [15:34:35|tosca_opt]  --------------------------------------------------------------------------
(INFO    ) [15:34:35|tosca_opt]  --------------------------------------------------------------------------
(INFO    ) [15:34:35|tosca_opt] | Report of OPTIMIZATION Results                                           |
(INFO    ) [15:34:35|tosca_opt]  --------------------------------------------------------------------------
(INFO    ) [15:34:35|tosca_opt]  DESIGN CYCLE                :  32
(INFO    ) [15:34:35|tosca_opt]  OPTIMIZE name               : TOPOLOGY_OPTIMIZATION
(INFO    ) [15:34:35|tosca_opt]  OBJ_FUNC name               : MIN_SE
(INFO    ) [15:34:35|tosca_opt]  OBJ_FUNC value              :     2.76361
(INFO    ) [15:34:35|tosca_opt]  ==========================================================================
(INFO    ) [15:34:35|tosca_opt] |     Name of OBJ_FUNC_TERM      |   Value    |   Weight   |   Reference   |
(INFO    ) [15:34:35|tosca_opt]  ==========================================================================
(INFO    ) [15:34:35|tosca_opt] | DRESP_STRAIN_ENERGY            | 2.76361    | 1.0        | 0.0           |
(INFO    ) [15:34:35|tosca_opt]  ==========================================================================
(INFO    ) [15:34:35|tosca_opt] * SIMULIA Tosca Structure INFORMATION *
(INFO    ) [15:34:35|tosca_opt] Writing CONSTRAINTs with default normalization.
(INFO    ) [15:34:35|tosca_opt] For NORM value  <= 1.0   -->    CONSTRAINT is OK ( For all CONSTRAINT types )
(INFO    ) [15:34:35|tosca_opt]  ==========================================================================
(INFO    ) [15:34:35|tosca_opt] |  Name of CONSTRAINT  |  Act. Value  | Op.  | Target  |   Norm   | Status |
(INFO    ) [15:34:35|tosca_opt]  ==========================================================================
(INFO    ) [15:34:35|tosca_opt] | VOL_CONSTRAINT       | 0.497952     | <=   | 0.5     | 0.995903 | TRUE   |
(INFO    ) [15:34:35|tosca_opt]  ==========================================================================
(INFO    ) [15:34:37|tosca_opt]  --------------------------------------------------------------------------
(INFO    ) [15:34:37|tosca_opt] | Some STOP CRITERIA NOT satisfied this iteration                          |
(INFO    ) [15:34:37|tosca_opt]  --------------------------------------------------------------------------
(INFO    ) [15:34:37|tosca_opt]  --------------------------------------------------------------------------
(INFO    ) [15:34:37|tosca_opt] | End of DESIGN CYCLE NUMBER: 32                                           |
(INFO    ) [15:34:37|tosca_opt]  --------------------------------------------------------------------------
(INFO    ) [15:34:38|tosca_opt] Application finished successfully
(INFO    ) [15:34:38|tosca_driver] Module SMATsoToscaOpt has finished with exit code 0
(INFO    ) [15:34:38|tosca_driver] Calling: /uufs/chpc.utah.edu/sys/installdir/abaqus/2025/linux_a64/code/bin/SMATrtOptResExportTool --loglevel INFO --cycle 32 --onf_output ON
(INFO    ) [15:34:38|opt_res_export_tool] SIMULIA Tosca Structure.opt_res_export_tool - version 3DEXPERIENCE R2025x - build R427 - 20240925T190012Z 64 bit
(INFO    ) [15:34:38|opt_res_export_tool] Extracting results from opt_res_database
(INFO    ) [15:34:38|opt_res_export_tool] SIMULIA Tosca Structure.opt_res_export_tool finished successfully
(INFO    ) [15:34:38|tosca_driver] Module SMATrtOptResExportTool has finished with exit code 0
(NOTICE  ) [15:34:38|tosca_driver] Design cycle 33 started on 2026-02-19
(NOTICE  ) [15:34:38|tosca_driver] Starting Abaqus analysis - design cycle 33
(INFO    ) [15:34:38|tosca_driver] Activating the solver
(INFO    ) [15:34:38|tosca_driver] Calling hooks before module abaqus
(INFO    ) [15:34:38|tosca_driver] Calling: /uufs/chpc.utah.edu/sys/installdir/abaqus/2025/linux_a64/code/bin/SMATsoAbaqusTsProvider -j airbeam_vol --cycle 33
(INFO    ) [15:34:38|hook] Timestamp file written successfully
(INFO    ) [15:34:38|tosca_driver] Module hook has finished with exit code 0
(INFO    ) [15:34:39|tosca_driver] Fe-solver abaqus finished with job airbeam_vol.inp
(INFO    ) [15:34:39|tosca_driver] Elapsed time (inc. overhead): 0:00:01.102778
(INFO    ) [15:34:39|tosca_driver] Elapsed time of abaqus : 0:00:01.167351  -  current time : 15:34:39.846609
(INFO    ) [15:34:39|tosca_driver] Solution complete
(INFO    ) [15:34:39|tosca_driver] Checking solver output file: /uufs/chpc.utah.edu/common/home/u6074059/Abaqus/paper_reproduction/experiment7/run_7d/airbeam_7d_tosca/airbeam_vol.msg
(INFO    ) [15:34:39|tosca_driver] Searching for success check string: "THE ANALYSIS HAS BEEN COMPLETED"
(INFO    ) [15:34:39|tosca_driver] Calling: /uufs/chpc.utah.edu/sys/installdir/abaqus/2025/linux_a64/code/bin/SMATsoOdbToVtmMain --solver abaqus --loglevel INFO --format_matrices sim --cycle 33 --perturbation 0 /uufs/chpc.utah.edu/common/home/u6074059/Abaqus/paper_reproduction/experiment7/run_7d/airbeam_7d_tosca/airbeam_vol
(INFO    ) [15:34:39|odb_to_vtm] SIMULIA Tosca Structure.odb_to_vtm - version 3DEXPERIENCE R2025x - build R427 - 20240925T190012Z 64 bit
(INFO    ) [15:34:40|odb_to_vtm] Reading Abaqus ODB output file /uufs/chpc.utah.edu/common/home/u6074059/Abaqus/paper_reproduction/experiment7/run_7d/airbeam_7d_tosca/airbeam_vol
(INFO    ) [15:34:40|odb_to_vtm] Reading results from the Abaqus result database /uufs/chpc.utah.edu/common/home/u6074059/Abaqus/paper_reproduction/experiment7/run_7d/airbeam_7d_tosca/airbeam_vol.odb
(INFO    ) [15:34:40|odb_to_vtm] SIMULIA Tosca Structure.odb_to_vtm finished successfully
(INFO    ) [15:34:40|tosca_driver] Module SMATsoOdbToVtmMain has finished with exit code 0
(NOTICE  ) [15:34:40|tosca_driver] Starting Tosca Structure optimization module - design cycle 33
(INFO    ) [15:34:40|tosca_driver] Calling: /uufs/chpc.utah.edu/sys/installdir/abaqus/2025/linux_a64/code/bin/SMATsoToscaOpt --loglevel INFO
(INFO    ) [15:34:40|tosca_opt] SIMULIA Tosca Structure.tosca_opt - version 3DEXPERIENCE R2025x - build R427 - 20240925T190012Z 64 bit
(INFO    ) [15:34:40|tosca_opt]  --------------------------------------------------------------------------
(INFO    ) [15:34:40|tosca_opt] |                ___  ___  __  __  _   _  _     ___    _                   |
(INFO    ) [15:34:40|tosca_opt] |               / __||_ _||  \/  || | | || |   |_ _|  /_\                  |
(INFO    ) [15:34:40|tosca_opt] |               \__ \ | | | |\/| || |_| || |__  | |  / _ \                 |
(INFO    ) [15:34:40|tosca_opt] |               |___/|___||_|  |_| \___/ |____||___|/_/ \_\                |
(INFO    ) [15:34:40|tosca_opt] |                        _____                                             |
(INFO    ) [15:34:40|tosca_opt] |                       |_   _|___  ___ __  __ _                           |
(INFO    ) [15:34:40|tosca_opt] |                         | | / _ \(_-</ _|/ _` |                          |
(INFO    ) [15:34:40|tosca_opt] |                         |_| \___//__/\__|\__,_|                          |
(INFO    ) [15:34:40|tosca_opt] |              ___  _                   _                                  |
(INFO    ) [15:34:40|tosca_opt] |             / __|| |_  _ _  _  _  __ | |_  _  _  _ _  ___                |
(INFO    ) [15:34:40|tosca_opt] |             \__ \|  _|| `_|| || |/ _||  _|| || || `_|/ -_)               |
(INFO    ) [15:34:40|tosca_opt] |             |___/ \__||_|   \_,_|\__| \__| \_,_||_|  \___|               |
(INFO    ) [15:34:40|tosca_opt] |                                                                          |
(INFO    ) [15:34:40|tosca_opt]  --------------------------------------------------------------------------
(INFO    ) [15:34:40|tosca_opt] | Version 3DEXPERIENCE R2025x                                              |
(INFO    ) [15:34:40|tosca_opt] | DATE:   2026-02-19                                                       |
(INFO    ) [15:34:40|tosca_opt]  --------------------------------------------------------------------------
(INFO    ) [15:34:41|tosca_opt]  --------------------------------------------------------------------------
(INFO    ) [15:34:41|tosca_opt] | Begin of DESIGN CYCLE NUMBER: 33                                         |
(INFO    ) [15:34:41|tosca_opt]  --------------------------------------------------------------------------
(INFO    ) [15:34:41|tosca_opt] Checking for existence of results
(INFO    ) [15:34:41|tosca_opt]  --------------------------------------------------------------------------
(INFO    ) [15:34:41|tosca_opt] | ANALYZE VALUE OF VARIABLES before OPTIMIZATION                           |
(INFO    ) [15:34:41|tosca_opt]  --------------------------------------------------------------------------
(INFO    ) [15:34:41|tosca_opt]  --------------------------------------------------------------------------
(INFO    ) [15:34:41|tosca_opt] | Convergence Criteria in Design Cycle 33                                  |
(INFO    ) [15:34:41|tosca_opt]  --------------------------------------------------------------------------
(INFO    ) [15:34:41|tosca_opt] Optimization converged. Both criteria checked.
(INFO    ) [15:34:41|tosca_opt] Local objective function criterion : NOT_FULFILLED (Actual change / target:    0.00317/   0.00100)
(INFO    ) [15:34:41|tosca_opt] Local design variables criterion   : NOT_FULFILLED (Actual change / target:    0.01041/   0.00500)
(INFO    ) [15:34:41|tosca_opt] Global stop criterion              : NOT_FULFILLED (Max number of design cycles :  80)
(INFO    ) [15:34:41|tosca_opt] 
(INFO    ) [15:34:41|tosca_opt]  --------------------------------------------------------------------------
(INFO    ) [15:34:41|tosca_opt] | ANALYZE VALUE OF VARIABLES after OPTIMIZATION                            |
(INFO    ) [15:34:41|tosca_opt]  --------------------------------------------------------------------------
(INFO    ) [15:34:41|tosca_opt]  --------------------------------------------------------------------------
(INFO    ) [15:34:41|tosca_opt] | VARIABLES and DESIGN RESPONSES                                           |
(INFO    ) [15:34:41|tosca_opt]  --------------------------------------------------------------------------
(INFO    ) [15:34:41|tosca_opt]  DRESP_STRAIN_ENERGY                       :    2.7549
(INFO    ) [15:34:41|tosca_opt]  DRESP_VOLUME                              :    1257.2
(INFO    ) [15:34:41|tosca_opt]  --------------------------------------------------------------------------
(INFO    ) [15:34:41|tosca_opt]  --------------------------------------------------------------------------
(INFO    ) [15:34:41|tosca_opt] | Report of OPTIMIZATION Results                                           |
(INFO    ) [15:34:41|tosca_opt]  --------------------------------------------------------------------------
(INFO    ) [15:34:41|tosca_opt]  DESIGN CYCLE                :  33
(INFO    ) [15:34:41|tosca_opt]  OPTIMIZE name               : TOPOLOGY_OPTIMIZATION
(INFO    ) [15:34:41|tosca_opt]  OBJ_FUNC name               : MIN_SE
(INFO    ) [15:34:41|tosca_opt]  OBJ_FUNC value              :     2.75488
(INFO    ) [15:34:41|tosca_opt]  ==========================================================================
(INFO    ) [15:34:41|tosca_opt] |     Name of OBJ_FUNC_TERM      |   Value    |   Weight   |   Reference   |
(INFO    ) [15:34:41|tosca_opt]  ==========================================================================
(INFO    ) [15:34:41|tosca_opt] | DRESP_STRAIN_ENERGY            | 2.75488    | 1.0        | 0.0           |
(INFO    ) [15:34:41|tosca_opt]  ==========================================================================
(INFO    ) [15:34:41|tosca_opt] * SIMULIA Tosca Structure INFORMATION *
(INFO    ) [15:34:41|tosca_opt] Writing CONSTRAINTs with default normalization.
(INFO    ) [15:34:41|tosca_opt] For NORM value  <= 1.0   -->    CONSTRAINT is OK ( For all CONSTRAINT types )
(INFO    ) [15:34:41|tosca_opt]  ==========================================================================
(INFO    ) [15:34:41|tosca_opt] |  Name of CONSTRAINT  |  Act. Value  | Op.  | Target  |   Norm   | Status |
(INFO    ) [15:34:41|tosca_opt]  ==========================================================================
(INFO    ) [15:34:41|tosca_opt] | VOL_CONSTRAINT       | 0.49829      | <=   | 0.5     | 0.996581 | TRUE   |
(INFO    ) [15:34:41|tosca_opt]  ==========================================================================
(INFO    ) [15:34:44|tosca_opt]  --------------------------------------------------------------------------
(INFO    ) [15:34:44|tosca_opt] | Some STOP CRITERIA NOT satisfied this iteration                          |
(INFO    ) [15:34:44|tosca_opt]  --------------------------------------------------------------------------
(INFO    ) [15:34:44|tosca_opt]  --------------------------------------------------------------------------
(INFO    ) [15:34:44|tosca_opt] | End of DESIGN CYCLE NUMBER: 33                                           |
(INFO    ) [15:34:44|tosca_opt]  --------------------------------------------------------------------------
(INFO    ) [15:34:44|tosca_opt] Application finished successfully
(INFO    ) [15:34:45|tosca_driver] Module SMATsoToscaOpt has finished with exit code 0
(INFO    ) [15:34:45|tosca_driver] Calling: /uufs/chpc.utah.edu/sys/installdir/abaqus/2025/linux_a64/code/bin/SMATrtOptResExportTool --loglevel INFO --cycle 33 --onf_output ON
(INFO    ) [15:34:45|opt_res_export_tool] SIMULIA Tosca Structure.opt_res_export_tool - version 3DEXPERIENCE R2025x - build R427 - 20240925T190012Z 64 bit
(INFO    ) [15:34:45|opt_res_export_tool] Extracting results from opt_res_database
(INFO    ) [15:34:45|opt_res_export_tool] SIMULIA Tosca Structure.opt_res_export_tool finished successfully
(INFO    ) [15:34:45|tosca_driver] Module SMATrtOptResExportTool has finished with exit code 0
(NOTICE  ) [15:34:45|tosca_driver] Design cycle 34 started on 2026-02-19
(NOTICE  ) [15:34:45|tosca_driver] Starting Abaqus analysis - design cycle 34
(INFO    ) [15:34:45|tosca_driver] Activating the solver
(INFO    ) [15:34:45|tosca_driver] Calling hooks before module abaqus
(INFO    ) [15:34:45|tosca_driver] Calling: /uufs/chpc.utah.edu/sys/installdir/abaqus/2025/linux_a64/code/bin/SMATsoAbaqusTsProvider -j airbeam_vol --cycle 34
(INFO    ) [15:34:45|hook] Timestamp file written successfully
(INFO    ) [15:34:45|tosca_driver] Module hook has finished with exit code 0
(INFO    ) [15:34:46|tosca_driver] Fe-solver abaqus finished with job airbeam_vol.inp
(INFO    ) [15:34:46|tosca_driver] Elapsed time (inc. overhead): 0:00:01.002651
(INFO    ) [15:34:46|tosca_driver] Elapsed time of abaqus : 0:00:01.273332  -  current time : 15:34:46.719997
(INFO    ) [15:34:46|tosca_driver] Solution complete
(INFO    ) [15:34:46|tosca_driver] Checking solver output file: /uufs/chpc.utah.edu/common/home/u6074059/Abaqus/paper_reproduction/experiment7/run_7d/airbeam_7d_tosca/airbeam_vol.msg
(INFO    ) [15:34:46|tosca_driver] Searching for success check string: "THE ANALYSIS HAS BEEN COMPLETED"
(INFO    ) [15:34:46|tosca_driver] Calling: /uufs/chpc.utah.edu/sys/installdir/abaqus/2025/linux_a64/code/bin/SMATsoOdbToVtmMain --solver abaqus --loglevel INFO --format_matrices sim --cycle 34 --perturbation 0 /uufs/chpc.utah.edu/common/home/u6074059/Abaqus/paper_reproduction/experiment7/run_7d/airbeam_7d_tosca/airbeam_vol
(INFO    ) [15:34:46|odb_to_vtm] SIMULIA Tosca Structure.odb_to_vtm - version 3DEXPERIENCE R2025x - build R427 - 20240925T190012Z 64 bit
(INFO    ) [15:34:46|odb_to_vtm] Reading Abaqus ODB output file /uufs/chpc.utah.edu/common/home/u6074059/Abaqus/paper_reproduction/experiment7/run_7d/airbeam_7d_tosca/airbeam_vol
(INFO    ) [15:34:46|odb_to_vtm] Reading results from the Abaqus result database /uufs/chpc.utah.edu/common/home/u6074059/Abaqus/paper_reproduction/experiment7/run_7d/airbeam_7d_tosca/airbeam_vol.odb
(INFO    ) [15:34:47|odb_to_vtm] SIMULIA Tosca Structure.odb_to_vtm finished successfully
(INFO    ) [15:34:47|tosca_driver] Module SMATsoOdbToVtmMain has finished with exit code 0
(NOTICE  ) [15:34:47|tosca_driver] Starting Tosca Structure optimization module - design cycle 34
(INFO    ) [15:34:47|tosca_driver] Calling: /uufs/chpc.utah.edu/sys/installdir/abaqus/2025/linux_a64/code/bin/SMATsoToscaOpt --loglevel INFO
(INFO    ) [15:34:47|tosca_opt] SIMULIA Tosca Structure.tosca_opt - version 3DEXPERIENCE R2025x - build R427 - 20240925T190012Z 64 bit
(INFO    ) [15:34:47|tosca_opt]  --------------------------------------------------------------------------
(INFO    ) [15:34:47|tosca_opt] |                ___  ___  __  __  _   _  _     ___    _                   |
(INFO    ) [15:34:47|tosca_opt] |               / __||_ _||  \/  || | | || |   |_ _|  /_\                  |
(INFO    ) [15:34:47|tosca_opt] |               \__ \ | | | |\/| || |_| || |__  | |  / _ \                 |
(INFO    ) [15:34:47|tosca_opt] |               |___/|___||_|  |_| \___/ |____||___|/_/ \_\                |
(INFO    ) [15:34:47|tosca_opt] |                        _____                                             |
(INFO    ) [15:34:47|tosca_opt] |                       |_   _|___  ___ __  __ _                           |
(INFO    ) [15:34:47|tosca_opt] |                         | | / _ \(_-</ _|/ _` |                          |
(INFO    ) [15:34:47|tosca_opt] |                         |_| \___//__/\__|\__,_|                          |
(INFO    ) [15:34:47|tosca_opt] |              ___  _                   _                                  |
(INFO    ) [15:34:47|tosca_opt] |             / __|| |_  _ _  _  _  __ | |_  _  _  _ _  ___                |
(INFO    ) [15:34:47|tosca_opt] |             \__ \|  _|| `_|| || |/ _||  _|| || || `_|/ -_)               |
(INFO    ) [15:34:47|tosca_opt] |             |___/ \__||_|   \_,_|\__| \__| \_,_||_|  \___|               |
(INFO    ) [15:34:47|tosca_opt] |                                                                          |
(INFO    ) [15:34:47|tosca_opt]  --------------------------------------------------------------------------
(INFO    ) [15:34:47|tosca_opt] | Version 3DEXPERIENCE R2025x                                              |
(INFO    ) [15:34:47|tosca_opt] | DATE:   2026-02-19                                                       |
(INFO    ) [15:34:47|tosca_opt]  --------------------------------------------------------------------------
(INFO    ) [15:34:48|tosca_opt]  --------------------------------------------------------------------------
(INFO    ) [15:34:48|tosca_opt] | Begin of DESIGN CYCLE NUMBER: 34                                         |
(INFO    ) [15:34:48|tosca_opt]  --------------------------------------------------------------------------
(INFO    ) [15:34:48|tosca_opt] Checking for existence of results
(INFO    ) [15:34:48|tosca_opt]  --------------------------------------------------------------------------
(INFO    ) [15:34:48|tosca_opt] | ANALYZE VALUE OF VARIABLES before OPTIMIZATION                           |
(INFO    ) [15:34:48|tosca_opt]  --------------------------------------------------------------------------
(INFO    ) [15:34:48|tosca_opt]  --------------------------------------------------------------------------
(INFO    ) [15:34:48|tosca_opt] | Convergence Criteria in Design Cycle 34                                  |
(INFO    ) [15:34:48|tosca_opt]  --------------------------------------------------------------------------
(INFO    ) [15:34:48|tosca_opt] Optimization converged. Both criteria checked.
(INFO    ) [15:34:48|tosca_opt] Local objective function criterion : NOT_FULFILLED (Actual change / target:    0.00250/   0.00100)
(INFO    ) [15:34:48|tosca_opt] Local design variables criterion   : NOT_FULFILLED (Actual change / target:    0.01008/   0.00500)
(INFO    ) [15:34:48|tosca_opt] Global stop criterion              : NOT_FULFILLED (Max number of design cycles :  80)
(INFO    ) [15:34:48|tosca_opt] 
(INFO    ) [15:34:48|tosca_opt]  --------------------------------------------------------------------------
(INFO    ) [15:34:48|tosca_opt] | ANALYZE VALUE OF VARIABLES after OPTIMIZATION                            |
(INFO    ) [15:34:48|tosca_opt]  --------------------------------------------------------------------------
(INFO    ) [15:34:48|tosca_opt]  --------------------------------------------------------------------------
(INFO    ) [15:34:48|tosca_opt] | VARIABLES and DESIGN RESPONSES                                           |
(INFO    ) [15:34:48|tosca_opt]  --------------------------------------------------------------------------
(INFO    ) [15:34:48|tosca_opt]  DRESP_STRAIN_ENERGY                       :    2.7480
(INFO    ) [15:34:48|tosca_opt]  DRESP_VOLUME                              :    1258.1
(INFO    ) [15:34:48|tosca_opt]  --------------------------------------------------------------------------
(INFO    ) [15:34:48|tosca_opt]  --------------------------------------------------------------------------
(INFO    ) [15:34:48|tosca_opt] | Report of OPTIMIZATION Results                                           |
(INFO    ) [15:34:48|tosca_opt]  --------------------------------------------------------------------------
(INFO    ) [15:34:48|tosca_opt]  DESIGN CYCLE                :  34
(INFO    ) [15:34:48|tosca_opt]  OPTIMIZE name               : TOPOLOGY_OPTIMIZATION
(INFO    ) [15:34:48|tosca_opt]  OBJ_FUNC name               : MIN_SE
(INFO    ) [15:34:48|tosca_opt]  OBJ_FUNC value              :     2.74802
(INFO    ) [15:34:48|tosca_opt]  ==========================================================================
(INFO    ) [15:34:48|tosca_opt] |     Name of OBJ_FUNC_TERM      |   Value    |   Weight   |   Reference   |
(INFO    ) [15:34:48|tosca_opt]  ==========================================================================
(INFO    ) [15:34:48|tosca_opt] | DRESP_STRAIN_ENERGY            | 2.74802    | 1.0        | 0.0           |
(INFO    ) [15:34:48|tosca_opt]  ==========================================================================
(INFO    ) [15:34:48|tosca_opt] * SIMULIA Tosca Structure INFORMATION *
(INFO    ) [15:34:48|tosca_opt] Writing CONSTRAINTs with default normalization.
(INFO    ) [15:34:48|tosca_opt] For NORM value  <= 1.0   -->    CONSTRAINT is OK ( For all CONSTRAINT types )
(INFO    ) [15:34:48|tosca_opt]  ==========================================================================
(INFO    ) [15:34:48|tosca_opt] |  Name of CONSTRAINT  |  Act. Value  | Op.  | Target  |   Norm   | Status |
(INFO    ) [15:34:48|tosca_opt]  ==========================================================================
(INFO    ) [15:34:48|tosca_opt] | VOL_CONSTRAINT       | 0.498648     | <=   | 0.5     | 0.997295 | TRUE   |
(INFO    ) [15:34:48|tosca_opt]  ==========================================================================
(INFO    ) [15:34:51|tosca_opt]  --------------------------------------------------------------------------
(INFO    ) [15:34:51|tosca_opt] | Some STOP CRITERIA NOT satisfied this iteration                          |
(INFO    ) [15:34:51|tosca_opt]  --------------------------------------------------------------------------
(INFO    ) [15:34:52|tosca_opt]  --------------------------------------------------------------------------
(INFO    ) [15:34:52|tosca_opt] | End of DESIGN CYCLE NUMBER: 34                                           |
(INFO    ) [15:34:52|tosca_opt]  --------------------------------------------------------------------------
(INFO    ) [15:34:52|tosca_opt] Application finished successfully
(INFO    ) [15:34:52|tosca_driver] Module SMATsoToscaOpt has finished with exit code 0
(INFO    ) [15:34:52|tosca_driver] Calling: /uufs/chpc.utah.edu/sys/installdir/abaqus/2025/linux_a64/code/bin/SMATrtOptResExportTool --loglevel INFO --cycle 34 --onf_output ON
(INFO    ) [15:34:52|opt_res_export_tool] SIMULIA Tosca Structure.opt_res_export_tool - version 3DEXPERIENCE R2025x - build R427 - 20240925T190012Z 64 bit
(INFO    ) [15:34:52|opt_res_export_tool] Extracting results from opt_res_database
(INFO    ) [15:34:52|opt_res_export_tool] SIMULIA Tosca Structure.opt_res_export_tool finished successfully
(INFO    ) [15:34:52|tosca_driver] Module SMATrtOptResExportTool has finished with exit code 0
(NOTICE  ) [15:34:53|tosca_driver] Design cycle 35 started on 2026-02-19
(NOTICE  ) [15:34:53|tosca_driver] Starting Abaqus analysis - design cycle 35
(INFO    ) [15:34:53|tosca_driver] Activating the solver
(INFO    ) [15:34:53|tosca_driver] Calling hooks before module abaqus
(INFO    ) [15:34:53|tosca_driver] Calling: /uufs/chpc.utah.edu/sys/installdir/abaqus/2025/linux_a64/code/bin/SMATsoAbaqusTsProvider -j airbeam_vol --cycle 35
(INFO    ) [15:34:53|hook] Timestamp file written successfully
(INFO    ) [15:34:53|tosca_driver] Module hook has finished with exit code 0
(INFO    ) [15:34:54|tosca_driver] Fe-solver abaqus finished with job airbeam_vol.inp
(INFO    ) [15:34:54|tosca_driver] Elapsed time (inc. overhead): 0:00:01.102542
(INFO    ) [15:34:54|tosca_driver] Elapsed time of abaqus : 0:00:01.169210  -  current time : 15:34:54.301102
(INFO    ) [15:34:54|tosca_driver] Solution complete
(INFO    ) [15:34:54|tosca_driver] Checking solver output file: /uufs/chpc.utah.edu/common/home/u6074059/Abaqus/paper_reproduction/experiment7/run_7d/airbeam_7d_tosca/airbeam_vol.msg
(INFO    ) [15:34:54|tosca_driver] Searching for success check string: "THE ANALYSIS HAS BEEN COMPLETED"
(INFO    ) [15:34:54|tosca_driver] Calling: /uufs/chpc.utah.edu/sys/installdir/abaqus/2025/linux_a64/code/bin/SMATsoOdbToVtmMain --solver abaqus --loglevel INFO --format_matrices sim --cycle 35 --perturbation 0 /uufs/chpc.utah.edu/common/home/u6074059/Abaqus/paper_reproduction/experiment7/run_7d/airbeam_7d_tosca/airbeam_vol
(INFO    ) [15:34:54|odb_to_vtm] SIMULIA Tosca Structure.odb_to_vtm - version 3DEXPERIENCE R2025x - build R427 - 20240925T190012Z 64 bit
(INFO    ) [15:34:54|odb_to_vtm] Reading Abaqus ODB output file /uufs/chpc.utah.edu/common/home/u6074059/Abaqus/paper_reproduction/experiment7/run_7d/airbeam_7d_tosca/airbeam_vol
(INFO    ) [15:34:54|odb_to_vtm] Reading results from the Abaqus result database /uufs/chpc.utah.edu/common/home/u6074059/Abaqus/paper_reproduction/experiment7/run_7d/airbeam_7d_tosca/airbeam_vol.odb
(INFO    ) [15:34:54|odb_to_vtm] SIMULIA Tosca Structure.odb_to_vtm finished successfully
(INFO    ) [15:34:54|tosca_driver] Module SMATsoOdbToVtmMain has finished with exit code 0
(NOTICE  ) [15:34:54|tosca_driver] Starting Tosca Structure optimization module - design cycle 35
(INFO    ) [15:34:54|tosca_driver] Calling: /uufs/chpc.utah.edu/sys/installdir/abaqus/2025/linux_a64/code/bin/SMATsoToscaOpt --loglevel INFO
(INFO    ) [15:34:54|tosca_opt] SIMULIA Tosca Structure.tosca_opt - version 3DEXPERIENCE R2025x - build R427 - 20240925T190012Z 64 bit
(INFO    ) [15:34:54|tosca_opt]  --------------------------------------------------------------------------
(INFO    ) [15:34:54|tosca_opt] |                ___  ___  __  __  _   _  _     ___    _                   |
(INFO    ) [15:34:54|tosca_opt] |               / __||_ _||  \/  || | | || |   |_ _|  /_\                  |
(INFO    ) [15:34:54|tosca_opt] |               \__ \ | | | |\/| || |_| || |__  | |  / _ \                 |
(INFO    ) [15:34:54|tosca_opt] |               |___/|___||_|  |_| \___/ |____||___|/_/ \_\                |
(INFO    ) [15:34:54|tosca_opt] |                        _____                                             |
(INFO    ) [15:34:54|tosca_opt] |                       |_   _|___  ___ __  __ _                           |
(INFO    ) [15:34:54|tosca_opt] |                         | | / _ \(_-</ _|/ _` |                          |
(INFO    ) [15:34:54|tosca_opt] |                         |_| \___//__/\__|\__,_|                          |
(INFO    ) [15:34:54|tosca_opt] |              ___  _                   _                                  |
(INFO    ) [15:34:54|tosca_opt] |             / __|| |_  _ _  _  _  __ | |_  _  _  _ _  ___                |
(INFO    ) [15:34:54|tosca_opt] |             \__ \|  _|| `_|| || |/ _||  _|| || || `_|/ -_)               |
(INFO    ) [15:34:54|tosca_opt] |             |___/ \__||_|   \_,_|\__| \__| \_,_||_|  \___|               |
(INFO    ) [15:34:54|tosca_opt] |                                                                          |
(INFO    ) [15:34:54|tosca_opt]  --------------------------------------------------------------------------
(INFO    ) [15:34:54|tosca_opt] | Version 3DEXPERIENCE R2025x                                              |
(INFO    ) [15:34:54|tosca_opt] | DATE:   2026-02-19                                                       |
(INFO    ) [15:34:54|tosca_opt]  --------------------------------------------------------------------------
(INFO    ) [15:34:55|tosca_opt]  --------------------------------------------------------------------------
(INFO    ) [15:34:55|tosca_opt] | Begin of DESIGN CYCLE NUMBER: 35                                         |
(INFO    ) [15:34:55|tosca_opt]  --------------------------------------------------------------------------
(INFO    ) [15:34:55|tosca_opt] Checking for existence of results
(INFO    ) [15:34:55|tosca_opt]  --------------------------------------------------------------------------
(INFO    ) [15:34:55|tosca_opt] | ANALYZE VALUE OF VARIABLES before OPTIMIZATION                           |
(INFO    ) [15:34:55|tosca_opt]  --------------------------------------------------------------------------
(INFO    ) [15:34:55|tosca_opt]  --------------------------------------------------------------------------
(INFO    ) [15:34:55|tosca_opt] | Convergence Criteria in Design Cycle 35                                  |
(INFO    ) [15:34:55|tosca_opt]  --------------------------------------------------------------------------
(INFO    ) [15:34:55|tosca_opt] Optimization converged. Both criteria checked.
(INFO    ) [15:34:55|tosca_opt] Local objective function criterion : NOT_FULFILLED (Actual change / target:    0.00238/   0.00100)
(INFO    ) [15:34:55|tosca_opt] Local design variables criterion   : NOT_FULFILLED (Actual change / target:    0.00989/   0.00500)
(INFO    ) [15:34:55|tosca_opt] Global stop criterion              : NOT_FULFILLED (Max number of design cycles :  80)
(INFO    ) [15:34:55|tosca_opt] 
(INFO    ) [15:34:55|tosca_opt]  --------------------------------------------------------------------------
(INFO    ) [15:34:55|tosca_opt] | ANALYZE VALUE OF VARIABLES after OPTIMIZATION                            |
(INFO    ) [15:34:55|tosca_opt]  --------------------------------------------------------------------------
(INFO    ) [15:34:55|tosca_opt]  --------------------------------------------------------------------------
(INFO    ) [15:34:55|tosca_opt] | VARIABLES and DESIGN RESPONSES                                           |
(INFO    ) [15:34:55|tosca_opt]  --------------------------------------------------------------------------
(INFO    ) [15:34:55|tosca_opt]  DRESP_STRAIN_ENERGY                       :    2.7415
(INFO    ) [15:34:55|tosca_opt]  DRESP_VOLUME                              :    1258.2
(INFO    ) [15:34:55|tosca_opt]  --------------------------------------------------------------------------
(INFO    ) [15:34:56|tosca_opt]  --------------------------------------------------------------------------
(INFO    ) [15:34:56|tosca_opt] | Report of OPTIMIZATION Results                                           |
(INFO    ) [15:34:56|tosca_opt]  --------------------------------------------------------------------------
(INFO    ) [15:34:56|tosca_opt]  DESIGN CYCLE                :  35
(INFO    ) [15:34:56|tosca_opt]  OPTIMIZE name               : TOPOLOGY_OPTIMIZATION
(INFO    ) [15:34:56|tosca_opt]  OBJ_FUNC name               : MIN_SE
(INFO    ) [15:34:56|tosca_opt]  OBJ_FUNC value              :     2.74150
(INFO    ) [15:34:56|tosca_opt]  ==========================================================================
(INFO    ) [15:34:56|tosca_opt] |     Name of OBJ_FUNC_TERM      |   Value    |  Weight   |   Reference    |
(INFO    ) [15:34:56|tosca_opt]  ==========================================================================
(INFO    ) [15:34:56|tosca_opt] | DRESP_STRAIN_ENERGY            | 2.7415     | 1.0       | 0.0            |
(INFO    ) [15:34:56|tosca_opt]  ==========================================================================
(INFO    ) [15:34:56|tosca_opt] * SIMULIA Tosca Structure INFORMATION *
(INFO    ) [15:34:56|tosca_opt] Writing CONSTRAINTs with default normalization.
(INFO    ) [15:34:56|tosca_opt] For NORM value  <= 1.0   -->    CONSTRAINT is OK ( For all CONSTRAINT types )
(INFO    ) [15:34:56|tosca_opt]  ==========================================================================
(INFO    ) [15:34:56|tosca_opt] |  Name of CONSTRAINT  |  Act. Value  | Op.  | Target  |   Norm   | Status |
(INFO    ) [15:34:56|tosca_opt]  ==========================================================================
(INFO    ) [15:34:56|tosca_opt] | VOL_CONSTRAINT       | 0.498702     | <=   | 0.5     | 0.997403 | TRUE   |
(INFO    ) [15:34:56|tosca_opt]  ==========================================================================
(INFO    ) [15:34:58|tosca_opt]  --------------------------------------------------------------------------
(INFO    ) [15:34:58|tosca_opt] | Some STOP CRITERIA NOT satisfied this iteration                          |
(INFO    ) [15:34:58|tosca_opt]  --------------------------------------------------------------------------
(INFO    ) [15:34:59|tosca_opt]  --------------------------------------------------------------------------
(INFO    ) [15:34:59|tosca_opt] | End of DESIGN CYCLE NUMBER: 35                                           |
(INFO    ) [15:34:59|tosca_opt]  --------------------------------------------------------------------------
(INFO    ) [15:34:59|tosca_opt] Application finished successfully
(INFO    ) [15:34:59|tosca_driver] Module SMATsoToscaOpt has finished with exit code 0
(INFO    ) [15:34:59|tosca_driver] Calling: /uufs/chpc.utah.edu/sys/installdir/abaqus/2025/linux_a64/code/bin/SMATrtOptResExportTool --loglevel INFO --cycle 35 --onf_output ON
(INFO    ) [15:34:59|opt_res_export_tool] SIMULIA Tosca Structure.opt_res_export_tool - version 3DEXPERIENCE R2025x - build R427 - 20240925T190012Z 64 bit
(INFO    ) [15:34:59|opt_res_export_tool] Extracting results from opt_res_database
(INFO    ) [15:34:59|opt_res_export_tool] SIMULIA Tosca Structure.opt_res_export_tool finished successfully
(INFO    ) [15:34:59|tosca_driver] Module SMATrtOptResExportTool has finished with exit code 0
(NOTICE  ) [15:35:00|tosca_driver] Design cycle 36 started on 2026-02-19
(NOTICE  ) [15:35:00|tosca_driver] Starting Abaqus analysis - design cycle 36
(INFO    ) [15:35:00|tosca_driver] Activating the solver
(INFO    ) [15:35:00|tosca_driver] Calling hooks before module abaqus
(INFO    ) [15:35:00|tosca_driver] Calling: /uufs/chpc.utah.edu/sys/installdir/abaqus/2025/linux_a64/code/bin/SMATsoAbaqusTsProvider -j airbeam_vol --cycle 36
(INFO    ) [15:35:00|hook] Timestamp file written successfully
(INFO    ) [15:35:00|tosca_driver] Module hook has finished with exit code 0
(INFO    ) [15:35:01|tosca_driver] Fe-solver abaqus finished with job airbeam_vol.inp
(INFO    ) [15:35:01|tosca_driver] Elapsed time (inc. overhead): 0:00:01.603130
(INFO    ) [15:35:01|tosca_driver] Elapsed time of abaqus : 0:00:01.668320  -  current time : 15:35:01.817813
(INFO    ) [15:35:01|tosca_driver] Solution complete
(INFO    ) [15:35:01|tosca_driver] Checking solver output file: /uufs/chpc.utah.edu/common/home/u6074059/Abaqus/paper_reproduction/experiment7/run_7d/airbeam_7d_tosca/airbeam_vol.msg
(INFO    ) [15:35:01|tosca_driver] Searching for success check string: "THE ANALYSIS HAS BEEN COMPLETED"
(INFO    ) [15:35:01|tosca_driver] Calling: /uufs/chpc.utah.edu/sys/installdir/abaqus/2025/linux_a64/code/bin/SMATsoOdbToVtmMain --solver abaqus --loglevel INFO --format_matrices sim --cycle 36 --perturbation 0 /uufs/chpc.utah.edu/common/home/u6074059/Abaqus/paper_reproduction/experiment7/run_7d/airbeam_7d_tosca/airbeam_vol
(INFO    ) [15:35:01|odb_to_vtm] SIMULIA Tosca Structure.odb_to_vtm - version 3DEXPERIENCE R2025x - build R427 - 20240925T190012Z 64 bit
(INFO    ) [15:35:02|odb_to_vtm] Reading Abaqus ODB output file /uufs/chpc.utah.edu/common/home/u6074059/Abaqus/paper_reproduction/experiment7/run_7d/airbeam_7d_tosca/airbeam_vol
(INFO    ) [15:35:02|odb_to_vtm] Reading results from the Abaqus result database /uufs/chpc.utah.edu/common/home/u6074059/Abaqus/paper_reproduction/experiment7/run_7d/airbeam_7d_tosca/airbeam_vol.odb
(INFO    ) [15:35:02|odb_to_vtm] SIMULIA Tosca Structure.odb_to_vtm finished successfully
(INFO    ) [15:35:02|tosca_driver] Module SMATsoOdbToVtmMain has finished with exit code 0
(NOTICE  ) [15:35:02|tosca_driver] Starting Tosca Structure optimization module - design cycle 36
(INFO    ) [15:35:02|tosca_driver] Calling: /uufs/chpc.utah.edu/sys/installdir/abaqus/2025/linux_a64/code/bin/SMATsoToscaOpt --loglevel INFO
(INFO    ) [15:35:02|tosca_opt] SIMULIA Tosca Structure.tosca_opt - version 3DEXPERIENCE R2025x - build R427 - 20240925T190012Z 64 bit
(INFO    ) [15:35:02|tosca_opt]  --------------------------------------------------------------------------
(INFO    ) [15:35:02|tosca_opt] |                ___  ___  __  __  _   _  _     ___    _                   |
(INFO    ) [15:35:02|tosca_opt] |               / __||_ _||  \/  || | | || |   |_ _|  /_\                  |
(INFO    ) [15:35:02|tosca_opt] |               \__ \ | | | |\/| || |_| || |__  | |  / _ \                 |
(INFO    ) [15:35:02|tosca_opt] |               |___/|___||_|  |_| \___/ |____||___|/_/ \_\                |
(INFO    ) [15:35:02|tosca_opt] |                        _____                                             |
(INFO    ) [15:35:02|tosca_opt] |                       |_   _|___  ___ __  __ _                           |
(INFO    ) [15:35:02|tosca_opt] |                         | | / _ \(_-</ _|/ _` |                          |
(INFO    ) [15:35:02|tosca_opt] |                         |_| \___//__/\__|\__,_|                          |
(INFO    ) [15:35:02|tosca_opt] |              ___  _                   _                                  |
(INFO    ) [15:35:02|tosca_opt] |             / __|| |_  _ _  _  _  __ | |_  _  _  _ _  ___                |
(INFO    ) [15:35:02|tosca_opt] |             \__ \|  _|| `_|| || |/ _||  _|| || || `_|/ -_)               |
(INFO    ) [15:35:02|tosca_opt] |             |___/ \__||_|   \_,_|\__| \__| \_,_||_|  \___|               |
(INFO    ) [15:35:02|tosca_opt] |                                                                          |
(INFO    ) [15:35:02|tosca_opt]  --------------------------------------------------------------------------
(INFO    ) [15:35:02|tosca_opt] | Version 3DEXPERIENCE R2025x                                              |
(INFO    ) [15:35:02|tosca_opt] | DATE:   2026-02-19                                                       |
(INFO    ) [15:35:02|tosca_opt]  --------------------------------------------------------------------------
(INFO    ) [15:35:03|tosca_opt]  --------------------------------------------------------------------------
(INFO    ) [15:35:03|tosca_opt] | Begin of DESIGN CYCLE NUMBER: 36                                         |
(INFO    ) [15:35:03|tosca_opt]  --------------------------------------------------------------------------
(INFO    ) [15:35:03|tosca_opt] Checking for existence of results
(INFO    ) [15:35:03|tosca_opt]  --------------------------------------------------------------------------
(INFO    ) [15:35:03|tosca_opt] | ANALYZE VALUE OF VARIABLES before OPTIMIZATION                           |
(INFO    ) [15:35:03|tosca_opt]  --------------------------------------------------------------------------
(INFO    ) [15:35:03|tosca_opt]  --------------------------------------------------------------------------
(INFO    ) [15:35:03|tosca_opt] | Convergence Criteria in Design Cycle 36                                  |
(INFO    ) [15:35:03|tosca_opt]  --------------------------------------------------------------------------
(INFO    ) [15:35:03|tosca_opt] Optimization converged. Both criteria checked.
(INFO    ) [15:35:03|tosca_opt] Local objective function criterion : NOT_FULFILLED (Actual change / target:    0.00114/   0.00100)
(INFO    ) [15:35:03|tosca_opt] Local design variables criterion   : NOT_FULFILLED (Actual change / target:    0.00962/   0.00500)
(INFO    ) [15:35:03|tosca_opt] Global stop criterion              : NOT_FULFILLED (Max number of design cycles :  80)
(INFO    ) [15:35:03|tosca_opt] 
(INFO    ) [15:35:03|tosca_opt]  --------------------------------------------------------------------------
(INFO    ) [15:35:03|tosca_opt] | ANALYZE VALUE OF VARIABLES after OPTIMIZATION                            |
(INFO    ) [15:35:03|tosca_opt]  --------------------------------------------------------------------------
(INFO    ) [15:35:03|tosca_opt]  --------------------------------------------------------------------------
(INFO    ) [15:35:03|tosca_opt] | VARIABLES and DESIGN RESPONSES                                           |
(INFO    ) [15:35:03|tosca_opt]  --------------------------------------------------------------------------
(INFO    ) [15:35:03|tosca_opt]  DRESP_STRAIN_ENERGY                       :    2.7384
(INFO    ) [15:35:03|tosca_opt]  DRESP_VOLUME                              :    1257.9
(INFO    ) [15:35:03|tosca_opt]  --------------------------------------------------------------------------
(INFO    ) [15:35:03|tosca_opt]  --------------------------------------------------------------------------
(INFO    ) [15:35:03|tosca_opt] | Report of OPTIMIZATION Results                                           |
(INFO    ) [15:35:03|tosca_opt]  --------------------------------------------------------------------------
(INFO    ) [15:35:03|tosca_opt]  DESIGN CYCLE                :  36
(INFO    ) [15:35:03|tosca_opt]  OPTIMIZE name               : TOPOLOGY_OPTIMIZATION
(INFO    ) [15:35:03|tosca_opt]  OBJ_FUNC name               : MIN_SE
(INFO    ) [15:35:03|tosca_opt]  OBJ_FUNC value              :     2.73837
(INFO    ) [15:35:03|tosca_opt]  ==========================================================================
(INFO    ) [15:35:03|tosca_opt] |     Name of OBJ_FUNC_TERM      |   Value    |   Weight   |   Reference   |
(INFO    ) [15:35:03|tosca_opt]  ==========================================================================
(INFO    ) [15:35:03|tosca_opt] | DRESP_STRAIN_ENERGY            | 2.73837    | 1.0        | 0.0           |
(INFO    ) [15:35:03|tosca_opt]  ==========================================================================
(INFO    ) [15:35:03|tosca_opt] * SIMULIA Tosca Structure INFORMATION *
(INFO    ) [15:35:03|tosca_opt] Writing CONSTRAINTs with default normalization.
(INFO    ) [15:35:03|tosca_opt] For NORM value  <= 1.0   -->    CONSTRAINT is OK ( For all CONSTRAINT types )
(INFO    ) [15:35:03|tosca_opt]  ==========================================================================
(INFO    ) [15:35:03|tosca_opt] |  Name of CONSTRAINT  |  Act. Value  | Op.  | Target  |   Norm   | Status |
(INFO    ) [15:35:03|tosca_opt]  ==========================================================================
(INFO    ) [15:35:03|tosca_opt] | VOL_CONSTRAINT       | 0.498571     | <=   | 0.5     | 0.997143 | TRUE   |
(INFO    ) [15:35:03|tosca_opt]  ==========================================================================
(INFO    ) [15:35:07|tosca_opt]  --------------------------------------------------------------------------
(INFO    ) [15:35:07|tosca_opt] | Some STOP CRITERIA NOT satisfied this iteration                          |
(INFO    ) [15:35:07|tosca_opt]  --------------------------------------------------------------------------
(INFO    ) [15:35:07|tosca_opt]  --------------------------------------------------------------------------
(INFO    ) [15:35:07|tosca_opt] | End of DESIGN CYCLE NUMBER: 36                                           |
(INFO    ) [15:35:07|tosca_opt]  --------------------------------------------------------------------------
(INFO    ) [15:35:07|tosca_opt] Application finished successfully
(INFO    ) [15:35:07|tosca_driver] Module SMATsoToscaOpt has finished with exit code 0
(INFO    ) [15:35:07|tosca_driver] Calling: /uufs/chpc.utah.edu/sys/installdir/abaqus/2025/linux_a64/code/bin/SMATrtOptResExportTool --loglevel INFO --cycle 36 --onf_output ON
(INFO    ) [15:35:07|opt_res_export_tool] SIMULIA Tosca Structure.opt_res_export_tool - version 3DEXPERIENCE R2025x - build R427 - 20240925T190012Z 64 bit
(INFO    ) [15:35:07|opt_res_export_tool] Extracting results from opt_res_database
(INFO    ) [15:35:08|opt_res_export_tool] SIMULIA Tosca Structure.opt_res_export_tool finished successfully
(INFO    ) [15:35:08|tosca_driver] Module SMATrtOptResExportTool has finished with exit code 0
(NOTICE  ) [15:35:08|tosca_driver] Design cycle 37 started on 2026-02-19
(NOTICE  ) [15:35:08|tosca_driver] Starting Abaqus analysis - design cycle 37
(INFO    ) [15:35:08|tosca_driver] Activating the solver
(INFO    ) [15:35:08|tosca_driver] Calling hooks before module abaqus
(INFO    ) [15:35:08|tosca_driver] Calling: /uufs/chpc.utah.edu/sys/installdir/abaqus/2025/linux_a64/code/bin/SMATsoAbaqusTsProvider -j airbeam_vol --cycle 37
(INFO    ) [15:35:08|hook] Timestamp file written successfully
(INFO    ) [15:35:08|tosca_driver] Module hook has finished with exit code 0
(INFO    ) [15:35:09|tosca_driver] Fe-solver abaqus finished with job airbeam_vol.inp
(INFO    ) [15:35:09|tosca_driver] Elapsed time (inc. overhead): 0:00:01.102579
(INFO    ) [15:35:09|tosca_driver] Elapsed time of abaqus : 0:00:01.172586  -  current time : 15:35:09.460547
(INFO    ) [15:35:09|tosca_driver] Solution complete
(INFO    ) [15:35:09|tosca_driver] Checking solver output file: /uufs/chpc.utah.edu/common/home/u6074059/Abaqus/paper_reproduction/experiment7/run_7d/airbeam_7d_tosca/airbeam_vol.msg
(INFO    ) [15:35:09|tosca_driver] Searching for success check string: "THE ANALYSIS HAS BEEN COMPLETED"
(INFO    ) [15:35:09|tosca_driver] Calling: /uufs/chpc.utah.edu/sys/installdir/abaqus/2025/linux_a64/code/bin/SMATsoOdbToVtmMain --solver abaqus --loglevel INFO --format_matrices sim --cycle 37 --perturbation 0 /uufs/chpc.utah.edu/common/home/u6074059/Abaqus/paper_reproduction/experiment7/run_7d/airbeam_7d_tosca/airbeam_vol
(INFO    ) [15:35:09|odb_to_vtm] SIMULIA Tosca Structure.odb_to_vtm - version 3DEXPERIENCE R2025x - build R427 - 20240925T190012Z 64 bit
(INFO    ) [15:35:09|odb_to_vtm] Reading Abaqus ODB output file /uufs/chpc.utah.edu/common/home/u6074059/Abaqus/paper_reproduction/experiment7/run_7d/airbeam_7d_tosca/airbeam_vol
(INFO    ) [15:35:09|odb_to_vtm] Reading results from the Abaqus result database /uufs/chpc.utah.edu/common/home/u6074059/Abaqus/paper_reproduction/experiment7/run_7d/airbeam_7d_tosca/airbeam_vol.odb
(INFO    ) [15:35:09|odb_to_vtm] SIMULIA Tosca Structure.odb_to_vtm finished successfully
(INFO    ) [15:35:09|tosca_driver] Module SMATsoOdbToVtmMain has finished with exit code 0
(NOTICE  ) [15:35:09|tosca_driver] Starting Tosca Structure optimization module - design cycle 37
(INFO    ) [15:35:09|tosca_driver] Calling: /uufs/chpc.utah.edu/sys/installdir/abaqus/2025/linux_a64/code/bin/SMATsoToscaOpt --loglevel INFO
(INFO    ) [15:35:09|tosca_opt] SIMULIA Tosca Structure.tosca_opt - version 3DEXPERIENCE R2025x - build R427 - 20240925T190012Z 64 bit
(INFO    ) [15:35:09|tosca_opt]  --------------------------------------------------------------------------
(INFO    ) [15:35:09|tosca_opt] |                ___  ___  __  __  _   _  _     ___    _                   |
(INFO    ) [15:35:09|tosca_opt] |               / __||_ _||  \/  || | | || |   |_ _|  /_\                  |
(INFO    ) [15:35:09|tosca_opt] |               \__ \ | | | |\/| || |_| || |__  | |  / _ \                 |
(INFO    ) [15:35:09|tosca_opt] |               |___/|___||_|  |_| \___/ |____||___|/_/ \_\                |
(INFO    ) [15:35:09|tosca_opt] |                        _____                                             |
(INFO    ) [15:35:09|tosca_opt] |                       |_   _|___  ___ __  __ _                           |
(INFO    ) [15:35:09|tosca_opt] |                         | | / _ \(_-</ _|/ _` |                          |
(INFO    ) [15:35:09|tosca_opt] |                         |_| \___//__/\__|\__,_|                          |
(INFO    ) [15:35:09|tosca_opt] |              ___  _                   _                                  |
(INFO    ) [15:35:09|tosca_opt] |             / __|| |_  _ _  _  _  __ | |_  _  _  _ _  ___                |
(INFO    ) [15:35:09|tosca_opt] |             \__ \|  _|| `_|| || |/ _||  _|| || || `_|/ -_)               |
(INFO    ) [15:35:09|tosca_opt] |             |___/ \__||_|   \_,_|\__| \__| \_,_||_|  \___|               |
(INFO    ) [15:35:09|tosca_opt] |                                                                          |
(INFO    ) [15:35:09|tosca_opt]  --------------------------------------------------------------------------
(INFO    ) [15:35:09|tosca_opt] | Version 3DEXPERIENCE R2025x                                              |
(INFO    ) [15:35:09|tosca_opt] | DATE:   2026-02-19                                                       |
(INFO    ) [15:35:09|tosca_opt]  --------------------------------------------------------------------------
(INFO    ) [15:35:10|tosca_opt]  --------------------------------------------------------------------------
(INFO    ) [15:35:10|tosca_opt] | Begin of DESIGN CYCLE NUMBER: 37                                         |
(INFO    ) [15:35:10|tosca_opt]  --------------------------------------------------------------------------
(INFO    ) [15:35:10|tosca_opt] Checking for existence of results
(INFO    ) [15:35:10|tosca_opt]  --------------------------------------------------------------------------
(INFO    ) [15:35:10|tosca_opt] | ANALYZE VALUE OF VARIABLES before OPTIMIZATION                           |
(INFO    ) [15:35:10|tosca_opt]  --------------------------------------------------------------------------
(INFO    ) [15:35:10|tosca_opt]  --------------------------------------------------------------------------
(INFO    ) [15:35:10|tosca_opt] | Convergence Criteria in Design Cycle 37                                  |
(INFO    ) [15:35:10|tosca_opt]  --------------------------------------------------------------------------
(INFO    ) [15:35:11|tosca_opt] Optimization converged. Both criteria checked.
(INFO    ) [15:35:11|tosca_opt] Local objective function criterion : NOT_FULFILLED (Actual change / target:    0.00289/   0.00100)
(INFO    ) [15:35:11|tosca_opt] Local design variables criterion   : NOT_FULFILLED (Actual change / target:    0.00907/   0.00500)
(INFO    ) [15:35:11|tosca_opt] Global stop criterion              : NOT_FULFILLED (Max number of design cycles :  80)
(INFO    ) [15:35:11|tosca_opt] 
(INFO    ) [15:35:11|tosca_opt]  --------------------------------------------------------------------------
(INFO    ) [15:35:11|tosca_opt] | ANALYZE VALUE OF VARIABLES after OPTIMIZATION                            |
(INFO    ) [15:35:11|tosca_opt]  --------------------------------------------------------------------------
(INFO    ) [15:35:11|tosca_opt]  --------------------------------------------------------------------------
(INFO    ) [15:35:11|tosca_opt] | VARIABLES and DESIGN RESPONSES                                           |
(INFO    ) [15:35:11|tosca_opt]  --------------------------------------------------------------------------
(INFO    ) [15:35:11|tosca_opt]  DRESP_STRAIN_ENERGY                       :    2.7305
(INFO    ) [15:35:11|tosca_opt]  DRESP_VOLUME                              :    1258.6
(INFO    ) [15:35:11|tosca_opt]  --------------------------------------------------------------------------
(INFO    ) [15:35:11|tosca_opt]  --------------------------------------------------------------------------
(INFO    ) [15:35:11|tosca_opt] | Report of OPTIMIZATION Results                                           |
(INFO    ) [15:35:11|tosca_opt]  --------------------------------------------------------------------------
(INFO    ) [15:35:11|tosca_opt]  DESIGN CYCLE                :  37
(INFO    ) [15:35:11|tosca_opt]  OPTIMIZE name               : TOPOLOGY_OPTIMIZATION
(INFO    ) [15:35:11|tosca_opt]  OBJ_FUNC name               : MIN_SE
(INFO    ) [15:35:11|tosca_opt]  OBJ_FUNC value              :     2.73046
(INFO    ) [15:35:11|tosca_opt]  ==========================================================================
(INFO    ) [15:35:11|tosca_opt] |     Name of OBJ_FUNC_TERM      |   Value    |   Weight   |   Reference   |
(INFO    ) [15:35:11|tosca_opt]  ==========================================================================
(INFO    ) [15:35:11|tosca_opt] | DRESP_STRAIN_ENERGY            | 2.73046    | 1.0        | 0.0           |
(INFO    ) [15:35:11|tosca_opt]  ==========================================================================
(INFO    ) [15:35:11|tosca_opt] * SIMULIA Tosca Structure INFORMATION *
(INFO    ) [15:35:11|tosca_opt] Writing CONSTRAINTs with default normalization.
(INFO    ) [15:35:11|tosca_opt] For NORM value  <= 1.0   -->    CONSTRAINT is OK ( For all CONSTRAINT types )
(INFO    ) [15:35:11|tosca_opt]  ==========================================================================
(INFO    ) [15:35:11|tosca_opt] |  Name of CONSTRAINT  |  Act. Value  | Op.  | Target  |   Norm   | Status |
(INFO    ) [15:35:11|tosca_opt]  ==========================================================================
(INFO    ) [15:35:11|tosca_opt] | VOL_CONSTRAINT       | 0.498854     | <=   | 0.5     | 0.997709 | TRUE   |
(INFO    ) [15:35:11|tosca_opt]  ==========================================================================
(INFO    ) [15:35:14|tosca_opt]  --------------------------------------------------------------------------
(INFO    ) [15:35:14|tosca_opt] | Some STOP CRITERIA NOT satisfied this iteration                          |
(INFO    ) [15:35:14|tosca_opt]  --------------------------------------------------------------------------
(INFO    ) [15:35:14|tosca_opt]  --------------------------------------------------------------------------
(INFO    ) [15:35:14|tosca_opt] | End of DESIGN CYCLE NUMBER: 37                                           |
(INFO    ) [15:35:14|tosca_opt]  --------------------------------------------------------------------------
(INFO    ) [15:35:15|tosca_opt] Application finished successfully
(INFO    ) [15:35:15|tosca_driver] Module SMATsoToscaOpt has finished with exit code 0
(INFO    ) [15:35:15|tosca_driver] Calling: /uufs/chpc.utah.edu/sys/installdir/abaqus/2025/linux_a64/code/bin/SMATrtOptResExportTool --loglevel INFO --cycle 37 --onf_output ON
(INFO    ) [15:35:15|opt_res_export_tool] SIMULIA Tosca Structure.opt_res_export_tool - version 3DEXPERIENCE R2025x - build R427 - 20240925T190012Z 64 bit
(INFO    ) [15:35:15|opt_res_export_tool] Extracting results from opt_res_database
(INFO    ) [15:35:15|opt_res_export_tool] SIMULIA Tosca Structure.opt_res_export_tool finished successfully
(INFO    ) [15:35:15|tosca_driver] Module SMATrtOptResExportTool has finished with exit code 0
(NOTICE  ) [15:35:15|tosca_driver] Design cycle 38 started on 2026-02-19
(NOTICE  ) [15:35:15|tosca_driver] Starting Abaqus analysis - design cycle 38
(INFO    ) [15:35:15|tosca_driver] Activating the solver
(INFO    ) [15:35:15|tosca_driver] Calling hooks before module abaqus
(INFO    ) [15:35:15|tosca_driver] Calling: /uufs/chpc.utah.edu/sys/installdir/abaqus/2025/linux_a64/code/bin/SMATsoAbaqusTsProvider -j airbeam_vol --cycle 38
(INFO    ) [15:35:15|hook] Timestamp file written successfully
(INFO    ) [15:35:15|tosca_driver] Module hook has finished with exit code 0
(INFO    ) [15:35:17|tosca_driver] Fe-solver abaqus finished with job airbeam_vol.inp
(INFO    ) [15:35:17|tosca_driver] Elapsed time (inc. overhead): 0:00:01.503195
(INFO    ) [15:35:17|tosca_driver] Elapsed time of abaqus : 0:00:01.569358  -  current time : 15:35:17.037096
(INFO    ) [15:35:17|tosca_driver] Solution complete
(INFO    ) [15:35:17|tosca_driver] Checking solver output file: /uufs/chpc.utah.edu/common/home/u6074059/Abaqus/paper_reproduction/experiment7/run_7d/airbeam_7d_tosca/airbeam_vol.msg
(INFO    ) [15:35:17|tosca_driver] Searching for success check string: "THE ANALYSIS HAS BEEN COMPLETED"
(INFO    ) [15:35:17|tosca_driver] Calling: /uufs/chpc.utah.edu/sys/installdir/abaqus/2025/linux_a64/code/bin/SMATsoOdbToVtmMain --solver abaqus --loglevel INFO --format_matrices sim --cycle 38 --perturbation 0 /uufs/chpc.utah.edu/common/home/u6074059/Abaqus/paper_reproduction/experiment7/run_7d/airbeam_7d_tosca/airbeam_vol
(INFO    ) [15:35:17|odb_to_vtm] SIMULIA Tosca Structure.odb_to_vtm - version 3DEXPERIENCE R2025x - build R427 - 20240925T190012Z 64 bit
(INFO    ) [15:35:17|odb_to_vtm] Reading Abaqus ODB output file /uufs/chpc.utah.edu/common/home/u6074059/Abaqus/paper_reproduction/experiment7/run_7d/airbeam_7d_tosca/airbeam_vol
(INFO    ) [15:35:17|odb_to_vtm] Reading results from the Abaqus result database /uufs/chpc.utah.edu/common/home/u6074059/Abaqus/paper_reproduction/experiment7/run_7d/airbeam_7d_tosca/airbeam_vol.odb
(INFO    ) [15:35:17|odb_to_vtm] SIMULIA Tosca Structure.odb_to_vtm finished successfully
(INFO    ) [15:35:17|tosca_driver] Module SMATsoOdbToVtmMain has finished with exit code 0
(NOTICE  ) [15:35:17|tosca_driver] Starting Tosca Structure optimization module - design cycle 38
(INFO    ) [15:35:17|tosca_driver] Calling: /uufs/chpc.utah.edu/sys/installdir/abaqus/2025/linux_a64/code/bin/SMATsoToscaOpt --loglevel INFO
(INFO    ) [15:35:17|tosca_opt] SIMULIA Tosca Structure.tosca_opt - version 3DEXPERIENCE R2025x - build R427 - 20240925T190012Z 64 bit
(INFO    ) [15:35:17|tosca_opt]  --------------------------------------------------------------------------
(INFO    ) [15:35:17|tosca_opt] |                ___  ___  __  __  _   _  _     ___    _                   |
(INFO    ) [15:35:17|tosca_opt] |               / __||_ _||  \/  || | | || |   |_ _|  /_\                  |
(INFO    ) [15:35:17|tosca_opt] |               \__ \ | | | |\/| || |_| || |__  | |  / _ \                 |
(INFO    ) [15:35:17|tosca_opt] |               |___/|___||_|  |_| \___/ |____||___|/_/ \_\                |
(INFO    ) [15:35:17|tosca_opt] |                        _____                                             |
(INFO    ) [15:35:17|tosca_opt] |                       |_   _|___  ___ __  __ _                           |
(INFO    ) [15:35:17|tosca_opt] |                         | | / _ \(_-</ _|/ _` |                          |
(INFO    ) [15:35:17|tosca_opt] |                         |_| \___//__/\__|\__,_|                          |
(INFO    ) [15:35:17|tosca_opt] |              ___  _                   _                                  |
(INFO    ) [15:35:17|tosca_opt] |             / __|| |_  _ _  _  _  __ | |_  _  _  _ _  ___                |
(INFO    ) [15:35:17|tosca_opt] |             \__ \|  _|| `_|| || |/ _||  _|| || || `_|/ -_)               |
(INFO    ) [15:35:17|tosca_opt] |             |___/ \__||_|   \_,_|\__| \__| \_,_||_|  \___|               |
(INFO    ) [15:35:17|tosca_opt] |                                                                          |
(INFO    ) [15:35:17|tosca_opt]  --------------------------------------------------------------------------
(INFO    ) [15:35:17|tosca_opt] | Version 3DEXPERIENCE R2025x                                              |
(INFO    ) [15:35:17|tosca_opt] | DATE:   2026-02-19                                                       |
(INFO    ) [15:35:17|tosca_opt]  --------------------------------------------------------------------------
(INFO    ) [15:35:18|tosca_opt]  --------------------------------------------------------------------------
(INFO    ) [15:35:18|tosca_opt] | Begin of DESIGN CYCLE NUMBER: 38                                         |
(INFO    ) [15:35:18|tosca_opt]  --------------------------------------------------------------------------
(INFO    ) [15:35:18|tosca_opt] Checking for existence of results
(INFO    ) [15:35:18|tosca_opt]  --------------------------------------------------------------------------
(INFO    ) [15:35:18|tosca_opt] | ANALYZE VALUE OF VARIABLES before OPTIMIZATION                           |
(INFO    ) [15:35:18|tosca_opt]  --------------------------------------------------------------------------
(INFO    ) [15:35:18|tosca_opt]  --------------------------------------------------------------------------
(INFO    ) [15:35:18|tosca_opt] | Convergence Criteria in Design Cycle 38                                  |
(INFO    ) [15:35:18|tosca_opt]  --------------------------------------------------------------------------
(INFO    ) [15:35:18|tosca_opt] Optimization converged. Both criteria checked.
(INFO    ) [15:35:18|tosca_opt] Local objective function criterion : FULFILLED     (Actual change / target:    0.00075/   0.00100)
(INFO    ) [15:35:18|tosca_opt] Local design variables criterion   : NOT_FULFILLED (Actual change / target:    0.00866/   0.00500)
(INFO    ) [15:35:18|tosca_opt] Global stop criterion              : NOT_FULFILLED (Max number of design cycles :  80)
(INFO    ) [15:35:18|tosca_opt] 
(INFO    ) [15:35:18|tosca_opt]  --------------------------------------------------------------------------
(INFO    ) [15:35:18|tosca_opt] | ANALYZE VALUE OF VARIABLES after OPTIMIZATION                            |
(INFO    ) [15:35:18|tosca_opt]  --------------------------------------------------------------------------
(INFO    ) [15:35:18|tosca_opt]  --------------------------------------------------------------------------
(INFO    ) [15:35:18|tosca_opt] | VARIABLES and DESIGN RESPONSES                                           |
(INFO    ) [15:35:18|tosca_opt]  --------------------------------------------------------------------------
(INFO    ) [15:35:18|tosca_opt]  DRESP_STRAIN_ENERGY                       :    2.7284
(INFO    ) [15:35:18|tosca_opt]  DRESP_VOLUME                              :    1258.5
(INFO    ) [15:35:18|tosca_opt]  --------------------------------------------------------------------------
(INFO    ) [15:35:18|tosca_opt]  --------------------------------------------------------------------------
(INFO    ) [15:35:18|tosca_opt] | Report of OPTIMIZATION Results                                           |
(INFO    ) [15:35:18|tosca_opt]  --------------------------------------------------------------------------
(INFO    ) [15:35:18|tosca_opt]  DESIGN CYCLE                :  38
(INFO    ) [15:35:18|tosca_opt]  OPTIMIZE name               : TOPOLOGY_OPTIMIZATION
(INFO    ) [15:35:18|tosca_opt]  OBJ_FUNC name               : MIN_SE
(INFO    ) [15:35:18|tosca_opt]  OBJ_FUNC value              :     2.72842
(INFO    ) [15:35:18|tosca_opt]  ==========================================================================
(INFO    ) [15:35:18|tosca_opt] |     Name of OBJ_FUNC_TERM      |   Value    |   Weight   |   Reference   |
(INFO    ) [15:35:18|tosca_opt]  ==========================================================================
(INFO    ) [15:35:18|tosca_opt] | DRESP_STRAIN_ENERGY            | 2.72842    | 1.0        | 0.0           |
(INFO    ) [15:35:18|tosca_opt]  ==========================================================================
(INFO    ) [15:35:18|tosca_opt] * SIMULIA Tosca Structure INFORMATION *
(INFO    ) [15:35:18|tosca_opt] Writing CONSTRAINTs with default normalization.
(INFO    ) [15:35:18|tosca_opt] For NORM value  <= 1.0   -->    CONSTRAINT is OK ( For all CONSTRAINT types )
(INFO    ) [15:35:18|tosca_opt]  ==========================================================================
(INFO    ) [15:35:18|tosca_opt] |  Name of CONSTRAINT  |  Act. Value  | Op. | Target  |   Norm   | Status  |
(INFO    ) [15:35:18|tosca_opt]  ==========================================================================
(INFO    ) [15:35:18|tosca_opt] | VOL_CONSTRAINT       | 0.498815     | <=  | 0.5     | 0.99763  | TRUE    |
(INFO    ) [15:35:18|tosca_opt]  ==========================================================================
(INFO    ) [15:35:22|tosca_opt]  --------------------------------------------------------------------------
(INFO    ) [15:35:22|tosca_opt] | Some STOP CRITERIA NOT satisfied this iteration                          |
(INFO    ) [15:35:22|tosca_opt]  --------------------------------------------------------------------------
(INFO    ) [15:35:22|tosca_opt]  --------------------------------------------------------------------------
(INFO    ) [15:35:22|tosca_opt] | End of DESIGN CYCLE NUMBER: 38                                           |
(INFO    ) [15:35:22|tosca_opt]  --------------------------------------------------------------------------
(INFO    ) [15:35:22|tosca_opt] Application finished successfully
(INFO    ) [15:35:22|tosca_driver] Module SMATsoToscaOpt has finished with exit code 0
(INFO    ) [15:35:22|tosca_driver] Calling: /uufs/chpc.utah.edu/sys/installdir/abaqus/2025/linux_a64/code/bin/SMATrtOptResExportTool --loglevel INFO --cycle 38 --onf_output ON
(INFO    ) [15:35:22|opt_res_export_tool] SIMULIA Tosca Structure.opt_res_export_tool - version 3DEXPERIENCE R2025x - build R427 - 20240925T190012Z 64 bit
(INFO    ) [15:35:22|opt_res_export_tool] Extracting results from opt_res_database
(INFO    ) [15:35:23|opt_res_export_tool] SIMULIA Tosca Structure.opt_res_export_tool finished successfully
(INFO    ) [15:35:23|tosca_driver] Module SMATrtOptResExportTool has finished with exit code 0
(NOTICE  ) [15:35:23|tosca_driver] Design cycle 39 started on 2026-02-19
(NOTICE  ) [15:35:23|tosca_driver] Starting Abaqus analysis - design cycle 39
(INFO    ) [15:35:23|tosca_driver] Activating the solver
(INFO    ) [15:35:23|tosca_driver] Calling hooks before module abaqus
(INFO    ) [15:35:23|tosca_driver] Calling: /uufs/chpc.utah.edu/sys/installdir/abaqus/2025/linux_a64/code/bin/SMATsoAbaqusTsProvider -j airbeam_vol --cycle 39
(INFO    ) [15:35:23|hook] Timestamp file written successfully
(INFO    ) [15:35:23|tosca_driver] Module hook has finished with exit code 0
(INFO    ) [15:35:24|tosca_driver] Fe-solver abaqus finished with job airbeam_vol.inp
(INFO    ) [15:35:24|tosca_driver] Elapsed time (inc. overhead): 0:00:01.002441
(INFO    ) [15:35:24|tosca_driver] Elapsed time of abaqus : 0:00:01.073951  -  current time : 15:35:24.361283
(INFO    ) [15:35:24|tosca_driver] Solution complete
(INFO    ) [15:35:24|tosca_driver] Checking solver output file: /uufs/chpc.utah.edu/common/home/u6074059/Abaqus/paper_reproduction/experiment7/run_7d/airbeam_7d_tosca/airbeam_vol.msg
(INFO    ) [15:35:24|tosca_driver] Searching for success check string: "THE ANALYSIS HAS BEEN COMPLETED"
(INFO    ) [15:35:24|tosca_driver] Calling: /uufs/chpc.utah.edu/sys/installdir/abaqus/2025/linux_a64/code/bin/SMATsoOdbToVtmMain --solver abaqus --loglevel INFO --format_matrices sim --cycle 39 --perturbation 0 /uufs/chpc.utah.edu/common/home/u6074059/Abaqus/paper_reproduction/experiment7/run_7d/airbeam_7d_tosca/airbeam_vol
(INFO    ) [15:35:24|odb_to_vtm] SIMULIA Tosca Structure.odb_to_vtm - version 3DEXPERIENCE R2025x - build R427 - 20240925T190012Z 64 bit
(INFO    ) [15:35:24|odb_to_vtm] Reading Abaqus ODB output file /uufs/chpc.utah.edu/common/home/u6074059/Abaqus/paper_reproduction/experiment7/run_7d/airbeam_7d_tosca/airbeam_vol
(INFO    ) [15:35:24|odb_to_vtm] Reading results from the Abaqus result database /uufs/chpc.utah.edu/common/home/u6074059/Abaqus/paper_reproduction/experiment7/run_7d/airbeam_7d_tosca/airbeam_vol.odb
(INFO    ) [15:35:25|odb_to_vtm] SIMULIA Tosca Structure.odb_to_vtm finished successfully
(INFO    ) [15:35:25|tosca_driver] Module SMATsoOdbToVtmMain has finished with exit code 0
(NOTICE  ) [15:35:25|tosca_driver] Starting Tosca Structure optimization module - design cycle 39
(INFO    ) [15:35:25|tosca_driver] Calling: /uufs/chpc.utah.edu/sys/installdir/abaqus/2025/linux_a64/code/bin/SMATsoToscaOpt --loglevel INFO
(INFO    ) [15:35:25|tosca_opt] SIMULIA Tosca Structure.tosca_opt - version 3DEXPERIENCE R2025x - build R427 - 20240925T190012Z 64 bit
(INFO    ) [15:35:25|tosca_opt]  --------------------------------------------------------------------------
(INFO    ) [15:35:25|tosca_opt] |                ___  ___  __  __  _   _  _     ___    _                   |
(INFO    ) [15:35:25|tosca_opt] |               / __||_ _||  \/  || | | || |   |_ _|  /_\                  |
(INFO    ) [15:35:25|tosca_opt] |               \__ \ | | | |\/| || |_| || |__  | |  / _ \                 |
(INFO    ) [15:35:25|tosca_opt] |               |___/|___||_|  |_| \___/ |____||___|/_/ \_\                |
(INFO    ) [15:35:25|tosca_opt] |                        _____                                             |
(INFO    ) [15:35:25|tosca_opt] |                       |_   _|___  ___ __  __ _                           |
(INFO    ) [15:35:25|tosca_opt] |                         | | / _ \(_-</ _|/ _` |                          |
(INFO    ) [15:35:25|tosca_opt] |                         |_| \___//__/\__|\__,_|                          |
(INFO    ) [15:35:25|tosca_opt] |              ___  _                   _                                  |
(INFO    ) [15:35:25|tosca_opt] |             / __|| |_  _ _  _  _  __ | |_  _  _  _ _  ___                |
(INFO    ) [15:35:25|tosca_opt] |             \__ \|  _|| `_|| || |/ _||  _|| || || `_|/ -_)               |
(INFO    ) [15:35:25|tosca_opt] |             |___/ \__||_|   \_,_|\__| \__| \_,_||_|  \___|               |
(INFO    ) [15:35:25|tosca_opt] |                                                                          |
(INFO    ) [15:35:25|tosca_opt]  --------------------------------------------------------------------------
(INFO    ) [15:35:25|tosca_opt] | Version 3DEXPERIENCE R2025x                                              |
(INFO    ) [15:35:25|tosca_opt] | DATE:   2026-02-19                                                       |
(INFO    ) [15:35:25|tosca_opt]  --------------------------------------------------------------------------
(INFO    ) [15:35:26|tosca_opt]  --------------------------------------------------------------------------
(INFO    ) [15:35:26|tosca_opt] | Begin of DESIGN CYCLE NUMBER: 39                                         |
(INFO    ) [15:35:26|tosca_opt]  --------------------------------------------------------------------------
(INFO    ) [15:35:26|tosca_opt] Checking for existence of results
(INFO    ) [15:35:26|tosca_opt]  --------------------------------------------------------------------------
(INFO    ) [15:35:26|tosca_opt] | ANALYZE VALUE OF VARIABLES before OPTIMIZATION                           |
(INFO    ) [15:35:26|tosca_opt]  --------------------------------------------------------------------------
(INFO    ) [15:35:26|tosca_opt]  --------------------------------------------------------------------------
(INFO    ) [15:35:26|tosca_opt] | Convergence Criteria in Design Cycle 39                                  |
(INFO    ) [15:35:26|tosca_opt]  --------------------------------------------------------------------------
(INFO    ) [15:35:26|tosca_opt] Optimization converged. Both criteria checked.
(INFO    ) [15:35:26|tosca_opt] Local objective function criterion : NOT_FULFILLED (Actual change / target:    0.00258/   0.00100)
(INFO    ) [15:35:26|tosca_opt] Local design variables criterion   : NOT_FULFILLED (Actual change / target:    0.00858/   0.00500)
(INFO    ) [15:35:26|tosca_opt] Global stop criterion              : NOT_FULFILLED (Max number of design cycles :  80)
(INFO    ) [15:35:26|tosca_opt] 
(INFO    ) [15:35:26|tosca_opt]  --------------------------------------------------------------------------
(INFO    ) [15:35:26|tosca_opt] | ANALYZE VALUE OF VARIABLES after OPTIMIZATION                            |
(INFO    ) [15:35:26|tosca_opt]  --------------------------------------------------------------------------
(INFO    ) [15:35:26|tosca_opt]  --------------------------------------------------------------------------
(INFO    ) [15:35:26|tosca_opt] | VARIABLES and DESIGN RESPONSES                                           |
(INFO    ) [15:35:26|tosca_opt]  --------------------------------------------------------------------------
(INFO    ) [15:35:26|tosca_opt]  DRESP_STRAIN_ENERGY                       :    2.7214
(INFO    ) [15:35:26|tosca_opt]  DRESP_VOLUME                              :    1258.9
(INFO    ) [15:35:26|tosca_opt]  --------------------------------------------------------------------------
(INFO    ) [15:35:26|tosca_opt]  --------------------------------------------------------------------------
(INFO    ) [15:35:26|tosca_opt] | Report of OPTIMIZATION Results                                           |
(INFO    ) [15:35:26|tosca_opt]  --------------------------------------------------------------------------
(INFO    ) [15:35:26|tosca_opt]  DESIGN CYCLE                :  39
(INFO    ) [15:35:26|tosca_opt]  OPTIMIZE name               : TOPOLOGY_OPTIMIZATION
(INFO    ) [15:35:26|tosca_opt]  OBJ_FUNC name               : MIN_SE
(INFO    ) [15:35:26|tosca_opt]  OBJ_FUNC value              :     2.72139
(INFO    ) [15:35:26|tosca_opt]  ==========================================================================
(INFO    ) [15:35:26|tosca_opt] |     Name of OBJ_FUNC_TERM      |   Value    |   Weight   |   Reference   |
(INFO    ) [15:35:26|tosca_opt]  ==========================================================================
(INFO    ) [15:35:26|tosca_opt] | DRESP_STRAIN_ENERGY            | 2.72139    | 1.0        | 0.0           |
(INFO    ) [15:35:26|tosca_opt]  ==========================================================================
(INFO    ) [15:35:26|tosca_opt] * SIMULIA Tosca Structure INFORMATION *
(INFO    ) [15:35:26|tosca_opt] Writing CONSTRAINTs with default normalization.
(INFO    ) [15:35:26|tosca_opt] For NORM value  <= 1.0   -->    CONSTRAINT is OK ( For all CONSTRAINT types )
(INFO    ) [15:35:26|tosca_opt]  ==========================================================================
(INFO    ) [15:35:26|tosca_opt] |  Name of CONSTRAINT  |  Act. Value  | Op.  | Target  |   Norm   | Status |
(INFO    ) [15:35:26|tosca_opt]  ==========================================================================
(INFO    ) [15:35:26|tosca_opt] | VOL_CONSTRAINT       | 0.498964     | <=   | 0.5     | 0.997928 | TRUE   |
(INFO    ) [15:35:26|tosca_opt]  ==========================================================================
(INFO    ) [15:35:29|tosca_opt]  --------------------------------------------------------------------------
(INFO    ) [15:35:29|tosca_opt] | Some STOP CRITERIA NOT satisfied this iteration                          |
(INFO    ) [15:35:29|tosca_opt]  --------------------------------------------------------------------------
(INFO    ) [15:35:29|tosca_opt]  --------------------------------------------------------------------------
(INFO    ) [15:35:29|tosca_opt] | End of DESIGN CYCLE NUMBER: 39                                           |
(INFO    ) [15:35:29|tosca_opt]  --------------------------------------------------------------------------
(INFO    ) [15:35:30|tosca_opt] Application finished successfully
(INFO    ) [15:35:30|tosca_driver] Module SMATsoToscaOpt has finished with exit code 0
(INFO    ) [15:35:30|tosca_driver] Calling: /uufs/chpc.utah.edu/sys/installdir/abaqus/2025/linux_a64/code/bin/SMATrtOptResExportTool --loglevel INFO --cycle 39 --onf_output ON
(INFO    ) [15:35:30|opt_res_export_tool] SIMULIA Tosca Structure.opt_res_export_tool - version 3DEXPERIENCE R2025x - build R427 - 20240925T190012Z 64 bit
(INFO    ) [15:35:30|opt_res_export_tool] Extracting results from opt_res_database
(INFO    ) [15:35:30|opt_res_export_tool] SIMULIA Tosca Structure.opt_res_export_tool finished successfully
(INFO    ) [15:35:30|tosca_driver] Module SMATrtOptResExportTool has finished with exit code 0
(NOTICE  ) [15:35:30|tosca_driver] Design cycle 40 started on 2026-02-19
(NOTICE  ) [15:35:30|tosca_driver] Starting Abaqus analysis - design cycle 40
(INFO    ) [15:35:30|tosca_driver] Activating the solver
(INFO    ) [15:35:30|tosca_driver] Calling hooks before module abaqus
(INFO    ) [15:35:30|tosca_driver] Calling: /uufs/chpc.utah.edu/sys/installdir/abaqus/2025/linux_a64/code/bin/SMATsoAbaqusTsProvider -j airbeam_vol --cycle 40
(INFO    ) [15:35:30|hook] Timestamp file written successfully
(INFO    ) [15:35:30|tosca_driver] Module hook has finished with exit code 0
(INFO    ) [15:35:32|tosca_driver] Fe-solver abaqus finished with job airbeam_vol.inp
(INFO    ) [15:35:32|tosca_driver] Elapsed time (inc. overhead): 0:00:01.403133
(INFO    ) [15:35:32|tosca_driver] Elapsed time of abaqus : 0:00:01.475997  -  current time : 15:35:32.319900
(INFO    ) [15:35:32|tosca_driver] Solution complete
(INFO    ) [15:35:32|tosca_driver] Checking solver output file: /uufs/chpc.utah.edu/common/home/u6074059/Abaqus/paper_reproduction/experiment7/run_7d/airbeam_7d_tosca/airbeam_vol.msg
(INFO    ) [15:35:32|tosca_driver] Searching for success check string: "THE ANALYSIS HAS BEEN COMPLETED"
(INFO    ) [15:35:32|tosca_driver] Calling: /uufs/chpc.utah.edu/sys/installdir/abaqus/2025/linux_a64/code/bin/SMATsoOdbToVtmMain --solver abaqus --loglevel INFO --format_matrices sim --cycle 40 --perturbation 0 /uufs/chpc.utah.edu/common/home/u6074059/Abaqus/paper_reproduction/experiment7/run_7d/airbeam_7d_tosca/airbeam_vol
(INFO    ) [15:35:32|odb_to_vtm] SIMULIA Tosca Structure.odb_to_vtm - version 3DEXPERIENCE R2025x - build R427 - 20240925T190012Z 64 bit
(INFO    ) [15:35:32|odb_to_vtm] Reading Abaqus ODB output file /uufs/chpc.utah.edu/common/home/u6074059/Abaqus/paper_reproduction/experiment7/run_7d/airbeam_7d_tosca/airbeam_vol
(INFO    ) [15:35:32|odb_to_vtm] Reading results from the Abaqus result database /uufs/chpc.utah.edu/common/home/u6074059/Abaqus/paper_reproduction/experiment7/run_7d/airbeam_7d_tosca/airbeam_vol.odb
(INFO    ) [15:35:32|odb_to_vtm] SIMULIA Tosca Structure.odb_to_vtm finished successfully
(INFO    ) [15:35:32|tosca_driver] Module SMATsoOdbToVtmMain has finished with exit code 0
(NOTICE  ) [15:35:32|tosca_driver] Starting Tosca Structure optimization module - design cycle 40
(INFO    ) [15:35:32|tosca_driver] Calling: /uufs/chpc.utah.edu/sys/installdir/abaqus/2025/linux_a64/code/bin/SMATsoToscaOpt --loglevel INFO
(INFO    ) [15:35:32|tosca_opt] SIMULIA Tosca Structure.tosca_opt - version 3DEXPERIENCE R2025x - build R427 - 20240925T190012Z 64 bit
(INFO    ) [15:35:32|tosca_opt]  --------------------------------------------------------------------------
(INFO    ) [15:35:32|tosca_opt] |                ___  ___  __  __  _   _  _     ___    _                   |
(INFO    ) [15:35:32|tosca_opt] |               / __||_ _||  \/  || | | || |   |_ _|  /_\                  |
(INFO    ) [15:35:32|tosca_opt] |               \__ \ | | | |\/| || |_| || |__  | |  / _ \                 |
(INFO    ) [15:35:32|tosca_opt] |               |___/|___||_|  |_| \___/ |____||___|/_/ \_\                |
(INFO    ) [15:35:32|tosca_opt] |                        _____                                             |
(INFO    ) [15:35:32|tosca_opt] |                       |_   _|___  ___ __  __ _                           |
(INFO    ) [15:35:32|tosca_opt] |                         | | / _ \(_-</ _|/ _` |                          |
(INFO    ) [15:35:32|tosca_opt] |                         |_| \___//__/\__|\__,_|                          |
(INFO    ) [15:35:32|tosca_opt] |              ___  _                   _                                  |
(INFO    ) [15:35:32|tosca_opt] |             / __|| |_  _ _  _  _  __ | |_  _  _  _ _  ___                |
(INFO    ) [15:35:32|tosca_opt] |             \__ \|  _|| `_|| || |/ _||  _|| || || `_|/ -_)               |
(INFO    ) [15:35:32|tosca_opt] |             |___/ \__||_|   \_,_|\__| \__| \_,_||_|  \___|               |
(INFO    ) [15:35:32|tosca_opt] |                                                                          |
(INFO    ) [15:35:32|tosca_opt]  --------------------------------------------------------------------------
(INFO    ) [15:35:32|tosca_opt] | Version 3DEXPERIENCE R2025x                                              |
(INFO    ) [15:35:32|tosca_opt] | DATE:   2026-02-19                                                       |
(INFO    ) [15:35:32|tosca_opt]  --------------------------------------------------------------------------
(INFO    ) [15:35:33|tosca_opt]  --------------------------------------------------------------------------
(INFO    ) [15:35:33|tosca_opt] | Begin of DESIGN CYCLE NUMBER: 40                                         |
(INFO    ) [15:35:33|tosca_opt]  --------------------------------------------------------------------------
(INFO    ) [15:35:33|tosca_opt] Checking for existence of results
(INFO    ) [15:35:33|tosca_opt]  --------------------------------------------------------------------------
(INFO    ) [15:35:33|tosca_opt] | ANALYZE VALUE OF VARIABLES before OPTIMIZATION                           |
(INFO    ) [15:35:33|tosca_opt]  --------------------------------------------------------------------------
(INFO    ) [15:35:33|tosca_opt]  --------------------------------------------------------------------------
(INFO    ) [15:35:33|tosca_opt] | Convergence Criteria in Design Cycle 40                                  |
(INFO    ) [15:35:33|tosca_opt]  --------------------------------------------------------------------------
(INFO    ) [15:35:33|tosca_opt] Optimization converged. Both criteria checked.
(INFO    ) [15:35:33|tosca_opt] Local objective function criterion : NOT_FULFILLED (Actual change / target:    0.00230/   0.00100)
(INFO    ) [15:35:33|tosca_opt] Local design variables criterion   : NOT_FULFILLED (Actual change / target:    0.00850/   0.00500)
(INFO    ) [15:35:33|tosca_opt] Global stop criterion              : NOT_FULFILLED (Max number of design cycles :  80)
(INFO    ) [15:35:33|tosca_opt] 
(INFO    ) [15:35:34|tosca_opt]  --------------------------------------------------------------------------
(INFO    ) [15:35:34|tosca_opt] | ANALYZE VALUE OF VARIABLES after OPTIMIZATION                            |
(INFO    ) [15:35:34|tosca_opt]  --------------------------------------------------------------------------
(INFO    ) [15:35:34|tosca_opt]  --------------------------------------------------------------------------
(INFO    ) [15:35:34|tosca_opt] | VARIABLES and DESIGN RESPONSES                                           |
(INFO    ) [15:35:34|tosca_opt]  --------------------------------------------------------------------------
(INFO    ) [15:35:34|tosca_opt]  DRESP_STRAIN_ENERGY                       :    2.7151
(INFO    ) [15:35:34|tosca_opt]  DRESP_VOLUME                              :    1259.0
(INFO    ) [15:35:34|tosca_opt]  --------------------------------------------------------------------------
(INFO    ) [15:35:34|tosca_opt]  --------------------------------------------------------------------------
(INFO    ) [15:35:34|tosca_opt] | Report of OPTIMIZATION Results                                           |
(INFO    ) [15:35:34|tosca_opt]  --------------------------------------------------------------------------
(INFO    ) [15:35:34|tosca_opt]  DESIGN CYCLE                :  40
(INFO    ) [15:35:34|tosca_opt]  OPTIMIZE name               : TOPOLOGY_OPTIMIZATION
(INFO    ) [15:35:34|tosca_opt]  OBJ_FUNC name               : MIN_SE
(INFO    ) [15:35:34|tosca_opt]  OBJ_FUNC value              :     2.71515
(INFO    ) [15:35:34|tosca_opt]  ==========================================================================
(INFO    ) [15:35:34|tosca_opt] |     Name of OBJ_FUNC_TERM      |   Value    |   Weight   |   Reference   |
(INFO    ) [15:35:34|tosca_opt]  ==========================================================================
(INFO    ) [15:35:34|tosca_opt] | DRESP_STRAIN_ENERGY            | 2.71515    | 1.0        | 0.0           |
(INFO    ) [15:35:34|tosca_opt]  ==========================================================================
(INFO    ) [15:35:34|tosca_opt] * SIMULIA Tosca Structure INFORMATION *
(INFO    ) [15:35:34|tosca_opt] Writing CONSTRAINTs with default normalization.
(INFO    ) [15:35:34|tosca_opt] For NORM value  <= 1.0   -->    CONSTRAINT is OK ( For all CONSTRAINT types )
(INFO    ) [15:35:34|tosca_opt]  ==========================================================================
(INFO    ) [15:35:34|tosca_opt] |  Name of CONSTRAINT  |  Act. Value  | Op.  | Target  |   Norm   | Status |
(INFO    ) [15:35:34|tosca_opt]  ==========================================================================
(INFO    ) [15:35:34|tosca_opt] | VOL_CONSTRAINT       | 0.499004     | <=   | 0.5     | 0.998008 | TRUE   |
(INFO    ) [15:35:34|tosca_opt]  ==========================================================================
(INFO    ) [15:35:37|tosca_opt]  --------------------------------------------------------------------------
(INFO    ) [15:35:37|tosca_opt] | Some STOP CRITERIA NOT satisfied this iteration                          |
(INFO    ) [15:35:37|tosca_opt]  --------------------------------------------------------------------------
(INFO    ) [15:35:37|tosca_opt]  --------------------------------------------------------------------------
(INFO    ) [15:35:37|tosca_opt] | End of DESIGN CYCLE NUMBER: 40                                           |
(INFO    ) [15:35:37|tosca_opt]  --------------------------------------------------------------------------
(INFO    ) [15:35:38|tosca_opt] Application finished successfully
(INFO    ) [15:35:38|tosca_driver] Module SMATsoToscaOpt has finished with exit code 0
(INFO    ) [15:35:38|tosca_driver] Calling: /uufs/chpc.utah.edu/sys/installdir/abaqus/2025/linux_a64/code/bin/SMATrtOptResExportTool --loglevel INFO --cycle 40 --onf_output ON
(INFO    ) [15:35:38|opt_res_export_tool] SIMULIA Tosca Structure.opt_res_export_tool - version 3DEXPERIENCE R2025x - build R427 - 20240925T190012Z 64 bit
(INFO    ) [15:35:38|opt_res_export_tool] Extracting results from opt_res_database
(INFO    ) [15:35:38|opt_res_export_tool] SIMULIA Tosca Structure.opt_res_export_tool finished successfully
(INFO    ) [15:35:38|tosca_driver] Module SMATrtOptResExportTool has finished with exit code 0
(NOTICE  ) [15:35:39|tosca_driver] Design cycle 41 started on 2026-02-19
(NOTICE  ) [15:35:39|tosca_driver] Starting Abaqus analysis - design cycle 41
(INFO    ) [15:35:39|tosca_driver] Activating the solver
(INFO    ) [15:35:39|tosca_driver] Calling hooks before module abaqus
(INFO    ) [15:35:39|tosca_driver] Calling: /uufs/chpc.utah.edu/sys/installdir/abaqus/2025/linux_a64/code/bin/SMATsoAbaqusTsProvider -j airbeam_vol --cycle 41
(INFO    ) [15:35:39|hook] Timestamp file written successfully
(INFO    ) [15:35:39|tosca_driver] Module hook has finished with exit code 0
(INFO    ) [15:35:40|tosca_driver] Fe-solver abaqus finished with job airbeam_vol.inp
(INFO    ) [15:35:40|tosca_driver] Elapsed time (inc. overhead): 0:00:01.102686
(INFO    ) [15:35:40|tosca_driver] Elapsed time of abaqus : 0:00:01.178353  -  current time : 15:35:40.219563
(INFO    ) [15:35:40|tosca_driver] Solution complete
(INFO    ) [15:35:40|tosca_driver] Checking solver output file: /uufs/chpc.utah.edu/common/home/u6074059/Abaqus/paper_reproduction/experiment7/run_7d/airbeam_7d_tosca/airbeam_vol.msg
(INFO    ) [15:35:40|tosca_driver] Searching for success check string: "THE ANALYSIS HAS BEEN COMPLETED"
(INFO    ) [15:35:40|tosca_driver] Calling: /uufs/chpc.utah.edu/sys/installdir/abaqus/2025/linux_a64/code/bin/SMATsoOdbToVtmMain --solver abaqus --loglevel INFO --format_matrices sim --cycle 41 --perturbation 0 /uufs/chpc.utah.edu/common/home/u6074059/Abaqus/paper_reproduction/experiment7/run_7d/airbeam_7d_tosca/airbeam_vol
(INFO    ) [15:35:40|odb_to_vtm] SIMULIA Tosca Structure.odb_to_vtm - version 3DEXPERIENCE R2025x - build R427 - 20240925T190012Z 64 bit
(INFO    ) [15:35:40|odb_to_vtm] Reading Abaqus ODB output file /uufs/chpc.utah.edu/common/home/u6074059/Abaqus/paper_reproduction/experiment7/run_7d/airbeam_7d_tosca/airbeam_vol
(INFO    ) [15:35:40|odb_to_vtm] Reading results from the Abaqus result database /uufs/chpc.utah.edu/common/home/u6074059/Abaqus/paper_reproduction/experiment7/run_7d/airbeam_7d_tosca/airbeam_vol.odb
(INFO    ) [15:35:40|odb_to_vtm] SIMULIA Tosca Structure.odb_to_vtm finished successfully
(INFO    ) [15:35:40|tosca_driver] Module SMATsoOdbToVtmMain has finished with exit code 0
(NOTICE  ) [15:35:40|tosca_driver] Starting Tosca Structure optimization module - design cycle 41
(INFO    ) [15:35:40|tosca_driver] Calling: /uufs/chpc.utah.edu/sys/installdir/abaqus/2025/linux_a64/code/bin/SMATsoToscaOpt --loglevel INFO
(INFO    ) [15:35:40|tosca_opt] SIMULIA Tosca Structure.tosca_opt - version 3DEXPERIENCE R2025x - build R427 - 20240925T190012Z 64 bit
(INFO    ) [15:35:40|tosca_opt]  --------------------------------------------------------------------------
(INFO    ) [15:35:40|tosca_opt] |                ___  ___  __  __  _   _  _     ___    _                   |
(INFO    ) [15:35:40|tosca_opt] |               / __||_ _||  \/  || | | || |   |_ _|  /_\                  |
(INFO    ) [15:35:40|tosca_opt] |               \__ \ | | | |\/| || |_| || |__  | |  / _ \                 |
(INFO    ) [15:35:40|tosca_opt] |               |___/|___||_|  |_| \___/ |____||___|/_/ \_\                |
(INFO    ) [15:35:40|tosca_opt] |                        _____                                             |
(INFO    ) [15:35:40|tosca_opt] |                       |_   _|___  ___ __  __ _                           |
(INFO    ) [15:35:40|tosca_opt] |                         | | / _ \(_-</ _|/ _` |                          |
(INFO    ) [15:35:40|tosca_opt] |                         |_| \___//__/\__|\__,_|                          |
(INFO    ) [15:35:40|tosca_opt] |              ___  _                   _                                  |
(INFO    ) [15:35:40|tosca_opt] |             / __|| |_  _ _  _  _  __ | |_  _  _  _ _  ___                |
(INFO    ) [15:35:40|tosca_opt] |             \__ \|  _|| `_|| || |/ _||  _|| || || `_|/ -_)               |
(INFO    ) [15:35:40|tosca_opt] |             |___/ \__||_|   \_,_|\__| \__| \_,_||_|  \___|               |
(INFO    ) [15:35:40|tosca_opt] |                                                                          |
(INFO    ) [15:35:40|tosca_opt]  --------------------------------------------------------------------------
(INFO    ) [15:35:40|tosca_opt] | Version 3DEXPERIENCE R2025x                                              |
(INFO    ) [15:35:40|tosca_opt] | DATE:   2026-02-19                                                       |
(INFO    ) [15:35:40|tosca_opt]  --------------------------------------------------------------------------
(INFO    ) [15:35:41|tosca_opt]  --------------------------------------------------------------------------
(INFO    ) [15:35:41|tosca_opt] | Begin of DESIGN CYCLE NUMBER: 41                                         |
(INFO    ) [15:35:41|tosca_opt]  --------------------------------------------------------------------------
(INFO    ) [15:35:41|tosca_opt] Checking for existence of results
(INFO    ) [15:35:41|tosca_opt]  --------------------------------------------------------------------------
(INFO    ) [15:35:41|tosca_opt] | ANALYZE VALUE OF VARIABLES before OPTIMIZATION                           |
(INFO    ) [15:35:41|tosca_opt]  --------------------------------------------------------------------------
(INFO    ) [15:35:41|tosca_opt]  --------------------------------------------------------------------------
(INFO    ) [15:35:41|tosca_opt] | Convergence Criteria in Design Cycle 41                                  |
(INFO    ) [15:35:41|tosca_opt]  --------------------------------------------------------------------------
(INFO    ) [15:35:41|tosca_opt] Optimization converged. Both criteria checked.
(INFO    ) [15:35:41|tosca_opt] Local objective function criterion : NOT_FULFILLED (Actual change / target:    0.00220/   0.00100)
(INFO    ) [15:35:41|tosca_opt] Local design variables criterion   : NOT_FULFILLED (Actual change / target:    0.00840/   0.00500)
(INFO    ) [15:35:41|tosca_opt] Global stop criterion              : NOT_FULFILLED (Max number of design cycles :  80)
(INFO    ) [15:35:41|tosca_opt] 
(INFO    ) [15:35:41|tosca_opt]  --------------------------------------------------------------------------
(INFO    ) [15:35:41|tosca_opt] | ANALYZE VALUE OF VARIABLES after OPTIMIZATION                            |
(INFO    ) [15:35:41|tosca_opt]  --------------------------------------------------------------------------
(INFO    ) [15:35:41|tosca_opt]  --------------------------------------------------------------------------
(INFO    ) [15:35:41|tosca_opt] | VARIABLES and DESIGN RESPONSES                                           |
(INFO    ) [15:35:41|tosca_opt]  --------------------------------------------------------------------------
(INFO    ) [15:35:41|tosca_opt]  DRESP_STRAIN_ENERGY                       :    2.7092
(INFO    ) [15:35:41|tosca_opt]  DRESP_VOLUME                              :    1259.0
(INFO    ) [15:35:41|tosca_opt]  --------------------------------------------------------------------------
(INFO    ) [15:35:42|tosca_opt]  --------------------------------------------------------------------------
(INFO    ) [15:35:42|tosca_opt] | Report of OPTIMIZATION Results                                           |
(INFO    ) [15:35:42|tosca_opt]  --------------------------------------------------------------------------
(INFO    ) [15:35:42|tosca_opt]  DESIGN CYCLE                :  41
(INFO    ) [15:35:42|tosca_opt]  OPTIMIZE name               : TOPOLOGY_OPTIMIZATION
(INFO    ) [15:35:42|tosca_opt]  OBJ_FUNC name               : MIN_SE
(INFO    ) [15:35:42|tosca_opt]  OBJ_FUNC value              :     2.70920
(INFO    ) [15:35:42|tosca_opt]  ==========================================================================
(INFO    ) [15:35:42|tosca_opt] |     Name of OBJ_FUNC_TERM      |   Value    |  Weight   |   Reference    |
(INFO    ) [15:35:42|tosca_opt]  ==========================================================================
(INFO    ) [15:35:42|tosca_opt] | DRESP_STRAIN_ENERGY            | 2.7092     | 1.0       | 0.0            |
(INFO    ) [15:35:42|tosca_opt]  ==========================================================================
(INFO    ) [15:35:42|tosca_opt] * SIMULIA Tosca Structure INFORMATION *
(INFO    ) [15:35:42|tosca_opt] Writing CONSTRAINTs with default normalization.
(INFO    ) [15:35:42|tosca_opt] For NORM value  <= 1.0   -->    CONSTRAINT is OK ( For all CONSTRAINT types )
(INFO    ) [15:35:42|tosca_opt]  ==========================================================================
(INFO    ) [15:35:42|tosca_opt] |  Name of CONSTRAINT  |  Act. Value  | Op.  | Target  |   Norm   | Status |
(INFO    ) [15:35:42|tosca_opt]  ==========================================================================
(INFO    ) [15:35:42|tosca_opt] | VOL_CONSTRAINT       | 0.499009     | <=   | 0.5     | 0.998018 | TRUE   |
(INFO    ) [15:35:42|tosca_opt]  ==========================================================================
(INFO    ) [15:35:45|tosca_opt]  --------------------------------------------------------------------------
(INFO    ) [15:35:45|tosca_opt] | Some STOP CRITERIA NOT satisfied this iteration                          |
(INFO    ) [15:35:45|tosca_opt]  --------------------------------------------------------------------------
(INFO    ) [15:35:45|tosca_opt]  --------------------------------------------------------------------------
(INFO    ) [15:35:45|tosca_opt] | End of DESIGN CYCLE NUMBER: 41                                           |
(INFO    ) [15:35:45|tosca_opt]  --------------------------------------------------------------------------
(INFO    ) [15:35:45|tosca_opt] Application finished successfully
(INFO    ) [15:35:45|tosca_driver] Module SMATsoToscaOpt has finished with exit code 0
(INFO    ) [15:35:45|tosca_driver] Calling: /uufs/chpc.utah.edu/sys/installdir/abaqus/2025/linux_a64/code/bin/SMATrtOptResExportTool --loglevel INFO --cycle 41 --onf_output ON
(INFO    ) [15:35:45|opt_res_export_tool] SIMULIA Tosca Structure.opt_res_export_tool - version 3DEXPERIENCE R2025x - build R427 - 20240925T190012Z 64 bit
(INFO    ) [15:35:45|opt_res_export_tool] Extracting results from opt_res_database
(INFO    ) [15:35:46|opt_res_export_tool] SIMULIA Tosca Structure.opt_res_export_tool finished successfully
(INFO    ) [15:35:46|tosca_driver] Module SMATrtOptResExportTool has finished with exit code 0
(NOTICE  ) [15:35:46|tosca_driver] Design cycle 42 started on 2026-02-19
(NOTICE  ) [15:35:46|tosca_driver] Starting Abaqus analysis - design cycle 42
(INFO    ) [15:35:46|tosca_driver] Activating the solver
(INFO    ) [15:35:46|tosca_driver] Calling hooks before module abaqus
(INFO    ) [15:35:46|tosca_driver] Calling: /uufs/chpc.utah.edu/sys/installdir/abaqus/2025/linux_a64/code/bin/SMATsoAbaqusTsProvider -j airbeam_vol --cycle 42
(INFO    ) [15:35:46|hook] Timestamp file written successfully
(INFO    ) [15:35:46|tosca_driver] Module hook has finished with exit code 0
(INFO    ) [15:35:47|tosca_driver] Fe-solver abaqus finished with job airbeam_vol.inp
(INFO    ) [15:35:47|tosca_driver] Elapsed time (inc. overhead): 0:00:01.503211
(INFO    ) [15:35:47|tosca_driver] Elapsed time of abaqus : 0:00:01.570202  -  current time : 15:35:47.903514
(INFO    ) [15:35:47|tosca_driver] Solution complete
(INFO    ) [15:35:47|tosca_driver] Checking solver output file: /uufs/chpc.utah.edu/common/home/u6074059/Abaqus/paper_reproduction/experiment7/run_7d/airbeam_7d_tosca/airbeam_vol.msg
(INFO    ) [15:35:47|tosca_driver] Searching for success check string: "THE ANALYSIS HAS BEEN COMPLETED"
(INFO    ) [15:35:47|tosca_driver] Calling: /uufs/chpc.utah.edu/sys/installdir/abaqus/2025/linux_a64/code/bin/SMATsoOdbToVtmMain --solver abaqus --loglevel INFO --format_matrices sim --cycle 42 --perturbation 0 /uufs/chpc.utah.edu/common/home/u6074059/Abaqus/paper_reproduction/experiment7/run_7d/airbeam_7d_tosca/airbeam_vol
(INFO    ) [15:35:48|odb_to_vtm] SIMULIA Tosca Structure.odb_to_vtm - version 3DEXPERIENCE R2025x - build R427 - 20240925T190012Z 64 bit
(INFO    ) [15:35:48|odb_to_vtm] Reading Abaqus ODB output file /uufs/chpc.utah.edu/common/home/u6074059/Abaqus/paper_reproduction/experiment7/run_7d/airbeam_7d_tosca/airbeam_vol
(INFO    ) [15:35:48|odb_to_vtm] Reading results from the Abaqus result database /uufs/chpc.utah.edu/common/home/u6074059/Abaqus/paper_reproduction/experiment7/run_7d/airbeam_7d_tosca/airbeam_vol.odb
(INFO    ) [15:35:48|odb_to_vtm] SIMULIA Tosca Structure.odb_to_vtm finished successfully
(INFO    ) [15:35:48|tosca_driver] Module SMATsoOdbToVtmMain has finished with exit code 0
(NOTICE  ) [15:35:48|tosca_driver] Starting Tosca Structure optimization module - design cycle 42
(INFO    ) [15:35:48|tosca_driver] Calling: /uufs/chpc.utah.edu/sys/installdir/abaqus/2025/linux_a64/code/bin/SMATsoToscaOpt --loglevel INFO
(INFO    ) [15:35:48|tosca_opt] SIMULIA Tosca Structure.tosca_opt - version 3DEXPERIENCE R2025x - build R427 - 20240925T190012Z 64 bit
(INFO    ) [15:35:48|tosca_opt]  --------------------------------------------------------------------------
(INFO    ) [15:35:48|tosca_opt] |                ___  ___  __  __  _   _  _     ___    _                   |
(INFO    ) [15:35:48|tosca_opt] |               / __||_ _||  \/  || | | || |   |_ _|  /_\                  |
(INFO    ) [15:35:48|tosca_opt] |               \__ \ | | | |\/| || |_| || |__  | |  / _ \                 |
(INFO    ) [15:35:48|tosca_opt] |               |___/|___||_|  |_| \___/ |____||___|/_/ \_\                |
(INFO    ) [15:35:48|tosca_opt] |                        _____                                             |
(INFO    ) [15:35:48|tosca_opt] |                       |_   _|___  ___ __  __ _                           |
(INFO    ) [15:35:48|tosca_opt] |                         | | / _ \(_-</ _|/ _` |                          |
(INFO    ) [15:35:48|tosca_opt] |                         |_| \___//__/\__|\__,_|                          |
(INFO    ) [15:35:48|tosca_opt] |              ___  _                   _                                  |
(INFO    ) [15:35:48|tosca_opt] |             / __|| |_  _ _  _  _  __ | |_  _  _  _ _  ___                |
(INFO    ) [15:35:48|tosca_opt] |             \__ \|  _|| `_|| || |/ _||  _|| || || `_|/ -_)               |
(INFO    ) [15:35:48|tosca_opt] |             |___/ \__||_|   \_,_|\__| \__| \_,_||_|  \___|               |
(INFO    ) [15:35:48|tosca_opt] |                                                                          |
(INFO    ) [15:35:48|tosca_opt]  --------------------------------------------------------------------------
(INFO    ) [15:35:48|tosca_opt] | Version 3DEXPERIENCE R2025x                                              |
(INFO    ) [15:35:48|tosca_opt] | DATE:   2026-02-19                                                       |
(INFO    ) [15:35:48|tosca_opt]  --------------------------------------------------------------------------
(INFO    ) [15:35:49|tosca_opt]  --------------------------------------------------------------------------
(INFO    ) [15:35:49|tosca_opt] | Begin of DESIGN CYCLE NUMBER: 42                                         |
(INFO    ) [15:35:49|tosca_opt]  --------------------------------------------------------------------------
(INFO    ) [15:35:49|tosca_opt] Checking for existence of results
(INFO    ) [15:35:49|tosca_opt]  --------------------------------------------------------------------------
(INFO    ) [15:35:49|tosca_opt] | ANALYZE VALUE OF VARIABLES before OPTIMIZATION                           |
(INFO    ) [15:35:49|tosca_opt]  --------------------------------------------------------------------------
(INFO    ) [15:35:49|tosca_opt]  --------------------------------------------------------------------------
(INFO    ) [15:35:49|tosca_opt] | Convergence Criteria in Design Cycle 42                                  |
(INFO    ) [15:35:49|tosca_opt]  --------------------------------------------------------------------------
(INFO    ) [15:35:49|tosca_opt] Optimization converged. Both criteria checked.
(INFO    ) [15:35:49|tosca_opt] Local objective function criterion : FULFILLED     (Actual change / target:    0.00083/   0.00100)
(INFO    ) [15:35:49|tosca_opt] Local design variables criterion   : NOT_FULFILLED (Actual change / target:    0.00861/   0.00500)
(INFO    ) [15:35:49|tosca_opt] Global stop criterion              : NOT_FULFILLED (Max number of design cycles :  80)
(INFO    ) [15:35:49|tosca_opt] 
(INFO    ) [15:35:49|tosca_opt]  --------------------------------------------------------------------------
(INFO    ) [15:35:49|tosca_opt] | ANALYZE VALUE OF VARIABLES after OPTIMIZATION                            |
(INFO    ) [15:35:49|tosca_opt]  --------------------------------------------------------------------------
(INFO    ) [15:35:49|tosca_opt]  --------------------------------------------------------------------------
(INFO    ) [15:35:49|tosca_opt] | VARIABLES and DESIGN RESPONSES                                           |
(INFO    ) [15:35:49|tosca_opt]  --------------------------------------------------------------------------
(INFO    ) [15:35:49|tosca_opt]  DRESP_STRAIN_ENERGY                       :    2.7114
(INFO    ) [15:35:49|tosca_opt]  DRESP_VOLUME                              :    1258.3
(INFO    ) [15:35:49|tosca_opt]  --------------------------------------------------------------------------
(INFO    ) [15:35:50|tosca_opt]  --------------------------------------------------------------------------
(INFO    ) [15:35:50|tosca_opt] | Report of OPTIMIZATION Results                                           |
(INFO    ) [15:35:50|tosca_opt]  --------------------------------------------------------------------------
(INFO    ) [15:35:50|tosca_opt]  DESIGN CYCLE                :  42
(INFO    ) [15:35:50|tosca_opt]  OPTIMIZE name               : TOPOLOGY_OPTIMIZATION
(INFO    ) [15:35:50|tosca_opt]  OBJ_FUNC name               : MIN_SE
(INFO    ) [15:35:50|tosca_opt]  OBJ_FUNC value              :     2.71144
(INFO    ) [15:35:50|tosca_opt]  ==========================================================================
(INFO    ) [15:35:50|tosca_opt] |     Name of OBJ_FUNC_TERM      |   Value    |   Weight   |   Reference   |
(INFO    ) [15:35:50|tosca_opt]  ==========================================================================
(INFO    ) [15:35:50|tosca_opt] | DRESP_STRAIN_ENERGY            | 2.71144    | 1.0        | 0.0           |
(INFO    ) [15:35:50|tosca_opt]  ==========================================================================
(INFO    ) [15:35:50|tosca_opt] * SIMULIA Tosca Structure INFORMATION *
(INFO    ) [15:35:50|tosca_opt] Writing CONSTRAINTs with default normalization.
(INFO    ) [15:35:50|tosca_opt] For NORM value  <= 1.0   -->    CONSTRAINT is OK ( For all CONSTRAINT types )
(INFO    ) [15:35:50|tosca_opt]  ==========================================================================
(INFO    ) [15:35:50|tosca_opt] |  Name of CONSTRAINT  |  Act. Value  | Op.  | Target  |   Norm   | Status |
(INFO    ) [15:35:50|tosca_opt]  ==========================================================================
(INFO    ) [15:35:50|tosca_opt] | VOL_CONSTRAINT       | 0.498731     | <=   | 0.5     | 0.997462 | TRUE   |
(INFO    ) [15:35:50|tosca_opt]  ==========================================================================
(INFO    ) [15:35:53|tosca_opt]  --------------------------------------------------------------------------
(INFO    ) [15:35:53|tosca_opt] | Some STOP CRITERIA NOT satisfied this iteration                          |
(INFO    ) [15:35:53|tosca_opt]  --------------------------------------------------------------------------
(INFO    ) [15:35:53|tosca_opt]  --------------------------------------------------------------------------
(INFO    ) [15:35:53|tosca_opt] | End of DESIGN CYCLE NUMBER: 42                                           |
(INFO    ) [15:35:53|tosca_opt]  --------------------------------------------------------------------------
(INFO    ) [15:35:53|tosca_opt] Application finished successfully
(INFO    ) [15:35:53|tosca_driver] Module SMATsoToscaOpt has finished with exit code 0
(INFO    ) [15:35:53|tosca_driver] Calling: /uufs/chpc.utah.edu/sys/installdir/abaqus/2025/linux_a64/code/bin/SMATrtOptResExportTool --loglevel INFO --cycle 42 --onf_output ON
(INFO    ) [15:35:54|opt_res_export_tool] SIMULIA Tosca Structure.opt_res_export_tool - version 3DEXPERIENCE R2025x - build R427 - 20240925T190012Z 64 bit
(INFO    ) [15:35:54|opt_res_export_tool] Extracting results from opt_res_database
(INFO    ) [15:35:54|opt_res_export_tool] SIMULIA Tosca Structure.opt_res_export_tool finished successfully
(INFO    ) [15:35:54|tosca_driver] Module SMATrtOptResExportTool has finished with exit code 0
(NOTICE  ) [15:35:54|tosca_driver] Design cycle 43 started on 2026-02-19
(NOTICE  ) [15:35:54|tosca_driver] Starting Abaqus analysis - design cycle 43
(INFO    ) [15:35:54|tosca_driver] Activating the solver
(INFO    ) [15:35:54|tosca_driver] Calling hooks before module abaqus
(INFO    ) [15:35:54|tosca_driver] Calling: /uufs/chpc.utah.edu/sys/installdir/abaqus/2025/linux_a64/code/bin/SMATsoAbaqusTsProvider -j airbeam_vol --cycle 43
(INFO    ) [15:35:54|hook] Timestamp file written successfully
(INFO    ) [15:35:54|tosca_driver] Module hook has finished with exit code 0
(INFO    ) [15:35:55|tosca_driver] Fe-solver abaqus finished with job airbeam_vol.inp
(INFO    ) [15:35:55|tosca_driver] Elapsed time (inc. overhead): 0:00:01.102674
(INFO    ) [15:35:55|tosca_driver] Elapsed time of abaqus : 0:00:01.167728  -  current time : 15:35:55.822991
(INFO    ) [15:35:55|tosca_driver] Solution complete
(INFO    ) [15:35:55|tosca_driver] Checking solver output file: /uufs/chpc.utah.edu/common/home/u6074059/Abaqus/paper_reproduction/experiment7/run_7d/airbeam_7d_tosca/airbeam_vol.msg
(INFO    ) [15:35:55|tosca_driver] Searching for success check string: "THE ANALYSIS HAS BEEN COMPLETED"
(INFO    ) [15:35:55|tosca_driver] Calling: /uufs/chpc.utah.edu/sys/installdir/abaqus/2025/linux_a64/code/bin/SMATsoOdbToVtmMain --solver abaqus --loglevel INFO --format_matrices sim --cycle 43 --perturbation 0 /uufs/chpc.utah.edu/common/home/u6074059/Abaqus/paper_reproduction/experiment7/run_7d/airbeam_7d_tosca/airbeam_vol
(INFO    ) [15:35:55|odb_to_vtm] SIMULIA Tosca Structure.odb_to_vtm - version 3DEXPERIENCE R2025x - build R427 - 20240925T190012Z 64 bit
(INFO    ) [15:35:56|odb_to_vtm] Reading Abaqus ODB output file /uufs/chpc.utah.edu/common/home/u6074059/Abaqus/paper_reproduction/experiment7/run_7d/airbeam_7d_tosca/airbeam_vol
(INFO    ) [15:35:56|odb_to_vtm] Reading results from the Abaqus result database /uufs/chpc.utah.edu/common/home/u6074059/Abaqus/paper_reproduction/experiment7/run_7d/airbeam_7d_tosca/airbeam_vol.odb
(INFO    ) [15:35:56|odb_to_vtm] SIMULIA Tosca Structure.odb_to_vtm finished successfully
(INFO    ) [15:35:56|tosca_driver] Module SMATsoOdbToVtmMain has finished with exit code 0
(NOTICE  ) [15:35:56|tosca_driver] Starting Tosca Structure optimization module - design cycle 43
(INFO    ) [15:35:56|tosca_driver] Calling: /uufs/chpc.utah.edu/sys/installdir/abaqus/2025/linux_a64/code/bin/SMATsoToscaOpt --loglevel INFO
(INFO    ) [15:35:56|tosca_opt] SIMULIA Tosca Structure.tosca_opt - version 3DEXPERIENCE R2025x - build R427 - 20240925T190012Z 64 bit
(INFO    ) [15:35:56|tosca_opt]  --------------------------------------------------------------------------
(INFO    ) [15:35:56|tosca_opt] |                ___  ___  __  __  _   _  _     ___    _                   |
(INFO    ) [15:35:56|tosca_opt] |               / __||_ _||  \/  || | | || |   |_ _|  /_\                  |
(INFO    ) [15:35:56|tosca_opt] |               \__ \ | | | |\/| || |_| || |__  | |  / _ \                 |
(INFO    ) [15:35:56|tosca_opt] |               |___/|___||_|  |_| \___/ |____||___|/_/ \_\                |
(INFO    ) [15:35:56|tosca_opt] |                        _____                                             |
(INFO    ) [15:35:56|tosca_opt] |                       |_   _|___  ___ __  __ _                           |
(INFO    ) [15:35:56|tosca_opt] |                         | | / _ \(_-</ _|/ _` |                          |
(INFO    ) [15:35:56|tosca_opt] |                         |_| \___//__/\__|\__,_|                          |
(INFO    ) [15:35:56|tosca_opt] |              ___  _                   _                                  |
(INFO    ) [15:35:56|tosca_opt] |             / __|| |_  _ _  _  _  __ | |_  _  _  _ _  ___                |
(INFO    ) [15:35:56|tosca_opt] |             \__ \|  _|| `_|| || |/ _||  _|| || || `_|/ -_)               |
(INFO    ) [15:35:56|tosca_opt] |             |___/ \__||_|   \_,_|\__| \__| \_,_||_|  \___|               |
(INFO    ) [15:35:56|tosca_opt] |                                                                          |
(INFO    ) [15:35:56|tosca_opt]  --------------------------------------------------------------------------
(INFO    ) [15:35:56|tosca_opt] | Version 3DEXPERIENCE R2025x                                              |
(INFO    ) [15:35:56|tosca_opt] | DATE:   2026-02-19                                                       |
(INFO    ) [15:35:56|tosca_opt]  --------------------------------------------------------------------------
(INFO    ) [15:35:57|tosca_opt]  --------------------------------------------------------------------------
(INFO    ) [15:35:57|tosca_opt] | Begin of DESIGN CYCLE NUMBER: 43                                         |
(INFO    ) [15:35:57|tosca_opt]  --------------------------------------------------------------------------
(INFO    ) [15:35:57|tosca_opt] Checking for existence of results
(INFO    ) [15:35:57|tosca_opt]  --------------------------------------------------------------------------
(INFO    ) [15:35:57|tosca_opt] | ANALYZE VALUE OF VARIABLES before OPTIMIZATION                           |
(INFO    ) [15:35:57|tosca_opt]  --------------------------------------------------------------------------
(INFO    ) [15:35:57|tosca_opt]  --------------------------------------------------------------------------
(INFO    ) [15:35:57|tosca_opt] | Convergence Criteria in Design Cycle 43                                  |
(INFO    ) [15:35:57|tosca_opt]  --------------------------------------------------------------------------
(INFO    ) [15:35:57|tosca_opt] Optimization converged. Both criteria checked.
(INFO    ) [15:35:57|tosca_opt] Local objective function criterion : NOT_FULFILLED (Actual change / target:    0.00150/   0.00100)
(INFO    ) [15:35:57|tosca_opt] Local design variables criterion   : NOT_FULFILLED (Actual change / target:    0.00843/   0.00500)
(INFO    ) [15:35:57|tosca_opt] Global stop criterion              : NOT_FULFILLED (Max number of design cycles :  80)
(INFO    ) [15:35:57|tosca_opt] 
(INFO    ) [15:35:57|tosca_opt]  --------------------------------------------------------------------------
(INFO    ) [15:35:57|tosca_opt] | ANALYZE VALUE OF VARIABLES after OPTIMIZATION                            |
(INFO    ) [15:35:57|tosca_opt]  --------------------------------------------------------------------------
(INFO    ) [15:35:57|tosca_opt]  --------------------------------------------------------------------------
(INFO    ) [15:35:57|tosca_opt] | VARIABLES and DESIGN RESPONSES                                           |
(INFO    ) [15:35:57|tosca_opt]  --------------------------------------------------------------------------
(INFO    ) [15:35:57|tosca_opt]  DRESP_STRAIN_ENERGY                       :    2.7074
(INFO    ) [15:35:57|tosca_opt]  DRESP_VOLUME                              :    1258.6
(INFO    ) [15:35:57|tosca_opt]  --------------------------------------------------------------------------
(INFO    ) [15:35:58|tosca_opt]  --------------------------------------------------------------------------
(INFO    ) [15:35:58|tosca_opt] | Report of OPTIMIZATION Results                                           |
(INFO    ) [15:35:58|tosca_opt]  --------------------------------------------------------------------------
(INFO    ) [15:35:58|tosca_opt]  DESIGN CYCLE                :  43
(INFO    ) [15:35:58|tosca_opt]  OPTIMIZE name               : TOPOLOGY_OPTIMIZATION
(INFO    ) [15:35:58|tosca_opt]  OBJ_FUNC name               : MIN_SE
(INFO    ) [15:35:58|tosca_opt]  OBJ_FUNC value              :     2.70737
(INFO    ) [15:35:58|tosca_opt]  ==========================================================================
(INFO    ) [15:35:58|tosca_opt] |     Name of OBJ_FUNC_TERM      |   Value    |   Weight   |   Reference   |
(INFO    ) [15:35:58|tosca_opt]  ==========================================================================
(INFO    ) [15:35:58|tosca_opt] | DRESP_STRAIN_ENERGY            | 2.70737    | 1.0        | 0.0           |
(INFO    ) [15:35:58|tosca_opt]  ==========================================================================
(INFO    ) [15:35:58|tosca_opt] * SIMULIA Tosca Structure INFORMATION *
(INFO    ) [15:35:58|tosca_opt] Writing CONSTRAINTs with default normalization.
(INFO    ) [15:35:58|tosca_opt] For NORM value  <= 1.0   -->    CONSTRAINT is OK ( For all CONSTRAINT types )
(INFO    ) [15:35:58|tosca_opt]  ==========================================================================
(INFO    ) [15:35:58|tosca_opt] |  Name of CONSTRAINT  |  Act. Value  | Op.  | Target  |   Norm   | Status |
(INFO    ) [15:35:58|tosca_opt]  ==========================================================================
(INFO    ) [15:35:58|tosca_opt] | VOL_CONSTRAINT       | 0.49885      | <=   | 0.5     | 0.997699 | TRUE   |
(INFO    ) [15:35:58|tosca_opt]  ==========================================================================
(INFO    ) [15:36:01|tosca_opt]  --------------------------------------------------------------------------
(INFO    ) [15:36:01|tosca_opt] | Some STOP CRITERIA NOT satisfied this iteration                          |
(INFO    ) [15:36:01|tosca_opt]  --------------------------------------------------------------------------
(INFO    ) [15:36:01|tosca_opt]  --------------------------------------------------------------------------
(INFO    ) [15:36:01|tosca_opt] | End of DESIGN CYCLE NUMBER: 43                                           |
(INFO    ) [15:36:01|tosca_opt]  --------------------------------------------------------------------------
(INFO    ) [15:36:01|tosca_opt] Application finished successfully
(INFO    ) [15:36:01|tosca_driver] Module SMATsoToscaOpt has finished with exit code 0
(INFO    ) [15:36:01|tosca_driver] Calling: /uufs/chpc.utah.edu/sys/installdir/abaqus/2025/linux_a64/code/bin/SMATrtOptResExportTool --loglevel INFO --cycle 43 --onf_output ON
(INFO    ) [15:36:01|opt_res_export_tool] SIMULIA Tosca Structure.opt_res_export_tool - version 3DEXPERIENCE R2025x - build R427 - 20240925T190012Z 64 bit
(INFO    ) [15:36:01|opt_res_export_tool] Extracting results from opt_res_database
(INFO    ) [15:36:01|opt_res_export_tool] SIMULIA Tosca Structure.opt_res_export_tool finished successfully
(INFO    ) [15:36:01|tosca_driver] Module SMATrtOptResExportTool has finished with exit code 0
(NOTICE  ) [15:36:02|tosca_driver] Design cycle 44 started on 2026-02-19
(NOTICE  ) [15:36:02|tosca_driver] Starting Abaqus analysis - design cycle 44
(INFO    ) [15:36:02|tosca_driver] Activating the solver
(INFO    ) [15:36:02|tosca_driver] Calling hooks before module abaqus
(INFO    ) [15:36:02|tosca_driver] Calling: /uufs/chpc.utah.edu/sys/installdir/abaqus/2025/linux_a64/code/bin/SMATsoAbaqusTsProvider -j airbeam_vol --cycle 44
(INFO    ) [15:36:02|hook] Timestamp file written successfully
(INFO    ) [15:36:02|tosca_driver] Module hook has finished with exit code 0
(INFO    ) [15:36:03|tosca_driver] Fe-solver abaqus finished with job airbeam_vol.inp
(INFO    ) [15:36:03|tosca_driver] Elapsed time (inc. overhead): 0:00:01.102565
(INFO    ) [15:36:03|tosca_driver] Elapsed time of abaqus : 0:00:01.174855  -  current time : 15:36:03.371299
(INFO    ) [15:36:03|tosca_driver] Solution complete
(INFO    ) [15:36:03|tosca_driver] Checking solver output file: /uufs/chpc.utah.edu/common/home/u6074059/Abaqus/paper_reproduction/experiment7/run_7d/airbeam_7d_tosca/airbeam_vol.msg
(INFO    ) [15:36:03|tosca_driver] Searching for success check string: "THE ANALYSIS HAS BEEN COMPLETED"
(INFO    ) [15:36:03|tosca_driver] Calling: /uufs/chpc.utah.edu/sys/installdir/abaqus/2025/linux_a64/code/bin/SMATsoOdbToVtmMain --solver abaqus --loglevel INFO --format_matrices sim --cycle 44 --perturbation 0 /uufs/chpc.utah.edu/common/home/u6074059/Abaqus/paper_reproduction/experiment7/run_7d/airbeam_7d_tosca/airbeam_vol
(INFO    ) [15:36:03|odb_to_vtm] SIMULIA Tosca Structure.odb_to_vtm - version 3DEXPERIENCE R2025x - build R427 - 20240925T190012Z 64 bit
(INFO    ) [15:36:03|odb_to_vtm] Reading Abaqus ODB output file /uufs/chpc.utah.edu/common/home/u6074059/Abaqus/paper_reproduction/experiment7/run_7d/airbeam_7d_tosca/airbeam_vol
(INFO    ) [15:36:03|odb_to_vtm] Reading results from the Abaqus result database /uufs/chpc.utah.edu/common/home/u6074059/Abaqus/paper_reproduction/experiment7/run_7d/airbeam_7d_tosca/airbeam_vol.odb
(INFO    ) [15:36:04|odb_to_vtm] SIMULIA Tosca Structure.odb_to_vtm finished successfully
(INFO    ) [15:36:04|tosca_driver] Module SMATsoOdbToVtmMain has finished with exit code 0
(NOTICE  ) [15:36:04|tosca_driver] Starting Tosca Structure optimization module - design cycle 44
(INFO    ) [15:36:04|tosca_driver] Calling: /uufs/chpc.utah.edu/sys/installdir/abaqus/2025/linux_a64/code/bin/SMATsoToscaOpt --loglevel INFO
(INFO    ) [15:36:04|tosca_opt] SIMULIA Tosca Structure.tosca_opt - version 3DEXPERIENCE R2025x - build R427 - 20240925T190012Z 64 bit
(INFO    ) [15:36:04|tosca_opt]  --------------------------------------------------------------------------
(INFO    ) [15:36:04|tosca_opt] |                ___  ___  __  __  _   _  _     ___    _                   |
(INFO    ) [15:36:04|tosca_opt] |               / __||_ _||  \/  || | | || |   |_ _|  /_\                  |
(INFO    ) [15:36:04|tosca_opt] |               \__ \ | | | |\/| || |_| || |__  | |  / _ \                 |
(INFO    ) [15:36:04|tosca_opt] |               |___/|___||_|  |_| \___/ |____||___|/_/ \_\                |
(INFO    ) [15:36:04|tosca_opt] |                        _____                                             |
(INFO    ) [15:36:04|tosca_opt] |                       |_   _|___  ___ __  __ _                           |
(INFO    ) [15:36:04|tosca_opt] |                         | | / _ \(_-</ _|/ _` |                          |
(INFO    ) [15:36:04|tosca_opt] |                         |_| \___//__/\__|\__,_|                          |
(INFO    ) [15:36:04|tosca_opt] |              ___  _                   _                                  |
(INFO    ) [15:36:04|tosca_opt] |             / __|| |_  _ _  _  _  __ | |_  _  _  _ _  ___                |
(INFO    ) [15:36:04|tosca_opt] |             \__ \|  _|| `_|| || |/ _||  _|| || || `_|/ -_)               |
(INFO    ) [15:36:04|tosca_opt] |             |___/ \__||_|   \_,_|\__| \__| \_,_||_|  \___|               |
(INFO    ) [15:36:04|tosca_opt] |                                                                          |
(INFO    ) [15:36:04|tosca_opt]  --------------------------------------------------------------------------
(INFO    ) [15:36:04|tosca_opt] | Version 3DEXPERIENCE R2025x                                              |
(INFO    ) [15:36:04|tosca_opt] | DATE:   2026-02-19                                                       |
(INFO    ) [15:36:04|tosca_opt]  --------------------------------------------------------------------------
(INFO    ) [15:36:05|tosca_opt]  --------------------------------------------------------------------------
(INFO    ) [15:36:05|tosca_opt] | Begin of DESIGN CYCLE NUMBER: 44                                         |
(INFO    ) [15:36:05|tosca_opt]  --------------------------------------------------------------------------
(INFO    ) [15:36:05|tosca_opt] Checking for existence of results
(INFO    ) [15:36:05|tosca_opt]  --------------------------------------------------------------------------
(INFO    ) [15:36:05|tosca_opt] | ANALYZE VALUE OF VARIABLES before OPTIMIZATION                           |
(INFO    ) [15:36:05|tosca_opt]  --------------------------------------------------------------------------
(INFO    ) [15:36:05|tosca_opt]  --------------------------------------------------------------------------
(INFO    ) [15:36:05|tosca_opt] | Convergence Criteria in Design Cycle 44                                  |
(INFO    ) [15:36:05|tosca_opt]  --------------------------------------------------------------------------
(INFO    ) [15:36:05|tosca_opt] Optimization converged. Both criteria checked.
(INFO    ) [15:36:05|tosca_opt] Local objective function criterion : FULFILLED     (Actual change / target:    0.00066/   0.00100)
(INFO    ) [15:36:05|tosca_opt] Local design variables criterion   : NOT_FULFILLED (Actual change / target:    0.00825/   0.00500)
(INFO    ) [15:36:05|tosca_opt] Global stop criterion              : NOT_FULFILLED (Max number of design cycles :  80)
(INFO    ) [15:36:05|tosca_opt] 
(INFO    ) [15:36:05|tosca_opt]  --------------------------------------------------------------------------
(INFO    ) [15:36:05|tosca_opt] | ANALYZE VALUE OF VARIABLES after OPTIMIZATION                            |
(INFO    ) [15:36:05|tosca_opt]  --------------------------------------------------------------------------
(INFO    ) [15:36:05|tosca_opt]  --------------------------------------------------------------------------
(INFO    ) [15:36:05|tosca_opt] | VARIABLES and DESIGN RESPONSES                                           |
(INFO    ) [15:36:05|tosca_opt]  --------------------------------------------------------------------------
(INFO    ) [15:36:05|tosca_opt]  DRESP_STRAIN_ENERGY                       :    2.7056
(INFO    ) [15:36:05|tosca_opt]  DRESP_VOLUME                              :    1259.0
(INFO    ) [15:36:05|tosca_opt]  --------------------------------------------------------------------------
(INFO    ) [15:36:06|tosca_opt]  --------------------------------------------------------------------------
(INFO    ) [15:36:06|tosca_opt] | Report of OPTIMIZATION Results                                           |
(INFO    ) [15:36:06|tosca_opt]  --------------------------------------------------------------------------
(INFO    ) [15:36:06|tosca_opt]  DESIGN CYCLE                :  44
(INFO    ) [15:36:06|tosca_opt]  OPTIMIZE name               : TOPOLOGY_OPTIMIZATION
(INFO    ) [15:36:06|tosca_opt]  OBJ_FUNC name               : MIN_SE
(INFO    ) [15:36:06|tosca_opt]  OBJ_FUNC value              :     2.70558
(INFO    ) [15:36:06|tosca_opt]  ==========================================================================
(INFO    ) [15:36:06|tosca_opt] |     Name of OBJ_FUNC_TERM      |   Value    |   Weight   |   Reference   |
(INFO    ) [15:36:06|tosca_opt]  ==========================================================================
(INFO    ) [15:36:06|tosca_opt] | DRESP_STRAIN_ENERGY            | 2.70558    | 1.0        | 0.0           |
(INFO    ) [15:36:06|tosca_opt]  ==========================================================================
(INFO    ) [15:36:06|tosca_opt] * SIMULIA Tosca Structure INFORMATION *
(INFO    ) [15:36:06|tosca_opt] Writing CONSTRAINTs with default normalization.
(INFO    ) [15:36:06|tosca_opt] For NORM value  <= 1.0   -->    CONSTRAINT is OK ( For all CONSTRAINT types )
(INFO    ) [15:36:06|tosca_opt]  ==========================================================================
(INFO    ) [15:36:06|tosca_opt] |  Name of CONSTRAINT  |  Act. Value  | Op.  | Target  |   Norm   | Status |
(INFO    ) [15:36:06|tosca_opt]  ==========================================================================
(INFO    ) [15:36:06|tosca_opt] | VOL_CONSTRAINT       | 0.499011     | <=   | 0.5     | 0.998022 | TRUE   |
(INFO    ) [15:36:06|tosca_opt]  ==========================================================================
(INFO    ) [15:36:09|tosca_opt]  --------------------------------------------------------------------------
(INFO    ) [15:36:09|tosca_opt] | Some STOP CRITERIA NOT satisfied this iteration                          |
(INFO    ) [15:36:09|tosca_opt]  --------------------------------------------------------------------------
(INFO    ) [15:36:09|tosca_opt]  --------------------------------------------------------------------------
(INFO    ) [15:36:09|tosca_opt] | End of DESIGN CYCLE NUMBER: 44                                           |
(INFO    ) [15:36:09|tosca_opt]  --------------------------------------------------------------------------
(INFO    ) [15:36:10|tosca_opt] Application finished successfully
(INFO    ) [15:36:10|tosca_driver] Module SMATsoToscaOpt has finished with exit code 0
(INFO    ) [15:36:10|tosca_driver] Calling: /uufs/chpc.utah.edu/sys/installdir/abaqus/2025/linux_a64/code/bin/SMATrtOptResExportTool --loglevel INFO --cycle 44 --onf_output ON
(INFO    ) [15:36:10|opt_res_export_tool] SIMULIA Tosca Structure.opt_res_export_tool - version 3DEXPERIENCE R2025x - build R427 - 20240925T190012Z 64 bit
(INFO    ) [15:36:10|opt_res_export_tool] Extracting results from opt_res_database
(INFO    ) [15:36:10|opt_res_export_tool] SIMULIA Tosca Structure.opt_res_export_tool finished successfully
(INFO    ) [15:36:10|tosca_driver] Module SMATrtOptResExportTool has finished with exit code 0
(NOTICE  ) [15:36:10|tosca_driver] Design cycle 45 started on 2026-02-19
(NOTICE  ) [15:36:10|tosca_driver] Starting Abaqus analysis - design cycle 45
(INFO    ) [15:36:10|tosca_driver] Activating the solver
(INFO    ) [15:36:10|tosca_driver] Calling hooks before module abaqus
(INFO    ) [15:36:10|tosca_driver] Calling: /uufs/chpc.utah.edu/sys/installdir/abaqus/2025/linux_a64/code/bin/SMATsoAbaqusTsProvider -j airbeam_vol --cycle 45
(INFO    ) [15:36:10|hook] Timestamp file written successfully
(INFO    ) [15:36:10|tosca_driver] Module hook has finished with exit code 0
(INFO    ) [15:36:11|tosca_driver] Fe-solver abaqus finished with job airbeam_vol.inp
(INFO    ) [15:36:11|tosca_driver] Elapsed time (inc. overhead): 0:00:01.302858
(INFO    ) [15:36:11|tosca_driver] Elapsed time of abaqus : 0:00:01.373252  -  current time : 15:36:11.972691
(INFO    ) [15:36:11|tosca_driver] Solution complete
(INFO    ) [15:36:11|tosca_driver] Checking solver output file: /uufs/chpc.utah.edu/common/home/u6074059/Abaqus/paper_reproduction/experiment7/run_7d/airbeam_7d_tosca/airbeam_vol.msg
(INFO    ) [15:36:11|tosca_driver] Searching for success check string: "THE ANALYSIS HAS BEEN COMPLETED"
(INFO    ) [15:36:11|tosca_driver] Calling: /uufs/chpc.utah.edu/sys/installdir/abaqus/2025/linux_a64/code/bin/SMATsoOdbToVtmMain --solver abaqus --loglevel INFO --format_matrices sim --cycle 45 --perturbation 0 /uufs/chpc.utah.edu/common/home/u6074059/Abaqus/paper_reproduction/experiment7/run_7d/airbeam_7d_tosca/airbeam_vol
(INFO    ) [15:36:12|odb_to_vtm] SIMULIA Tosca Structure.odb_to_vtm - version 3DEXPERIENCE R2025x - build R427 - 20240925T190012Z 64 bit
(INFO    ) [15:36:12|odb_to_vtm] Reading Abaqus ODB output file /uufs/chpc.utah.edu/common/home/u6074059/Abaqus/paper_reproduction/experiment7/run_7d/airbeam_7d_tosca/airbeam_vol
(INFO    ) [15:36:12|odb_to_vtm] Reading results from the Abaqus result database /uufs/chpc.utah.edu/common/home/u6074059/Abaqus/paper_reproduction/experiment7/run_7d/airbeam_7d_tosca/airbeam_vol.odb
(INFO    ) [15:36:13|odb_to_vtm] SIMULIA Tosca Structure.odb_to_vtm finished successfully
(INFO    ) [15:36:13|tosca_driver] Module SMATsoOdbToVtmMain has finished with exit code 0
(NOTICE  ) [15:36:13|tosca_driver] Starting Tosca Structure optimization module - design cycle 45
(INFO    ) [15:36:13|tosca_driver] Calling: /uufs/chpc.utah.edu/sys/installdir/abaqus/2025/linux_a64/code/bin/SMATsoToscaOpt --loglevel INFO
(INFO    ) [15:36:13|tosca_opt] SIMULIA Tosca Structure.tosca_opt - version 3DEXPERIENCE R2025x - build R427 - 20240925T190012Z 64 bit
(INFO    ) [15:36:13|tosca_opt]  --------------------------------------------------------------------------
(INFO    ) [15:36:13|tosca_opt] |                ___  ___  __  __  _   _  _     ___    _                   |
(INFO    ) [15:36:13|tosca_opt] |               / __||_ _||  \/  || | | || |   |_ _|  /_\                  |
(INFO    ) [15:36:13|tosca_opt] |               \__ \ | | | |\/| || |_| || |__  | |  / _ \                 |
(INFO    ) [15:36:13|tosca_opt] |               |___/|___||_|  |_| \___/ |____||___|/_/ \_\                |
(INFO    ) [15:36:13|tosca_opt] |                        _____                                             |
(INFO    ) [15:36:13|tosca_opt] |                       |_   _|___  ___ __  __ _                           |
(INFO    ) [15:36:13|tosca_opt] |                         | | / _ \(_-</ _|/ _` |                          |
(INFO    ) [15:36:13|tosca_opt] |                         |_| \___//__/\__|\__,_|                          |
(INFO    ) [15:36:13|tosca_opt] |              ___  _                   _                                  |
(INFO    ) [15:36:13|tosca_opt] |             / __|| |_  _ _  _  _  __ | |_  _  _  _ _  ___                |
(INFO    ) [15:36:13|tosca_opt] |             \__ \|  _|| `_|| || |/ _||  _|| || || `_|/ -_)               |
(INFO    ) [15:36:13|tosca_opt] |             |___/ \__||_|   \_,_|\__| \__| \_,_||_|  \___|               |
(INFO    ) [15:36:13|tosca_opt] |                                                                          |
(INFO    ) [15:36:13|tosca_opt]  --------------------------------------------------------------------------
(INFO    ) [15:36:13|tosca_opt] | Version 3DEXPERIENCE R2025x                                              |
(INFO    ) [15:36:13|tosca_opt] | DATE:   2026-02-19                                                       |
(INFO    ) [15:36:13|tosca_opt]  --------------------------------------------------------------------------
(INFO    ) [15:36:14|tosca_opt]  --------------------------------------------------------------------------
(INFO    ) [15:36:14|tosca_opt] | Begin of DESIGN CYCLE NUMBER: 45                                         |
(INFO    ) [15:36:14|tosca_opt]  --------------------------------------------------------------------------
(INFO    ) [15:36:14|tosca_opt] Checking for existence of results
(INFO    ) [15:36:14|tosca_opt]  --------------------------------------------------------------------------
(INFO    ) [15:36:14|tosca_opt] | ANALYZE VALUE OF VARIABLES before OPTIMIZATION                           |
(INFO    ) [15:36:14|tosca_opt]  --------------------------------------------------------------------------
(INFO    ) [15:36:14|tosca_opt]  --------------------------------------------------------------------------
(INFO    ) [15:36:14|tosca_opt] | Convergence Criteria in Design Cycle 45                                  |
(INFO    ) [15:36:14|tosca_opt]  --------------------------------------------------------------------------
(INFO    ) [15:36:14|tosca_opt] Optimization converged. Both criteria checked.
(INFO    ) [15:36:14|tosca_opt] Local objective function criterion : NOT_FULFILLED (Actual change / target:    0.00108/   0.00100)
(INFO    ) [15:36:14|tosca_opt] Local design variables criterion   : NOT_FULFILLED (Actual change / target:    0.00806/   0.00500)
(INFO    ) [15:36:14|tosca_opt] Global stop criterion              : NOT_FULFILLED (Max number of design cycles :  80)
(INFO    ) [15:36:14|tosca_opt] 
(INFO    ) [15:36:14|tosca_opt]  --------------------------------------------------------------------------
(INFO    ) [15:36:14|tosca_opt] | ANALYZE VALUE OF VARIABLES after OPTIMIZATION                            |
(INFO    ) [15:36:14|tosca_opt]  --------------------------------------------------------------------------
(INFO    ) [15:36:14|tosca_opt]  --------------------------------------------------------------------------
(INFO    ) [15:36:14|tosca_opt] | VARIABLES and DESIGN RESPONSES                                           |
(INFO    ) [15:36:14|tosca_opt]  --------------------------------------------------------------------------
(INFO    ) [15:36:14|tosca_opt]  DRESP_STRAIN_ENERGY                       :    2.7027
(INFO    ) [15:36:14|tosca_opt]  DRESP_VOLUME                              :    1259.1
(INFO    ) [15:36:14|tosca_opt]  --------------------------------------------------------------------------
(INFO    ) [15:36:14|tosca_opt]  --------------------------------------------------------------------------
(INFO    ) [15:36:14|tosca_opt] | Report of OPTIMIZATION Results                                           |
(INFO    ) [15:36:14|tosca_opt]  --------------------------------------------------------------------------
(INFO    ) [15:36:14|tosca_opt]  DESIGN CYCLE                :  45
(INFO    ) [15:36:14|tosca_opt]  OPTIMIZE name               : TOPOLOGY_OPTIMIZATION
(INFO    ) [15:36:14|tosca_opt]  OBJ_FUNC name               : MIN_SE
(INFO    ) [15:36:14|tosca_opt]  OBJ_FUNC value              :     2.70267
(INFO    ) [15:36:14|tosca_opt]  ==========================================================================
(INFO    ) [15:36:14|tosca_opt] |     Name of OBJ_FUNC_TERM      |   Value    |   Weight   |   Reference   |
(INFO    ) [15:36:14|tosca_opt]  ==========================================================================
(INFO    ) [15:36:14|tosca_opt] | DRESP_STRAIN_ENERGY            | 2.70267    | 1.0        | 0.0           |
(INFO    ) [15:36:14|tosca_opt]  ==========================================================================
(INFO    ) [15:36:14|tosca_opt] * SIMULIA Tosca Structure INFORMATION *
(INFO    ) [15:36:14|tosca_opt] Writing CONSTRAINTs with default normalization.
(INFO    ) [15:36:14|tosca_opt] For NORM value  <= 1.0   -->    CONSTRAINT is OK ( For all CONSTRAINT types )
(INFO    ) [15:36:14|tosca_opt]  ==========================================================================
(INFO    ) [15:36:14|tosca_opt] |  Name of CONSTRAINT  |  Act. Value  | Op.  | Target  |   Norm   | Status |
(INFO    ) [15:36:14|tosca_opt]  ==========================================================================
(INFO    ) [15:36:14|tosca_opt] | VOL_CONSTRAINT       | 0.499056     | <=   | 0.5     | 0.998113 | TRUE   |
(INFO    ) [15:36:14|tosca_opt]  ==========================================================================
(INFO    ) [15:36:16|tosca_opt]  --------------------------------------------------------------------------
(INFO    ) [15:36:16|tosca_opt] | Some STOP CRITERIA NOT satisfied this iteration                          |
(INFO    ) [15:36:16|tosca_opt]  --------------------------------------------------------------------------
(INFO    ) [15:36:17|tosca_opt]  --------------------------------------------------------------------------
(INFO    ) [15:36:17|tosca_opt] | End of DESIGN CYCLE NUMBER: 45                                           |
(INFO    ) [15:36:17|tosca_opt]  --------------------------------------------------------------------------
(INFO    ) [15:36:17|tosca_opt] Application finished successfully
(INFO    ) [15:36:17|tosca_driver] Module SMATsoToscaOpt has finished with exit code 0
(INFO    ) [15:36:17|tosca_driver] Calling: /uufs/chpc.utah.edu/sys/installdir/abaqus/2025/linux_a64/code/bin/SMATrtOptResExportTool --loglevel INFO --cycle 45 --onf_output ON
(INFO    ) [15:36:17|opt_res_export_tool] SIMULIA Tosca Structure.opt_res_export_tool - version 3DEXPERIENCE R2025x - build R427 - 20240925T190012Z 64 bit
(INFO    ) [15:36:17|opt_res_export_tool] Extracting results from opt_res_database
(INFO    ) [15:36:17|opt_res_export_tool] SIMULIA Tosca Structure.opt_res_export_tool finished successfully
(INFO    ) [15:36:17|tosca_driver] Module SMATrtOptResExportTool has finished with exit code 0
(NOTICE  ) [15:36:17|tosca_driver] Design cycle 46 started on 2026-02-19
(NOTICE  ) [15:36:17|tosca_driver] Starting Abaqus analysis - design cycle 46
(INFO    ) [15:36:17|tosca_driver] Activating the solver
(INFO    ) [15:36:17|tosca_driver] Calling hooks before module abaqus
(INFO    ) [15:36:17|tosca_driver] Calling: /uufs/chpc.utah.edu/sys/installdir/abaqus/2025/linux_a64/code/bin/SMATsoAbaqusTsProvider -j airbeam_vol --cycle 46
(INFO    ) [15:36:17|hook] Timestamp file written successfully
(INFO    ) [15:36:17|tosca_driver] Module hook has finished with exit code 0
(INFO    ) [15:36:18|tosca_driver] Fe-solver abaqus finished with job airbeam_vol.inp
(INFO    ) [15:36:18|tosca_driver] Elapsed time (inc. overhead): 0:00:01.102540
(INFO    ) [15:36:18|tosca_driver] Elapsed time of abaqus : 0:00:01.168228  -  current time : 15:36:18.973245
(INFO    ) [15:36:18|tosca_driver] Solution complete
(INFO    ) [15:36:18|tosca_driver] Checking solver output file: /uufs/chpc.utah.edu/common/home/u6074059/Abaqus/paper_reproduction/experiment7/run_7d/airbeam_7d_tosca/airbeam_vol.msg
(INFO    ) [15:36:18|tosca_driver] Searching for success check string: "THE ANALYSIS HAS BEEN COMPLETED"
(INFO    ) [15:36:18|tosca_driver] Calling: /uufs/chpc.utah.edu/sys/installdir/abaqus/2025/linux_a64/code/bin/SMATsoOdbToVtmMain --solver abaqus --loglevel INFO --format_matrices sim --cycle 46 --perturbation 0 /uufs/chpc.utah.edu/common/home/u6074059/Abaqus/paper_reproduction/experiment7/run_7d/airbeam_7d_tosca/airbeam_vol
(INFO    ) [15:36:19|odb_to_vtm] SIMULIA Tosca Structure.odb_to_vtm - version 3DEXPERIENCE R2025x - build R427 - 20240925T190012Z 64 bit
(INFO    ) [15:36:19|odb_to_vtm] Reading Abaqus ODB output file /uufs/chpc.utah.edu/common/home/u6074059/Abaqus/paper_reproduction/experiment7/run_7d/airbeam_7d_tosca/airbeam_vol
(INFO    ) [15:36:19|odb_to_vtm] Reading results from the Abaqus result database /uufs/chpc.utah.edu/common/home/u6074059/Abaqus/paper_reproduction/experiment7/run_7d/airbeam_7d_tosca/airbeam_vol.odb
(INFO    ) [15:36:19|odb_to_vtm] SIMULIA Tosca Structure.odb_to_vtm finished successfully
(INFO    ) [15:36:19|tosca_driver] Module SMATsoOdbToVtmMain has finished with exit code 0
(NOTICE  ) [15:36:19|tosca_driver] Starting Tosca Structure optimization module - design cycle 46
(INFO    ) [15:36:19|tosca_driver] Calling: /uufs/chpc.utah.edu/sys/installdir/abaqus/2025/linux_a64/code/bin/SMATsoToscaOpt --loglevel INFO
(INFO    ) [15:36:19|tosca_opt] SIMULIA Tosca Structure.tosca_opt - version 3DEXPERIENCE R2025x - build R427 - 20240925T190012Z 64 bit
(INFO    ) [15:36:19|tosca_opt]  --------------------------------------------------------------------------
(INFO    ) [15:36:19|tosca_opt] |                ___  ___  __  __  _   _  _     ___    _                   |
(INFO    ) [15:36:19|tosca_opt] |               / __||_ _||  \/  || | | || |   |_ _|  /_\                  |
(INFO    ) [15:36:19|tosca_opt] |               \__ \ | | | |\/| || |_| || |__  | |  / _ \                 |
(INFO    ) [15:36:19|tosca_opt] |               |___/|___||_|  |_| \___/ |____||___|/_/ \_\                |
(INFO    ) [15:36:19|tosca_opt] |                        _____                                             |
(INFO    ) [15:36:19|tosca_opt] |                       |_   _|___  ___ __  __ _                           |
(INFO    ) [15:36:19|tosca_opt] |                         | | / _ \(_-</ _|/ _` |                          |
(INFO    ) [15:36:19|tosca_opt] |                         |_| \___//__/\__|\__,_|                          |
(INFO    ) [15:36:19|tosca_opt] |              ___  _                   _                                  |
(INFO    ) [15:36:19|tosca_opt] |             / __|| |_  _ _  _  _  __ | |_  _  _  _ _  ___                |
(INFO    ) [15:36:19|tosca_opt] |             \__ \|  _|| `_|| || |/ _||  _|| || || `_|/ -_)               |
(INFO    ) [15:36:19|tosca_opt] |             |___/ \__||_|   \_,_|\__| \__| \_,_||_|  \___|               |
(INFO    ) [15:36:19|tosca_opt] |                                                                          |
(INFO    ) [15:36:19|tosca_opt]  --------------------------------------------------------------------------
(INFO    ) [15:36:19|tosca_opt] | Version 3DEXPERIENCE R2025x                                              |
(INFO    ) [15:36:19|tosca_opt] | DATE:   2026-02-19                                                       |
(INFO    ) [15:36:19|tosca_opt]  --------------------------------------------------------------------------
(INFO    ) [15:36:20|tosca_opt]  --------------------------------------------------------------------------
(INFO    ) [15:36:20|tosca_opt] | Begin of DESIGN CYCLE NUMBER: 46                                         |
(INFO    ) [15:36:20|tosca_opt]  --------------------------------------------------------------------------
(INFO    ) [15:36:20|tosca_opt] Checking for existence of results
(INFO    ) [15:36:20|tosca_opt]  --------------------------------------------------------------------------
(INFO    ) [15:36:20|tosca_opt] | ANALYZE VALUE OF VARIABLES before OPTIMIZATION                           |
(INFO    ) [15:36:20|tosca_opt]  --------------------------------------------------------------------------
(INFO    ) [15:36:20|tosca_opt]  --------------------------------------------------------------------------
(INFO    ) [15:36:20|tosca_opt] | Convergence Criteria in Design Cycle 46                                  |
(INFO    ) [15:36:20|tosca_opt]  --------------------------------------------------------------------------
(INFO    ) [15:36:20|tosca_opt] Optimization converged. Both criteria checked.
(INFO    ) [15:36:20|tosca_opt] Local objective function criterion : FULFILLED     (Actual change / target:    0.00076/   0.00100)
(INFO    ) [15:36:20|tosca_opt] Local design variables criterion   : NOT_FULFILLED (Actual change / target:    0.00744/   0.00500)
(INFO    ) [15:36:20|tosca_opt] Global stop criterion              : NOT_FULFILLED (Max number of design cycles :  80)
(INFO    ) [15:36:20|tosca_opt] 
(INFO    ) [15:36:20|tosca_opt]  --------------------------------------------------------------------------
(INFO    ) [15:36:20|tosca_opt] | ANALYZE VALUE OF VARIABLES after OPTIMIZATION                            |
(INFO    ) [15:36:20|tosca_opt]  --------------------------------------------------------------------------
(INFO    ) [15:36:20|tosca_opt]  --------------------------------------------------------------------------
(INFO    ) [15:36:20|tosca_opt] | VARIABLES and DESIGN RESPONSES                                           |
(INFO    ) [15:36:20|tosca_opt]  --------------------------------------------------------------------------
(INFO    ) [15:36:20|tosca_opt]  DRESP_STRAIN_ENERGY                       :    2.7006
(INFO    ) [15:36:20|tosca_opt]  DRESP_VOLUME                              :    1259.2
(INFO    ) [15:36:20|tosca_opt]  --------------------------------------------------------------------------
(INFO    ) [15:36:21|tosca_opt]  --------------------------------------------------------------------------
(INFO    ) [15:36:21|tosca_opt] | Report of OPTIMIZATION Results                                           |
(INFO    ) [15:36:21|tosca_opt]  --------------------------------------------------------------------------
(INFO    ) [15:36:21|tosca_opt]  DESIGN CYCLE                :  46
(INFO    ) [15:36:21|tosca_opt]  OPTIMIZE name               : TOPOLOGY_OPTIMIZATION
(INFO    ) [15:36:21|tosca_opt]  OBJ_FUNC name               : MIN_SE
(INFO    ) [15:36:21|tosca_opt]  OBJ_FUNC value              :     2.70061
(INFO    ) [15:36:21|tosca_opt]  ==========================================================================
(INFO    ) [15:36:21|tosca_opt] |     Name of OBJ_FUNC_TERM      |   Value    |   Weight   |   Reference   |
(INFO    ) [15:36:21|tosca_opt]  ==========================================================================
(INFO    ) [15:36:21|tosca_opt] | DRESP_STRAIN_ENERGY            | 2.70061    | 1.0        | 0.0           |
(INFO    ) [15:36:21|tosca_opt]  ==========================================================================
(INFO    ) [15:36:21|tosca_opt] * SIMULIA Tosca Structure INFORMATION *
(INFO    ) [15:36:21|tosca_opt] Writing CONSTRAINTs with default normalization.
(INFO    ) [15:36:21|tosca_opt] For NORM value  <= 1.0   -->    CONSTRAINT is OK ( For all CONSTRAINT types )
(INFO    ) [15:36:21|tosca_opt]  ==========================================================================
(INFO    ) [15:36:21|tosca_opt] |  Name of CONSTRAINT  |  Act. Value  | Op.  | Target  |   Norm   | Status |
(INFO    ) [15:36:21|tosca_opt]  ==========================================================================
(INFO    ) [15:36:21|tosca_opt] | VOL_CONSTRAINT       | 0.499082     | <=   | 0.5     | 0.998164 | TRUE   |
(INFO    ) [15:36:21|tosca_opt]  ==========================================================================
(INFO    ) [15:36:23|tosca_opt]  --------------------------------------------------------------------------
(INFO    ) [15:36:23|tosca_opt] | Some STOP CRITERIA NOT satisfied this iteration                          |
(INFO    ) [15:36:23|tosca_opt]  --------------------------------------------------------------------------
(INFO    ) [15:36:24|tosca_opt]  --------------------------------------------------------------------------
(INFO    ) [15:36:24|tosca_opt] | End of DESIGN CYCLE NUMBER: 46                                           |
(INFO    ) [15:36:24|tosca_opt]  --------------------------------------------------------------------------
(INFO    ) [15:36:24|tosca_opt] Application finished successfully
(INFO    ) [15:36:24|tosca_driver] Module SMATsoToscaOpt has finished with exit code 0
(INFO    ) [15:36:24|tosca_driver] Calling: /uufs/chpc.utah.edu/sys/installdir/abaqus/2025/linux_a64/code/bin/SMATrtOptResExportTool --loglevel INFO --cycle 46 --onf_output ON
(INFO    ) [15:36:24|opt_res_export_tool] SIMULIA Tosca Structure.opt_res_export_tool - version 3DEXPERIENCE R2025x - build R427 - 20240925T190012Z 64 bit
(INFO    ) [15:36:24|opt_res_export_tool] Extracting results from opt_res_database
(INFO    ) [15:36:24|opt_res_export_tool] SIMULIA Tosca Structure.opt_res_export_tool finished successfully
(INFO    ) [15:36:24|tosca_driver] Module SMATrtOptResExportTool has finished with exit code 0
(NOTICE  ) [15:36:25|tosca_driver] Design cycle 47 started on 2026-02-19
(NOTICE  ) [15:36:25|tosca_driver] Starting Abaqus analysis - design cycle 47
(INFO    ) [15:36:25|tosca_driver] Activating the solver
(INFO    ) [15:36:25|tosca_driver] Calling hooks before module abaqus
(INFO    ) [15:36:25|tosca_driver] Calling: /uufs/chpc.utah.edu/sys/installdir/abaqus/2025/linux_a64/code/bin/SMATsoAbaqusTsProvider -j airbeam_vol --cycle 47
(INFO    ) [15:36:25|hook] Timestamp file written successfully
(INFO    ) [15:36:25|tosca_driver] Module hook has finished with exit code 0
(INFO    ) [15:36:26|tosca_driver] Fe-solver abaqus finished with job airbeam_vol.inp
(INFO    ) [15:36:26|tosca_driver] Elapsed time (inc. overhead): 0:00:01.302844
(INFO    ) [15:36:26|tosca_driver] Elapsed time of abaqus : 0:00:01.368534  -  current time : 15:36:26.789249
(INFO    ) [15:36:26|tosca_driver] Solution complete
(INFO    ) [15:36:26|tosca_driver] Checking solver output file: /uufs/chpc.utah.edu/common/home/u6074059/Abaqus/paper_reproduction/experiment7/run_7d/airbeam_7d_tosca/airbeam_vol.msg
(INFO    ) [15:36:26|tosca_driver] Searching for success check string: "THE ANALYSIS HAS BEEN COMPLETED"
(INFO    ) [15:36:26|tosca_driver] Calling: /uufs/chpc.utah.edu/sys/installdir/abaqus/2025/linux_a64/code/bin/SMATsoOdbToVtmMain --solver abaqus --loglevel INFO --format_matrices sim --cycle 47 --perturbation 0 /uufs/chpc.utah.edu/common/home/u6074059/Abaqus/paper_reproduction/experiment7/run_7d/airbeam_7d_tosca/airbeam_vol
(INFO    ) [15:36:26|odb_to_vtm] SIMULIA Tosca Structure.odb_to_vtm - version 3DEXPERIENCE R2025x - build R427 - 20240925T190012Z 64 bit
(INFO    ) [15:36:27|odb_to_vtm] Reading Abaqus ODB output file /uufs/chpc.utah.edu/common/home/u6074059/Abaqus/paper_reproduction/experiment7/run_7d/airbeam_7d_tosca/airbeam_vol
(INFO    ) [15:36:27|odb_to_vtm] Reading results from the Abaqus result database /uufs/chpc.utah.edu/common/home/u6074059/Abaqus/paper_reproduction/experiment7/run_7d/airbeam_7d_tosca/airbeam_vol.odb
(INFO    ) [15:36:27|odb_to_vtm] SIMULIA Tosca Structure.odb_to_vtm finished successfully
(INFO    ) [15:36:27|tosca_driver] Module SMATsoOdbToVtmMain has finished with exit code 0
(NOTICE  ) [15:36:27|tosca_driver] Starting Tosca Structure optimization module - design cycle 47
(INFO    ) [15:36:27|tosca_driver] Calling: /uufs/chpc.utah.edu/sys/installdir/abaqus/2025/linux_a64/code/bin/SMATsoToscaOpt --loglevel INFO
(INFO    ) [15:36:27|tosca_opt] SIMULIA Tosca Structure.tosca_opt - version 3DEXPERIENCE R2025x - build R427 - 20240925T190012Z 64 bit
(INFO    ) [15:36:27|tosca_opt]  --------------------------------------------------------------------------
(INFO    ) [15:36:27|tosca_opt] |                ___  ___  __  __  _   _  _     ___    _                   |
(INFO    ) [15:36:27|tosca_opt] |               / __||_ _||  \/  || | | || |   |_ _|  /_\                  |
(INFO    ) [15:36:27|tosca_opt] |               \__ \ | | | |\/| || |_| || |__  | |  / _ \                 |
(INFO    ) [15:36:27|tosca_opt] |               |___/|___||_|  |_| \___/ |____||___|/_/ \_\                |
(INFO    ) [15:36:27|tosca_opt] |                        _____                                             |
(INFO    ) [15:36:27|tosca_opt] |                       |_   _|___  ___ __  __ _                           |
(INFO    ) [15:36:27|tosca_opt] |                         | | / _ \(_-</ _|/ _` |                          |
(INFO    ) [15:36:27|tosca_opt] |                         |_| \___//__/\__|\__,_|                          |
(INFO    ) [15:36:27|tosca_opt] |              ___  _                   _                                  |
(INFO    ) [15:36:27|tosca_opt] |             / __|| |_  _ _  _  _  __ | |_  _  _  _ _  ___                |
(INFO    ) [15:36:27|tosca_opt] |             \__ \|  _|| `_|| || |/ _||  _|| || || `_|/ -_)               |
(INFO    ) [15:36:27|tosca_opt] |             |___/ \__||_|   \_,_|\__| \__| \_,_||_|  \___|               |
(INFO    ) [15:36:27|tosca_opt] |                                                                          |
(INFO    ) [15:36:27|tosca_opt]  --------------------------------------------------------------------------
(INFO    ) [15:36:27|tosca_opt] | Version 3DEXPERIENCE R2025x                                              |
(INFO    ) [15:36:27|tosca_opt] | DATE:   2026-02-19                                                       |
(INFO    ) [15:36:27|tosca_opt]  --------------------------------------------------------------------------
(INFO    ) [15:36:28|tosca_opt]  --------------------------------------------------------------------------
(INFO    ) [15:36:28|tosca_opt] | Begin of DESIGN CYCLE NUMBER: 47                                         |
(INFO    ) [15:36:28|tosca_opt]  --------------------------------------------------------------------------
(INFO    ) [15:36:28|tosca_opt] Checking for existence of results
(INFO    ) [15:36:28|tosca_opt]  --------------------------------------------------------------------------
(INFO    ) [15:36:28|tosca_opt] | ANALYZE VALUE OF VARIABLES before OPTIMIZATION                           |
(INFO    ) [15:36:28|tosca_opt]  --------------------------------------------------------------------------
(INFO    ) [15:36:28|tosca_opt]  --------------------------------------------------------------------------
(INFO    ) [15:36:28|tosca_opt] | Convergence Criteria in Design Cycle 47                                  |
(INFO    ) [15:36:28|tosca_opt]  --------------------------------------------------------------------------
(INFO    ) [15:36:28|tosca_opt] Optimization converged. Both criteria checked.
(INFO    ) [15:36:28|tosca_opt] Local objective function criterion : NOT_FULFILLED (Actual change / target:    0.00189/   0.00100)
(INFO    ) [15:36:28|tosca_opt] Local design variables criterion   : NOT_FULFILLED (Actual change / target:    0.00672/   0.00500)
(INFO    ) [15:36:28|tosca_opt] Global stop criterion              : NOT_FULFILLED (Max number of design cycles :  80)
(INFO    ) [15:36:28|tosca_opt] 
(INFO    ) [15:36:28|tosca_opt]  --------------------------------------------------------------------------
(INFO    ) [15:36:28|tosca_opt] | ANALYZE VALUE OF VARIABLES after OPTIMIZATION                            |
(INFO    ) [15:36:28|tosca_opt]  --------------------------------------------------------------------------
(INFO    ) [15:36:28|tosca_opt]  --------------------------------------------------------------------------
(INFO    ) [15:36:28|tosca_opt] | VARIABLES and DESIGN RESPONSES                                           |
(INFO    ) [15:36:28|tosca_opt]  --------------------------------------------------------------------------
(INFO    ) [15:36:28|tosca_opt]  DRESP_STRAIN_ENERGY                       :    2.6955
(INFO    ) [15:36:28|tosca_opt]  DRESP_VOLUME                              :    1259.9
(INFO    ) [15:36:28|tosca_opt]  --------------------------------------------------------------------------
(INFO    ) [15:36:28|tosca_opt]  --------------------------------------------------------------------------
(INFO    ) [15:36:28|tosca_opt] | Report of OPTIMIZATION Results                                           |
(INFO    ) [15:36:28|tosca_opt]  --------------------------------------------------------------------------
(INFO    ) [15:36:28|tosca_opt]  DESIGN CYCLE                :  47
(INFO    ) [15:36:28|tosca_opt]  OPTIMIZE name               : TOPOLOGY_OPTIMIZATION
(INFO    ) [15:36:28|tosca_opt]  OBJ_FUNC name               : MIN_SE
(INFO    ) [15:36:28|tosca_opt]  OBJ_FUNC value              :     2.69551
(INFO    ) [15:36:28|tosca_opt]  ==========================================================================
(INFO    ) [15:36:28|tosca_opt] |     Name of OBJ_FUNC_TERM      |   Value    |   Weight   |   Reference   |
(INFO    ) [15:36:28|tosca_opt]  ==========================================================================
(INFO    ) [15:36:28|tosca_opt] | DRESP_STRAIN_ENERGY            | 2.69551    | 1.0        | 0.0           |
(INFO    ) [15:36:28|tosca_opt]  ==========================================================================
(INFO    ) [15:36:28|tosca_opt] * SIMULIA Tosca Structure INFORMATION *
(INFO    ) [15:36:28|tosca_opt] Writing CONSTRAINTs with default normalization.
(INFO    ) [15:36:28|tosca_opt] For NORM value  <= 1.0   -->    CONSTRAINT is OK ( For all CONSTRAINT types )
(INFO    ) [15:36:28|tosca_opt]  ==========================================================================
(INFO    ) [15:36:28|tosca_opt] |  Name of CONSTRAINT  |  Act. Value  | Op.  | Target  |   Norm   | Status |
(INFO    ) [15:36:28|tosca_opt]  ==========================================================================
(INFO    ) [15:36:28|tosca_opt] | VOL_CONSTRAINT       | 0.499375     | <=   | 0.5     | 0.998749 | TRUE   |
(INFO    ) [15:36:28|tosca_opt]  ==========================================================================
(INFO    ) [15:36:31|tosca_opt]  --------------------------------------------------------------------------
(INFO    ) [15:36:31|tosca_opt] | Some STOP CRITERIA NOT satisfied this iteration                          |
(INFO    ) [15:36:31|tosca_opt]  --------------------------------------------------------------------------
(INFO    ) [15:36:32|tosca_opt]  --------------------------------------------------------------------------
(INFO    ) [15:36:32|tosca_opt] | End of DESIGN CYCLE NUMBER: 47                                           |
(INFO    ) [15:36:32|tosca_opt]  --------------------------------------------------------------------------
(INFO    ) [15:36:32|tosca_opt] Application finished successfully
(INFO    ) [15:36:32|tosca_driver] Module SMATsoToscaOpt has finished with exit code 0
(INFO    ) [15:36:32|tosca_driver] Calling: /uufs/chpc.utah.edu/sys/installdir/abaqus/2025/linux_a64/code/bin/SMATrtOptResExportTool --loglevel INFO --cycle 47 --onf_output ON
(INFO    ) [15:36:32|opt_res_export_tool] SIMULIA Tosca Structure.opt_res_export_tool - version 3DEXPERIENCE R2025x - build R427 - 20240925T190012Z 64 bit
(INFO    ) [15:36:32|opt_res_export_tool] Extracting results from opt_res_database
(INFO    ) [15:36:32|opt_res_export_tool] SIMULIA Tosca Structure.opt_res_export_tool finished successfully
(INFO    ) [15:36:32|tosca_driver] Module SMATrtOptResExportTool has finished with exit code 0
(NOTICE  ) [15:36:32|tosca_driver] Design cycle 48 started on 2026-02-19
(NOTICE  ) [15:36:33|tosca_driver] Starting Abaqus analysis - design cycle 48
(INFO    ) [15:36:33|tosca_driver] Activating the solver
(INFO    ) [15:36:33|tosca_driver] Calling hooks before module abaqus
(INFO    ) [15:36:33|tosca_driver] Calling: /uufs/chpc.utah.edu/sys/installdir/abaqus/2025/linux_a64/code/bin/SMATsoAbaqusTsProvider -j airbeam_vol --cycle 48
(INFO    ) [15:36:33|hook] Timestamp file written successfully
(INFO    ) [15:36:33|tosca_driver] Module hook has finished with exit code 0
(INFO    ) [15:36:34|tosca_driver] Fe-solver abaqus finished with job airbeam_vol.inp
(INFO    ) [15:36:34|tosca_driver] Elapsed time (inc. overhead): 0:00:01.305317
(INFO    ) [15:36:34|tosca_driver] Elapsed time of abaqus : 0:00:01.380207  -  current time : 15:36:34.402794
(INFO    ) [15:36:34|tosca_driver] Solution complete
(INFO    ) [15:36:34|tosca_driver] Checking solver output file: /uufs/chpc.utah.edu/common/home/u6074059/Abaqus/paper_reproduction/experiment7/run_7d/airbeam_7d_tosca/airbeam_vol.msg
(INFO    ) [15:36:34|tosca_driver] Searching for success check string: "THE ANALYSIS HAS BEEN COMPLETED"
(INFO    ) [15:36:34|tosca_driver] Calling: /uufs/chpc.utah.edu/sys/installdir/abaqus/2025/linux_a64/code/bin/SMATsoOdbToVtmMain --solver abaqus --loglevel INFO --format_matrices sim --cycle 48 --perturbation 0 /uufs/chpc.utah.edu/common/home/u6074059/Abaqus/paper_reproduction/experiment7/run_7d/airbeam_7d_tosca/airbeam_vol
(INFO    ) [15:36:34|odb_to_vtm] SIMULIA Tosca Structure.odb_to_vtm - version 3DEXPERIENCE R2025x - build R427 - 20240925T190012Z 64 bit
(INFO    ) [15:36:34|odb_to_vtm] Reading Abaqus ODB output file /uufs/chpc.utah.edu/common/home/u6074059/Abaqus/paper_reproduction/experiment7/run_7d/airbeam_7d_tosca/airbeam_vol
(INFO    ) [15:36:34|odb_to_vtm] Reading results from the Abaqus result database /uufs/chpc.utah.edu/common/home/u6074059/Abaqus/paper_reproduction/experiment7/run_7d/airbeam_7d_tosca/airbeam_vol.odb
(INFO    ) [15:36:34|odb_to_vtm] SIMULIA Tosca Structure.odb_to_vtm finished successfully
(INFO    ) [15:36:34|tosca_driver] Module SMATsoOdbToVtmMain has finished with exit code 0
(NOTICE  ) [15:36:34|tosca_driver] Starting Tosca Structure optimization module - design cycle 48
(INFO    ) [15:36:34|tosca_driver] Calling: /uufs/chpc.utah.edu/sys/installdir/abaqus/2025/linux_a64/code/bin/SMATsoToscaOpt --loglevel INFO
(INFO    ) [15:36:34|tosca_opt] SIMULIA Tosca Structure.tosca_opt - version 3DEXPERIENCE R2025x - build R427 - 20240925T190012Z 64 bit
(INFO    ) [15:36:34|tosca_opt]  --------------------------------------------------------------------------
(INFO    ) [15:36:34|tosca_opt] |                ___  ___  __  __  _   _  _     ___    _                   |
(INFO    ) [15:36:34|tosca_opt] |               / __||_ _||  \/  || | | || |   |_ _|  /_\                  |
(INFO    ) [15:36:34|tosca_opt] |               \__ \ | | | |\/| || |_| || |__  | |  / _ \                 |
(INFO    ) [15:36:34|tosca_opt] |               |___/|___||_|  |_| \___/ |____||___|/_/ \_\                |
(INFO    ) [15:36:34|tosca_opt] |                        _____                                             |
(INFO    ) [15:36:34|tosca_opt] |                       |_   _|___  ___ __  __ _                           |
(INFO    ) [15:36:34|tosca_opt] |                         | | / _ \(_-</ _|/ _` |                          |
(INFO    ) [15:36:34|tosca_opt] |                         |_| \___//__/\__|\__,_|                          |
(INFO    ) [15:36:34|tosca_opt] |              ___  _                   _                                  |
(INFO    ) [15:36:34|tosca_opt] |             / __|| |_  _ _  _  _  __ | |_  _  _  _ _  ___                |
(INFO    ) [15:36:34|tosca_opt] |             \__ \|  _|| `_|| || |/ _||  _|| || || `_|/ -_)               |
(INFO    ) [15:36:34|tosca_opt] |             |___/ \__||_|   \_,_|\__| \__| \_,_||_|  \___|               |
(INFO    ) [15:36:34|tosca_opt] |                                                                          |
(INFO    ) [15:36:34|tosca_opt]  --------------------------------------------------------------------------
(INFO    ) [15:36:34|tosca_opt] | Version 3DEXPERIENCE R2025x                                              |
(INFO    ) [15:36:34|tosca_opt] | DATE:   2026-02-19                                                       |
(INFO    ) [15:36:34|tosca_opt]  --------------------------------------------------------------------------
(INFO    ) [15:36:35|tosca_opt]  --------------------------------------------------------------------------
(INFO    ) [15:36:35|tosca_opt] | Begin of DESIGN CYCLE NUMBER: 48                                         |
(INFO    ) [15:36:35|tosca_opt]  --------------------------------------------------------------------------
(INFO    ) [15:36:35|tosca_opt] Checking for existence of results
(INFO    ) [15:36:35|tosca_opt]  --------------------------------------------------------------------------
(INFO    ) [15:36:35|tosca_opt] | ANALYZE VALUE OF VARIABLES before OPTIMIZATION                           |
(INFO    ) [15:36:35|tosca_opt]  --------------------------------------------------------------------------
(INFO    ) [15:36:35|tosca_opt]  --------------------------------------------------------------------------
(INFO    ) [15:36:35|tosca_opt] | Convergence Criteria in Design Cycle 48                                  |
(INFO    ) [15:36:35|tosca_opt]  --------------------------------------------------------------------------
(INFO    ) [15:36:35|tosca_opt] Optimization converged. Both criteria checked.
(INFO    ) [15:36:35|tosca_opt] Local objective function criterion : FULFILLED     (Actual change / target:    0.00006/   0.00100)
(INFO    ) [15:36:35|tosca_opt] Local design variables criterion   : NOT_FULFILLED (Actual change / target:    0.00647/   0.00500)
(INFO    ) [15:36:35|tosca_opt] Global stop criterion              : NOT_FULFILLED (Max number of design cycles :  80)
(INFO    ) [15:36:35|tosca_opt] 
(INFO    ) [15:36:36|tosca_opt]  --------------------------------------------------------------------------
(INFO    ) [15:36:36|tosca_opt] | ANALYZE VALUE OF VARIABLES after OPTIMIZATION                            |
(INFO    ) [15:36:36|tosca_opt]  --------------------------------------------------------------------------
(INFO    ) [15:36:36|tosca_opt]  --------------------------------------------------------------------------
(INFO    ) [15:36:36|tosca_opt] | VARIABLES and DESIGN RESPONSES                                           |
(INFO    ) [15:36:36|tosca_opt]  --------------------------------------------------------------------------
(INFO    ) [15:36:36|tosca_opt]  DRESP_STRAIN_ENERGY                       :    2.6953
(INFO    ) [15:36:36|tosca_opt]  DRESP_VOLUME                              :    1259.8
(INFO    ) [15:36:36|tosca_opt]  --------------------------------------------------------------------------
(INFO    ) [15:36:36|tosca_opt]  --------------------------------------------------------------------------
(INFO    ) [15:36:36|tosca_opt] | Report of OPTIMIZATION Results                                           |
(INFO    ) [15:36:36|tosca_opt]  --------------------------------------------------------------------------
(INFO    ) [15:36:36|tosca_opt]  DESIGN CYCLE                :  48
(INFO    ) [15:36:36|tosca_opt]  OPTIMIZE name               : TOPOLOGY_OPTIMIZATION
(INFO    ) [15:36:36|tosca_opt]  OBJ_FUNC name               : MIN_SE
(INFO    ) [15:36:36|tosca_opt]  OBJ_FUNC value              :     2.69534
(INFO    ) [15:36:36|tosca_opt]  ==========================================================================
(INFO    ) [15:36:36|tosca_opt] |     Name of OBJ_FUNC_TERM      |   Value    |   Weight   |   Reference   |
(INFO    ) [15:36:36|tosca_opt]  ==========================================================================
(INFO    ) [15:36:36|tosca_opt] | DRESP_STRAIN_ENERGY            | 2.69534    | 1.0        | 0.0           |
(INFO    ) [15:36:36|tosca_opt]  ==========================================================================
(INFO    ) [15:36:36|tosca_opt] * SIMULIA Tosca Structure INFORMATION *
(INFO    ) [15:36:36|tosca_opt] Writing CONSTRAINTs with default normalization.
(INFO    ) [15:36:36|tosca_opt] For NORM value  <= 1.0   -->    CONSTRAINT is OK ( For all CONSTRAINT types )
(INFO    ) [15:36:36|tosca_opt]  ==========================================================================
(INFO    ) [15:36:36|tosca_opt] |  Name of CONSTRAINT  |  Act. Value  | Op.  | Target  |   Norm   | Status |
(INFO    ) [15:36:36|tosca_opt]  ==========================================================================
(INFO    ) [15:36:36|tosca_opt] | VOL_CONSTRAINT       | 0.499324     | <=   | 0.5     | 0.998648 | TRUE   |
(INFO    ) [15:36:36|tosca_opt]  ==========================================================================
(INFO    ) [15:36:39|tosca_opt]  --------------------------------------------------------------------------
(INFO    ) [15:36:39|tosca_opt] | Some STOP CRITERIA NOT satisfied this iteration                          |
(INFO    ) [15:36:39|tosca_opt]  --------------------------------------------------------------------------
(INFO    ) [15:36:40|tosca_opt]  --------------------------------------------------------------------------
(INFO    ) [15:36:40|tosca_opt] | End of DESIGN CYCLE NUMBER: 48                                           |
(INFO    ) [15:36:40|tosca_opt]  --------------------------------------------------------------------------
(INFO    ) [15:36:40|tosca_opt] Application finished successfully
(INFO    ) [15:36:40|tosca_driver] Module SMATsoToscaOpt has finished with exit code 0
(INFO    ) [15:36:40|tosca_driver] Calling: /uufs/chpc.utah.edu/sys/installdir/abaqus/2025/linux_a64/code/bin/SMATrtOptResExportTool --loglevel INFO --cycle 48 --onf_output ON
(INFO    ) [15:36:40|opt_res_export_tool] SIMULIA Tosca Structure.opt_res_export_tool - version 3DEXPERIENCE R2025x - build R427 - 20240925T190012Z 64 bit
(INFO    ) [15:36:40|opt_res_export_tool] Extracting results from opt_res_database
(INFO    ) [15:36:40|opt_res_export_tool] SIMULIA Tosca Structure.opt_res_export_tool finished successfully
(INFO    ) [15:36:40|tosca_driver] Module SMATrtOptResExportTool has finished with exit code 0
(NOTICE  ) [15:36:40|tosca_driver] Design cycle 49 started on 2026-02-19
(NOTICE  ) [15:36:40|tosca_driver] Starting Abaqus analysis - design cycle 49
(INFO    ) [15:36:40|tosca_driver] Activating the solver
(INFO    ) [15:36:40|tosca_driver] Calling hooks before module abaqus
(INFO    ) [15:36:40|tosca_driver] Calling: /uufs/chpc.utah.edu/sys/installdir/abaqus/2025/linux_a64/code/bin/SMATsoAbaqusTsProvider -j airbeam_vol --cycle 49
(INFO    ) [15:36:40|hook] Timestamp file written successfully
(INFO    ) [15:36:40|tosca_driver] Module hook has finished with exit code 0
(INFO    ) [15:36:42|tosca_driver] Fe-solver abaqus finished with job airbeam_vol.inp
(INFO    ) [15:36:42|tosca_driver] Elapsed time (inc. overhead): 0:00:01.404571
(INFO    ) [15:36:42|tosca_driver] Elapsed time of abaqus : 0:00:01.472639  -  current time : 15:36:42.244413
(INFO    ) [15:36:42|tosca_driver] Solution complete
(INFO    ) [15:36:42|tosca_driver] Checking solver output file: /uufs/chpc.utah.edu/common/home/u6074059/Abaqus/paper_reproduction/experiment7/run_7d/airbeam_7d_tosca/airbeam_vol.msg
(INFO    ) [15:36:42|tosca_driver] Searching for success check string: "THE ANALYSIS HAS BEEN COMPLETED"
(INFO    ) [15:36:42|tosca_driver] Calling: /uufs/chpc.utah.edu/sys/installdir/abaqus/2025/linux_a64/code/bin/SMATsoOdbToVtmMain --solver abaqus --loglevel INFO --format_matrices sim --cycle 49 --perturbation 0 /uufs/chpc.utah.edu/common/home/u6074059/Abaqus/paper_reproduction/experiment7/run_7d/airbeam_7d_tosca/airbeam_vol
(INFO    ) [15:36:42|odb_to_vtm] SIMULIA Tosca Structure.odb_to_vtm - version 3DEXPERIENCE R2025x - build R427 - 20240925T190012Z 64 bit
(INFO    ) [15:36:42|odb_to_vtm] Reading Abaqus ODB output file /uufs/chpc.utah.edu/common/home/u6074059/Abaqus/paper_reproduction/experiment7/run_7d/airbeam_7d_tosca/airbeam_vol
(INFO    ) [15:36:42|odb_to_vtm] Reading results from the Abaqus result database /uufs/chpc.utah.edu/common/home/u6074059/Abaqus/paper_reproduction/experiment7/run_7d/airbeam_7d_tosca/airbeam_vol.odb
(INFO    ) [15:36:42|odb_to_vtm] SIMULIA Tosca Structure.odb_to_vtm finished successfully
(INFO    ) [15:36:42|tosca_driver] Module SMATsoOdbToVtmMain has finished with exit code 0
(NOTICE  ) [15:36:42|tosca_driver] Starting Tosca Structure optimization module - design cycle 49
(INFO    ) [15:36:42|tosca_driver] Calling: /uufs/chpc.utah.edu/sys/installdir/abaqus/2025/linux_a64/code/bin/SMATsoToscaOpt --loglevel INFO
(INFO    ) [15:36:42|tosca_opt] SIMULIA Tosca Structure.tosca_opt - version 3DEXPERIENCE R2025x - build R427 - 20240925T190012Z 64 bit
(INFO    ) [15:36:42|tosca_opt]  --------------------------------------------------------------------------
(INFO    ) [15:36:42|tosca_opt] |                ___  ___  __  __  _   _  _     ___    _                   |
(INFO    ) [15:36:42|tosca_opt] |               / __||_ _||  \/  || | | || |   |_ _|  /_\                  |
(INFO    ) [15:36:42|tosca_opt] |               \__ \ | | | |\/| || |_| || |__  | |  / _ \                 |
(INFO    ) [15:36:42|tosca_opt] |               |___/|___||_|  |_| \___/ |____||___|/_/ \_\                |
(INFO    ) [15:36:42|tosca_opt] |                        _____                                             |
(INFO    ) [15:36:42|tosca_opt] |                       |_   _|___  ___ __  __ _                           |
(INFO    ) [15:36:42|tosca_opt] |                         | | / _ \(_-</ _|/ _` |                          |
(INFO    ) [15:36:42|tosca_opt] |                         |_| \___//__/\__|\__,_|                          |
(INFO    ) [15:36:42|tosca_opt] |              ___  _                   _                                  |
(INFO    ) [15:36:42|tosca_opt] |             / __|| |_  _ _  _  _  __ | |_  _  _  _ _  ___                |
(INFO    ) [15:36:42|tosca_opt] |             \__ \|  _|| `_|| || |/ _||  _|| || || `_|/ -_)               |
(INFO    ) [15:36:42|tosca_opt] |             |___/ \__||_|   \_,_|\__| \__| \_,_||_|  \___|               |
(INFO    ) [15:36:42|tosca_opt] |                                                                          |
(INFO    ) [15:36:42|tosca_opt]  --------------------------------------------------------------------------
(INFO    ) [15:36:42|tosca_opt] | Version 3DEXPERIENCE R2025x                                              |
(INFO    ) [15:36:42|tosca_opt] | DATE:   2026-02-19                                                       |
(INFO    ) [15:36:42|tosca_opt]  --------------------------------------------------------------------------
(INFO    ) [15:36:43|tosca_opt]  --------------------------------------------------------------------------
(INFO    ) [15:36:43|tosca_opt] | Begin of DESIGN CYCLE NUMBER: 49                                         |
(INFO    ) [15:36:43|tosca_opt]  --------------------------------------------------------------------------
(INFO    ) [15:36:43|tosca_opt] Checking for existence of results
(INFO    ) [15:36:43|tosca_opt]  --------------------------------------------------------------------------
(INFO    ) [15:36:43|tosca_opt] | ANALYZE VALUE OF VARIABLES before OPTIMIZATION                           |
(INFO    ) [15:36:43|tosca_opt]  --------------------------------------------------------------------------
(INFO    ) [15:36:44|tosca_opt]  --------------------------------------------------------------------------
(INFO    ) [15:36:44|tosca_opt] | Convergence Criteria in Design Cycle 49                                  |
(INFO    ) [15:36:44|tosca_opt]  --------------------------------------------------------------------------
(INFO    ) [15:36:44|tosca_opt] Optimization converged. Both criteria checked.
(INFO    ) [15:36:44|tosca_opt] Local objective function criterion : FULFILLED     (Actual change / target:    0.00069/   0.00100)
(INFO    ) [15:36:44|tosca_opt] Local design variables criterion   : NOT_FULFILLED (Actual change / target:    0.00619/   0.00500)
(INFO    ) [15:36:44|tosca_opt] Global stop criterion              : NOT_FULFILLED (Max number of design cycles :  80)
(INFO    ) [15:36:44|tosca_opt] 
(INFO    ) [15:36:44|tosca_opt]  --------------------------------------------------------------------------
(INFO    ) [15:36:44|tosca_opt] | ANALYZE VALUE OF VARIABLES after OPTIMIZATION                            |
(INFO    ) [15:36:44|tosca_opt]  --------------------------------------------------------------------------
(INFO    ) [15:36:44|tosca_opt]  --------------------------------------------------------------------------
(INFO    ) [15:36:44|tosca_opt] | VARIABLES and DESIGN RESPONSES                                           |
(INFO    ) [15:36:44|tosca_opt]  --------------------------------------------------------------------------
(INFO    ) [15:36:44|tosca_opt]  DRESP_STRAIN_ENERGY                       :    2.6935
(INFO    ) [15:36:44|tosca_opt]  DRESP_VOLUME                              :    1260.1
(INFO    ) [15:36:44|tosca_opt]  --------------------------------------------------------------------------
(INFO    ) [15:36:44|tosca_opt]  --------------------------------------------------------------------------
(INFO    ) [15:36:44|tosca_opt] | Report of OPTIMIZATION Results                                           |
(INFO    ) [15:36:44|tosca_opt]  --------------------------------------------------------------------------
(INFO    ) [15:36:44|tosca_opt]  DESIGN CYCLE                :  49
(INFO    ) [15:36:44|tosca_opt]  OPTIMIZE name               : TOPOLOGY_OPTIMIZATION
(INFO    ) [15:36:44|tosca_opt]  OBJ_FUNC name               : MIN_SE
(INFO    ) [15:36:44|tosca_opt]  OBJ_FUNC value              :     2.69349
(INFO    ) [15:36:44|tosca_opt]  ==========================================================================
(INFO    ) [15:36:44|tosca_opt] |     Name of OBJ_FUNC_TERM      |   Value    |   Weight   |   Reference   |
(INFO    ) [15:36:44|tosca_opt]  ==========================================================================
(INFO    ) [15:36:44|tosca_opt] | DRESP_STRAIN_ENERGY            | 2.69349    | 1.0        | 0.0           |
(INFO    ) [15:36:44|tosca_opt]  ==========================================================================
(INFO    ) [15:36:44|tosca_opt] * SIMULIA Tosca Structure INFORMATION *
(INFO    ) [15:36:44|tosca_opt] Writing CONSTRAINTs with default normalization.
(INFO    ) [15:36:44|tosca_opt] For NORM value  <= 1.0   -->    CONSTRAINT is OK ( For all CONSTRAINT types )
(INFO    ) [15:36:44|tosca_opt]  ==========================================================================
(INFO    ) [15:36:44|tosca_opt] |  Name of CONSTRAINT  |  Act. Value  | Op.  | Target  |   Norm   | Status |
(INFO    ) [15:36:44|tosca_opt]  ==========================================================================
(INFO    ) [15:36:44|tosca_opt] | VOL_CONSTRAINT       | 0.499426     | <=   | 0.5     | 0.998852 | TRUE   |
(INFO    ) [15:36:44|tosca_opt]  ==========================================================================
(INFO    ) [15:36:48|tosca_opt]  --------------------------------------------------------------------------
(INFO    ) [15:36:48|tosca_opt] | Some STOP CRITERIA NOT satisfied this iteration                          |
(INFO    ) [15:36:48|tosca_opt]  --------------------------------------------------------------------------
(INFO    ) [15:36:48|tosca_opt]  --------------------------------------------------------------------------
(INFO    ) [15:36:48|tosca_opt] | End of DESIGN CYCLE NUMBER: 49                                           |
(INFO    ) [15:36:48|tosca_opt]  --------------------------------------------------------------------------
(INFO    ) [15:36:48|tosca_opt] Application finished successfully
(INFO    ) [15:36:48|tosca_driver] Module SMATsoToscaOpt has finished with exit code 0
(INFO    ) [15:36:48|tosca_driver] Calling: /uufs/chpc.utah.edu/sys/installdir/abaqus/2025/linux_a64/code/bin/SMATrtOptResExportTool --loglevel INFO --cycle 49 --onf_output ON
(INFO    ) [15:36:49|opt_res_export_tool] SIMULIA Tosca Structure.opt_res_export_tool - version 3DEXPERIENCE R2025x - build R427 - 20240925T190012Z 64 bit
(INFO    ) [15:36:49|opt_res_export_tool] Extracting results from opt_res_database
(INFO    ) [15:36:49|opt_res_export_tool] SIMULIA Tosca Structure.opt_res_export_tool finished successfully
(INFO    ) [15:36:49|tosca_driver] Module SMATrtOptResExportTool has finished with exit code 0
(NOTICE  ) [15:36:49|tosca_driver] Design cycle 50 started on 2026-02-19
(NOTICE  ) [15:36:49|tosca_driver] Starting Abaqus analysis - design cycle 50
(INFO    ) [15:36:49|tosca_driver] Activating the solver
(INFO    ) [15:36:49|tosca_driver] Calling hooks before module abaqus
(INFO    ) [15:36:49|tosca_driver] Calling: /uufs/chpc.utah.edu/sys/installdir/abaqus/2025/linux_a64/code/bin/SMATsoAbaqusTsProvider -j airbeam_vol --cycle 50
(INFO    ) [15:36:49|hook] Timestamp file written successfully
(INFO    ) [15:36:49|tosca_driver] Module hook has finished with exit code 0
(INFO    ) [15:36:51|tosca_driver] Fe-solver abaqus finished with job airbeam_vol.inp
(INFO    ) [15:36:51|tosca_driver] Elapsed time (inc. overhead): 0:00:01.302813
(INFO    ) [15:36:51|tosca_driver] Elapsed time of abaqus : 0:00:01.375260  -  current time : 15:36:51.060753
(INFO    ) [15:36:51|tosca_driver] Solution complete
(INFO    ) [15:36:51|tosca_driver] Checking solver output file: /uufs/chpc.utah.edu/common/home/u6074059/Abaqus/paper_reproduction/experiment7/run_7d/airbeam_7d_tosca/airbeam_vol.msg
(INFO    ) [15:36:51|tosca_driver] Searching for success check string: "THE ANALYSIS HAS BEEN COMPLETED"
(INFO    ) [15:36:51|tosca_driver] Calling: /uufs/chpc.utah.edu/sys/installdir/abaqus/2025/linux_a64/code/bin/SMATsoOdbToVtmMain --solver abaqus --loglevel INFO --format_matrices sim --cycle 50 --perturbation 0 /uufs/chpc.utah.edu/common/home/u6074059/Abaqus/paper_reproduction/experiment7/run_7d/airbeam_7d_tosca/airbeam_vol
(INFO    ) [15:36:51|odb_to_vtm] SIMULIA Tosca Structure.odb_to_vtm - version 3DEXPERIENCE R2025x - build R427 - 20240925T190012Z 64 bit
(INFO    ) [15:36:51|odb_to_vtm] Reading Abaqus ODB output file /uufs/chpc.utah.edu/common/home/u6074059/Abaqus/paper_reproduction/experiment7/run_7d/airbeam_7d_tosca/airbeam_vol
(INFO    ) [15:36:51|odb_to_vtm] Reading results from the Abaqus result database /uufs/chpc.utah.edu/common/home/u6074059/Abaqus/paper_reproduction/experiment7/run_7d/airbeam_7d_tosca/airbeam_vol.odb
(INFO    ) [15:36:51|odb_to_vtm] SIMULIA Tosca Structure.odb_to_vtm finished successfully
(INFO    ) [15:36:51|tosca_driver] Module SMATsoOdbToVtmMain has finished with exit code 0
(NOTICE  ) [15:36:51|tosca_driver] Starting Tosca Structure optimization module - design cycle 50
(INFO    ) [15:36:51|tosca_driver] Calling: /uufs/chpc.utah.edu/sys/installdir/abaqus/2025/linux_a64/code/bin/SMATsoToscaOpt --loglevel INFO
(INFO    ) [15:36:51|tosca_opt] SIMULIA Tosca Structure.tosca_opt - version 3DEXPERIENCE R2025x - build R427 - 20240925T190012Z 64 bit
(INFO    ) [15:36:51|tosca_opt]  --------------------------------------------------------------------------
(INFO    ) [15:36:51|tosca_opt] |                ___  ___  __  __  _   _  _     ___    _                   |
(INFO    ) [15:36:51|tosca_opt] |               / __||_ _||  \/  || | | || |   |_ _|  /_\                  |
(INFO    ) [15:36:51|tosca_opt] |               \__ \ | | | |\/| || |_| || |__  | |  / _ \                 |
(INFO    ) [15:36:51|tosca_opt] |               |___/|___||_|  |_| \___/ |____||___|/_/ \_\                |
(INFO    ) [15:36:51|tosca_opt] |                        _____                                             |
(INFO    ) [15:36:51|tosca_opt] |                       |_   _|___  ___ __  __ _                           |
(INFO    ) [15:36:51|tosca_opt] |                         | | / _ \(_-</ _|/ _` |                          |
(INFO    ) [15:36:51|tosca_opt] |                         |_| \___//__/\__|\__,_|                          |
(INFO    ) [15:36:51|tosca_opt] |              ___  _                   _                                  |
(INFO    ) [15:36:51|tosca_opt] |             / __|| |_  _ _  _  _  __ | |_  _  _  _ _  ___                |
(INFO    ) [15:36:51|tosca_opt] |             \__ \|  _|| `_|| || |/ _||  _|| || || `_|/ -_)               |
(INFO    ) [15:36:51|tosca_opt] |             |___/ \__||_|   \_,_|\__| \__| \_,_||_|  \___|               |
(INFO    ) [15:36:51|tosca_opt] |                                                                          |
(INFO    ) [15:36:51|tosca_opt]  --------------------------------------------------------------------------
(INFO    ) [15:36:51|tosca_opt] | Version 3DEXPERIENCE R2025x                                              |
(INFO    ) [15:36:51|tosca_opt] | DATE:   2026-02-19                                                       |
(INFO    ) [15:36:51|tosca_opt]  --------------------------------------------------------------------------
(INFO    ) [15:36:52|tosca_opt]  --------------------------------------------------------------------------
(INFO    ) [15:36:52|tosca_opt] | Begin of DESIGN CYCLE NUMBER: 50                                         |
(INFO    ) [15:36:52|tosca_opt]  --------------------------------------------------------------------------
(INFO    ) [15:36:52|tosca_opt] Checking for existence of results
(INFO    ) [15:36:52|tosca_opt]  --------------------------------------------------------------------------
(INFO    ) [15:36:52|tosca_opt] | ANALYZE VALUE OF VARIABLES before OPTIMIZATION                           |
(INFO    ) [15:36:52|tosca_opt]  --------------------------------------------------------------------------
(INFO    ) [15:36:52|tosca_opt]  --------------------------------------------------------------------------
(INFO    ) [15:36:52|tosca_opt] | Convergence Criteria in Design Cycle 50                                  |
(INFO    ) [15:36:52|tosca_opt]  --------------------------------------------------------------------------
(INFO    ) [15:36:52|tosca_opt] Optimization converged. Both criteria checked.
(INFO    ) [15:36:52|tosca_opt] Local objective function criterion : FULFILLED     (Actual change / target:    0.00008/   0.00100)
(INFO    ) [15:36:52|tosca_opt] Local design variables criterion   : NOT_FULFILLED (Actual change / target:    0.00629/   0.00500)
(INFO    ) [15:36:52|tosca_opt] Global stop criterion              : NOT_FULFILLED (Max number of design cycles :  80)
(INFO    ) [15:36:52|tosca_opt] 
(INFO    ) [15:36:52|tosca_opt]  --------------------------------------------------------------------------
(INFO    ) [15:36:52|tosca_opt] | ANALYZE VALUE OF VARIABLES after OPTIMIZATION                            |
(INFO    ) [15:36:52|tosca_opt]  --------------------------------------------------------------------------
(INFO    ) [15:36:52|tosca_opt]  --------------------------------------------------------------------------
(INFO    ) [15:36:52|tosca_opt] | VARIABLES and DESIGN RESPONSES                                           |
(INFO    ) [15:36:52|tosca_opt]  --------------------------------------------------------------------------
(INFO    ) [15:36:52|tosca_opt]  DRESP_STRAIN_ENERGY                       :    2.6933
(INFO    ) [15:36:52|tosca_opt]  DRESP_VOLUME                              :    1260.1
(INFO    ) [15:36:52|tosca_opt]  --------------------------------------------------------------------------
(INFO    ) [15:36:53|tosca_opt]  --------------------------------------------------------------------------
(INFO    ) [15:36:53|tosca_opt] | Report of OPTIMIZATION Results                                           |
(INFO    ) [15:36:53|tosca_opt]  --------------------------------------------------------------------------
(INFO    ) [15:36:53|tosca_opt]  DESIGN CYCLE                :  50
(INFO    ) [15:36:53|tosca_opt]  OPTIMIZE name               : TOPOLOGY_OPTIMIZATION
(INFO    ) [15:36:53|tosca_opt]  OBJ_FUNC name               : MIN_SE
(INFO    ) [15:36:53|tosca_opt]  OBJ_FUNC value              :     2.69327
(INFO    ) [15:36:53|tosca_opt]  ==========================================================================
(INFO    ) [15:36:53|tosca_opt] |     Name of OBJ_FUNC_TERM      |   Value    |   Weight   |   Reference   |
(INFO    ) [15:36:53|tosca_opt]  ==========================================================================
(INFO    ) [15:36:53|tosca_opt] | DRESP_STRAIN_ENERGY            | 2.69327    | 1.0        | 0.0           |
(INFO    ) [15:36:53|tosca_opt]  ==========================================================================
(INFO    ) [15:36:53|tosca_opt] * SIMULIA Tosca Structure INFORMATION *
(INFO    ) [15:36:53|tosca_opt] Writing CONSTRAINTs with default normalization.
(INFO    ) [15:36:53|tosca_opt] For NORM value  <= 1.0   -->    CONSTRAINT is OK ( For all CONSTRAINT types )
(INFO    ) [15:36:53|tosca_opt]  ==========================================================================
(INFO    ) [15:36:53|tosca_opt] |  Name of CONSTRAINT  |  Act. Value  | Op.  | Target  |   Norm   | Status |
(INFO    ) [15:36:53|tosca_opt]  ==========================================================================
(INFO    ) [15:36:53|tosca_opt] | VOL_CONSTRAINT       | 0.499451     | <=   | 0.5     | 0.998902 | TRUE   |
(INFO    ) [15:36:53|tosca_opt]  ==========================================================================
(INFO    ) [15:36:56|tosca_opt]  --------------------------------------------------------------------------
(INFO    ) [15:36:56|tosca_opt] | Some STOP CRITERIA NOT satisfied this iteration                          |
(INFO    ) [15:36:56|tosca_opt]  --------------------------------------------------------------------------
(INFO    ) [15:36:57|tosca_opt]  --------------------------------------------------------------------------
(INFO    ) [15:36:57|tosca_opt] | End of DESIGN CYCLE NUMBER: 50                                           |
(INFO    ) [15:36:57|tosca_opt]  --------------------------------------------------------------------------
(INFO    ) [15:36:57|tosca_opt] Application finished successfully
(INFO    ) [15:36:57|tosca_driver] Module SMATsoToscaOpt has finished with exit code 0
(INFO    ) [15:36:57|tosca_driver] Calling: /uufs/chpc.utah.edu/sys/installdir/abaqus/2025/linux_a64/code/bin/SMATrtOptResExportTool --loglevel INFO --cycle 50 --onf_output ON
(INFO    ) [15:36:57|opt_res_export_tool] SIMULIA Tosca Structure.opt_res_export_tool - version 3DEXPERIENCE R2025x - build R427 - 20240925T190012Z 64 bit
(INFO    ) [15:36:57|opt_res_export_tool] Extracting results from opt_res_database
(INFO    ) [15:36:57|opt_res_export_tool] SIMULIA Tosca Structure.opt_res_export_tool finished successfully
(INFO    ) [15:36:57|tosca_driver] Module SMATrtOptResExportTool has finished with exit code 0
(NOTICE  ) [15:36:57|tosca_driver] Design cycle 51 started on 2026-02-19
(NOTICE  ) [15:36:57|tosca_driver] Starting Abaqus analysis - design cycle 51
(INFO    ) [15:36:57|tosca_driver] Activating the solver
(INFO    ) [15:36:57|tosca_driver] Calling hooks before module abaqus
(INFO    ) [15:36:57|tosca_driver] Calling: /uufs/chpc.utah.edu/sys/installdir/abaqus/2025/linux_a64/code/bin/SMATsoAbaqusTsProvider -j airbeam_vol --cycle 51
(INFO    ) [15:36:57|hook] Timestamp file written successfully
(INFO    ) [15:36:57|tosca_driver] Module hook has finished with exit code 0
(INFO    ) [15:36:58|tosca_driver] Fe-solver abaqus finished with job airbeam_vol.inp
(INFO    ) [15:36:58|tosca_driver] Elapsed time (inc. overhead): 0:00:01.002440
(INFO    ) [15:36:58|tosca_driver] Elapsed time of abaqus : 0:00:01.067126  -  current time : 15:36:58.936778
(INFO    ) [15:36:58|tosca_driver] Solution complete
(INFO    ) [15:36:58|tosca_driver] Checking solver output file: /uufs/chpc.utah.edu/common/home/u6074059/Abaqus/paper_reproduction/experiment7/run_7d/airbeam_7d_tosca/airbeam_vol.msg
(INFO    ) [15:36:58|tosca_driver] Searching for success check string: "THE ANALYSIS HAS BEEN COMPLETED"
(INFO    ) [15:36:58|tosca_driver] Calling: /uufs/chpc.utah.edu/sys/installdir/abaqus/2025/linux_a64/code/bin/SMATsoOdbToVtmMain --solver abaqus --loglevel INFO --format_matrices sim --cycle 51 --perturbation 0 /uufs/chpc.utah.edu/common/home/u6074059/Abaqus/paper_reproduction/experiment7/run_7d/airbeam_7d_tosca/airbeam_vol
(INFO    ) [15:36:59|odb_to_vtm] SIMULIA Tosca Structure.odb_to_vtm - version 3DEXPERIENCE R2025x - build R427 - 20240925T190012Z 64 bit
(INFO    ) [15:36:59|odb_to_vtm] Reading Abaqus ODB output file /uufs/chpc.utah.edu/common/home/u6074059/Abaqus/paper_reproduction/experiment7/run_7d/airbeam_7d_tosca/airbeam_vol
(INFO    ) [15:36:59|odb_to_vtm] Reading results from the Abaqus result database /uufs/chpc.utah.edu/common/home/u6074059/Abaqus/paper_reproduction/experiment7/run_7d/airbeam_7d_tosca/airbeam_vol.odb
(INFO    ) [15:36:59|odb_to_vtm] SIMULIA Tosca Structure.odb_to_vtm finished successfully
(INFO    ) [15:36:59|tosca_driver] Module SMATsoOdbToVtmMain has finished with exit code 0
(NOTICE  ) [15:36:59|tosca_driver] Starting Tosca Structure optimization module - design cycle 51
(INFO    ) [15:36:59|tosca_driver] Calling: /uufs/chpc.utah.edu/sys/installdir/abaqus/2025/linux_a64/code/bin/SMATsoToscaOpt --loglevel INFO
(INFO    ) [15:36:59|tosca_opt] SIMULIA Tosca Structure.tosca_opt - version 3DEXPERIENCE R2025x - build R427 - 20240925T190012Z 64 bit
(INFO    ) [15:36:59|tosca_opt]  --------------------------------------------------------------------------
(INFO    ) [15:36:59|tosca_opt] |                ___  ___  __  __  _   _  _     ___    _                   |
(INFO    ) [15:36:59|tosca_opt] |               / __||_ _||  \/  || | | || |   |_ _|  /_\                  |
(INFO    ) [15:36:59|tosca_opt] |               \__ \ | | | |\/| || |_| || |__  | |  / _ \                 |
(INFO    ) [15:36:59|tosca_opt] |               |___/|___||_|  |_| \___/ |____||___|/_/ \_\                |
(INFO    ) [15:36:59|tosca_opt] |                        _____                                             |
(INFO    ) [15:36:59|tosca_opt] |                       |_   _|___  ___ __  __ _                           |
(INFO    ) [15:36:59|tosca_opt] |                         | | / _ \(_-</ _|/ _` |                          |
(INFO    ) [15:36:59|tosca_opt] |                         |_| \___//__/\__|\__,_|                          |
(INFO    ) [15:36:59|tosca_opt] |              ___  _                   _                                  |
(INFO    ) [15:36:59|tosca_opt] |             / __|| |_  _ _  _  _  __ | |_  _  _  _ _  ___                |
(INFO    ) [15:36:59|tosca_opt] |             \__ \|  _|| `_|| || |/ _||  _|| || || `_|/ -_)               |
(INFO    ) [15:36:59|tosca_opt] |             |___/ \__||_|   \_,_|\__| \__| \_,_||_|  \___|               |
(INFO    ) [15:36:59|tosca_opt] |                                                                          |
(INFO    ) [15:36:59|tosca_opt]  --------------------------------------------------------------------------
(INFO    ) [15:36:59|tosca_opt] | Version 3DEXPERIENCE R2025x                                              |
(INFO    ) [15:36:59|tosca_opt] | DATE:   2026-02-19                                                       |
(INFO    ) [15:36:59|tosca_opt]  --------------------------------------------------------------------------
(INFO    ) [15:37:00|tosca_opt]  --------------------------------------------------------------------------
(INFO    ) [15:37:00|tosca_opt] | Begin of DESIGN CYCLE NUMBER: 51                                         |
(INFO    ) [15:37:00|tosca_opt]  --------------------------------------------------------------------------
(INFO    ) [15:37:00|tosca_opt] Checking for existence of results
(INFO    ) [15:37:00|tosca_opt]  --------------------------------------------------------------------------
(INFO    ) [15:37:00|tosca_opt] | ANALYZE VALUE OF VARIABLES before OPTIMIZATION                           |
(INFO    ) [15:37:00|tosca_opt]  --------------------------------------------------------------------------
(INFO    ) [15:37:00|tosca_opt]  --------------------------------------------------------------------------
(INFO    ) [15:37:00|tosca_opt] | Convergence Criteria in Design Cycle 51                                  |
(INFO    ) [15:37:00|tosca_opt]  --------------------------------------------------------------------------
(INFO    ) [15:37:00|tosca_opt] Optimization converged. Both criteria checked.
(INFO    ) [15:37:00|tosca_opt] Local objective function criterion : FULFILLED     (Actual change / target:    0.00023/   0.00100)
(INFO    ) [15:37:00|tosca_opt] Local design variables criterion   : NOT_FULFILLED (Actual change / target:    0.00582/   0.00500)
(INFO    ) [15:37:00|tosca_opt] Global stop criterion              : NOT_FULFILLED (Max number of design cycles :  80)
(INFO    ) [15:37:00|tosca_opt] 
(INFO    ) [15:37:00|tosca_opt]  --------------------------------------------------------------------------
(INFO    ) [15:37:00|tosca_opt] | ANALYZE VALUE OF VARIABLES after OPTIMIZATION                            |
(INFO    ) [15:37:00|tosca_opt]  --------------------------------------------------------------------------
(INFO    ) [15:37:00|tosca_opt]  --------------------------------------------------------------------------
(INFO    ) [15:37:00|tosca_opt] | VARIABLES and DESIGN RESPONSES                                           |
(INFO    ) [15:37:00|tosca_opt]  --------------------------------------------------------------------------
(INFO    ) [15:37:00|tosca_opt]  DRESP_STRAIN_ENERGY                       :    2.6927
(INFO    ) [15:37:00|tosca_opt]  DRESP_VOLUME                              :    1260.2
(INFO    ) [15:37:00|tosca_opt]  --------------------------------------------------------------------------
(INFO    ) [15:37:01|tosca_opt]  --------------------------------------------------------------------------
(INFO    ) [15:37:01|tosca_opt] | Report of OPTIMIZATION Results                                           |
(INFO    ) [15:37:01|tosca_opt]  --------------------------------------------------------------------------
(INFO    ) [15:37:01|tosca_opt]  DESIGN CYCLE                :  51
(INFO    ) [15:37:01|tosca_opt]  OPTIMIZE name               : TOPOLOGY_OPTIMIZATION
(INFO    ) [15:37:01|tosca_opt]  OBJ_FUNC name               : MIN_SE
(INFO    ) [15:37:01|tosca_opt]  OBJ_FUNC value              :     2.69266
(INFO    ) [15:37:01|tosca_opt]  ==========================================================================
(INFO    ) [15:37:01|tosca_opt] |     Name of OBJ_FUNC_TERM      |   Value    |   Weight   |   Reference   |
(INFO    ) [15:37:01|tosca_opt]  ==========================================================================
(INFO    ) [15:37:01|tosca_opt] | DRESP_STRAIN_ENERGY            | 2.69266    | 1.0        | 0.0           |
(INFO    ) [15:37:01|tosca_opt]  ==========================================================================
(INFO    ) [15:37:01|tosca_opt] * SIMULIA Tosca Structure INFORMATION *
(INFO    ) [15:37:01|tosca_opt] Writing CONSTRAINTs with default normalization.
(INFO    ) [15:37:01|tosca_opt] For NORM value  <= 1.0   -->    CONSTRAINT is OK ( For all CONSTRAINT types )
(INFO    ) [15:37:01|tosca_opt]  ==========================================================================
(INFO    ) [15:37:01|tosca_opt] |  Name of CONSTRAINT  |  Act. Value  | Op.  | Target  |   Norm   | Status |
(INFO    ) [15:37:01|tosca_opt]  ==========================================================================
(INFO    ) [15:37:01|tosca_opt] | VOL_CONSTRAINT       | 0.499482     | <=   | 0.5     | 0.998964 | TRUE   |
(INFO    ) [15:37:01|tosca_opt]  ==========================================================================
(INFO    ) [15:37:04|tosca_opt]  --------------------------------------------------------------------------
(INFO    ) [15:37:04|tosca_opt] | Some STOP CRITERIA NOT satisfied this iteration                          |
(INFO    ) [15:37:04|tosca_opt]  --------------------------------------------------------------------------
(INFO    ) [15:37:04|tosca_opt]  --------------------------------------------------------------------------
(INFO    ) [15:37:04|tosca_opt] | End of DESIGN CYCLE NUMBER: 51                                           |
(INFO    ) [15:37:04|tosca_opt]  --------------------------------------------------------------------------
(INFO    ) [15:37:05|tosca_opt] Application finished successfully
(INFO    ) [15:37:05|tosca_driver] Module SMATsoToscaOpt has finished with exit code 0
(INFO    ) [15:37:05|tosca_driver] Calling: /uufs/chpc.utah.edu/sys/installdir/abaqus/2025/linux_a64/code/bin/SMATrtOptResExportTool --loglevel INFO --cycle 51 --onf_output ON
(INFO    ) [15:37:05|opt_res_export_tool] SIMULIA Tosca Structure.opt_res_export_tool - version 3DEXPERIENCE R2025x - build R427 - 20240925T190012Z 64 bit
(INFO    ) [15:37:05|opt_res_export_tool] Extracting results from opt_res_database
(INFO    ) [15:37:05|opt_res_export_tool] SIMULIA Tosca Structure.opt_res_export_tool finished successfully
(INFO    ) [15:37:05|tosca_driver] Module SMATrtOptResExportTool has finished with exit code 0
(NOTICE  ) [15:37:06|tosca_driver] Design cycle 52 started on 2026-02-19
(NOTICE  ) [15:37:06|tosca_driver] Starting Abaqus analysis - design cycle 52
(INFO    ) [15:37:06|tosca_driver] Activating the solver
(INFO    ) [15:37:06|tosca_driver] Calling hooks before module abaqus
(INFO    ) [15:37:06|tosca_driver] Calling: /uufs/chpc.utah.edu/sys/installdir/abaqus/2025/linux_a64/code/bin/SMATsoAbaqusTsProvider -j airbeam_vol --cycle 52
(INFO    ) [15:37:06|hook] Timestamp file written successfully
(INFO    ) [15:37:06|tosca_driver] Module hook has finished with exit code 0
(INFO    ) [15:37:07|tosca_driver] Fe-solver abaqus finished with job airbeam_vol.inp
(INFO    ) [15:37:07|tosca_driver] Elapsed time (inc. overhead): 0:00:01.202660
(INFO    ) [15:37:07|tosca_driver] Elapsed time of abaqus : 0:00:01.269903  -  current time : 15:37:07.738430
(INFO    ) [15:37:07|tosca_driver] Solution complete
(INFO    ) [15:37:07|tosca_driver] Checking solver output file: /uufs/chpc.utah.edu/common/home/u6074059/Abaqus/paper_reproduction/experiment7/run_7d/airbeam_7d_tosca/airbeam_vol.msg
(INFO    ) [15:37:07|tosca_driver] Searching for success check string: "THE ANALYSIS HAS BEEN COMPLETED"
(INFO    ) [15:37:07|tosca_driver] Calling: /uufs/chpc.utah.edu/sys/installdir/abaqus/2025/linux_a64/code/bin/SMATsoOdbToVtmMain --solver abaqus --loglevel INFO --format_matrices sim --cycle 52 --perturbation 0 /uufs/chpc.utah.edu/common/home/u6074059/Abaqus/paper_reproduction/experiment7/run_7d/airbeam_7d_tosca/airbeam_vol
(INFO    ) [15:37:07|odb_to_vtm] SIMULIA Tosca Structure.odb_to_vtm - version 3DEXPERIENCE R2025x - build R427 - 20240925T190012Z 64 bit
(INFO    ) [15:37:07|odb_to_vtm] Reading Abaqus ODB output file /uufs/chpc.utah.edu/common/home/u6074059/Abaqus/paper_reproduction/experiment7/run_7d/airbeam_7d_tosca/airbeam_vol
(INFO    ) [15:37:07|odb_to_vtm] Reading results from the Abaqus result database /uufs/chpc.utah.edu/common/home/u6074059/Abaqus/paper_reproduction/experiment7/run_7d/airbeam_7d_tosca/airbeam_vol.odb
(INFO    ) [15:37:08|odb_to_vtm] SIMULIA Tosca Structure.odb_to_vtm finished successfully
(INFO    ) [15:37:08|tosca_driver] Module SMATsoOdbToVtmMain has finished with exit code 0
(NOTICE  ) [15:37:08|tosca_driver] Starting Tosca Structure optimization module - design cycle 52
(INFO    ) [15:37:08|tosca_driver] Calling: /uufs/chpc.utah.edu/sys/installdir/abaqus/2025/linux_a64/code/bin/SMATsoToscaOpt --loglevel INFO
(INFO    ) [15:37:08|tosca_opt] SIMULIA Tosca Structure.tosca_opt - version 3DEXPERIENCE R2025x - build R427 - 20240925T190012Z 64 bit
(INFO    ) [15:37:08|tosca_opt]  --------------------------------------------------------------------------
(INFO    ) [15:37:08|tosca_opt] |                ___  ___  __  __  _   _  _     ___    _                   |
(INFO    ) [15:37:08|tosca_opt] |               / __||_ _||  \/  || | | || |   |_ _|  /_\                  |
(INFO    ) [15:37:08|tosca_opt] |               \__ \ | | | |\/| || |_| || |__  | |  / _ \                 |
(INFO    ) [15:37:08|tosca_opt] |               |___/|___||_|  |_| \___/ |____||___|/_/ \_\                |
(INFO    ) [15:37:08|tosca_opt] |                        _____                                             |
(INFO    ) [15:37:08|tosca_opt] |                       |_   _|___  ___ __  __ _                           |
(INFO    ) [15:37:08|tosca_opt] |                         | | / _ \(_-</ _|/ _` |                          |
(INFO    ) [15:37:08|tosca_opt] |                         |_| \___//__/\__|\__,_|                          |
(INFO    ) [15:37:08|tosca_opt] |              ___  _                   _                                  |
(INFO    ) [15:37:08|tosca_opt] |             / __|| |_  _ _  _  _  __ | |_  _  _  _ _  ___                |
(INFO    ) [15:37:08|tosca_opt] |             \__ \|  _|| `_|| || |/ _||  _|| || || `_|/ -_)               |
(INFO    ) [15:37:08|tosca_opt] |             |___/ \__||_|   \_,_|\__| \__| \_,_||_|  \___|               |
(INFO    ) [15:37:08|tosca_opt] |                                                                          |
(INFO    ) [15:37:08|tosca_opt]  --------------------------------------------------------------------------
(INFO    ) [15:37:08|tosca_opt] | Version 3DEXPERIENCE R2025x                                              |
(INFO    ) [15:37:08|tosca_opt] | DATE:   2026-02-19                                                       |
(INFO    ) [15:37:08|tosca_opt]  --------------------------------------------------------------------------
(INFO    ) [15:37:09|tosca_opt]  --------------------------------------------------------------------------
(INFO    ) [15:37:09|tosca_opt] | Begin of DESIGN CYCLE NUMBER: 52                                         |
(INFO    ) [15:37:09|tosca_opt]  --------------------------------------------------------------------------
(INFO    ) [15:37:09|tosca_opt] Checking for existence of results
(INFO    ) [15:37:09|tosca_opt]  --------------------------------------------------------------------------
(INFO    ) [15:37:09|tosca_opt] | ANALYZE VALUE OF VARIABLES before OPTIMIZATION                           |
(INFO    ) [15:37:09|tosca_opt]  --------------------------------------------------------------------------
(INFO    ) [15:37:09|tosca_opt]  --------------------------------------------------------------------------
(INFO    ) [15:37:09|tosca_opt] | Convergence Criteria in Design Cycle 52                                  |
(INFO    ) [15:37:09|tosca_opt]  --------------------------------------------------------------------------
(INFO    ) [15:37:09|tosca_opt] Optimization converged. Both criteria checked.
(INFO    ) [15:37:09|tosca_opt] Local objective function criterion : NOT_FULFILLED (Actual change / target:    0.00135/   0.00100)
(INFO    ) [15:37:09|tosca_opt] Local design variables criterion   : NOT_FULFILLED (Actual change / target:    0.00543/   0.00500)
(INFO    ) [15:37:09|tosca_opt] Global stop criterion              : NOT_FULFILLED (Max number of design cycles :  80)
(INFO    ) [15:37:09|tosca_opt] 
(INFO    ) [15:37:09|tosca_opt]  --------------------------------------------------------------------------
(INFO    ) [15:37:09|tosca_opt] | ANALYZE VALUE OF VARIABLES after OPTIMIZATION                            |
(INFO    ) [15:37:09|tosca_opt]  --------------------------------------------------------------------------
(INFO    ) [15:37:09|tosca_opt]  --------------------------------------------------------------------------
(INFO    ) [15:37:09|tosca_opt] | VARIABLES and DESIGN RESPONSES                                           |
(INFO    ) [15:37:09|tosca_opt]  --------------------------------------------------------------------------
(INFO    ) [15:37:09|tosca_opt]  DRESP_STRAIN_ENERGY                       :    2.6890
(INFO    ) [15:37:09|tosca_opt]  DRESP_VOLUME                              :    1260.3
(INFO    ) [15:37:09|tosca_opt]  --------------------------------------------------------------------------
(INFO    ) [15:37:09|tosca_opt]  --------------------------------------------------------------------------
(INFO    ) [15:37:09|tosca_opt] | Report of OPTIMIZATION Results                                           |
(INFO    ) [15:37:09|tosca_opt]  --------------------------------------------------------------------------
(INFO    ) [15:37:09|tosca_opt]  DESIGN CYCLE                :  52
(INFO    ) [15:37:09|tosca_opt]  OPTIMIZE name               : TOPOLOGY_OPTIMIZATION
(INFO    ) [15:37:09|tosca_opt]  OBJ_FUNC name               : MIN_SE
(INFO    ) [15:37:09|tosca_opt]  OBJ_FUNC value              :     2.68904
(INFO    ) [15:37:09|tosca_opt]  ==========================================================================
(INFO    ) [15:37:09|tosca_opt] |     Name of OBJ_FUNC_TERM      |   Value    |   Weight   |   Reference   |
(INFO    ) [15:37:09|tosca_opt]  ==========================================================================
(INFO    ) [15:37:09|tosca_opt] | DRESP_STRAIN_ENERGY            | 2.68904    | 1.0        | 0.0           |
(INFO    ) [15:37:09|tosca_opt]  ==========================================================================
(INFO    ) [15:37:09|tosca_opt] * SIMULIA Tosca Structure INFORMATION *
(INFO    ) [15:37:09|tosca_opt] Writing CONSTRAINTs with default normalization.
(INFO    ) [15:37:09|tosca_opt] For NORM value  <= 1.0   -->    CONSTRAINT is OK ( For all CONSTRAINT types )
(INFO    ) [15:37:09|tosca_opt]  ==========================================================================
(INFO    ) [15:37:09|tosca_opt] |  Name of CONSTRAINT  |  Act. Value  | Op.  | Target  |   Norm   | Status |
(INFO    ) [15:37:09|tosca_opt]  ==========================================================================
(INFO    ) [15:37:09|tosca_opt] | VOL_CONSTRAINT       | 0.499509     | <=   | 0.5     | 0.999018 | TRUE   |
(INFO    ) [15:37:09|tosca_opt]  ==========================================================================
(INFO    ) [15:37:13|tosca_opt]  --------------------------------------------------------------------------
(INFO    ) [15:37:13|tosca_opt] | Some STOP CRITERIA NOT satisfied this iteration                          |
(INFO    ) [15:37:13|tosca_opt]  --------------------------------------------------------------------------
(INFO    ) [15:37:13|tosca_opt]  --------------------------------------------------------------------------
(INFO    ) [15:37:13|tosca_opt] | End of DESIGN CYCLE NUMBER: 52                                           |
(INFO    ) [15:37:13|tosca_opt]  --------------------------------------------------------------------------
(INFO    ) [15:37:14|tosca_opt] Application finished successfully
(INFO    ) [15:37:14|tosca_driver] Module SMATsoToscaOpt has finished with exit code 0
(INFO    ) [15:37:14|tosca_driver] Calling: /uufs/chpc.utah.edu/sys/installdir/abaqus/2025/linux_a64/code/bin/SMATrtOptResExportTool --loglevel INFO --cycle 52 --onf_output ON
(INFO    ) [15:37:14|opt_res_export_tool] SIMULIA Tosca Structure.opt_res_export_tool - version 3DEXPERIENCE R2025x - build R427 - 20240925T190012Z 64 bit
(INFO    ) [15:37:14|opt_res_export_tool] Extracting results from opt_res_database
(INFO    ) [15:37:14|opt_res_export_tool] SIMULIA Tosca Structure.opt_res_export_tool finished successfully
(INFO    ) [15:37:14|tosca_driver] Module SMATrtOptResExportTool has finished with exit code 0
(NOTICE  ) [15:37:14|tosca_driver] Design cycle 53 started on 2026-02-19
(NOTICE  ) [15:37:14|tosca_driver] Starting Abaqus analysis - design cycle 53
(INFO    ) [15:37:14|tosca_driver] Activating the solver
(INFO    ) [15:37:14|tosca_driver] Calling hooks before module abaqus
(INFO    ) [15:37:14|tosca_driver] Calling: /uufs/chpc.utah.edu/sys/installdir/abaqus/2025/linux_a64/code/bin/SMATsoAbaqusTsProvider -j airbeam_vol --cycle 53
(INFO    ) [15:37:14|hook] Timestamp file written successfully
(INFO    ) [15:37:14|tosca_driver] Module hook has finished with exit code 0
(INFO    ) [15:37:15|tosca_driver] Fe-solver abaqus finished with job airbeam_vol.inp
(INFO    ) [15:37:15|tosca_driver] Elapsed time (inc. overhead): 0:00:01.102702
(INFO    ) [15:37:15|tosca_driver] Elapsed time of abaqus : 0:00:01.171824  -  current time : 15:37:15.804463
(INFO    ) [15:37:15|tosca_driver] Solution complete
(INFO    ) [15:37:15|tosca_driver] Checking solver output file: /uufs/chpc.utah.edu/common/home/u6074059/Abaqus/paper_reproduction/experiment7/run_7d/airbeam_7d_tosca/airbeam_vol.msg
(INFO    ) [15:37:15|tosca_driver] Searching for success check string: "THE ANALYSIS HAS BEEN COMPLETED"
(INFO    ) [15:37:15|tosca_driver] Calling: /uufs/chpc.utah.edu/sys/installdir/abaqus/2025/linux_a64/code/bin/SMATsoOdbToVtmMain --solver abaqus --loglevel INFO --format_matrices sim --cycle 53 --perturbation 0 /uufs/chpc.utah.edu/common/home/u6074059/Abaqus/paper_reproduction/experiment7/run_7d/airbeam_7d_tosca/airbeam_vol
(INFO    ) [15:37:15|odb_to_vtm] SIMULIA Tosca Structure.odb_to_vtm - version 3DEXPERIENCE R2025x - build R427 - 20240925T190012Z 64 bit
(INFO    ) [15:37:16|odb_to_vtm] Reading Abaqus ODB output file /uufs/chpc.utah.edu/common/home/u6074059/Abaqus/paper_reproduction/experiment7/run_7d/airbeam_7d_tosca/airbeam_vol
(INFO    ) [15:37:16|odb_to_vtm] Reading results from the Abaqus result database /uufs/chpc.utah.edu/common/home/u6074059/Abaqus/paper_reproduction/experiment7/run_7d/airbeam_7d_tosca/airbeam_vol.odb
(INFO    ) [15:37:16|odb_to_vtm] SIMULIA Tosca Structure.odb_to_vtm finished successfully
(INFO    ) [15:37:16|tosca_driver] Module SMATsoOdbToVtmMain has finished with exit code 0
(NOTICE  ) [15:37:16|tosca_driver] Starting Tosca Structure optimization module - design cycle 53
(INFO    ) [15:37:16|tosca_driver] Calling: /uufs/chpc.utah.edu/sys/installdir/abaqus/2025/linux_a64/code/bin/SMATsoToscaOpt --loglevel INFO
(INFO    ) [15:37:16|tosca_opt] SIMULIA Tosca Structure.tosca_opt - version 3DEXPERIENCE R2025x - build R427 - 20240925T190012Z 64 bit
(INFO    ) [15:37:16|tosca_opt]  --------------------------------------------------------------------------
(INFO    ) [15:37:16|tosca_opt] |                ___  ___  __  __  _   _  _     ___    _                   |
(INFO    ) [15:37:16|tosca_opt] |               / __||_ _||  \/  || | | || |   |_ _|  /_\                  |
(INFO    ) [15:37:16|tosca_opt] |               \__ \ | | | |\/| || |_| || |__  | |  / _ \                 |
(INFO    ) [15:37:16|tosca_opt] |               |___/|___||_|  |_| \___/ |____||___|/_/ \_\                |
(INFO    ) [15:37:16|tosca_opt] |                        _____                                             |
(INFO    ) [15:37:16|tosca_opt] |                       |_   _|___  ___ __  __ _                           |
(INFO    ) [15:37:16|tosca_opt] |                         | | / _ \(_-</ _|/ _` |                          |
(INFO    ) [15:37:16|tosca_opt] |                         |_| \___//__/\__|\__,_|                          |
(INFO    ) [15:37:16|tosca_opt] |              ___  _                   _                                  |
(INFO    ) [15:37:16|tosca_opt] |             / __|| |_  _ _  _  _  __ | |_  _  _  _ _  ___                |
(INFO    ) [15:37:16|tosca_opt] |             \__ \|  _|| `_|| || |/ _||  _|| || || `_|/ -_)               |
(INFO    ) [15:37:16|tosca_opt] |             |___/ \__||_|   \_,_|\__| \__| \_,_||_|  \___|               |
(INFO    ) [15:37:16|tosca_opt] |                                                                          |
(INFO    ) [15:37:16|tosca_opt]  --------------------------------------------------------------------------
(INFO    ) [15:37:16|tosca_opt] | Version 3DEXPERIENCE R2025x                                              |
(INFO    ) [15:37:16|tosca_opt] | DATE:   2026-02-19                                                       |
(INFO    ) [15:37:16|tosca_opt]  --------------------------------------------------------------------------
(INFO    ) [15:37:17|tosca_opt]  --------------------------------------------------------------------------
(INFO    ) [15:37:17|tosca_opt] | Begin of DESIGN CYCLE NUMBER: 53                                         |
(INFO    ) [15:37:17|tosca_opt]  --------------------------------------------------------------------------
(INFO    ) [15:37:17|tosca_opt] Checking for existence of results
(INFO    ) [15:37:17|tosca_opt]  --------------------------------------------------------------------------
(INFO    ) [15:37:17|tosca_opt] | ANALYZE VALUE OF VARIABLES before OPTIMIZATION                           |
(INFO    ) [15:37:17|tosca_opt]  --------------------------------------------------------------------------
(INFO    ) [15:37:17|tosca_opt]  --------------------------------------------------------------------------
(INFO    ) [15:37:17|tosca_opt] | Convergence Criteria in Design Cycle 53                                  |
(INFO    ) [15:37:17|tosca_opt]  --------------------------------------------------------------------------
(INFO    ) [15:37:17|tosca_opt] Optimization converged. Both criteria checked.
(INFO    ) [15:37:17|tosca_opt] Local objective function criterion : FULFILLED     (Actual change / target:    0.00048/   0.00100)
(INFO    ) [15:37:17|tosca_opt] Local design variables criterion   : FULFILLED     (Actual change / target:    0.00476/   0.00500)
(INFO    ) [15:37:17|tosca_opt] Global stop criterion              : NOT_FULFILLED (Max number of design cycles :  80)
(INFO    ) [15:37:17|tosca_opt] 
(INFO    ) [15:37:17|tosca_opt]  --------------------------------------------------------------------------
(INFO    ) [15:37:17|tosca_opt] | ANALYZE VALUE OF VARIABLES after OPTIMIZATION                            |
(INFO    ) [15:37:17|tosca_opt]  --------------------------------------------------------------------------
(INFO    ) [15:37:17|tosca_opt]  --------------------------------------------------------------------------
(INFO    ) [15:37:17|tosca_opt] | VARIABLES and DESIGN RESPONSES                                           |
(INFO    ) [15:37:17|tosca_opt]  --------------------------------------------------------------------------
(INFO    ) [15:37:17|tosca_opt]  DRESP_STRAIN_ENERGY                       :    2.6878
(INFO    ) [15:37:17|tosca_opt]  DRESP_VOLUME                              :    1260.5
(INFO    ) [15:37:17|tosca_opt]  --------------------------------------------------------------------------
(INFO    ) [15:37:17|tosca_opt]  --------------------------------------------------------------------------
(INFO    ) [15:37:17|tosca_opt] | Report of OPTIMIZATION Results                                           |
(INFO    ) [15:37:17|tosca_opt]  --------------------------------------------------------------------------
(INFO    ) [15:37:17|tosca_opt]  DESIGN CYCLE                :  53
(INFO    ) [15:37:17|tosca_opt]  OPTIMIZE name               : TOPOLOGY_OPTIMIZATION
(INFO    ) [15:37:17|tosca_opt]  OBJ_FUNC name               : MIN_SE
(INFO    ) [15:37:17|tosca_opt]  OBJ_FUNC value              :     2.68775
(INFO    ) [15:37:17|tosca_opt]  ==========================================================================
(INFO    ) [15:37:17|tosca_opt] |     Name of OBJ_FUNC_TERM      |   Value    |   Weight   |   Reference   |
(INFO    ) [15:37:17|tosca_opt]  ==========================================================================
(INFO    ) [15:37:17|tosca_opt] | DRESP_STRAIN_ENERGY            | 2.68775    | 1.0        | 0.0           |
(INFO    ) [15:37:17|tosca_opt]  ==========================================================================
(INFO    ) [15:37:17|tosca_opt] * SIMULIA Tosca Structure INFORMATION *
(INFO    ) [15:37:17|tosca_opt] Writing CONSTRAINTs with default normalization.
(INFO    ) [15:37:17|tosca_opt] For NORM value  <= 1.0   -->    CONSTRAINT is OK ( For all CONSTRAINT types )
(INFO    ) [15:37:17|tosca_opt]  ==========================================================================
(INFO    ) [15:37:17|tosca_opt] |  Name of CONSTRAINT  |  Act. Value  | Op. | Target  |   Norm   | Status  |
(INFO    ) [15:37:17|tosca_opt]  ==========================================================================
(INFO    ) [15:37:17|tosca_opt] | VOL_CONSTRAINT       | 0.49961      | <=  | 0.5     | 0.99922  | TRUE    |
(INFO    ) [15:37:17|tosca_opt]  ==========================================================================
(INFO    ) [15:37:21|tosca_opt]  --------------------------------------------------------------------------
(INFO    ) [15:37:21|tosca_opt] | STOP CONDITION satisfied for all OPTIMIZATION_AREA(s)                    |
(INFO    ) [15:37:21|tosca_opt]  --------------------------------------------------------------------------
(INFO    ) [15:37:21|tosca_opt]  --------------------------------------------------------------------------
(INFO    ) [15:37:21|tosca_opt] | End of DESIGN CYCLE NUMBER: 53                                           |
(INFO    ) [15:37:21|tosca_opt]  --------------------------------------------------------------------------
(INFO    ) [15:37:22|tosca_opt] Application finished successfully
(INFO    ) [15:37:22|tosca_driver] Module SMATsoToscaOpt has finished with exit code 0
(INFO    ) [15:37:22|tosca_driver] Calling: /uufs/chpc.utah.edu/sys/installdir/abaqus/2025/linux_a64/code/bin/SMATrtOptResExportTool --loglevel INFO --cycle 53 --onf_output ON
(INFO    ) [15:37:22|opt_res_export_tool] SIMULIA Tosca Structure.opt_res_export_tool - version 3DEXPERIENCE R2025x - build R427 - 20240925T190012Z 64 bit
(INFO    ) [15:37:22|opt_res_export_tool] Extracting results from opt_res_database
(INFO    ) [15:37:22|opt_res_export_tool] SIMULIA Tosca Structure.opt_res_export_tool finished successfully
(INFO    ) [15:37:22|tosca_driver] Module SMATrtOptResExportTool has finished with exit code 0
(NOTICE  ) [15:37:22|tosca_driver] Last design cycle completed
(NOTICE  ) [15:37:22|tosca_driver] Stopping solver process
(INFO    ) [15:37:23|abaqus] Thu 19 Feb 2026 03:37:22 PM MST
(INFO    ) [15:37:23|abaqus] End Abaqus/Standard Analysis
(INFO    ) [15:37:23|abaqus] Begin SIM Wrap-up
(INFO    ) [15:37:23|abaqus] Thu 19 Feb 2026 03:37:23 PM MST
(INFO    ) [15:37:23|abaqus] Run SMASimUtility
(INFO    ) [15:37:23|abaqus] Thu 19 Feb 2026 03:37:23 PM MST
(INFO    ) [15:37:23|abaqus] End SIM Wrap-up
(INFO    ) [15:37:23|abaqus] Abaqus JOB airbeam_vol COMPLETED
(INFO    ) [15:37:23|tosca_driver]  -------------------------------------------------------------------------- 
(INFO    ) [15:37:23|tosca_driver] | Solver standard output                                                   |
(INFO    ) [15:37:23|tosca_driver]  -------------------------------------------------------------------------- 
(INFO    ) [15:37:23|abaqus] Analysis initiated from SIMULIA established products
(INFO    ) [15:37:23|abaqus] Abaqus JOB airbeam_vol
(INFO    ) [15:37:23|abaqus] Abaqus 2025
(INFO    ) [15:37:23|abaqus] Abaqus License Manager checked out the following licenses:
(INFO    ) [15:37:23|abaqus] Abaqus/Foundation checked out 3 tokens from Flexnet server ls1.chpc.utah.edu.
(INFO    ) [15:37:23|abaqus] <219 out of 237 licenses remain available>.
(INFO    ) [15:37:23|abaqus] Begin Abaqus/Standard Analysis
(INFO    ) [15:37:23|abaqus] Thu 19 Feb 2026 03:31:41 PM MST
(INFO    ) [15:37:23|abaqus] Run abaqusstd
(INFO    ) [15:37:23|abaqus] Thu 19 Feb 2026 03:37:22 PM MST
(INFO    ) [15:37:23|abaqus] End Abaqus/Standard Analysis
(INFO    ) [15:37:23|abaqus] Begin SIM Wrap-up
(INFO    ) [15:37:23|abaqus] Thu 19 Feb 2026 03:37:23 PM MST
(INFO    ) [15:37:23|abaqus] Run SMASimUtility
(INFO    ) [15:37:23|abaqus] Thu 19 Feb 2026 03:37:23 PM MST
(INFO    ) [15:37:23|abaqus] End SIM Wrap-up
(INFO    ) [15:37:23|abaqus] Abaqus JOB airbeam_vol COMPLETED
(NOTICE  ) [15:37:23|tosca_driver] Starting Tosca Structure report module
(INFO    ) [15:37:23|tosca_driver] Calling: /uufs/chpc.utah.edu/sys/installdir/abaqus/2025/linux_a64/code/bin/SMATrtReportMain --loglevel INFO --add_user_data 001_OBJ_FUNC_REPORT_1.conf,001_OBJ_FUNC_REPORT_1.tab,002_CONSTR_VAL_REPORT_1.conf,002_CONSTR_VAL_REPORT_1.tab,003_CONSTR_VAL_NORM_REPORT_1.conf,003_CONSTR_VAL_NORM_REPORT_1.tab,004_VAR_DRESP_VAL_REPORT.conf,004_VAR_DRESP_VAL_REPORT.tab,005_VAR_DRESP_VAL_REPORT.conf,005_VAR_DRESP_VAL_REPORT.tab,006_VAR_DRESP_VAL_REPORT.conf,006_VAR_DRESP_VAL_REPORT.tab --input_file /uufs/chpc.utah.edu/common/home/u6074059/Abaqus/paper_reproduction/experiment7/run_7d/airbeam_7d_tosca/TOSCA_POST/airbeam_7d_tosca_ALL_ELEMENTS_report.par
(INFO    ) [15:37:23|report] SIMULIA Tosca Structure.report - version 3DEXPERIENCE R2025x - build R427 - 20240925T190012Z 64 bit
(INFO    ) [15:37:24|report] Checked out 2 tokens tosca_report from 27004@ls1.chpc.utah.edu,27004@ls2.chpc.utah.edu,27004@ls3.chpc.utah.edu
(INFO    ) [15:37:24|report] Creating vtfx file "TOSCA_POST/airbeam_7d_tosca_ALL_ELEMENTS_report.vtfx"
(INFO    ) [15:37:24|report] VTFx file "TOSCA_POST/airbeam_7d_tosca_ALL_ELEMENTS_report.vtfx" with results has been successfully created
(INFO    ) [15:37:24|report] SIMULIA Tosca Structure.report finished successfully
(INFO    ) [15:37:24|tosca_driver] Module SMATrtReportMain has finished with exit code 0
(INFO    ) [15:37:24|tosca_driver] Number of smooth commands found: 1
(NOTICE  ) [15:37:24|tosca_driver] Starting Tosca Structure smooth module
(INFO    ) [15:37:24|tosca_driver] Calling: /uufs/chpc.utah.edu/sys/installdir/abaqus/2025/linux_a64/code/bin/SMATrtTStructSmoothMain --loglevel INFO /uufs/chpc.utah.edu/common/home/u6074059/Abaqus/paper_reproduction/experiment7/run_7d/airbeam_7d_tosca/TOSCA_POST/ISO_SMOOTHING
(INFO    ) [15:37:24|smooth] SIMULIA Tosca Structure.smooth - version 3DEXPERIENCE R2025x - build R427 - 20240925T190012Z 64 bit
(INFO    ) [15:37:25|smooth] Checked out 2 tokens tosca_smooth from 27004@ls1.chpc.utah.edu,27004@ls2.chpc.utah.edu,27004@ls3.chpc.utah.edu
(INFO    ) [15:37:25|smooth] Processing SMOOTH task: ISO_SMOOTHING
(INFO    ) [15:37:25|smooth] Preparations for isocut finished
(INFO    ) [15:37:25|smooth] Result filtering finished
(INFO    ) [15:37:25|smooth] ISO cut surface generation finished
(INFO    ) [15:37:25|smooth] Surface generation finished
(INFO    ) [15:37:25|smooth] Model data released
(INFO    ) [15:37:25|smooth] Surface orientation test finished
(INFO    ) [15:37:25|smooth] Performing 10 cycles of smoothing (type=OpenSurfaceBorder), 688 nodes are checked...
(INFO    ) [15:37:25|smooth] Smoothing finished
(INFO    ) [15:37:25|smooth] Reduction finished
(INFO    ) [15:37:25|smooth] Isosurface successfully generated:
(INFO    ) [15:37:25|smooth] - isovalue: 0.300
(INFO    ) [15:37:25|smooth] - relative volume: 55.7%
(INFO    ) [15:37:25|smooth] Writing to TOSCA_POST/ISO_SMOOTHING.stl
(INFO    ) [15:37:25|smooth] SMOOTH task with ID_NAME = "ISO_SMOOTHING" finished successfully.
(INFO    ) [15:37:25|smooth] SIMULIA Tosca Structure.smooth finished
(INFO    ) [15:37:25|tosca_driver] Module SMATrtTStructSmoothMain has finished with exit code 0
(NOTICE  ) [15:37:25|tosca_driver] Application finished successfully
(INFO    ) [15:37:25|tosca_driver] --------------------------------------------------------------------------------------------------------------
(INFO    ) [15:37:25|tosca_driver] Time consumption overview table
(INFO    ) [15:37:25|tosca_driver] --------------------------------------------------------------------------------------------------------------
(INFO    ) [15:37:25|tosca_driver] Cumulative elapsed time for module       opt_res_export_tool: 0:00:14.604899 - 4.197% (55 calls)
(INFO    ) [15:37:25|tosca_driver] Cumulative elapsed time for module                    smooth: 0:00:00.626436 - 0.180% (1 calls)
(INFO    ) [15:37:25|tosca_driver] Cumulative elapsed time for module                    report: 0:00:00.894182 - 0.257% (1 calls)
(INFO    ) [15:37:25|tosca_driver] Cumulative elapsed time for module                odb_to_vtm: 0:00:26.958255 - 7.748% (54 calls)
(INFO    ) [15:37:25|tosca_driver] Cumulative elapsed time for module                 tosca_opt: 0:03:34.222692 - 61.568% (54 calls)
(INFO    ) [15:37:25|tosca_driver] Cumulative elapsed time for module                tosca_prep: 0:00:01.496265 - 0.430% (1 calls)
(INFO    ) [15:37:25|tosca_driver] Cumulative elapsed time for module                 fem_modif: 0:00:00.107718 - 0.031% (1 calls)
(INFO    ) [15:37:25|tosca_driver] Cumulative elapsed time for module                fem_to_onf: 0:00:00.108268 - 0.031% (1 calls)
(INFO    ) [15:37:25|tosca_driver] Cumulative elapsed time for module               fem_include: 0:00:00.071680 - 0.021% (1 calls)
(INFO    ) [15:37:25|tosca_driver] Cumulative elapsed time for fe-solver                 Abaqus: 0:01:13.378139 - 21.089% (1 calls)
(INFO    ) [15:37:25|tosca_driver] Total elapsed time for this script                          : 0:00:15.478916 - 4.449%
(INFO    ) [15:37:25|tosca_driver] Total elapsed time of Tosca Structure                       : 0:05:47.947450 - Current time 15:37:25.619300
(INFO    ) [15:37:25|tosca_driver] --------------------------------------------------------------------------------------------------------------
