solid TSTRUCT.smooth
facet normal 0.0 0.0 0.9999999999999999
 outer loop
  vertex 0.0 0.8055559992790222 0.0
  vertex 0.0 0.0 0.0
  vertex 0.7981659770011902 0.0 0.0
 endloop
endfacet
facet normal 0.0 0.0 1.0
 outer loop
  vertex 1.5963300466537476 0.8055559992790222 0.0
  vertex 1.5963300466537476 0.0 0.0
  vertex 2.3944900035858154 0.0 0.0
 endloop
endfacet
facet normal 0.0 0.0 0.9999999999999999
 outer loop
  vertex 3.192660093307495 0.8055559992790222 0.0
  vertex 3.192660093307495 0.0 0.0
  vertex 3.9908199310302734 0.0 0.0
 endloop
endfacet
facet normal 0.0 0.0 1.0
 outer loop
  vertex 4.788990020751953 0.8055559992790222 0.0
  vertex 4.788990020751953 0.0 0.0
  vertex 5.5871500968933105 0.0 0.0
 endloop
endfacet
facet normal 0.0 0.0 1.0
 outer loop
  vertex 6.38532018661499 0.8055559992790222 0.0
  vertex 6.38532018661499 0.0 0.0
  vertex 7.1834797859191895 0.0 0.0
 endloop
endfacet
facet normal 0.0 0.0 1.0
 outer loop
  vertex 7.981649875640869 0.8055559992790222 0.0
  vertex 7.981649875640869 0.0 0.0
  vertex 8.779809951782227 0.0 0.0
 endloop
endfacet
facet normal 0.0 0.0 0.9999999999999999
 outer loop
  vertex 9.577980041503906 0.8055559992790222 0.0
  vertex 9.577980041503906 0.0 0.0
  vertex 10.376099586486816 0.0 0.0
 endloop
endfacet
facet normal 0.0 0.0 1.0
 outer loop
  vertex 11.174300193786621 0.8055559992790222 0.0
  vertex 11.174300193786621 0.0 0.0
  vertex 11.972399711608887 0.0 0.0
 endloop
endfacet
facet normal 0.0 0.0 1.0
 outer loop
  vertex 12.770600318908691 0.8055559992790222 0.0
  vertex 12.770600318908691 0.0 0.0
  vertex 13.56879997253418 0.0 0.0
 endloop
endfacet
facet normal 0.0 0.0 1.0
 outer loop
  vertex 14.366900444030762 0.8055559992790222 0.0
  vertex 14.366900444030762 0.0 0.0
  vertex 15.16510009765625 0.0 0.0
 endloop
endfacet
facet normal 0.0 0.0 1.0
 outer loop
  vertex 15.963199615478516 0.8055559992790222 0.0
  vertex 15.963199615478516 0.0 0.0
  vertex 16.76140022277832 0.0 0.0
 endloop
endfacet
facet normal 0.0 0.0 1.0
 outer loop
  vertex 17.559600830078125 0.8055559992790222 0.0
  vertex 17.559600830078125 0.0 0.0
  vertex 18.35770034790039 0.0 0.0
 endloop
endfacet
facet normal 0.0 0.0 1.0
 outer loop
  vertex 19.155899047851563 0.8055559992790222 0.0
  vertex 19.155899047851563 0.0 0.0
  vertex 19.954099655151367 0.0 0.0
 endloop
endfacet
facet normal 0.0 0.0 1.0
 outer loop
  vertex 20.752199172973633 0.8055559992790222 0.0
  vertex 20.752199172973633 0.0 0.0
  vertex 21.550399780273438 0.0 0.0
 endloop
endfacet
facet normal 0.0 0.0 1.0
 outer loop
  vertex 22.348600387573242 0.8055559992790222 0.0
  vertex 22.348600387573242 0.0 0.0
  vertex 23.146699905395508 0.0 0.0
 endloop
endfacet
facet normal 0.0 0.0 1.0
 outer loop
  vertex 23.944900512695313 0.8055559992790222 0.0
  vertex 23.944900512695313 0.0 0.0
  vertex 24.743099212646484 0.0 0.0
 endloop
endfacet
facet normal 0.0 0.0 1.0
 outer loop
  vertex 25.541200637817383 0.8055559992790222 0.0
  vertex 25.541200637817383 0.0 0.0
  vertex 26.339399337768555 0.0 0.0
 endloop
endfacet
facet normal 0.0 0.0 1.0
 outer loop
  vertex 27.13759994506836 0.8055559992790222 0.0
  vertex 27.13759994506836 0.0 0.0
  vertex 27.935699462890625 0.0 0.0
 endloop
endfacet
facet normal 0.0 0.0 1.0
 outer loop
  vertex 28.73390007019043 0.8055559992790222 0.0
  vertex 28.73390007019043 0.0 0.0
  vertex 29.531999588012695 0.0 0.0
 endloop
endfacet
facet normal 0.0 0.0 1.0
 outer loop
  vertex 30.3302001953125 0.8055559992790222 0.0
  vertex 30.3302001953125 0.0 0.0
  vertex 31.128400802612305 0.0 0.0
 endloop
endfacet
facet normal 0.0 0.0 1.0
 outer loop
  vertex 31.92650032043457 0.8055559992790222 0.0
  vertex 31.92650032043457 0.0 0.0
  vertex 32.724700927734375 0.0 0.0
 endloop
endfacet
facet normal 0.0 0.0 1.0
 outer loop
  vertex 33.52289962768555 0.8055559992790222 0.0
  vertex 33.52289962768555 0.0 0.0
  vertex 34.32099914550781 0.0 0.0
 endloop
endfacet
facet normal 0.0 0.0 1.0
 outer loop
  vertex 35.11920166015625 0.8055559992790222 0.0
  vertex 35.11920166015625 0.0 0.0
  vertex 35.91740036010742 0.0 0.0
 endloop
endfacet
facet normal 0.0 0.0 1.0
 outer loop
  vertex 36.71549987792969 0.8055559992790222 0.0
  vertex 36.71549987792969 0.0 0.0
  vertex 37.51369857788086 0.0 0.0
 endloop
endfacet
facet normal 0.0 0.0 1.0
 outer loop
  vertex 38.3119010925293 0.8055559992790222 0.0
  vertex 38.3119010925293 0.0 0.0
  vertex 39.11000061035156 0.0 0.0
 endloop
endfacet
facet normal 0.0 0.0 1.0
 outer loop
  vertex 39.908199310302734 0.8055559992790222 0.0
  vertex 39.908199310302734 0.0 0.0
  vertex 40.70640182495117 0.0 0.0
 endloop
endfacet
facet normal 0.0 0.0 1.0
 outer loop
  vertex 41.50450134277344 0.8055559992790222 0.0
  vertex 41.50450134277344 0.0 0.0
  vertex 42.30270004272461 0.0 0.0
 endloop
endfacet
facet normal 0.0 0.0 1.0
 outer loop
  vertex 43.10089874267578 0.8055559992790222 0.0
  vertex 43.10089874267578 0.0 0.0
  vertex 43.89899826049805 0.0 0.0
 endloop
endfacet
facet normal 0.0 0.0 1.0
 outer loop
  vertex 44.697200775146484 0.8055559992790222 0.0
  vertex 44.697200775146484 0.0 0.0
  vertex 45.49530029296875 0.0 0.0
 endloop
endfacet
facet normal 0.0 0.0 1.0
 outer loop
  vertex 46.29349899291992 0.8055559992790222 0.0
  vertex 46.29349899291992 0.0 0.0
  vertex 47.09170150756836 0.0 0.0
 endloop
endfacet
facet normal 0.0 0.0 1.0
 outer loop
  vertex 47.889801025390625 0.8055559992790222 0.0
  vertex 47.889801025390625 0.0 0.0
  vertex 48.6879997253418 0.0 0.0
 endloop
endfacet
facet normal 0.0 0.0 1.0
 outer loop
  vertex 49.48619842529297 0.8055559992790222 0.0
  vertex 49.48619842529297 0.0 0.0
  vertex 50.2843017578125 0.0 0.0
 endloop
endfacet
facet normal 0.0 0.0 1.0
 outer loop
  vertex 51.08250045776367 0.8055559992790222 0.0
  vertex 51.08250045776367 0.0 0.0
  vertex 51.880699157714844 0.0 0.0
 endloop
endfacet
facet normal 0.0 0.0 1.0
 outer loop
  vertex 52.67879867553711 0.8055559992790222 0.0
  vertex 52.67879867553711 0.0 0.0
  vertex 53.47700119018555 0.0 0.0
 endloop
endfacet
facet normal 0.0 0.0 1.0
 outer loop
  vertex 54.27519989013672 0.8055559992790222 0.0
  vertex 54.27519989013672 0.0 0.0
  vertex 55.073299407958984 0.0 0.0
 endloop
endfacet
facet normal 0.0 0.0 1.0
 outer loop
  vertex 55.871498107910156 0.8055559992790222 0.0
  vertex 55.871498107910156 0.0 0.0
  vertex 56.669700622558594 0.0 0.0
 endloop
endfacet
facet normal 0.0 0.0 1.0
 outer loop
  vertex 57.46780014038086 0.8055559992790222 0.0
  vertex 57.46780014038086 0.0 0.0
  vertex 58.26599884033203 0.0 0.0
 endloop
endfacet
facet normal 0.0 0.0 1.0
 outer loop
  vertex 59.06420135498047 0.8055559992790222 0.0
  vertex 59.06420135498047 0.0 0.0
  vertex 59.862300872802734 0.0 0.0
 endloop
endfacet
facet normal 0.0 0.0 1.0
 outer loop
  vertex 60.660499572753906 0.8055559992790222 0.0
  vertex 60.660499572753906 0.0 0.0
  vertex 61.45869827270508 0.0 0.0
 endloop
endfacet
facet normal 0.0 0.0 1.0
 outer loop
  vertex 62.25680160522461 0.8055559992790222 0.0
  vertex 62.25680160522461 0.0 0.0
  vertex 63.05500030517578 0.0 0.0
 endloop
endfacet
facet normal 0.0 0.0 1.0
 outer loop
  vertex 63.85309982299805 0.8055559992790222 0.0
  vertex 63.85309982299805 0.0 0.0
  vertex 64.65129852294922 0.0 0.0
 endloop
endfacet
facet normal 0.0 0.0 1.0
 outer loop
  vertex 65.44950103759766 0.8055559992790222 0.0
  vertex 65.44950103759766 0.0 0.0
  vertex 66.24759674072266 0.0 0.0
 endloop
endfacet
facet normal 0.0 0.0 1.0
 outer loop
  vertex 67.0457992553711 0.8055559992790222 0.0
  vertex 67.0457992553711 0.0 0.0
  vertex 67.84400177001953 0.0 0.0
 endloop
endfacet
facet normal 0.0 0.0 1.0
 outer loop
  vertex 68.64209747314453 0.8055559992790222 0.0
  vertex 68.64209747314453 0.0 0.0
  vertex 69.44029998779297 0.0 0.0
 endloop
endfacet
facet normal 0.0 0.0 1.0
 outer loop
  vertex 70.2385025024414 0.8055559992790222 0.0
  vertex 70.2385025024414 0.0 0.0
  vertex 71.0365982055664 0.0 0.0
 endloop
endfacet
facet normal 0.0 0.0 1.0
 outer loop
  vertex 71.83480072021484 0.8055559992790222 0.0
  vertex 71.83480072021484 0.0 0.0
  vertex 72.63300323486328 0.0 0.0
 endloop
endfacet
facet normal 0.0 0.0 1.0
 outer loop
  vertex 73.43109893798828 0.8055559992790222 0.0
  vertex 73.43109893798828 0.0 0.0
  vertex 74.22930145263672 0.0 0.0
 endloop
endfacet
facet normal 0.0 0.0 1.0
 outer loop
  vertex 75.02749633789063 0.8055559992790222 0.0
  vertex 75.02749633789063 0.0 0.0
  vertex 75.82559967041016 0.0 0.0
 endloop
endfacet
facet normal 0.0 0.0 1.0
 outer loop
  vertex 76.6238021850586 0.8055559992790222 0.0
  vertex 76.6238021850586 0.0 0.0
  vertex 77.4219970703125 0.0 0.0
 endloop
endfacet
facet normal 0.0 0.0 1.0
 outer loop
  vertex 78.22010040283203 0.8055559992790222 0.0
  vertex 78.22010040283203 0.0 0.0
  vertex 79.01830291748047 0.0 0.0
 endloop
endfacet
facet normal 0.0 0.0 1.0
 outer loop
  vertex 79.81639862060547 0.8055559992790222 0.0
  vertex 79.81639862060547 0.0 0.0
  vertex 80.6146011352539 0.0 0.0
 endloop
endfacet
facet normal 0.0 0.0 1.0
 outer loop
  vertex 81.41280364990234 0.8055559992790222 0.0
  vertex 81.41280364990234 0.0 0.0
  vertex 82.21089935302734 0.0 0.0
 endloop
endfacet
facet normal 0.0 0.0 1.0
 outer loop
  vertex 83.00910186767578 0.8055559992790222 0.0
  vertex 83.00910186767578 0.0 0.0
  vertex 83.80729675292969 0.0 0.0
 endloop
endfacet
facet normal 0.0 0.0 1.0
 outer loop
  vertex 84.60540008544922 0.8055559992790222 0.0
  vertex 84.60540008544922 0.0 0.0
  vertex 85.40360260009766 0.0 0.0
 endloop
endfacet
facet normal 0.0 0.0 1.0
 outer loop
  vertex 0.0 2.4166600704193115 0.0
  vertex 0.0 1.611109972000122 0.0
  vertex 0.7981659770011902 1.611109972000122 0.0
 endloop
endfacet
facet normal -0.0 0.0 1.0
 outer loop
  vertex 86.20179748535156 2.4166600704193115 0.0
  vertex 87.0 1.611109972000122 0.0
  vertex 87.0 2.4166600704193115 0.0
 endloop
endfacet
facet normal -0.0 0.0 1.0
 outer loop
  vertex 42.30270004272461 3.222219944000244 0.0
  vertex 43.10089874267578 2.4166600704193115 0.0
  vertex 43.10089874267578 3.222219944000244 0.0
 endloop
endfacet
facet normal 0.0 0.0 1.0
 outer loop
  vertex 0.0 4.027780055999756 0.0
  vertex 0.0 3.222219944000244 0.0
  vertex 0.7981659770011902 3.222219944000244 0.0
 endloop
endfacet
facet normal -0.0 0.0 1.0
 outer loop
  vertex 86.20179748535156 4.027780055999756 0.0
  vertex 87.0 3.222219944000244 0.0
  vertex 87.0 4.027780055999756 0.0
 endloop
endfacet
facet normal 0.0 0.0 1.0
 outer loop
  vertex 0.0 5.638889789581299 0.0
  vertex 0.0 4.833330154418945 0.0
  vertex 0.7981659770011902 4.833330154418945 0.0
 endloop
endfacet
facet normal -0.0 0.0 1.0
 outer loop
  vertex 86.20179748535156 5.638889789581299 0.0
  vertex 87.0 4.833330154418945 0.0
  vertex 87.0 5.638889789581299 0.0
 endloop
endfacet
facet normal 0.0 0.0 1.0
 outer loop
  vertex 0.0 7.25 0.0
  vertex 0.0 6.444439888000488 0.0
  vertex 0.7981659770011902 6.444439888000488 0.0
 endloop
endfacet
facet normal -0.0 0.0 1.0
 outer loop
  vertex 47.889801025390625 7.25 0.0
  vertex 48.6879997253418 6.444439888000488 0.0
  vertex 48.6879997253418 7.25 0.0
 endloop
endfacet
facet normal -0.0 0.0 1.0
 outer loop
  vertex 37.51369857788086 9.666669845581055 0.0
  vertex 38.3119010925293 8.861109733581543 0.0
  vertex 38.3119010925293 9.666669845581055 0.0
 endloop
endfacet
facet normal 0.0 0.0 0.9999999999999999
 outer loop
  vertex 26.339399337768555 17.722200393676758 0.0
  vertex 26.339399337768555 16.91659927368164 0.0
  vertex 27.13759994506836 16.91659927368164 0.0
 endloop
endfacet
facet normal -0.0 0.0 1.0
 outer loop
  vertex 65.44950103759766 20.944400787353516 0.0
  vertex 66.24759674072266 20.1387996673584 0.0
  vertex 66.24759674072266 20.944400787353516 0.0
 endloop
endfacet
facet normal 0.0 0.0 1.0
 outer loop
  vertex 0.0 23.361099243164063 0.0
  vertex 0.0 22.555500030517578 0.0
  vertex 0.7981659770011902 22.555500030517578 0.0
 endloop
endfacet
facet normal -0.0 0.0 1.0
 outer loop
  vertex 8.779809951782227 23.361099243164063 0.0
  vertex 9.577980041503906 22.555500030517578 0.0
  vertex 9.577980041503906 23.361099243164063 0.0
 endloop
endfacet
facet normal 0.0 0.0 1.0
 outer loop
  vertex 0.0 24.972200393676758 0.0
  vertex 0.0 24.16659927368164 0.0
  vertex 0.7981659770011902 24.16659927368164 0.0
 endloop
endfacet
facet normal -0.0 0.0 1.0
 outer loop
  vertex 34.32099914550781 26.58329963684082 0.0
  vertex 35.11920166015625 25.777700424194336 0.0
  vertex 35.11920166015625 26.58329963684082 0.0
 endloop
endfacet
facet normal -0.0 0.0 1.0
 outer loop
  vertex 1.5963300466537476 29.0 0.0
  vertex 2.3944900035858154 28.194400787353516 0.0
  vertex 2.3944900035858154 29.0 0.0
 endloop
endfacet
facet normal -0.0 0.0 1.0
 outer loop
  vertex 3.192660093307495 29.0 0.0
  vertex 3.9908199310302734 28.194400787353516 0.0
  vertex 3.9908199310302734 29.0 0.0
 endloop
endfacet
facet normal -0.0 0.0 1.0
 outer loop
  vertex 4.788990020751953 29.0 0.0
  vertex 5.5871500968933105 28.194400787353516 0.0
  vertex 5.5871500968933105 29.0 0.0
 endloop
endfacet
facet normal -0.0 0.0 1.0
 outer loop
  vertex 7.1834797859191895 29.0 0.0
  vertex 7.981649875640869 28.194400787353516 0.0
  vertex 7.981649875640869 29.0 0.0
 endloop
endfacet
facet normal -0.0 0.0 1.0
 outer loop
  vertex 8.779809951782227 29.0 0.0
  vertex 9.577980041503906 28.194400787353516 0.0
  vertex 9.577980041503906 29.0 0.0
 endloop
endfacet
facet normal -0.0 0.0 1.0
 outer loop
  vertex 10.376099586486816 29.0 0.0
  vertex 11.174300193786621 28.194400787353516 0.0
  vertex 11.174300193786621 29.0 0.0
 endloop
endfacet
facet normal -0.0 0.0 1.0
 outer loop
  vertex 12.770600318908691 29.0 0.0
  vertex 13.56879997253418 28.194400787353516 0.0
  vertex 13.56879997253418 29.0 0.0
 endloop
endfacet
facet normal -0.0 0.0 1.0
 outer loop
  vertex 14.366900444030762 29.0 0.0
  vertex 15.16510009765625 28.194400787353516 0.0
  vertex 15.16510009765625 29.0 0.0
 endloop
endfacet
facet normal -0.0 0.0 1.0
 outer loop
  vertex 15.963199615478516 29.0 0.0
  vertex 16.76140022277832 28.194400787353516 0.0
  vertex 16.76140022277832 29.0 0.0
 endloop
endfacet
facet normal -0.0 0.0 1.0
 outer loop
  vertex 17.559600830078125 29.0 0.0
  vertex 18.35770034790039 28.194400787353516 0.0
  vertex 18.35770034790039 29.0 0.0
 endloop
endfacet
facet normal -0.0 0.0 1.0
 outer loop
  vertex 19.155899047851563 29.0 0.0
  vertex 19.954099655151367 28.194400787353516 0.0
  vertex 19.954099655151367 29.0 0.0
 endloop
endfacet
facet normal -0.0 0.0 1.0
 outer loop
  vertex 20.752199172973633 29.0 0.0
  vertex 21.550399780273438 28.194400787353516 0.0
  vertex 21.550399780273438 29.0 0.0
 endloop
endfacet
facet normal -0.0 0.0 1.0
 outer loop
  vertex 22.348600387573242 29.0 0.0
  vertex 23.146699905395508 28.194400787353516 0.0
  vertex 23.146699905395508 29.0 0.0
 endloop
endfacet
facet normal -0.0 0.0 1.0
 outer loop
  vertex 23.944900512695313 29.0 0.0
  vertex 24.743099212646484 28.194400787353516 0.0
  vertex 24.743099212646484 29.0 0.0
 endloop
endfacet
facet normal -0.0 0.0 1.0
 outer loop
  vertex 25.541200637817383 29.0 0.0
  vertex 26.339399337768555 28.194400787353516 0.0
  vertex 26.339399337768555 29.0 0.0
 endloop
endfacet
facet normal -0.0 0.0 1.0
 outer loop
  vertex 27.13759994506836 29.0 0.0
  vertex 27.935699462890625 28.194400787353516 0.0
  vertex 27.935699462890625 29.0 0.0
 endloop
endfacet
facet normal -0.0 0.0 1.0
 outer loop
  vertex 28.73390007019043 29.0 0.0
  vertex 29.531999588012695 28.194400787353516 0.0
  vertex 29.531999588012695 29.0 0.0
 endloop
endfacet
facet normal -0.0 0.0 1.0
 outer loop
  vertex 30.3302001953125 29.0 0.0
  vertex 31.128400802612305 28.194400787353516 0.0
  vertex 31.128400802612305 29.0 0.0
 endloop
endfacet
facet normal -0.0 0.0 1.0
 outer loop
  vertex 31.92650032043457 29.0 0.0
  vertex 32.724700927734375 28.194400787353516 0.0
  vertex 32.724700927734375 29.0 0.0
 endloop
endfacet
facet normal -0.0 0.0 1.0
 outer loop
  vertex 33.52289962768555 29.0 0.0
  vertex 34.32099914550781 28.194400787353516 0.0
  vertex 34.32099914550781 29.0 0.0
 endloop
endfacet
facet normal -0.0 0.0 1.0
 outer loop
  vertex 35.11920166015625 29.0 0.0
  vertex 35.91740036010742 28.194400787353516 0.0
  vertex 35.91740036010742 29.0 0.0
 endloop
endfacet
facet normal -0.0 0.0 1.0
 outer loop
  vertex 36.71549987792969 29.0 0.0
  vertex 37.51369857788086 28.194400787353516 0.0
  vertex 37.51369857788086 29.0 0.0
 endloop
endfacet
facet normal -0.0 0.0 1.0
 outer loop
  vertex 38.3119010925293 29.0 0.0
  vertex 39.11000061035156 28.194400787353516 0.0
  vertex 39.11000061035156 29.0 0.0
 endloop
endfacet
facet normal -0.0 0.0 1.0
 outer loop
  vertex 39.908199310302734 29.0 0.0
  vertex 40.70640182495117 28.194400787353516 0.0
  vertex 40.70640182495117 29.0 0.0
 endloop
endfacet
facet normal -0.0 0.0 1.0
 outer loop
  vertex 41.50450134277344 29.0 0.0
  vertex 42.30270004272461 28.194400787353516 0.0
  vertex 42.30270004272461 29.0 0.0
 endloop
endfacet
facet normal -0.0 0.0 1.0
 outer loop
  vertex 43.10089874267578 29.0 0.0
  vertex 43.89899826049805 28.194400787353516 0.0
  vertex 43.89899826049805 29.0 0.0
 endloop
endfacet
facet normal -0.0 0.0 1.0
 outer loop
  vertex 44.697200775146484 29.0 0.0
  vertex 45.49530029296875 28.194400787353516 0.0
  vertex 45.49530029296875 29.0 0.0
 endloop
endfacet
facet normal -0.0 0.0 1.0
 outer loop
  vertex 46.29349899291992 29.0 0.0
  vertex 47.09170150756836 28.194400787353516 0.0
  vertex 47.09170150756836 29.0 0.0
 endloop
endfacet
facet normal -0.0 0.0 1.0
 outer loop
  vertex 47.889801025390625 29.0 0.0
  vertex 48.6879997253418 28.194400787353516 0.0
  vertex 48.6879997253418 29.0 0.0
 endloop
endfacet
facet normal -0.0 0.0 1.0
 outer loop
  vertex 49.48619842529297 29.0 0.0
  vertex 50.2843017578125 28.194400787353516 0.0
  vertex 50.2843017578125 29.0 0.0
 endloop
endfacet
facet normal -0.0 0.0 1.0
 outer loop
  vertex 51.08250045776367 29.0 0.0
  vertex 51.880699157714844 28.194400787353516 0.0
  vertex 51.880699157714844 29.0 0.0
 endloop
endfacet
facet normal -0.0 0.0 1.0
 outer loop
  vertex 52.67879867553711 29.0 0.0
  vertex 53.47700119018555 28.194400787353516 0.0
  vertex 53.47700119018555 29.0 0.0
 endloop
endfacet
facet normal -0.0 0.0 1.0
 outer loop
  vertex 54.27519989013672 29.0 0.0
  vertex 55.073299407958984 28.194400787353516 0.0
  vertex 55.073299407958984 29.0 0.0
 endloop
endfacet
facet normal -0.0 0.0 1.0
 outer loop
  vertex 55.871498107910156 29.0 0.0
  vertex 56.669700622558594 28.194400787353516 0.0
  vertex 56.669700622558594 29.0 0.0
 endloop
endfacet
facet normal -0.0 0.0 1.0
 outer loop
  vertex 58.26599884033203 29.0 0.0
  vertex 59.06420135498047 28.194400787353516 0.0
  vertex 59.06420135498047 29.0 0.0
 endloop
endfacet
facet normal -0.0 0.0 1.0
 outer loop
  vertex 86.20179748535156 29.0 0.0
  vertex 87.0 28.194400787353516 0.0
  vertex 87.0 29.0 0.0
 endloop
endfacet
facet normal -0.0 0.0 1.0
 outer loop
  vertex 53.477635935346186 3.46334682796205 0.0
  vertex 54.27519989013672 3.222219944000244 0.0
  vertex 54.275467671652585 3.4636174027810736 0.0
 endloop
endfacet
facet normal -0.0 0.0 1.0
 outer loop
  vertex 58.265998840332024 3.4638879776000975 0.0
  vertex 59.06420135498047 3.222219944000244 0.0
  vertex 59.06414985656738 3.4638879776000975 0.0
 endloop
endfacet
facet normal -0.0 0.0 1.0
 outer loop
  vertex 59.06414985656738 3.4638879776000975 0.0
  vertex 59.06420135498047 3.222219944000244 0.0
  vertex 59.862300872802734 3.4638879776000975 0.0
 endloop
endfacet
facet normal -0.0 0.0 1.0
 outer loop
  vertex 63.05500023253262 3.4753519608635868 0.0
  vertex 63.85309982299805 3.222219944000244 0.0
  vertex 63.85316715668887 3.4791335694789858 0.0
 endloop
endfacet
facet normal -0.0 0.0 1.0
 outer loop
  vertex 63.85316715668887 3.4791335694789858 0.0
  vertex 63.85309982299805 3.222219944000244 0.0
  vertex 64.65133407805115 3.4828956175446018 0.0
 endloop
endfacet
facet normal -0.0 0.0 1.0
 outer loop
  vertex 67.84400177001953 3.4978189400936515 0.0
  vertex 68.64209747314453 3.222219944000244 0.0
  vertex 68.6421510875225 3.5046635889291435 0.0
 endloop
endfacet
facet normal -0.0 0.0 1.0
 outer loop
  vertex 72.63293331721798 3.5397137955981153 0.0
  vertex 73.43109893798828 3.222219944000244 0.0
  vertex 73.43110066186637 3.5469913360953766 0.0
 endloop
endfacet
facet normal -0.0 0.0 1.0
 outer loop
  vertex 77.4219970703125 3.6129259640184896 0.0
  vertex 78.22010040283203 3.222219944000244 0.0
  vertex 78.22013089060783 3.649977744673672 0.0
 endloop
endfacet
facet normal -0.0 0.0 1.0
 outer loop
  vertex 79.81639862060547 3.724046251738611 0.0
  vertex 80.6146011352539 3.222219944000244 0.0
  vertex 80.37514038085936 4.027780055999756 0.0
 endloop
endfacet
facet normal 0.0 0.0 0.9999999999999999
 outer loop
  vertex 47.889801025390625 5.638889789581299 0.0
  vertex 47.62455332154641 5.351722865963305 0.0
  vertex 48.15651892640599 5.617535531395617 0.0
 endloop
endfacet
facet normal -0.0 0.0 1.0
 outer loop
  vertex 47.889801025390625 5.638889789581299 0.0
  vertex 48.15651892640599 5.617535531395617 0.0
  vertex 48.688484531265566 5.883348196827928 0.0
 endloop
endfacet
facet normal 0.0 0.0 1.0
 outer loop
  vertex 49.220374755829106 6.1500242490483235 0.0
  vertex 48.6879997253418 6.444439888000488 0.0
  vertex 48.688484531265566 5.883348196827928 0.0
 endloop
endfacet
facet normal 0.0 0.0 1.0
 outer loop
  vertex 31.367830657958983 7.25 0.0
  vertex 31.128400802612305 6.444439888000488 0.0
  vertex 31.92650032043457 6.822523753694203 0.0
 endloop
endfacet
facet normal 0.0 0.0 0.9999999999999999
 outer loop
  vertex 51.08250045776367 7.25 0.0
  vertex 50.816438284295145 6.9546274842568945 0.0
  vertex 51.34857481077779 7.223147046913447 0.0
 endloop
endfacet
facet normal 0.0 0.0 1.0
 outer loop
  vertex 33.243515205383304 7.934726095199585 0.0
  vertex 32.724700927734375 8.055560111999512 0.0
  vertex 32.724700927734375 7.8138920783996575 0.0
 endloop
endfacet
facet normal -0.0 0.0 1.0
 outer loop
  vertex 51.08250045776367 7.25 0.0
  vertex 51.34857481077779 7.223147046913447 0.0
  vertex 51.88069915771484 7.4916680335998524 0.0
 endloop
endfacet
facet normal -0.0 0.0 1.0
 outer loop
  vertex 1.6960982605814934 8.464395962141143 0.0
  vertex 1.5963300466537476 8.055560111999512 0.0
  vertex 2.4443778954446316 8.488774576069908 0.0
 endloop
endfacet
facet normal 0.0 0.0 1.0
 outer loop
  vertex 5.591829021112062 8.49055730822327 0.0
  vertex 6.38532018661499 8.055560111999512 0.0
  vertex 6.387654403515626 8.488561882953888 0.0
 endloop
endfacet
facet normal 0.0 0.0 1.0
 outer loop
  vertex 6.387654403515626 8.488561882953888 0.0
  vertex 6.38532018661499 8.055560111999512 0.0
  vertex 7.1834797859191895 8.486566457684507 0.0
 endloop
endfacet
facet normal 0.0 0.0 1.0
 outer loop
  vertex 19.68799584619701 8.622022323755367 0.0
  vertex 19.155899047851563 8.861109733581543 0.0
  vertex 19.155899047851563 8.297224998474121 0.0
 endloop
endfacet
facet normal -0.0 0.0 1.0
 outer loop
  vertex 23.944900512695313 8.495508349888972 0.0
  vertex 24.743099212646484 8.055560111999512 0.0
  vertex 24.488655138015748 8.784638042844207 0.0
 endloop
endfacet
facet normal 0.0 0.0 1.0
 outer loop
  vertex 83.80729675292969 8.055560111999512 0.0
  vertex 84.5100855614224 8.26012550977694 0.0
  vertex 84.14938575409039 8.73717017200618 0.0
 endloop
endfacet
facet normal -0.0 0.0 1.0
 outer loop
  vertex 16.76140022277832 9.267238566914749 0.0
  vertex 17.559600830078125 8.861109733581543 0.0
  vertex 17.29350189048564 9.588344235266849 0.0
 endloop
endfacet
facet normal 0.0 0.0 1.0
 outer loop
  vertex 14.366900444030762 9.666669845581055 0.0
  vertex 15.16510009765625 9.930399671537998 0.0
  vertex 14.798382611365378 10.362272064609344 0.0
 endloop
endfacet
facet normal 0.0 0.0 1.0
 outer loop
  vertex 21.550399780273438 10.472200393676758 0.0
  vertex 21.768709170525355 9.756468705169855 0.0
  vertex 22.249770293952324 10.114334549423306 0.0
 endloop
endfacet
facet normal -0.0 0.0 0.9999999999999999
 outer loop
  vertex 27.44685213565826 9.822156228221846 0.0
  vertex 27.935699462890625 9.666669845581055 0.0
  vertex 28.075409841537475 10.030748501797628 0.0
 endloop
endfacet
facet normal 0.0 0.0 1.0
 outer loop
  vertex 57.994113373756406 10.243123638629914 0.0
  vertex 57.46780014038086 10.472200393676758 0.0
  vertex 57.48873141169509 9.944825023412704 0.0
 endloop
endfacet
facet normal -0.0 0.0 1.0
 outer loop
  vertex 19.298733136885517 10.877357205486863 0.0
  vertex 19.954099655151367 10.472200393676758 0.0
  vertex 19.77367552166011 11.200136456922062 0.0
 endloop
endfacet
facet normal -0.0 0.0 1.0
 outer loop
  vertex 29.79809426012951 10.72056182584085 0.0
  vertex 30.3302001953125 10.472200393676758 0.0
  vertex 30.3302001953125 10.965572277542327 0.0
 endloop
endfacet
facet normal 0.0 0.0 1.0
 outer loop
  vertex 13.697029174565976 11.654317137859891 0.0
  vertex 13.329340076446533 12.08329963684082 0.0
  vertex 12.770600318908691 12.08329963684082 0.0
 endloop
endfacet
facet normal 0.0 0.0 0.9999999999999999
 outer loop
  vertex 24.477003542676943 11.833198188935924 0.0
  vertex 23.944900512695313 12.08329963684082 0.0
  vertex 23.94490051269531 11.519380187988281 0.0
 endloop
endfacet
facet normal 0.0 -0.0 1.0
 outer loop
  vertex 31.128400802612305 11.277700424194336 0.0
  vertex 31.39440353072714 11.538583137117996 0.0
  vertex 30.86230674101971 11.252082399276118 0.0
 endloop
endfacet
facet normal -0.0 0.0 1.0
 outer loop
  vertex 49.729932713601556 11.547432586357656 0.0
  vertex 50.2843017578125 11.277700424194336 0.0
  vertex 50.2843017578125 11.805931887317758 0.0
 endloop
endfacet
facet normal 0.0 0.0 1.0
 outer loop
  vertex 59.06420135498047 12.08329963684082 0.0
  vertex 59.318587112426755 11.383442044258118 0.0
  vertex 59.722650814056394 11.821455097198486 0.0
 endloop
endfacet
facet normal 0.0 0.0 1.0
 outer loop
  vertex 12.770600318908691 12.08329963684082 0.0
  vertex 13.329340076446533 12.08329963684082 0.0
  vertex 12.994271551504536 12.615649451541621 0.0
 endloop
endfacet
facet normal 0.0 0.0 1.0
 outer loop
  vertex 26.06999897956848 12.722035852441959 0.0
  vertex 25.541200637817383 12.888799667358398 0.0
  vertex 25.541200637817383 12.460857530227933 0.0
 endloop
endfacet
facet normal 0.0 -0.0 0.9999999999999999
 outer loop
  vertex 73.85793599285688 12.15611646636424 0.0
  vertex 74.22930145263672 12.888799667358398 0.0
  vertex 73.47571220158693 12.593946323246321 0.0
 endloop
endfacet
facet normal 0.0 0.0 1.0
 outer loop
  vertex 11.972399711608887 12.888799667358398 0.0
  vertex 12.643809106941843 13.129480842395136 0.0
  vertex 12.292114704843186 13.609265111175198 0.0
 endloop
endfacet
facet normal 0.0 0.0 1.0
 outer loop
  vertex 11.972399711608887 13.6943998336792 0.0
  vertex 11.972399711608887 12.888799667358398 0.0
  vertex 12.292114704843186 13.609265111175198 0.0
 endloop
endfacet
facet normal 0.0 0.0 0.9999999999999999
 outer loop
  vertex 26.339399337768555 13.6943998336792 0.0
  vertex 26.59505475908518 12.986606275180012 0.0
  vertex 27.067714667320253 13.298666105254476 0.0
 endloop
endfacet
facet normal 0.0 0.0 1.0
 outer loop
  vertex 39.11000061035156 13.6943998336792 0.0
  vertex 39.340749777718564 13.15472432989273 0.0
  vertex 39.62304316937798 13.691713836661181 0.0
 endloop
endfacet
facet normal 0.0 -0.0 1.0
 outer loop
  vertex 73.10187511444092 13.036022931027262 0.0
  vertex 73.43109893798828 13.6943998336792 0.0
  vertex 72.77265129089355 13.43257977962494 0.0
 endloop
endfacet
facet normal 0.0 0.0 1.0
 outer loop
  vertex 11.972399711608887 13.6943998336792 0.0
  vertex 11.93162377724699 14.069427546966843 0.0
  vertex 11.561269856428256 14.515696515024754 0.0
 endloop
endfacet
facet normal 0.0 0.0 1.0
 outer loop
  vertex 11.93162377724699 14.069427546966843 0.0
  vertex 11.972399711608887 13.6943998336792 0.0
  vertex 12.292114704843186 13.609265111175198 0.0
 endloop
endfacet
facet normal 0.0 -0.0 1.0
 outer loop
  vertex 53.197690522751245 13.6943998336792 0.0
  vertex 53.47700119018555 14.5 0.0
  vertex 52.67879867553711 14.258319950103758 0.0
 endloop
endfacet
facet normal 0.0 0.0 1.0
 outer loop
  vertex 61.45869827270508 14.5 0.0
  vertex 61.57838635444641 14.056919908523557 0.0
  vertex 62.01737060546874 14.499999999999998 0.0
 endloop
endfacet
facet normal 0.0 0.0 1.0
 outer loop
  vertex 35.11920166015625 15.063850021362306 0.0
  vertex 34.705399566019146 15.408787464530864 0.0
  vertex 34.32099914550781 15.305500030517578 0.0
 endloop
endfacet
facet normal -0.0 0.0 1.0
 outer loop
  vertex 36.71549987792969 14.839099403525566 0.0
  vertex 37.51369857788086 14.5 0.0
  vertex 37.23811790280614 15.305500030517578 0.0
 endloop
endfacet
facet normal -0.0 0.0 1.0
 outer loop
  vertex 39.908199310302734 15.305500030517578 0.0
  vertex 40.186138815797015 14.767101686973605 0.0
  vertex 40.46694107055664 15.305500030517578 0.0
 endloop
endfacet
facet normal -0.0 0.0 1.0
 outer loop
  vertex 61.45869827270508 14.5 0.0
  vertex 62.01737060546874 14.499999999999998 0.0
  vertex 62.2568016052246 14.741650009155272 0.0
 endloop
endfacet
facet normal 0.0 0.0 1.0
 outer loop
  vertex 62.25680160522461 15.305500030517578 0.0
  vertex 62.2568016052246 14.741650009155272 0.0
  vertex 62.655900955200195 15.144414901733398 0.0
 endloop
endfacet
facet normal 0.0 0.0 1.0
 outer loop
  vertex 78.36133695502497 14.920357309560247 0.0
  vertex 77.98066940307618 15.305500030517578 0.0
  vertex 77.4219970703125 15.305500030517578 0.0
 endloop
endfacet
facet normal 0.0 0.0 1.0
 outer loop
  vertex 10.476450499185539 15.73782221166223 0.0
  vertex 10.136663722991944 16.111099243164063 0.0
  vertex 9.577980041503906 16.111099243164063 0.0
 endloop
endfacet
facet normal 0.0 0.0 1.0
 outer loop
  vertex 34.29159747188204 15.753724907699423 0.0
  vertex 34.32099914550781 15.305500030517578 0.0
  vertex 34.705399566019146 15.408787464530864 0.0
 endloop
endfacet
facet normal 0.0 0.0 1.0
 outer loop
  vertex 39.908199310302734 15.305500030517578 0.0
  vertex 40.46694107055664 15.305500030517578 0.0
  vertex 40.80219840937703 15.695536295487303 0.0
 endloop
endfacet
facet normal -0.0 0.0 1.0
 outer loop
  vertex 57.46780014038086 15.607744444089025 0.0
  vertex 58.26599884033203 15.305500030517578 0.0
  vertex 57.88965340663775 16.028820097680047 0.0
 endloop
endfacet
facet normal -0.0 0.0 1.0
 outer loop
  vertex 62.25680160522461 15.305500030517578 0.0
  vertex 62.655900955200195 15.144414901733398 0.0
  vertex 63.05500030517578 15.547179794311523 0.0
 endloop
endfacet
facet normal 0.0 0.0 0.9999999999999999
 outer loop
  vertex 71.0365982055664 16.111099243164063 0.0
  vertex 70.4779312133789 16.111099243164063 0.0
  vertex 70.88698897361755 15.69825258255005 0.0
 endloop
endfacet
facet normal 0.0 0.0 1.0
 outer loop
  vertex 77.4219970703125 15.305500030517578 0.0
  vertex 77.98066940307618 15.305500030517578 0.0
  vertex 77.63520575046897 15.839180994033814 0.0
 endloop
endfacet
facet normal 0.0 -0.0 1.0
 outer loop
  vertex 6.049001097597648 16.227110987891137 0.0
  vertex 6.38532018661499 16.91659927368164 0.0
  vertex 5.693353972048499 16.70256373607777 0.0
 endloop
endfacet
facet normal 0.0 0.0 1.0
 outer loop
  vertex 9.577980041503906 16.111099243164063 0.0
  vertex 10.136663722991944 16.111099243164063 0.0
  vertex 9.809223342188483 16.62636749402034 0.0
 endloop
endfacet
facet normal 0.0 0.0 1.0
 outer loop
  vertex 32.9555771560573 16.798712362611838 0.0
  vertex 32.724700927734375 16.111099243164063 0.0
  vertex 33.42461413640465 16.448206523772697 0.0
 endloop
endfacet
facet normal -0.0 0.0 1.0
 outer loop
  vertex 41.50450134277344 16.91659927368164 0.0
  vertex 41.48712876179108 16.505978343252174 0.0
  vertex 41.86563312493129 16.98712316169817 0.0
 endloop
endfacet
facet normal 0.0 0.0 1.0
 outer loop
  vertex 53.66912864564412 16.82994984302058 0.0
  vertex 53.47700119018555 16.111099243164063 0.0
  vertex 54.14065244762076 16.50936281005956 0.0
 endloop
endfacet
facet normal 0.0 0.0 1.0
 outer loop
  vertex 63.85309982299805 16.91659927368164 0.0
  vertex 64.11253919601441 16.252044391632083 0.0
  vertex 64.54155535697937 16.62460947036743 0.0
 endloop
endfacet
facet normal 0.0 -0.0 1.0
 outer loop
  vertex 70.4779312133789 16.111099243164063 0.0
  vertex 71.0365982055664 16.111099243164063 0.0
  vertex 70.2385025024414 16.352749252319335 0.0
 endloop
endfacet
facet normal 0.0 -0.0 1.0
 outer loop
  vertex 71.0365982055664 16.111099243164063 0.0
  vertex 71.0365982055664 16.91659927368164 0.0
  vertex 70.2385025024414 16.352749252319335 0.0
 endloop
endfacet
facet normal 0.0 0.0 1.0
 outer loop
  vertex 76.6238021850586 16.111099243164063 0.0
  vertex 77.28974209786178 16.37286195755005 0.0
  vertex 76.95677214146019 16.792008418958698 0.0
 endloop
endfacet
facet normal 0.0 0.0 1.0
 outer loop
  vertex 8.779809951782227 16.91659927368164 0.0
  vertex 9.474981957861775 17.13143992183511 0.0
  vertex 9.128882747253538 17.603838362525337 0.0
 endloop
endfacet
facet normal 0.0 0.0 1.0
 outer loop
  vertex 31.92650032043457 17.480520057678223 0.0
  vertex 31.92650032043457 16.91659927368164 0.0
  vertex 32.447349805492685 17.142216776411942 0.0
 endloop
endfacet
facet normal 0.0 -0.0 0.9999999999999999
 outer loop
  vertex 49.283761079631915 17.012679463997486 0.0
  vertex 49.48619842529297 17.722200393676758 0.0
  vertex 48.81726258896333 17.359558610059324 0.0
 endloop
endfacet
facet normal -0.0 0.0 1.0
 outer loop
  vertex 59.16361816733767 17.297065024089086 0.0
  vertex 59.862300872802734 16.91659927368164 0.0
  vertex 59.59227129556979 17.722200393676758 0.0
 endloop
endfacet
facet normal 0.0 0.0 1.0
 outer loop
  vertex 64.65129852294922 17.722200393676758 0.0
  vertex 64.9156999349594 16.972004652023315 0.0
  vertex 65.30231484174729 17.347102522850037 0.0
 endloop
endfacet
facet normal 0.0 0.0 1.0
 outer loop
  vertex 75.82559967041016 16.91659927368164 0.0
  vertex 76.59073653459728 17.22229149888208 0.0
  vertex 76.20816810250372 17.658142888062827 0.0
 endloop
endfacet
facet normal 0.0 0.0 1.0
 outer loop
  vertex 31.218891505103215 18.153845541393906 0.0
  vertex 30.750712545118546 18.585490689111055 0.0
  vertex 30.3302001953125 18.527700424194336 0.0
 endloop
endfacet
facet normal -0.0 0.0 1.0
 outer loop
  vertex 42.30270004272461 18.527700424194336 0.0
  vertex 42.54092920510122 17.999729746144922 0.0
  vertex 42.86143913269043 18.527700424194336 0.0
 endloop
endfacet
facet normal 0.0 0.0 0.9999999999999999
 outer loop
  vertex 51.304771978101925 18.419177897274494 0.0
  vertex 51.08250045776367 17.722200393676758 0.0
  vertex 51.81328827928193 18.072104656696318 0.0
 endloop
endfacet
facet normal -0.0 0.0 1.0
 outer loop
  vertex 59.923653472573164 18.12479966665484 0.0
  vertex 60.660499572753906 17.722200393676758 0.0
  vertex 60.25503564957654 18.527398939632924 0.0
 endloop
endfacet
facet normal 0.0 0.0 1.0
 outer loop
  vertex 30.37302428762479 18.88493096318305 0.0
  vertex 30.3302001953125 18.527700424194336 0.0
  vertex 30.750712545118546 18.585490689111055 0.0
 endloop
endfacet
facet normal 0.0 0.0 1.0
 outer loop
  vertex 42.30270004272461 18.527700424194336 0.0
  vertex 42.86143913269043 18.527700424194336 0.0
  vertex 43.196184518348836 18.930500030517578 0.0
 endloop
endfacet
facet normal 0.0 0.0 0.9999999999999999
 outer loop
  vertex 44.697200775146484 19.895149184832924 0.0
  vertex 43.89899826049805 20.1387996673584 0.0
  vertex 43.89899826049805 19.658021520706804 0.0
 endloop
endfacet
facet normal 0.0 0.0 0.9999999999999999
 outer loop
  vertex 48.87595923915515 20.054090484371407 0.0
  vertex 48.6879997253418 19.33329963684082 0.0
  vertex 49.348908140423745 19.732745691179296 0.0
 endloop
endfacet
facet normal 0.0 0.0 1.0
 outer loop
  vertex 74.26196085279113 19.793072889615274 0.0
  vertex 74.22930145263672 19.33329963684082 0.0
  vertex 74.65103553823792 19.37176949102895 0.0
 endloop
endfacet
facet normal 0.0 -0.0 1.0
 outer loop
  vertex 2.779445807429147 20.256715161540143 0.0
  vertex 3.192660093307495 20.944400787353516 0.0
  vertex 2.3944900035858154 20.70272045135498 0.0
 endloop
endfacet
facet normal 0.0 -0.0 1.0
 outer loop
  vertex 2.155042016506195 20.944400787353516 0.0
  vertex 2.3944900035858154 21.75 0.0
  vertex 1.7027240219031228 21.2935023394696 0.0
 endloop
endfacet
facet normal 0.0 -0.0 1.0
 outer loop
  vertex 8.525398305058479 21.03088258691439 0.0
  vertex 8.779809951782227 21.75 0.0
  vertex 7.981649875640869 21.335482209281672 0.0
 endloop
endfacet
facet normal 0.0 0.0 1.0
 outer loop
  vertex 23.146699905395508 21.508320236206053 0.0
  vertex 23.146699905395508 20.944400787353516 0.0
  vertex 23.825883489516308 21.297203128824925 0.0
 endloop
endfacet
facet normal 0.0 -0.0 0.9999999999999999
 outer loop
  vertex 0.7981659770011902 21.991650009155272 0.0
  vertex 0.7981659770011902 22.555500030517578 0.0
  vertex 0.3990829885005951 22.273575019836425 0.0
 endloop
endfacet
facet normal 0.0 0.0 0.9999999999999999
 outer loop
  vertex 0.7981659770011902 22.555500030517578 0.0
  vertex 0.0 22.555500030517578 0.0
  vertex 0.3990829885005951 22.273575019836425 0.0
 endloop
endfacet
facet normal 0.0 0.0 1.0
 outer loop
  vertex 69.44029998779297 24.730520057678223 0.0
  vertex 69.44029998779297 24.16659927368164 0.0
  vertex 69.96658773422241 24.39570536017418 0.0
 endloop
endfacet
facet normal 0.0 0.0 1.0
 outer loop
  vertex 67.0457992553711 26.324122214966792 0.0
  vertex 67.0457992553711 25.777700424194336 0.0
  vertex 67.60350588456495 26.018526539612424 0.0
 endloop
endfacet
facet normal 0.0 0.0 1.0
 outer loop
  vertex 65.24926257453657 26.778887321039505 0.0
  vertex 65.44950103759766 26.58329963684082 0.0
  vertex 65.91586334911409 26.694186537394778 0.0
 endloop
endfacet
facet normal 0.0 0.0 1.0
 outer loop
  vertex 0.7981659770011902 1.611109972000122 0.0
  vertex 0.0 1.611109972000122 0.0
  vertex 0.0 0.8055559992790222 0.0
 endloop
endfacet
facet normal 0.0 0.0 1.0
 outer loop
  vertex 0.7981659770011902 0.0 0.0
  vertex 1.5963300466537476 0.0 0.0
  vertex 1.5963300466537476 0.8055559992790222 0.0
 endloop
endfacet
facet normal -0.0 0.0 1.0
 outer loop
  vertex 0.0 0.8055559992790222 0.0
  vertex 0.7981659770011902 0.0 0.0
  vertex 1.5963300466537476 0.8055559992790222 0.0
 endloop
endfacet
facet normal 0.0 0.0 1.0
 outer loop
  vertex 0.7981659770011902 1.611109972000122 0.0
  vertex 0.0 0.8055559992790222 0.0
  vertex 1.5963300466537476 0.8055559992790222 0.0
 endloop
endfacet
facet normal 0.0 0.0 0.9999999999999999
 outer loop
  vertex 2.3944900035858154 0.0 0.0
  vertex 3.192660093307495 0.0 0.0
  vertex 3.192660093307495 0.8055559992790222 0.0
 endloop
endfacet
facet normal -0.0 0.0 1.0
 outer loop
  vertex 1.5963300466537476 0.8055559992790222 0.0
  vertex 2.3944900035858154 0.0 0.0
  vertex 3.192660093307495 0.8055559992790222 0.0
 endloop
endfacet
facet normal 0.0 0.0 0.9999999999999999
 outer loop
  vertex 3.9908199310302734 0.0 0.0
  vertex 4.788990020751953 0.0 0.0
  vertex 4.788990020751953 0.8055559992790222 0.0
 endloop
endfacet
facet normal -0.0 0.0 1.0
 outer loop
  vertex 3.192660093307495 0.8055559992790222 0.0
  vertex 3.9908199310302734 0.0 0.0
  vertex 4.788990020751953 0.8055559992790222 0.0
 endloop
endfacet
facet normal 0.0 0.0 0.9999999999999999
 outer loop
  vertex 5.5871500968933105 0.0 0.0
  vertex 6.38532018661499 0.0 0.0
  vertex 6.38532018661499 0.8055559992790222 0.0
 endloop
endfacet
facet normal -0.0 0.0 1.0
 outer loop
  vertex 4.788990020751953 0.8055559992790222 0.0
  vertex 5.5871500968933105 0.0 0.0
  vertex 6.38532018661499 0.8055559992790222 0.0
 endloop
endfacet
facet normal 0.0 0.0 0.9999999999999999
 outer loop
  vertex 7.1834797859191895 0.0 0.0
  vertex 7.981649875640869 0.0 0.0
  vertex 7.981649875640869 0.8055559992790222 0.0
 endloop
endfacet
facet normal -0.0 0.0 1.0
 outer loop
  vertex 6.38532018661499 0.8055559992790222 0.0
  vertex 7.1834797859191895 0.0 0.0
  vertex 7.981649875640869 0.8055559992790222 0.0
 endloop
endfacet
facet normal 0.0 0.0 0.9999999999999999
 outer loop
  vertex 8.779809951782227 0.0 0.0
  vertex 9.577980041503906 0.0 0.0
  vertex 9.577980041503906 0.8055559992790222 0.0
 endloop
endfacet
facet normal -0.0 0.0 1.0
 outer loop
  vertex 7.981649875640869 0.8055559992790222 0.0
  vertex 8.779809951782227 0.0 0.0
  vertex 9.577980041503906 0.8055559992790222 0.0
 endloop
endfacet
facet normal 0.0 0.0 1.0
 outer loop
  vertex 10.376099586486816 0.0 0.0
  vertex 11.174300193786621 0.0 0.0
  vertex 11.174300193786621 0.8055559992790222 0.0
 endloop
endfacet
facet normal -0.0 0.0 1.0
 outer loop
  vertex 9.577980041503906 0.8055559992790222 0.0
  vertex 10.376099586486816 0.0 0.0
  vertex 11.174300193786621 0.8055559992790222 0.0
 endloop
endfacet
facet normal 0.0 0.0 1.0
 outer loop
  vertex 11.972399711608887 0.0 0.0
  vertex 12.770600318908691 0.0 0.0
  vertex 12.770600318908691 0.8055559992790222 0.0
 endloop
endfacet
facet normal -0.0 0.0 0.9999999999999999
 outer loop
  vertex 11.174300193786621 0.8055559992790222 0.0
  vertex 11.972399711608887 0.0 0.0
  vertex 12.770600318908691 0.8055559992790222 0.0
 endloop
endfacet
facet normal 0.0 0.0 1.0
 outer loop
  vertex 13.56879997253418 0.0 0.0
  vertex 14.366900444030762 0.0 0.0
  vertex 14.366900444030762 0.8055559992790222 0.0
 endloop
endfacet
facet normal -0.0 0.0 0.9999999999999999
 outer loop
  vertex 12.770600318908691 0.8055559992790222 0.0
  vertex 13.56879997253418 0.0 0.0
  vertex 14.366900444030762 0.8055559992790222 0.0
 endloop
endfacet
facet normal 0.0 0.0 1.0
 outer loop
  vertex 15.16510009765625 0.0 0.0
  vertex 15.963199615478516 0.0 0.0
  vertex 15.963199615478516 0.8055559992790222 0.0
 endloop
endfacet
facet normal -0.0 0.0 1.0
 outer loop
  vertex 14.366900444030762 0.8055559992790222 0.0
  vertex 15.16510009765625 0.0 0.0
  vertex 15.963199615478516 0.8055559992790222 0.0
 endloop
endfacet
facet normal 0.0 0.0 1.0
 outer loop
  vertex 16.76140022277832 0.0 0.0
  vertex 17.559600830078125 0.0 0.0
  vertex 17.559600830078125 0.8055559992790222 0.0
 endloop
endfacet
facet normal -0.0 0.0 1.0
 outer loop
  vertex 15.963199615478516 0.8055559992790222 0.0
  vertex 16.76140022277832 0.0 0.0
  vertex 17.559600830078125 0.8055559992790222 0.0
 endloop
endfacet
facet normal 0.0 0.0 1.0
 outer loop
  vertex 18.35770034790039 0.0 0.0
  vertex 19.155899047851563 0.0 0.0
  vertex 19.155899047851563 0.8055559992790222 0.0
 endloop
endfacet
facet normal -0.0 0.0 1.0
 outer loop
  vertex 17.559600830078125 0.8055559992790222 0.0
  vertex 18.35770034790039 0.0 0.0
  vertex 19.155899047851563 0.8055559992790222 0.0
 endloop
endfacet
facet normal 0.0 0.0 1.0
 outer loop
  vertex 19.954099655151367 0.0 0.0
  vertex 20.752199172973633 0.0 0.0
  vertex 20.752199172973633 0.8055559992790222 0.0
 endloop
endfacet
facet normal -0.0 0.0 0.9999999999999999
 outer loop
  vertex 19.155899047851563 0.8055559992790222 0.0
  vertex 19.954099655151367 0.0 0.0
  vertex 20.752199172973633 0.8055559992790222 0.0
 endloop
endfacet
facet normal 0.0 0.0 1.0
 outer loop
  vertex 21.550399780273438 0.0 0.0
  vertex 22.348600387573242 0.0 0.0
  vertex 22.348600387573242 0.8055559992790222 0.0
 endloop
endfacet
facet normal -0.0 0.0 1.0
 outer loop
  vertex 20.752199172973633 0.8055559992790222 0.0
  vertex 21.550399780273438 0.0 0.0
  vertex 22.348600387573242 0.8055559992790222 0.0
 endloop
endfacet
facet normal 0.0 0.0 1.0
 outer loop
  vertex 23.146699905395508 0.0 0.0
  vertex 23.944900512695313 0.0 0.0
  vertex 23.944900512695313 0.8055559992790222 0.0
 endloop
endfacet
facet normal -0.0 0.0 0.9999999999999999
 outer loop
  vertex 22.348600387573242 0.8055559992790222 0.0
  vertex 23.146699905395508 0.0 0.0
  vertex 23.944900512695313 0.8055559992790222 0.0
 endloop
endfacet
facet normal 0.0 0.0 1.0
 outer loop
  vertex 24.743099212646484 0.0 0.0
  vertex 25.541200637817383 0.0 0.0
  vertex 25.541200637817383 0.8055559992790222 0.0
 endloop
endfacet
facet normal -0.0 0.0 0.9999999999999999
 outer loop
  vertex 23.944900512695313 0.8055559992790222 0.0
  vertex 24.743099212646484 0.0 0.0
  vertex 25.541200637817383 0.8055559992790222 0.0
 endloop
endfacet
facet normal 0.0 0.0 1.0
 outer loop
  vertex 26.339399337768555 0.0 0.0
  vertex 27.13759994506836 0.0 0.0
  vertex 27.13759994506836 0.8055559992790222 0.0
 endloop
endfacet
facet normal -0.0 0.0 1.0
 outer loop
  vertex 25.541200637817383 0.8055559992790222 0.0
  vertex 26.339399337768555 0.0 0.0
  vertex 27.13759994506836 0.8055559992790222 0.0
 endloop
endfacet
facet normal 0.0 0.0 1.0
 outer loop
  vertex 27.935699462890625 0.0 0.0
  vertex 28.73390007019043 0.0 0.0
  vertex 28.73390007019043 0.8055559992790222 0.0
 endloop
endfacet
facet normal -0.0 0.0 0.9999999999999999
 outer loop
  vertex 27.13759994506836 0.8055559992790222 0.0
  vertex 27.935699462890625 0.0 0.0
  vertex 28.73390007019043 0.8055559992790222 0.0
 endloop
endfacet
facet normal 0.0 0.0 1.0
 outer loop
  vertex 29.531999588012695 0.0 0.0
  vertex 30.3302001953125 0.0 0.0
  vertex 30.3302001953125 0.8055559992790222 0.0
 endloop
endfacet
facet normal -0.0 0.0 0.9999999999999999
 outer loop
  vertex 28.73390007019043 0.8055559992790222 0.0
  vertex 29.531999588012695 0.0 0.0
  vertex 30.3302001953125 0.8055559992790222 0.0
 endloop
endfacet
facet normal 0.0 0.0 1.0
 outer loop
  vertex 31.128400802612305 0.0 0.0
  vertex 31.92650032043457 0.0 0.0
  vertex 31.92650032043457 0.8055559992790222 0.0
 endloop
endfacet
facet normal -0.0 0.0 0.9999999999999999
 outer loop
  vertex 30.3302001953125 0.8055559992790222 0.0
  vertex 31.128400802612305 0.0 0.0
  vertex 31.92650032043457 0.8055559992790222 0.0
 endloop
endfacet
facet normal 0.0 0.0 1.0
 outer loop
  vertex 32.724700927734375 0.0 0.0
  vertex 33.52289962768555 0.0 0.0
  vertex 33.52289962768555 0.8055559992790222 0.0
 endloop
endfacet
facet normal -0.0 0.0 1.0
 outer loop
  vertex 31.92650032043457 0.8055559992790222 0.0
  vertex 32.724700927734375 0.0 0.0
  vertex 33.52289962768555 0.8055559992790222 0.0
 endloop
endfacet
facet normal 0.0 0.0 1.0
 outer loop
  vertex 34.32099914550781 0.0 0.0
  vertex 35.11920166015625 0.0 0.0
  vertex 35.11920166015625 0.8055559992790222 0.0
 endloop
endfacet
facet normal -0.0 0.0 1.0
 outer loop
  vertex 33.52289962768555 0.8055559992790222 0.0
  vertex 34.32099914550781 0.0 0.0
  vertex 35.11920166015625 0.8055559992790222 0.0
 endloop
endfacet
facet normal 0.0 0.0 1.0
 outer loop
  vertex 35.91740036010742 0.0 0.0
  vertex 36.71549987792969 0.0 0.0
  vertex 36.71549987792969 0.8055559992790222 0.0
 endloop
endfacet
facet normal -0.0 0.0 1.0
 outer loop
  vertex 35.11920166015625 0.8055559992790222 0.0
  vertex 35.91740036010742 0.0 0.0
  vertex 36.71549987792969 0.8055559992790222 0.0
 endloop
endfacet
facet normal 0.0 0.0 1.0
 outer loop
  vertex 37.51369857788086 0.0 0.0
  vertex 38.3119010925293 0.0 0.0
  vertex 38.3119010925293 0.8055559992790222 0.0
 endloop
endfacet
facet normal -0.0 0.0 1.0
 outer loop
  vertex 36.71549987792969 0.8055559992790222 0.0
  vertex 37.51369857788086 0.0 0.0
  vertex 38.3119010925293 0.8055559992790222 0.0
 endloop
endfacet
facet normal 0.0 0.0 1.0
 outer loop
  vertex 39.11000061035156 0.0 0.0
  vertex 39.908199310302734 0.0 0.0
  vertex 39.908199310302734 0.8055559992790222 0.0
 endloop
endfacet
facet normal -0.0 0.0 1.0
 outer loop
  vertex 38.3119010925293 0.8055559992790222 0.0
  vertex 39.11000061035156 0.0 0.0
  vertex 39.908199310302734 0.8055559992790222 0.0
 endloop
endfacet
facet normal 0.0 0.0 1.0
 outer loop
  vertex 40.70640182495117 0.0 0.0
  vertex 41.50450134277344 0.0 0.0
  vertex 41.50450134277344 0.8055559992790222 0.0
 endloop
endfacet
facet normal -0.0 0.0 1.0
 outer loop
  vertex 39.908199310302734 0.8055559992790222 0.0
  vertex 40.70640182495117 0.0 0.0
  vertex 41.50450134277344 0.8055559992790222 0.0
 endloop
endfacet
facet normal 0.0 0.0 1.0
 outer loop
  vertex 42.30270004272461 0.0 0.0
  vertex 43.10089874267578 0.0 0.0
  vertex 43.10089874267578 0.8055559992790222 0.0
 endloop
endfacet
facet normal -0.0 0.0 1.0
 outer loop
  vertex 41.50450134277344 0.8055559992790222 0.0
  vertex 42.30270004272461 0.0 0.0
  vertex 43.10089874267578 0.8055559992790222 0.0
 endloop
endfacet
facet normal 0.0 0.0 1.0
 outer loop
  vertex 43.89899826049805 0.0 0.0
  vertex 44.697200775146484 0.0 0.0
  vertex 44.697200775146484 0.8055559992790222 0.0
 endloop
endfacet
facet normal -0.0 0.0 1.0
 outer loop
  vertex 43.10089874267578 0.8055559992790222 0.0
  vertex 43.89899826049805 0.0 0.0
  vertex 44.697200775146484 0.8055559992790222 0.0
 endloop
endfacet
facet normal 0.0 0.0 1.0
 outer loop
  vertex 45.49530029296875 0.0 0.0
  vertex 46.29349899291992 0.0 0.0
  vertex 46.29349899291992 0.8055559992790222 0.0
 endloop
endfacet
facet normal -0.0 0.0 1.0
 outer loop
  vertex 44.697200775146484 0.8055559992790222 0.0
  vertex 45.49530029296875 0.0 0.0
  vertex 46.29349899291992 0.8055559992790222 0.0
 endloop
endfacet
facet normal 0.0 0.0 1.0
 outer loop
  vertex 47.09170150756836 0.0 0.0
  vertex 47.889801025390625 0.0 0.0
  vertex 47.889801025390625 0.8055559992790222 0.0
 endloop
endfacet
facet normal -0.0 0.0 1.0
 outer loop
  vertex 46.29349899291992 0.8055559992790222 0.0
  vertex 47.09170150756836 0.0 0.0
  vertex 47.889801025390625 0.8055559992790222 0.0
 endloop
endfacet
facet normal 0.0 0.0 1.0
 outer loop
  vertex 48.6879997253418 0.0 0.0
  vertex 49.48619842529297 0.0 0.0
  vertex 49.48619842529297 0.8055559992790222 0.0
 endloop
endfacet
facet normal -0.0 0.0 1.0
 outer loop
  vertex 47.889801025390625 0.8055559992790222 0.0
  vertex 48.6879997253418 0.0 0.0
  vertex 49.48619842529297 0.8055559992790222 0.0
 endloop
endfacet
facet normal 0.0 0.0 1.0
 outer loop
  vertex 50.2843017578125 0.0 0.0
  vertex 51.08250045776367 0.0 0.0
  vertex 51.08250045776367 0.8055559992790222 0.0
 endloop
endfacet
facet normal -0.0 0.0 1.0
 outer loop
  vertex 49.48619842529297 0.8055559992790222 0.0
  vertex 50.2843017578125 0.0 0.0
  vertex 51.08250045776367 0.8055559992790222 0.0
 endloop
endfacet
facet normal 0.0 0.0 1.0
 outer loop
  vertex 50.2843017578125 1.611109972000122 0.0
  vertex 49.48619842529297 0.8055559992790222 0.0
  vertex 51.08250045776367 0.8055559992790222 0.0
 endloop
endfacet
facet normal 0.0 0.0 1.0
 outer loop
  vertex 51.880699157714844 0.0 0.0
  vertex 52.67879867553711 0.0 0.0
  vertex 52.67879867553711 0.8055559992790222 0.0
 endloop
endfacet
facet normal -0.0 0.0 1.0
 outer loop
  vertex 51.08250045776367 0.8055559992790222 0.0
  vertex 51.880699157714844 0.0 0.0
  vertex 52.67879867553711 0.8055559992790222 0.0
 endloop
endfacet
facet normal 0.0 0.0 1.0
 outer loop
  vertex 53.47700119018555 0.0 0.0
  vertex 54.27519989013672 0.0 0.0
  vertex 54.27519989013672 0.8055559992790222 0.0
 endloop
endfacet
facet normal -0.0 0.0 1.0
 outer loop
  vertex 52.67879867553711 0.8055559992790222 0.0
  vertex 53.47700119018555 0.0 0.0
  vertex 54.27519989013672 0.8055559992790222 0.0
 endloop
endfacet
facet normal 0.0 0.0 1.0
 outer loop
  vertex 55.073299407958984 0.0 0.0
  vertex 55.871498107910156 0.0 0.0
  vertex 55.871498107910156 0.8055559992790222 0.0
 endloop
endfacet
facet normal -0.0 0.0 1.0
 outer loop
  vertex 54.27519989013672 0.8055559992790222 0.0
  vertex 55.073299407958984 0.0 0.0
  vertex 55.871498107910156 0.8055559992790222 0.0
 endloop
endfacet
facet normal 0.0 0.0 1.0
 outer loop
  vertex 55.073299407958984 1.611109972000122 0.0
  vertex 54.27519989013672 0.8055559992790222 0.0
  vertex 55.871498107910156 0.8055559992790222 0.0
 endloop
endfacet
facet normal 0.0 0.0 1.0
 outer loop
  vertex 56.669700622558594 0.0 0.0
  vertex 57.46780014038086 0.0 0.0
  vertex 57.46780014038086 0.8055559992790222 0.0
 endloop
endfacet
facet normal -0.0 0.0 1.0
 outer loop
  vertex 55.871498107910156 0.8055559992790222 0.0
  vertex 56.669700622558594 0.0 0.0
  vertex 57.46780014038086 0.8055559992790222 0.0
 endloop
endfacet
facet normal 0.0 0.0 1.0
 outer loop
  vertex 58.26599884033203 0.0 0.0
  vertex 59.06420135498047 0.0 0.0
  vertex 59.06420135498047 0.8055559992790222 0.0
 endloop
endfacet
facet normal -0.0 0.0 1.0
 outer loop
  vertex 57.46780014038086 0.8055559992790222 0.0
  vertex 58.26599884033203 0.0 0.0
  vertex 59.06420135498047 0.8055559992790222 0.0
 endloop
endfacet
facet normal 0.0 0.0 1.0
 outer loop
  vertex 59.862300872802734 0.0 0.0
  vertex 60.660499572753906 0.0 0.0
  vertex 60.660499572753906 0.8055559992790222 0.0
 endloop
endfacet
facet normal -0.0 0.0 1.0
 outer loop
  vertex 59.06420135498047 0.8055559992790222 0.0
  vertex 59.862300872802734 0.0 0.0
  vertex 60.660499572753906 0.8055559992790222 0.0
 endloop
endfacet
facet normal 0.0 0.0 1.0
 outer loop
  vertex 59.862300872802734 1.611109972000122 0.0
  vertex 59.06420135498047 0.8055559992790222 0.0
  vertex 60.660499572753906 0.8055559992790222 0.0
 endloop
endfacet
facet normal 0.0 0.0 1.0
 outer loop
  vertex 61.45869827270508 0.0 0.0
  vertex 62.25680160522461 0.0 0.0
  vertex 62.25680160522461 0.8055559992790222 0.0
 endloop
endfacet
facet normal -0.0 0.0 1.0
 outer loop
  vertex 60.660499572753906 0.8055559992790222 0.0
  vertex 61.45869827270508 0.0 0.0
  vertex 62.25680160522461 0.8055559992790222 0.0
 endloop
endfacet
facet normal 0.0 0.0 1.0
 outer loop
  vertex 63.05500030517578 0.0 0.0
  vertex 63.85309982299805 0.0 0.0
  vertex 63.85309982299805 0.8055559992790222 0.0
 endloop
endfacet
facet normal -0.0 0.0 1.0
 outer loop
  vertex 62.25680160522461 0.8055559992790222 0.0
  vertex 63.05500030517578 0.0 0.0
  vertex 63.85309982299805 0.8055559992790222 0.0
 endloop
endfacet
facet normal 0.0 0.0 1.0
 outer loop
  vertex 64.65129852294922 0.0 0.0
  vertex 65.44950103759766 0.0 0.0
  vertex 65.44950103759766 0.8055559992790222 0.0
 endloop
endfacet
facet normal -0.0 0.0 1.0
 outer loop
  vertex 63.85309982299805 0.8055559992790222 0.0
  vertex 64.65129852294922 0.0 0.0
  vertex 65.44950103759766 0.8055559992790222 0.0
 endloop
endfacet
facet normal 0.0 0.0 1.0
 outer loop
  vertex 64.65129852294922 1.611109972000122 0.0
  vertex 63.85309982299805 0.8055559992790222 0.0
  vertex 65.44950103759766 0.8055559992790222 0.0
 endloop
endfacet
facet normal 0.0 0.0 1.0
 outer loop
  vertex 66.24759674072266 0.0 0.0
  vertex 67.0457992553711 0.0 0.0
  vertex 67.0457992553711 0.8055559992790222 0.0
 endloop
endfacet
facet normal -0.0 0.0 1.0
 outer loop
  vertex 65.44950103759766 0.8055559992790222 0.0
  vertex 66.24759674072266 0.0 0.0
  vertex 67.0457992553711 0.8055559992790222 0.0
 endloop
endfacet
facet normal 0.0 0.0 1.0
 outer loop
  vertex 67.84400177001953 0.0 0.0
  vertex 68.64209747314453 0.0 0.0
  vertex 68.64209747314453 0.8055559992790222 0.0
 endloop
endfacet
facet normal -0.0 0.0 1.0
 outer loop
  vertex 67.0457992553711 0.8055559992790222 0.0
  vertex 67.84400177001953 0.0 0.0
  vertex 68.64209747314453 0.8055559992790222 0.0
 endloop
endfacet
facet normal 0.0 0.0 1.0
 outer loop
  vertex 69.44029998779297 0.0 0.0
  vertex 70.2385025024414 0.0 0.0
  vertex 70.2385025024414 0.8055559992790222 0.0
 endloop
endfacet
facet normal -0.0 0.0 1.0
 outer loop
  vertex 68.64209747314453 0.8055559992790222 0.0
  vertex 69.44029998779297 0.0 0.0
  vertex 70.2385025024414 0.8055559992790222 0.0
 endloop
endfacet
facet normal 0.0 0.0 0.9999999999999999
 outer loop
  vertex 69.44029998779297 1.611109972000122 0.0
  vertex 68.64209747314453 0.8055559992790222 0.0
  vertex 70.2385025024414 0.8055559992790222 0.0
 endloop
endfacet
facet normal 0.0 0.0 1.0
 outer loop
  vertex 71.0365982055664 0.0 0.0
  vertex 71.83480072021484 0.0 0.0
  vertex 71.83480072021484 0.8055559992790222 0.0
 endloop
endfacet
facet normal -0.0 0.0 1.0
 outer loop
  vertex 70.2385025024414 0.8055559992790222 0.0
  vertex 71.0365982055664 0.0 0.0
  vertex 71.83480072021484 0.8055559992790222 0.0
 endloop
endfacet
facet normal 0.0 0.0 1.0
 outer loop
  vertex 72.63300323486328 0.0 0.0
  vertex 73.43109893798828 0.0 0.0
  vertex 73.43109893798828 0.8055559992790222 0.0
 endloop
endfacet
facet normal -0.0 0.0 1.0
 outer loop
  vertex 71.83480072021484 0.8055559992790222 0.0
  vertex 72.63300323486328 0.0 0.0
  vertex 73.43109893798828 0.8055559992790222 0.0
 endloop
endfacet
facet normal 0.0 0.0 1.0
 outer loop
  vertex 74.22930145263672 0.0 0.0
  vertex 75.02749633789063 0.0 0.0
  vertex 75.02749633789063 0.8055559992790222 0.0
 endloop
endfacet
facet normal -0.0 0.0 1.0
 outer loop
  vertex 73.43109893798828 0.8055559992790222 0.0
  vertex 74.22930145263672 0.0 0.0
  vertex 75.02749633789063 0.8055559992790222 0.0
 endloop
endfacet
facet normal 0.0 0.0 1.0
 outer loop
  vertex 74.22930145263672 1.611109972000122 0.0
  vertex 73.43109893798828 0.8055559992790222 0.0
  vertex 75.02749633789063 0.8055559992790222 0.0
 endloop
endfacet
facet normal 0.0 0.0 1.0
 outer loop
  vertex 75.82559967041016 0.0 0.0
  vertex 76.6238021850586 0.0 0.0
  vertex 76.6238021850586 0.8055559992790222 0.0
 endloop
endfacet
facet normal -0.0 0.0 1.0
 outer loop
  vertex 75.02749633789063 0.8055559992790222 0.0
  vertex 75.82559967041016 0.0 0.0
  vertex 76.6238021850586 0.8055559992790222 0.0
 endloop
endfacet
facet normal 0.0 0.0 1.0
 outer loop
  vertex 77.4219970703125 0.0 0.0
  vertex 78.22010040283203 0.0 0.0
  vertex 78.22010040283203 0.8055559992790222 0.0
 endloop
endfacet
facet normal -0.0 0.0 1.0
 outer loop
  vertex 76.6238021850586 0.8055559992790222 0.0
  vertex 77.4219970703125 0.0 0.0
  vertex 78.22010040283203 0.8055559992790222 0.0
 endloop
endfacet
facet normal 0.0 0.0 1.0
 outer loop
  vertex 79.01830291748047 0.0 0.0
  vertex 79.81639862060547 0.0 0.0
  vertex 79.81639862060547 0.8055559992790222 0.0
 endloop
endfacet
facet normal -0.0 0.0 1.0
 outer loop
  vertex 78.22010040283203 0.8055559992790222 0.0
  vertex 79.01830291748047 0.0 0.0
  vertex 79.81639862060547 0.8055559992790222 0.0
 endloop
endfacet
facet normal 0.0 0.0 1.0
 outer loop
  vertex 79.01830291748047 1.611109972000122 0.0
  vertex 78.22010040283203 0.8055559992790222 0.0
  vertex 79.81639862060547 0.8055559992790222 0.0
 endloop
endfacet
facet normal 0.0 0.0 1.0
 outer loop
  vertex 80.6146011352539 0.0 0.0
  vertex 81.41280364990234 0.0 0.0
  vertex 81.41280364990234 0.8055559992790222 0.0
 endloop
endfacet
facet normal -0.0 0.0 1.0
 outer loop
  vertex 79.81639862060547 0.8055559992790222 0.0
  vertex 80.6146011352539 0.0 0.0
  vertex 81.41280364990234 0.8055559992790222 0.0
 endloop
endfacet
facet normal 0.0 0.0 1.0
 outer loop
  vertex 82.21089935302734 0.0 0.0
  vertex 83.00910186767578 0.0 0.0
  vertex 83.00910186767578 0.8055559992790222 0.0
 endloop
endfacet
facet normal -0.0 0.0 1.0
 outer loop
  vertex 81.41280364990234 0.8055559992790222 0.0
  vertex 82.21089935302734 0.0 0.0
  vertex 83.00910186767578 0.8055559992790222 0.0
 endloop
endfacet
facet normal 0.0 0.0 1.0
 outer loop
  vertex 82.21089935302734 1.611109972000122 0.0
  vertex 81.41280364990234 0.8055559992790222 0.0
  vertex 83.00910186767578 0.8055559992790222 0.0
 endloop
endfacet
facet normal 0.0 0.0 1.0
 outer loop
  vertex 83.80729675292969 0.0 0.0
  vertex 84.60540008544922 0.0 0.0
  vertex 84.60540008544922 0.8055559992790222 0.0
 endloop
endfacet
facet normal -0.0 0.0 1.0
 outer loop
  vertex 83.00910186767578 0.8055559992790222 0.0
  vertex 83.80729675292969 0.0 0.0
  vertex 84.60540008544922 0.8055559992790222 0.0
 endloop
endfacet
facet normal 0.0 0.0 1.0
 outer loop
  vertex 0.7981659770011902 3.222219944000244 0.0
  vertex 0.0 3.222219944000244 0.0
  vertex 0.0 2.4166600704193115 0.0
 endloop
endfacet
facet normal 0.0 0.0 1.0
 outer loop
  vertex 32.724700927734375 3.222219944000244 0.0
  vertex 31.92650032043457 2.4166600704193115 0.0
  vertex 33.52289962768555 2.4166600704193115 0.0
 endloop
endfacet
facet normal 0.0 0.0 1.0
 outer loop
  vertex 42.30270004272461 3.222219944000244 0.0
  vertex 41.50450134277344 2.4166600704193115 0.0
  vertex 43.10089874267578 2.4166600704193115 0.0
 endloop
endfacet
facet normal 0.0 0.0 1.0
 outer loop
  vertex 44.697200775146484 2.4166600704193115 0.0
  vertex 45.49530029296875 2.9805519819259647 0.0
  vertex 45.255870437622065 3.222219944000244 0.0
 endloop
endfacet
facet normal 0.0 0.0 1.0
 outer loop
  vertex 86.20179748535156 2.4166600704193115 0.0
  vertex 87.0 2.4166600704193115 0.0
  vertex 87.0 3.222219944000244 0.0
 endloop
endfacet
facet normal 0.0 0.0 1.0
 outer loop
  vertex 0.7981659770011902 4.833330154418945 0.0
  vertex 0.0 4.833330154418945 0.0
  vertex 0.0 4.027780055999756 0.0
 endloop
endfacet
facet normal -0.0 0.0 1.0
 outer loop
  vertex 0.0 4.027780055999756 0.0
  vertex 0.7981659770011902 3.222219944000244 0.0
  vertex 1.5963300466537476 4.027780055999756 0.0
 endloop
endfacet
facet normal 0.0 0.0 0.9999999999999999
 outer loop
  vertex 0.7981659770011902 4.833330154418945 0.0
  vertex 0.0 4.027780055999756 0.0
  vertex 1.5963300466537476 4.027780055999756 0.0
 endloop
endfacet
facet normal 0.0 0.0 0.9999999999999999
 outer loop
  vertex 7.1834797859191895 4.833330154418945 0.0
  vertex 6.38532018661499 4.027780055999756 0.0
  vertex 7.981649875640869 4.027780055999756 0.0
 endloop
endfacet
facet normal 0.0 0.0 1.0
 outer loop
  vertex 18.35770034790039 4.833330154418945 0.0
  vertex 17.559600830078125 4.027780055999756 0.0
  vertex 19.155899047851563 4.027780055999756 0.0
 endloop
endfacet
facet normal 0.0 0.0 1.0
 outer loop
  vertex 21.550399780273438 4.833330154418945 0.0
  vertex 20.752199172973633 4.027780055999756 0.0
  vertex 22.348600387573242 4.027780055999756 0.0
 endloop
endfacet
facet normal 0.0 0.0 1.0
 outer loop
  vertex 37.51369857788086 4.833330154418945 0.0
  vertex 36.71549987792969 4.027780055999756 0.0
  vertex 38.3119010925293 4.027780055999756 0.0
 endloop
endfacet
facet normal 0.0 0.0 1.0
 outer loop
  vertex 42.30270004272461 3.222219944000244 0.0
  vertex 43.10089874267578 3.222219944000244 0.0
  vertex 43.10089874267578 4.027780055999756 0.0
 endloop
endfacet
facet normal 0.0 -0.0 1.0
 outer loop
  vertex 46.56015950097644 4.823251400758974 0.0
  vertex 47.09251233639079 5.086773587319078 0.0
  vertex 46.29349899291992 5.638889789581299 0.0
 endloop
endfacet
facet normal 0.0 0.0 1.0
 outer loop
  vertex 86.20179748535156 4.027780055999756 0.0
  vertex 87.0 4.027780055999756 0.0
  vertex 87.0 4.833330154418945 0.0
 endloop
endfacet
facet normal 0.0 0.0 1.0
 outer loop
  vertex 0.7981659770011902 6.444439888000488 0.0
  vertex 0.0 6.444439888000488 0.0
  vertex 0.0 5.638889789581299 0.0
 endloop
endfacet
facet normal 0.0 0.0 0.9999999999999999
 outer loop
  vertex 47.09251233639079 5.086773587319078 0.0
  vertex 47.62455332154641 5.351722865963305 0.0
  vertex 47.889801025390625 5.638889789581299 0.0
 endloop
endfacet
facet normal 0.0 0.0 1.0
 outer loop
  vertex 47.889801025390625 5.638889789581299 0.0
  vertex 48.688484531265566 5.883348196827928 0.0
  vertex 48.6879997253418 6.444439888000488 0.0
 endloop
endfacet
facet normal 0.0 0.0 1.0
 outer loop
  vertex 48.6879997253418 6.444439888000488 0.0
  vertex 49.220374755829106 6.1500242490483235 0.0
  vertex 49.752272532880305 6.417596775863785 0.0
 endloop
endfacet
facet normal 0.0 0.0 1.0
 outer loop
  vertex 79.81639862060547 7.25 0.0
  vertex 78.94543331199554 6.7609592821348645 0.0
  vertex 79.31224814338684 6.389664578749302 0.0
 endloop
endfacet
facet normal -0.0 0.0 1.0
 outer loop
  vertex 79.31224814338684 6.389664578749302 0.0
  vertex 79.68405375919343 6.0142771841653 0.0
  vertex 79.81639862060547 7.25 0.0
 endloop
endfacet
facet normal 0.0 0.0 1.0
 outer loop
  vertex 83.00910186767578 7.25 0.0
  vertex 82.21089935302734 6.444439888000488 0.0
  vertex 83.80729675292969 6.444439888000488 0.0
 endloop
endfacet
facet normal 0.0 0.0 1.0
 outer loop
  vertex 86.20179748535156 5.638889789581299 0.0
  vertex 87.0 5.638889789581299 0.0
  vertex 87.0 6.444439888000488 0.0
 endloop
endfacet
facet normal 0.0 0.0 1.0
 outer loop
  vertex 50.2843017578125 6.686107921600342 0.0
  vertex 50.816438284295145 6.9546274842568945 0.0
  vertex 51.08250045776367 7.25 0.0
 endloop
endfacet
facet normal 0.0 0.0 1.0
 outer loop
  vertex 79.01830291748047 8.055560111999512 0.0
  vertex 78.18148410374846 7.536611682934504 0.0
  vertex 78.57861848060423 7.1322539855204266 0.0
 endloop
endfacet
facet normal 0.0 0.0 1.0
 outer loop
  vertex 79.81639862060547 7.25 0.0
  vertex 79.01830291748047 8.055560111999512 0.0
  vertex 78.57861848060423 7.1322539855204266 0.0
 endloop
endfacet
facet normal 0.0 -0.0 1.0
 outer loop
  vertex 78.94543331199554 6.7609592821348645 0.0
  vertex 79.81639862060547 7.25 0.0
  vertex 78.57861848060423 7.1322539855204266 0.0
 endloop
endfacet
facet normal 0.0 -0.0 1.0
 outer loop
  vertex 33.76731140613556 8.070663970708846 0.0
  vertex 34.32099914550781 8.297224998474121 0.0
  vertex 33.52289962768555 8.861109733581543 0.0
 endloop
endfacet
facet normal 0.0 0.0 0.9999999999999999
 outer loop
  vertex 33.243515205383304 7.934726095199585 0.0
  vertex 33.76731140613556 8.070663970708846 0.0
  vertex 33.52289962768555 8.861109733581543 0.0
 endloop
endfacet
facet normal 0.0 0.0 1.0
 outer loop
  vertex 39.908199310302734 7.25 0.0
  vertex 40.70640182495117 7.748610404228435 0.0
  vertex 40.29066783161973 8.055560111999512 0.0
 endloop
endfacet
facet normal 0.0 0.0 1.0
 outer loop
  vertex 42.83479498332017 8.082409258277039 0.0
  vertex 42.30270004272461 7.8138920783996575 0.0
  vertex 43.10089874267578 7.25 0.0
 endloop
endfacet
facet normal 0.0 0.0 1.0
 outer loop
  vertex 47.889801025390625 7.25 0.0
  vertex 48.6879997253418 7.25 0.0
  vertex 48.6879997253418 8.055560111999512 0.0
 endloop
endfacet
facet normal -0.0 0.0 1.0
 outer loop
  vertex 47.09170150756836 8.055560111999512 0.0
  vertex 47.889801025390625 7.25 0.0
  vertex 48.6879997253418 8.055560111999512 0.0
 endloop
endfacet
facet normal 0.0 -0.0 1.0
 outer loop
  vertex 52.944904978026166 8.028706419943774 0.0
  vertex 53.47700119018555 8.297224998474121 0.0
  vertex 52.67879867553711 8.861109733581543 0.0
 endloop
endfacet
facet normal 0.0 0.0 1.0
 outer loop
  vertex 78.22010040283203 8.861109733581543 0.0
  vertex 77.3791632776416 8.35509510836402 0.0
  vertex 77.78434972689269 7.940969380348582 0.0
 endloop
endfacet
facet normal 0.0 0.0 1.0
 outer loop
  vertex 79.01830291748047 8.055560111999512 0.0
  vertex 78.22010040283203 8.861109733581543 0.0
  vertex 77.78434972689269 7.940969380348582 0.0
 endloop
endfacet
facet normal 0.0 -0.0 1.0
 outer loop
  vertex 78.18148410374846 7.536611682934504 0.0
  vertex 79.01830291748047 8.055560111999512 0.0
  vertex 77.78434972689269 7.940969380348582 0.0
 endloop
endfacet
facet normal -0.0 0.0 1.0
 outer loop
  vertex 79.01830291748047 8.055560111999512 0.0
  vertex 79.81639862060547 7.25 0.0
  vertex 80.6146011352539 8.055560111999512 0.0
 endloop
endfacet
facet normal 0.0 0.0 1.0
 outer loop
  vertex 81.41280364990234 8.861109733581543 0.0
  vertex 80.6146011352539 8.055560111999512 0.0
  vertex 82.21089935302734 8.055560111999512 0.0
 endloop
endfacet
facet normal -0.0 0.0 1.0
 outer loop
  vertex 82.21089935302734 8.055560111999512 0.0
  vertex 83.00910186767578 7.25 0.0
  vertex 83.80729675292969 8.055560111999512 0.0
 endloop
endfacet
facet normal 0.0 0.0 1.0
 outer loop
  vertex 11.972399711608887 8.861109733581543 0.0
  vertex 11.413730049133301 9.666669845581055 0.0
  vertex 11.174300193786621 9.243743178244724 0.0
 endloop
endfacet
facet normal 0.0 0.0 1.0
 outer loop
  vertex 11.972399711608887 8.861109733581543 0.0
  vertex 11.174300193786621 9.243743178244724 0.0
  vertex 10.934840011596679 8.861109733581543 0.0
 endloop
endfacet
facet normal -0.0 0.0 1.0
 outer loop
  vertex 19.155899047851563 8.861109733581543 0.0
  vertex 19.68799584619701 8.622022323755367 0.0
  vertex 20.220097509585322 8.946835346823327 0.0
 endloop
endfacet
facet normal 0.0 0.0 0.9999999999999999
 outer loop
  vertex 25.03021540939808 9.01847067771023 0.0
  vertex 24.488655138015748 8.784638042844207 0.0
  vertex 24.743099212646484 8.055560111999512 0.0
 endloop
endfacet
facet normal 0.0 0.0 1.0
 outer loop
  vertex 34.32099914550781 9.666669845581055 0.0
  vertex 33.52289962768555 8.861109733581543 0.0
  vertex 34.32099914550781 8.297224998474121 0.0
 endloop
endfacet
facet normal 0.0 0.0 1.0
 outer loop
  vertex 44.43099059262045 8.887895006181823 0.0
  vertex 43.89899826049805 8.619444847106934 0.0
  vertex 44.697200775146484 8.055560111999512 0.0
 endloop
endfacet
facet normal 0.0 -0.0 1.0
 outer loop
  vertex 55.34362517523604 8.895483789344015 0.0
  vertex 55.88930613884822 9.132521541383204 0.0
  vertex 55.073299407958984 9.666669845581055 0.0
 endloop
endfacet
facet normal 0.0 0.0 1.0
 outer loop
  vertex 54.75256426949332 8.689002802901143 0.0
  vertex 55.34362517523604 8.895483789344015 0.0
  vertex 55.073299407958984 9.666669845581055 0.0
 endloop
endfacet
facet normal 0.0 0.0 1.0
 outer loop
  vertex 77.4219970703125 9.666669845581055 0.0
  vertex 76.58084722229314 9.182177176670939 0.0
  vertex 76.98000524996738 8.76863614251748 0.0
 endloop
endfacet
facet normal 0.0 0.0 1.0
 outer loop
  vertex 78.22010040283203 8.861109733581543 0.0
  vertex 77.4219970703125 9.666669845581055 0.0
  vertex 76.98000524996738 8.76863614251748 0.0
 endloop
endfacet
facet normal 0.0 -0.0 1.0
 outer loop
  vertex 77.3791632776416 8.35509510836402 0.0
  vertex 78.22010040283203 8.861109733581543 0.0
  vertex 76.98000524996738 8.76863614251748 0.0
 endloop
endfacet
facet normal 0.0 0.0 1.0
 outer loop
  vertex 83.7746208824931 9.201053078013537 0.0
  vertex 83.80729675292969 8.055560111999512 0.0
  vertex 84.14938575409039 8.73717017200618 0.0
 endloop
endfacet
facet normal 0.0 0.0 1.0
 outer loop
  vertex 15.16510009765625 9.930399671537998 0.0
  vertex 14.366900444030762 9.666669845581055 0.0
  vertex 15.40452995300293 9.666669845581055 0.0
 endloop
endfacet
facet normal 0.0 0.0 1.0
 outer loop
  vertex 46.02683803690725 9.693135196645185 0.0
  vertex 45.494960081904 9.42478152766267 0.0
  vertex 46.29349899291992 8.861109733581543 0.0
 endloop
endfacet
facet normal 0.0 0.0 1.0
 outer loop
  vertex 76.6238021850586 10.472200393676758 0.0
  vertex 75.7928753514584 10.01598828681993 0.0
  vertex 76.18686128687577 9.599082731745433 0.0
 endloop
endfacet
facet normal 0.0 0.0 1.0
 outer loop
  vertex 77.4219970703125 9.666669845581055 0.0
  vertex 76.6238021850586 10.472200393676758 0.0
  vertex 76.18686128687577 9.599082731745433 0.0
 endloop
endfacet
facet normal 0.0 -0.0 1.0
 outer loop
  vertex 76.58084722229314 9.182177176670939 0.0
  vertex 77.4219970703125 9.666669845581055 0.0
  vertex 76.18686128687577 9.599082731745433 0.0
 endloop
endfacet
facet normal -0.0 0.0 1.0
 outer loop
  vertex 77.4219970703125 9.666669845581055 0.0
  vertex 78.22010040283203 8.861109733581543 0.0
  vertex 79.01830291748047 9.666669845581055 0.0
 endloop
endfacet
facet normal 0.0 0.0 1.0
 outer loop
  vertex 83.00009599517874 10.099669196525795 0.0
  vertex 82.6106006492618 10.531138219141795 0.0
  vertex 82.21089935302734 9.666669845581055 0.0
 endloop
endfacet
facet normal 0.0 0.0 1.0
 outer loop
  vertex 83.00009599517874 10.099669196525795 0.0
  vertex 82.21089935302734 9.666669845581055 0.0
  vertex 83.3897745965584 9.655731369192885 0.0
 endloop
endfacet
facet normal 0.0 0.0 1.0
 outer loop
  vertex 11.174300193786621 11.277700424194336 0.0
  vertex 10.326917278651491 10.859304612882555 0.0
  vertex 10.690499630130944 10.45660269837041 0.0
 endloop
endfacet
facet normal -0.0 0.0 1.0
 outer loop
  vertex 10.690499630130944 10.45660269837041 0.0
  vertex 11.052114839632122 10.061636271975733 0.0
  vertex 11.174300193786621 11.277700424194336 0.0
 endloop
endfacet
facet normal 0.0 0.0 0.9999999999999999
 outer loop
  vertex 14.431665125074506 10.79414445768069 0.0
  vertex 13.56879997253418 10.472200393676758 0.0
  vertex 14.366900444030762 9.666669845581055 0.0
 endloop
endfacet
facet normal 0.0 0.0 1.0
 outer loop
  vertex 14.431665125074506 10.79414445768069 0.0
  vertex 14.366900444030762 9.666669845581055 0.0
  vertex 14.798382611365378 10.362272064609344 0.0
 endloop
endfacet
facet normal 0.0 0.0 1.0
 outer loop
  vertex 19.954099655151367 10.472200393676758 0.0
  vertex 19.298733136885517 10.877357205486863 0.0
  vertex 18.828216742392954 10.553949217367455 0.0
 endloop
endfacet
facet normal 0.0 -0.0 1.0
 outer loop
  vertex 22.698235099673916 10.472642884270265 0.0
  vertex 23.122017654359663 10.823904293911507 0.0
  vertex 22.348600387573242 11.277700424194336 0.0
 endloop
endfacet
facet normal -0.0 0.0 1.0
 outer loop
  vertex 21.550399780273438 10.472200393676758 0.0
  vertex 22.249770293952324 10.114334549423306 0.0
  vertex 22.698235099673916 10.472642884270265 0.0
 endloop
endfacet
facet normal 0.0 0.0 1.0
 outer loop
  vertex 22.348600387573242 11.277700424194336 0.0
  vertex 21.550399780273438 10.472200393676758 0.0
  vertex 22.698235099673916 10.472642884270265 0.0
 endloop
endfacet
facet normal 0.0 0.0 1.0
 outer loop
  vertex 31.128400802612305 11.277700424194336 0.0
  vertex 30.86230674101971 11.252082399276118 0.0
  vertex 30.3302001953125 10.965572277542327 0.0
 endloop
endfacet
facet normal 0.0 0.0 0.9999999999999999
 outer loop
  vertex 31.128400802612305 11.277700424194336 0.0
  vertex 30.3302001953125 10.965572277542327 0.0
  vertex 30.3302001953125 10.472200393676758 0.0
 endloop
endfacet
facet normal 0.0 0.0 1.0
 outer loop
  vertex 38.84986470608572 10.472200393676758 0.0
  vertex 38.632251722253 11.277700424194336 0.0
  vertex 38.3119010925293 11.277700424194336 0.0
 endloop
endfacet
facet normal 0.0 0.0 1.0
 outer loop
  vertex 47.62136984915122 10.497315178920836 0.0
  vertex 47.090095676485355 10.22945700719145 0.0
  vertex 47.889801025390625 9.666669845581055 0.0
 endloop
endfacet
facet normal -0.0 0.0 1.0
 outer loop
  vertex 57.46780014038086 10.472200393676758 0.0
  vertex 57.994113373756406 10.243123638629914 0.0
  vertex 58.52541561126709 10.613157558441163 0.0
 endloop
endfacet
facet normal 0.0 0.0 1.0
 outer loop
  vertex 76.6238021850586 10.472200393676758 0.0
  vertex 75.82559967041016 11.277700424194336 0.0
  vertex 75.40322227156207 10.438954964351998 0.0
 endloop
endfacet
facet normal 0.0 -0.0 1.0
 outer loop
  vertex 75.7928753514584 10.01598828681993 0.0
  vertex 76.6238021850586 10.472200393676758 0.0
  vertex 75.40322227156207 10.438954964351998 0.0
 endloop
endfacet
facet normal 0.0 0.0 1.0
 outer loop
  vertex 82.22187241610547 10.95223515683868 0.0
  vertex 81.83448853515637 11.364516147021646 0.0
  vertex 81.41280364990234 10.472200393676758 0.0
 endloop
endfacet
facet normal -0.0 0.0 1.0
 outer loop
  vertex 81.41280364990234 10.472200393676758 0.0
  vertex 82.21089935302734 9.666669845581055 0.0
  vertex 82.6106006492618 10.531138219141795 0.0
 endloop
endfacet
facet normal 0.0 0.0 1.0
 outer loop
  vertex 82.22187241610547 10.95223515683868 0.0
  vertex 81.41280364990234 10.472200393676758 0.0
  vertex 82.6106006492618 10.531138219141795 0.0
 endloop
endfacet
facet normal 0.0 0.0 1.0
 outer loop
  vertex 10.376099586486816 12.08329963684082 0.0
  vertex 9.588651936138195 11.71461101519371 0.0
  vertex 9.959400643215487 11.277477503629633 0.0
 endloop
endfacet
facet normal 0.0 0.0 0.9999999999999999
 outer loop
  vertex 11.174300193786621 11.277700424194336 0.0
  vertex 10.376099586486816 12.08329963684082 0.0
  vertex 9.959400643215487 11.277477503629633 0.0
 endloop
endfacet
facet normal 0.0 -0.0 1.0
 outer loop
  vertex 10.326917278651491 10.859304612882555 0.0
  vertex 11.174300193786621 11.277700424194336 0.0
  vertex 9.959400643215487 11.277477503629633 0.0
 endloop
endfacet
facet normal 0.0 0.0 1.0
 outer loop
  vertex 13.56879997253418 10.472200393676758 0.0
  vertex 14.431665125074506 10.79414445768069 0.0
  vertex 14.064718272685422 11.225334638878962 0.0
 endloop
endfacet
facet normal 0.0 0.0 1.0
 outer loop
  vertex 13.697029174565976 11.654317137859891 0.0
  vertex 13.56879997253418 10.472200393676758 0.0
  vertex 14.064718272685422 11.225334638878962 0.0
 endloop
endfacet
facet normal 0.0 0.0 1.0
 outer loop
  vertex 22.348600387573242 11.277700424194336 0.0
  vertex 23.122017654359663 10.823904293911507 0.0
  vertex 23.533459083527486 11.171642240949893 0.0
 endloop
endfacet
facet normal 0.0 0.0 1.0
 outer loop
  vertex 31.92650032043457 11.825083874959876 0.0
  vertex 31.39440353072714 11.538583137117996 0.0
  vertex 31.128400802612305 11.277700424194336 0.0
 endloop
endfacet
facet normal 0.0 0.0 1.0
 outer loop
  vertex 50.2843017578125 11.277700424194336 0.0
  vertex 49.729932713601556 11.547432586357656 0.0
  vertex 49.20896621947168 11.29174150069836 0.0
 endloop
endfacet
facet normal -0.0 0.0 0.9999999999999999
 outer loop
  vertex 75.01356919166574 10.861921641884067 0.0
  vertex 75.40322227156207 10.438954964351998 0.0
  vertex 75.82559967041016 11.277700424194336 0.0
 endloop
endfacet
facet normal 0.0 -0.0 1.0
 outer loop
  vertex 75.01356919166574 10.861921641884067 0.0
  vertex 75.82559967041016 11.277700424194336 0.0
  vertex 74.62776248441475 11.292058911080243 0.0
 endloop
endfacet
facet normal -0.0 0.0 0.9999999999999999
 outer loop
  vertex 75.82559967041016 11.277700424194336 0.0
  vertex 76.6238021850586 10.472200393676758 0.0
  vertex 77.4219970703125 11.277700424194336 0.0
 endloop
endfacet
facet normal -0.0 0.0 1.0
 outer loop
  vertex 80.6146011352539 11.277700424194336 0.0
  vertex 81.41280364990234 10.472200393676758 0.0
  vertex 81.83448853515637 11.364516147021646 0.0
 endloop
endfacet
facet normal 0.0 0.0 1.0
 outer loop
  vertex 81.44911474013216 11.769024205111762 0.0
  vertex 80.6146011352539 11.277700424194336 0.0
  vertex 81.83448853515637 11.364516147021646 0.0
 endloop
endfacet
facet normal 0.0 0.0 0.9999999999999999
 outer loop
  vertex 10.376099586486816 12.08329963684082 0.0
  vertex 9.577980041503906 12.888799667358398 0.0
  vertex 9.22071207832196 12.165703105086042 0.0
 endloop
endfacet
facet normal 0.0 -0.0 1.0
 outer loop
  vertex 9.588651936138195 11.71461101519371 0.0
  vertex 10.376099586486816 12.08329963684082 0.0
  vertex 9.22071207832196 12.165703105086042 0.0
 endloop
endfacet
facet normal -0.0 0.0 1.0
 outer loop
  vertex 21.201304641171454 12.165946791321094 0.0
  vertex 22.348600387573242 12.08329963684082 0.0
  vertex 21.65041010936928 12.490273709595314 0.0
 endloop
endfacet
facet normal -0.0 0.0 1.0
 outer loop
  vertex 23.944900512695313 12.08329963684082 0.0
  vertex 24.477003542676943 11.833198188935924 0.0
  vertex 25.00910209024716 12.147027859581929 0.0
 endloop
endfacet
facet normal -0.0 0.0 1.0
 outer loop
  vertex 59.06420135498047 12.08329963684082 0.0
  vertex 59.722650814056394 11.821455097198486 0.0
  vertex 60.08930164575576 12.357647979259491 0.0
 endloop
endfacet
facet normal 0.0 0.0 1.0
 outer loop
  vertex 74.22930145263672 12.888799667358398 0.0
  vertex 73.85793599285688 12.15611646636424 0.0
  vertex 74.24195577716375 11.72219618027642 0.0
 endloop
endfacet
facet normal 0.0 0.0 1.0
 outer loop
  vertex 80.6146011352539 11.277700424194336 0.0
  vertex 81.44911474013216 11.769024205111762 0.0
  vertex 81.06447984147195 12.168420750002536 0.0
 endloop
endfacet
facet normal -0.0 0.0 1.0
 outer loop
  vertex 79.81639862060547 12.08329963684082 0.0
  vertex 80.6146011352539 11.277700424194336 0.0
  vertex 81.06447984147195 12.168420750002536 0.0
 endloop
endfacet
facet normal 0.0 0.0 1.0
 outer loop
  vertex 79.81639862060547 12.08329963684082 0.0
  vertex 81.06447984147195 12.168420750002536 0.0
  vertex 80.67727538731846 12.567145130333506 0.0
 endloop
endfacet
facet normal -0.0 0.0 1.0
 outer loop
  vertex 8.86051320178267 12.651921588167077 0.0
  vertex 9.22071207832196 12.165703105086042 0.0
  vertex 9.577980041503906 12.888799667358398 0.0
 endloop
endfacet
facet normal 0.0 0.0 1.0
 outer loop
  vertex 12.643809106941843 13.129480842395136 0.0
  vertex 11.972399711608887 12.888799667358398 0.0
  vertex 12.770600318908691 12.08329963684082 0.0
 endloop
endfacet
facet normal 0.0 0.0 1.0
 outer loop
  vertex 12.643809106941843 13.129480842395136 0.0
  vertex 12.770600318908691 12.08329963684082 0.0
  vertex 12.994271551504536 12.615649451541621 0.0
 endloop
endfacet
facet normal 0.0 0.0 1.0
 outer loop
  vertex 22.115400497228286 12.813630531393127 0.0
  vertex 21.65041010936928 12.490273709595314 0.0
  vertex 22.348600387573242 12.08329963684082 0.0
 endloop
endfacet
facet normal 0.0 0.0 1.0
 outer loop
  vertex 26.06999897956848 12.722035852441959 0.0
  vertex 26.59505475908518 12.986606275180012 0.0
  vertex 26.339399337768555 13.6943998336792 0.0
 endloop
endfacet
facet normal 0.0 0.0 1.0
 outer loop
  vertex 31.92650032043457 13.6943998336792 0.0
  vertex 31.074888403322415 13.237906184745952 0.0
  vertex 31.44725684058535 12.888799667358398 0.0
 endloop
endfacet
facet normal 0.0 0.0 1.0
 outer loop
  vertex 31.92650032043457 13.6943998336792 0.0
  vertex 31.44725684058535 12.888799667358398 0.0
  vertex 31.806608671604934 12.48604965209961 0.0
 endloop
endfacet
facet normal 0.0 0.0 1.0
 outer loop
  vertex 73.43109893798828 13.6943998336792 0.0
  vertex 73.10187511444092 13.036022931027262 0.0
  vertex 73.47571220158693 12.593946323246321 0.0
 endloop
endfacet
facet normal 0.0 0.0 1.0
 outer loop
  vertex 74.22930145263672 12.888799667358398 0.0
  vertex 73.43109893798828 13.6943998336792 0.0
  vertex 73.47571220158693 12.593946323246321 0.0
 endloop
endfacet
facet normal 0.0 0.0 0.9999999999999999
 outer loop
  vertex 77.4219970703125 12.888799667358398 0.0
  vertex 79.01830291748047 12.888799667358398 0.0
  vertex 78.22010040283203 13.6943998336792 0.0
 endloop
endfacet
facet normal 0.0 0.0 1.0
 outer loop
  vertex 79.81639862060547 12.08329963684082 0.0
  vertex 80.67727538731846 12.567145130333506 0.0
  vertex 80.287239007355 12.966327698647621 0.0
 endloop
endfacet
facet normal -0.0 0.0 1.0
 outer loop
  vertex 79.01830291748047 12.888799667358398 0.0
  vertex 79.81639862060547 12.08329963684082 0.0
  vertex 80.287239007355 12.966327698647621 0.0
 endloop
endfacet
facet normal 0.0 0.0 1.0
 outer loop
  vertex 79.01830291748047 12.888799667358398 0.0
  vertex 80.287239007355 12.966327698647621 0.0
  vertex 79.89688418120974 13.364100299739134 0.0
 endloop
endfacet
facet normal -0.0 0.0 1.0
 outer loop
  vertex 23.54564909067355 13.789234302370359 0.0
  vertex 24.743099212646484 13.6943998336792 0.0
  vertex 23.944748917486294 14.125804799201127 0.0
 endloop
endfacet
facet normal 0.0 0.0 1.0
 outer loop
  vertex 26.339399337768555 13.6943998336792 0.0
  vertex 27.067714667320253 13.298666105254476 0.0
  vertex 27.50170706510544 13.617651213220807 0.0
 endloop
endfacet
facet normal -0.0 0.0 0.9999999999999999
 outer loop
  vertex 30.70251996605948 13.587012702133507 0.0
  vertex 31.074888403322415 13.237906184745952 0.0
  vertex 31.92650032043457 13.6943998336792 0.0
 endloop
endfacet
facet normal 0.0 0.0 1.0
 outer loop
  vertex 73.43109893798828 13.6943998336792 0.0
  vertex 72.40600037574768 13.968807390332222 0.0
  vertex 72.77265129089355 13.43257977962494 0.0
 endloop
endfacet
facet normal 0.0 0.0 1.0
 outer loop
  vertex 79.01830291748047 12.888799667358398 0.0
  vertex 79.89688418120974 13.364100299739134 0.0
  vertex 79.50880939264648 13.758349071705778 0.0
 endloop
endfacet
facet normal 0.0 0.0 1.0
 outer loop
  vertex 79.01830291748047 12.888799667358398 0.0
  vertex 79.50880939264648 13.758349071705778 0.0
  vertex 79.12403950436632 14.148426848899966 0.0
 endloop
endfacet
facet normal -0.0 0.0 1.0
 outer loop
  vertex 78.22010040283203 13.6943998336792 0.0
  vertex 79.01830291748047 12.888799667358398 0.0
  vertex 79.12403950436632 14.148426848899966 0.0
 endloop
endfacet
facet normal 0.0 0.0 1.0
 outer loop
  vertex 7.981649875640869 15.305500030517578 0.0
  vertex 7.134019024694862 14.909542609331982 0.0
  vertex 7.49643182228392 14.500406132086603 0.0
 endloop
endfacet
facet normal -0.0 0.0 0.9999999999999999
 outer loop
  vertex 7.49643182228392 14.500406132086603 0.0
  vertex 7.858764860383598 14.097402982882901 0.0
  vertex 7.981649875640869 15.305500030517578 0.0
 endloop
endfacet
facet normal 0.0 0.0 1.0
 outer loop
  vertex 24.34392406506639 14.46240328515358 0.0
  vertex 23.944748917486294 14.125804799201127 0.0
  vertex 24.743099212646484 13.6943998336792 0.0
 endloop
endfacet
facet normal 0.0 0.0 1.0
 outer loop
  vertex 24.743099212646484 14.799001771106035 0.0
  vertex 24.34392406506639 14.46240328515358 0.0
  vertex 24.743099212646484 13.6943998336792 0.0
 endloop
endfacet
facet normal 0.0 0.0 1.0
 outer loop
  vertex 39.90533656103739 14.228703343429633 0.0
  vertex 40.186138815797015 14.767101686973605 0.0
  vertex 39.908199310302734 15.305500030517578 0.0
 endloop
endfacet
facet normal 0.0 -0.0 1.0
 outer loop
  vertex 52.67879867553711 14.258319950103758 0.0
  vertex 53.47700119018555 14.5 0.0
  vertex 52.439368820190424 14.499999999999998 0.0
 endloop
endfacet
facet normal 0.0 0.0 1.0
 outer loop
  vertex 78.22010040283203 13.6943998336792 0.0
  vertex 79.12403950436632 14.148426848899966 0.0
  vertex 78.74200450697374 14.535214588602916 0.0
 endloop
endfacet
facet normal 0.0 0.0 1.0
 outer loop
  vertex 78.36133695502497 14.920357309560247 0.0
  vertex 78.22010040283203 13.6943998336792 0.0
  vertex 78.74200450697374 14.535214588602916 0.0
 endloop
endfacet
facet normal 0.0 0.0 1.0
 outer loop
  vertex 7.134019024694862 14.909542609331982 0.0
  vertex 7.981649875640869 15.305500030517578 0.0
  vertex 7.1834797859191895 16.111099243164063 0.0
 endloop
endfacet
facet normal 0.0 -0.0 0.9999999999999999
 outer loop
  vertex 7.134019024694862 14.909542609331982 0.0
  vertex 7.1834797859191895 16.111099243164063 0.0
  vertex 6.7714467081270415 15.330945742660715 0.0
 endloop
endfacet
facet normal 0.0 0.0 1.0
 outer loop
  vertex 10.376099586486816 14.5 0.0
  vertex 11.172388808738212 14.965694498125572 0.0
  vertex 10.816237275379134 15.364545180160398 0.0
 endloop
endfacet
facet normal 0.0 0.0 0.9999999999999999
 outer loop
  vertex 51.880699157714844 16.111099243164063 0.0
  vertex 51.08231003421652 15.670722956552092 0.0
  vertex 51.48150459596568 15.329636273090605 0.0
 endloop
endfacet
facet normal 0.0 0.0 0.9999999999999999
 outer loop
  vertex 51.880699157714844 16.111099243164063 0.0
  vertex 51.48150459596568 15.329636273090605 0.0
  vertex 51.880699157714844 14.988549589629118 0.0
 endloop
endfacet
facet normal 0.0 0.0 1.0
 outer loop
  vertex 57.06875038146973 15.335797232725666 0.0
  vertex 56.669700622558594 15.063850021362306 0.0
  vertex 57.46780014038086 14.5 0.0
 endloop
endfacet
facet normal 0.0 0.0 1.0
 outer loop
  vertex 57.46780014038086 15.607744444089025 0.0
  vertex 57.06875038146973 15.335797232725666 0.0
  vertex 57.46780014038086 14.5 0.0
 endloop
endfacet
facet normal 0.0 0.0 1.0
 outer loop
  vertex 57.46780014038086 15.607744444089025 0.0
  vertex 57.46780014038086 14.5 0.0
  vertex 58.26599884033203 15.305500030517578 0.0
 endloop
endfacet
facet normal 0.0 0.0 1.0
 outer loop
  vertex 61.45869827270508 14.5 0.0
  vertex 62.2568016052246 14.741650009155272 0.0
  vertex 62.25680160522461 15.305500030517578 0.0
 endloop
endfacet
facet normal -0.0 0.0 1.0
 outer loop
  vertex 6.409217882674421 15.769419809807177 0.0
  vertex 6.7714467081270415 15.330945742660715 0.0
  vertex 7.1834797859191895 16.111099243164063 0.0
 endloop
endfacet
facet normal 0.0 0.0 1.0
 outer loop
  vertex 7.1834797859191895 16.111099243164063 0.0
  vertex 6.38532018661499 16.91659927368164 0.0
  vertex 6.049001097597648 16.227110987891137 0.0
 endloop
endfacet
facet normal 0.0 -0.0 1.0
 outer loop
  vertex 6.409217882674421 15.769419809807177 0.0
  vertex 7.1834797859191895 16.111099243164063 0.0
  vertex 6.049001097597648 16.227110987891137 0.0
 endloop
endfacet
facet normal 0.0 0.0 1.0
 outer loop
  vertex 38.22290338229894 16.513693104097058 0.0
  vertex 37.894475816721894 16.110786934512475 0.0
  vertex 38.3119010925293 15.305500030517578 0.0
 endloop
endfacet
facet normal 0.0 0.0 0.9999999999999999
 outer loop
  vertex 51.880699157714844 16.111099243164063 0.0
  vertex 50.68330589601451 16.011736104435712 0.0
  vertex 51.08231003421652 15.670722956552092 0.0
 endloop
endfacet
facet normal 0.0 0.0 1.0
 outer loop
  vertex 54.27519989013672 15.305500030517578 0.0
  vertex 55.073299407958984 15.869419479370116 0.0
  vertex 54.606975927789875 16.18939114471484 0.0
 endloop
endfacet
facet normal -0.0 0.0 0.9999999999999999
 outer loop
  vertex 53.47700119018555 16.111099243164063 0.0
  vertex 54.27519989013672 15.305500030517578 0.0
  vertex 54.606975927789875 16.18939114471484 0.0
 endloop
endfacet
facet normal 0.0 0.0 1.0
 outer loop
  vertex 54.14065244762076 16.50936281005956 0.0
  vertex 53.47700119018555 16.111099243164063 0.0
  vertex 54.606975927789875 16.18939114471484 0.0
 endloop
endfacet
facet normal 0.0 0.0 1.0
 outer loop
  vertex 75.82559967041016 16.91659927368164 0.0
  vertex 75.02749633789063 16.111099243164063 0.0
  vertex 76.6238021850586 16.111099243164063 0.0
 endloop
endfacet
facet normal 0.0 0.0 1.0
 outer loop
  vertex 76.6238021850586 16.111099243164063 0.0
  vertex 77.4219970703125 15.305500030517578 0.0
  vertex 77.63520575046897 15.839180994033814 0.0
 endloop
endfacet
facet normal 0.0 0.0 1.0
 outer loop
  vertex 77.28974209786178 16.37286195755005 0.0
  vertex 76.6238021850586 16.111099243164063 0.0
  vertex 77.63520575046897 15.839180994033814 0.0
 endloop
endfacet
facet normal 0.0 -0.0 1.0
 outer loop
  vertex 9.577980041503906 16.111099243164063 0.0
  vertex 9.809223342188483 16.62636749402034 0.0
  vertex 9.474981957861775 17.13143992183511 0.0
 endloop
endfacet
facet normal -0.0 0.0 1.0
 outer loop
  vertex 8.779809951782227 16.91659927368164 0.0
  vertex 9.577980041503906 16.111099243164063 0.0
  vertex 9.474981957861775 17.13143992183511 0.0
 endloop
endfacet
facet normal 0.0 0.0 0.9999999999999999
 outer loop
  vertex 23.146699905395508 17.722200393676758 0.0
  vertex 22.348600387573242 17.158279609680175 0.0
  vertex 22.883612680435178 16.943453087793024 0.0
 endloop
endfacet
facet normal 0.0 0.0 1.0
 outer loop
  vertex 23.492839455604553 16.744311153877305 0.0
  vertex 23.146699905395508 17.722200393676758 0.0
  vertex 22.883612680435178 16.943453087793024 0.0
 endloop
endfacet
facet normal 0.0 0.0 1.0
 outer loop
  vertex 31.92650032043457 16.91659927368164 0.0
  vertex 32.724700927734375 16.111099243164063 0.0
  vertex 32.9555771560573 16.798712362611838 0.0
 endloop
endfacet
facet normal 0.0 0.0 1.0
 outer loop
  vertex 32.447349805492685 17.142216776411942 0.0
  vertex 31.92650032043457 16.91659927368164 0.0
  vertex 32.9555771560573 16.798712362611838 0.0
 endloop
endfacet
facet normal -0.0 0.0 1.0
 outer loop
  vertex 63.85309982299805 16.91659927368164 0.0
  vertex 64.54155535697937 16.62460947036743 0.0
  vertex 64.9156999349594 16.972004652023315 0.0
 endloop
endfacet
facet normal 0.0 0.0 0.9999999999999999
 outer loop
  vertex 63.85309982299805 16.91659927368164 0.0
  vertex 64.9156999349594 16.972004652023315 0.0
  vertex 64.65129852294922 17.722200393676758 0.0
 endloop
endfacet
facet normal 0.0 0.0 1.0
 outer loop
  vertex 71.0365982055664 16.91659927368164 0.0
  vertex 69.79949111938477 16.795803332328795 0.0
  vertex 70.2385025024414 16.352749252319335 0.0
 endloop
endfacet
facet normal 0.0 0.0 1.0
 outer loop
  vertex 76.59073653459728 17.22229149888208 0.0
  vertex 75.82559967041016 16.91659927368164 0.0
  vertex 76.6238021850586 16.111099243164063 0.0
 endloop
endfacet
facet normal 0.0 0.0 1.0
 outer loop
  vertex 76.59073653459728 17.22229149888208 0.0
  vertex 76.6238021850586 16.111099243164063 0.0
  vertex 76.95677214146019 16.792008418958698 0.0
 endloop
endfacet
facet normal 0.0 0.0 0.9999999999999999
 outer loop
  vertex 20.752199172973633 18.527700424194336 0.0
  vertex 19.954099655151367 17.96385040283203 0.0
  vertex 20.443808856522743 17.76592932970052 0.0
 endloop
endfacet
facet normal 0.0 0.0 0.9999999999999999
 outer loop
  vertex 20.988810458332356 17.580502238290087 0.0
  vertex 20.752199172973633 18.527700424194336 0.0
  vertex 20.443808856522743 17.76592932970052 0.0
 endloop
endfacet
facet normal 0.0 0.0 1.0
 outer loop
  vertex 39.908199310302734 17.722200393676758 0.0
  vertex 39.50342868454754 18.431755718051754 0.0
  vertex 39.1832547731843 17.957344700012364 0.0
 endloop
endfacet
facet normal 0.0 0.0 1.0
 outer loop
  vertex 48.6879997253418 18.527700424194336 0.0
  vertex 47.939203161551816 18.062374571943657 0.0
  vertex 48.37059343190056 17.709919177461416 0.0
 endloop
endfacet
facet normal 0.0 0.0 1.0
 outer loop
  vertex 49.48619842529297 17.722200393676758 0.0
  vertex 48.6879997253418 18.527700424194336 0.0
  vertex 48.37059343190056 17.709919177461416 0.0
 endloop
endfacet
facet normal 0.0 0.0 1.0
 outer loop
  vertex 49.48619842529297 17.722200393676758 0.0
  vertex 48.37059343190056 17.709919177461416 0.0
  vertex 48.81726258896333 17.359558610059324 0.0
 endloop
endfacet
facet normal -0.0 0.0 1.0
 outer loop
  vertex 64.65129852294922 17.722200393676758 0.0
  vertex 65.30231484174729 17.347102522850037 0.0
  vertex 65.68892974853516 17.722200393676758 0.0
 endloop
endfacet
facet normal -0.0 0.0 1.0
 outer loop
  vertex 71.83480072021484 17.722200393676758 0.0
  vertex 72.63300323486328 16.91659927368164 0.0
  vertex 73.43109893798828 17.722200393676758 0.0
 endloop
endfacet
facet normal 0.0 0.0 1.0
 outer loop
  vertex 75.81955857513532 18.092336642633605 0.0
  vertex 75.02749633789063 17.722200393676758 0.0
  vertex 75.82559967041016 16.91659927368164 0.0
 endloop
endfacet
facet normal 0.0 0.0 1.0
 outer loop
  vertex 75.81955857513532 18.092336642633605 0.0
  vertex 75.82559967041016 16.91659927368164 0.0
  vertex 76.20816810250372 17.658142888062827 0.0
 endloop
endfacet
facet normal 0.0 0.0 1.0
 outer loop
  vertex 4.788990020751953 19.33329963684082 0.0
  vertex 3.9135078242787134 18.967199424876384 0.0
  vertex 4.285910022069402 18.55043493202496 0.0
 endloop
endfacet
facet normal -0.0 0.0 1.0
 outer loop
  vertex 4.285910022069402 18.55043493202496 0.0
  vertex 4.657174032831881 18.136317662850857 0.0
  vertex 4.788990020751953 19.33329963684082 0.0
 endloop
endfacet
facet normal 0.0 0.0 1.0
 outer loop
  vertex 18.35770034790039 19.33329963684082 0.0
  vertex 17.559600830078125 18.76938018798828 0.0
  vertex 18.065904269062173 18.56618741580221 0.0
 endloop
endfacet
facet normal 0.0 0.0 0.9999999999999999
 outer loop
  vertex 18.35770034790039 19.33329963684082 0.0
  vertex 18.065904269062173 18.56618741580221 0.0
  vertex 18.60792520073297 18.383646200088663 0.0
 endloop
endfacet
facet normal -0.0 0.0 1.0
 outer loop
  vertex 28.73390007019043 18.527700424194336 0.0
  vertex 29.531999588012695 17.722200393676758 0.0
  vertex 30.3302001953125 18.527700424194336 0.0
 endloop
endfacet
facet normal 0.0 0.0 1.0
 outer loop
  vertex 39.82554437462241 18.882527677446287 0.0
  vertex 39.50342868454754 18.431755718051754 0.0
  vertex 39.908199310302734 17.722200393676758 0.0
 endloop
endfacet
facet normal 0.0 0.0 1.0
 outer loop
  vertex 48.6879997253418 18.527700424194336 0.0
  vertex 47.51545233456009 18.41587737996597 0.0
  vertex 47.939203161551816 18.062374571943657 0.0
 endloop
endfacet
facet normal 0.0 0.0 1.0
 outer loop
  vertex 75.02749633789063 17.722200393676758 0.0
  vertex 75.81955857513532 18.092336642633605 0.0
  vertex 75.42983439941001 18.521401367538118 0.0
 endloop
endfacet
facet normal 0.0 0.0 1.0
 outer loop
  vertex 7.1834797859191895 18.527700424194336 0.0
  vertex 8.021478859806624 18.944865848369783 0.0
  vertex 7.625409383562674 19.38183458969965 0.0
 endloop
endfacet
facet normal -0.0 0.0 1.0
 outer loop
  vertex 6.38532018661499 19.33329963684082 0.0
  vertex 7.1834797859191895 18.527700424194336 0.0
  vertex 7.625409383562674 19.38183458969965 0.0
 endloop
endfacet
facet normal 0.0 0.0 1.0
 outer loop
  vertex 6.38532018661499 19.33329963684082 0.0
  vertex 7.625409383562674 19.38183458969965 0.0
  vertex 7.216369715264766 19.82129824044595 0.0
 endloop
endfacet
facet normal 0.0 0.0 1.0
 outer loop
  vertex 15.963199615478516 20.1387996673584 0.0
  vertex 15.16510009765625 19.574949645996092 0.0
  vertex 15.655945860515317 19.377809699898933 0.0
 endloop
endfacet
facet normal 0.0 0.0 0.9999999999999999
 outer loop
  vertex 15.963199615478516 20.1387996673584 0.0
  vertex 15.655945860515317 19.377809699898933 0.0
  vertex 16.198054336736163 19.19160204999148 0.0
 endloop
endfacet
facet normal 0.0 0.0 1.0
 outer loop
  vertex 17.559600830078125 20.1387996673584 0.0
  vertex 17.559600830078125 18.76938018798828 0.0
  vertex 18.35770034790039 19.33329963684082 0.0
 endloop
endfacet
facet normal 0.0 0.0 1.0
 outer loop
  vertex 46.29349899291992 20.1387996673584 0.0
  vertex 45.49530029296875 19.60978972088818 0.0
  vertex 46.02742268741949 19.329653432481784 0.0
 endloop
endfacet
facet normal 0.0 0.0 1.0
 outer loop
  vertex 49.348908140423745 19.732745691179296 0.0
  vertex 48.6879997253418 19.33329963684082 0.0
  vertex 49.81660494911812 19.412182782113085 0.0
 endloop
endfacet
facet normal -0.0 0.0 1.0
 outer loop
  vertex 60.9183946768688 19.33329963684082 0.0
  vertex 61.45869827270508 18.527700424194336 0.0
  vertex 62.25680160522461 19.33329963684082 0.0
 endloop
endfacet
facet normal 0.0 -0.0 1.0
 outer loop
  vertex 3.1591375299303763 19.8229867633113 0.0
  vertex 3.192660093307495 20.944400787353516 0.0
  vertex 2.779445807429147 20.256715161540143 0.0
 endloop
endfacet
facet normal 0.0 0.0 1.0
 outer loop
  vertex 6.38532018661499 19.33329963684082 0.0
  vertex 7.216369715264766 19.82129824044595 0.0
  vertex 6.846484659298719 20.211939789859418 0.0
 endloop
endfacet
facet normal 0.0 0.0 1.0
 outer loop
  vertex 6.38532018661499 19.33329963684082 0.0
  vertex 6.846484659298719 20.211939789859418 0.0
  vertex 6.496176909498603 20.578170288606465 0.0
 endloop
endfacet
facet normal 0.0 0.0 1.0
 outer loop
  vertex 12.770600318908691 20.944400787353516 0.0
  vertex 11.972399711608887 20.380480003356933 0.0
  vertex 12.462302168313727 20.1788095334379 0.0
 endloop
endfacet
facet normal 0.0 0.0 1.0
 outer loop
  vertex 12.770600318908691 20.944400787353516 0.0
  vertex 12.462302168313727 20.1788095334379 0.0
  vertex 13.060927351419195 20.0375591475185 0.0
 endloop
endfacet
facet normal -0.0 0.0 1.0
 outer loop
  vertex 17.559600830078125 20.1387996673584 0.0
  vertex 18.35770034790039 19.33329963684082 0.0
  vertex 19.155899047851563 20.1387996673584 0.0
 endloop
endfacet
facet normal 0.0 0.0 1.0
 outer loop
  vertex 65.44950103759766 20.944400787353516 0.0
  vertex 64.65129852294922 20.1387996673584 0.0
  vertex 66.24759674072266 20.1387996673584 0.0
 endloop
endfacet
facet normal 0.0 0.0 1.0
 outer loop
  vertex 3.192660093307495 20.944400787353516 0.0
  vertex 2.3944900035858154 21.75 0.0
  vertex 2.155042016506195 20.944400787353516 0.0
 endloop
endfacet
facet normal 0.0 -0.0 1.0
 outer loop
  vertex 2.3944900035858154 20.70272045135498 0.0
  vertex 3.192660093307495 20.944400787353516 0.0
  vertex 2.155042016506195 20.944400787353516 0.0
 endloop
endfacet
facet normal 0.0 0.0 1.0
 outer loop
  vertex 8.779809951782227 21.75 0.0
  vertex 8.525398305058479 21.03088258691439 0.0
  vertex 9.059170985221861 20.783937497587694 0.0
 endloop
endfacet
facet normal 0.0 0.0 1.0
 outer loop
  vertex 69.44029998779297 21.75 0.0
  vertex 68.64209747314453 20.944400787353516 0.0
  vertex 70.2385025024414 20.944400787353516 0.0
 endloop
endfacet
facet normal 0.0 0.0 1.0
 outer loop
  vertex 72.63300323486328 20.1387996673584 0.0
  vertex 73.48957255218178 20.610443341747803 0.0
  vertex 73.10801021975232 21.00590148946779 0.0
 endloop
endfacet
facet normal 0.0 0.0 1.0
 outer loop
  vertex 72.72644788732285 21.401359637187774 0.0
  vertex 71.83480072021484 20.944400787353516 0.0
  vertex 72.63300323486328 20.1387996673584 0.0
 endloop
endfacet
facet normal 0.0 0.0 1.0
 outer loop
  vertex 72.72644788732285 21.401359637187774 0.0
  vertex 72.63300323486328 20.1387996673584 0.0
  vertex 73.10801021975232 21.00590148946779 0.0
 endloop
endfacet
facet normal 0.0 -0.0 1.0
 outer loop
  vertex 1.7027240219031228 21.2935023394696 0.0
  vertex 2.3944900035858154 21.75 0.0
  vertex 1.2504060273000506 21.642603891585686 0.0
 endloop
endfacet
facet normal 0.0 0.0 1.0
 outer loop
  vertex 19.954099655151367 20.944400787353516 0.0
  vertex 20.752199172973633 20.944400787353516 0.0
  vertex 20.752199172973633 21.75 0.0
 endloop
endfacet
facet normal 0.0 0.0 1.0
 outer loop
  vertex 39.11000061035156 22.555500030517578 0.0
  vertex 38.3119010925293 21.991650009155272 0.0
  vertex 38.76350277135134 21.807544081611557 0.0
 endloop
endfacet
facet normal 0.0 0.0 0.9999999999999999
 outer loop
  vertex 39.26982500857136 21.639070323854686 0.0
  vertex 39.11000061035156 22.555500030517578 0.0
  vertex 38.76350277135134 21.807544081611557 0.0
 endloop
endfacet
facet normal 0.0 0.0 1.0
 outer loop
  vertex 46.29349899291992 20.944400787353516 0.0
  vertex 47.09176108446114 21.347185259871182 0.0
  vertex 46.69263003869053 21.669417634513227 0.0
 endloop
endfacet
facet normal 0.0 0.0 1.0
 outer loop
  vertex 46.29349899291992 21.991650009155272 0.0
  vertex 46.29349899291992 20.944400787353516 0.0
  vertex 46.69263003869053 21.669417634513227 0.0
 endloop
endfacet
facet normal 0.0 0.0 1.0
 outer loop
  vertex 56.669700622558594 22.555500030517578 0.0
  vertex 55.871498107910156 21.991650009155272 0.0
  vertex 56.34212786930283 21.79530379772186 0.0
 endloop
endfacet
facet normal 0.0 0.0 1.0
 outer loop
  vertex 56.669700622558594 22.555500030517578 0.0
  vertex 56.34212786930283 21.79530379772186 0.0
  vertex 56.87038661453696 21.63199160546064 0.0
 endloop
endfacet
facet normal 0.0 0.0 0.9999999999999999
 outer loop
  vertex 65.44950103759766 20.944400787353516 0.0
  vertex 66.24759674072266 20.944400787353516 0.0
  vertex 66.24759674072266 21.75 0.0
 endloop
endfacet
facet normal 0.0 0.0 1.0
 outer loop
  vertex 71.83480072021484 20.944400787353516 0.0
  vertex 72.72644788732285 21.401359637187774 0.0
  vertex 72.34889995840493 21.787211991914507 0.0
 endloop
endfacet
facet normal 0.0 0.0 1.0
 outer loop
  vertex 71.97211996211261 22.17135601121604 0.0
  vertex 71.83480072021484 20.944400787353516 0.0
  vertex 72.34889995840493 21.787211991914507 0.0
 endloop
endfacet
facet normal -0.0 0.0 1.0
 outer loop
  vertex 9.577980041503906 22.555500030517578 0.0
  vertex 10.376099586486816 21.75 0.0
  vertex 11.174300193786621 22.555500030517578 0.0
 endloop
endfacet
facet normal 0.0 0.0 0.9999999999999999
 outer loop
  vertex 51.880699157714844 23.361099243164063 0.0
  vertex 51.08250045776367 22.79717979431152 0.0
  vertex 51.53672452736646 22.61462916564196 0.0
 endloop
endfacet
facet normal 0.0 0.0 0.9999999999999999
 outer loop
  vertex 51.880699157714844 23.361099243164063 0.0
  vertex 51.53672452736646 22.61462916564196 0.0
  vertex 52.05017793982987 22.44985470548982 0.0
 endloop
endfacet
facet normal -0.0 0.0 1.0
 outer loop
  vertex 68.64209747314453 22.555500030517578 0.0
  vertex 69.44029998779297 21.75 0.0
  vertex 70.2385025024414 22.555500030517578 0.0
 endloop
endfacet
facet normal 0.0 0.0 1.0
 outer loop
  vertex 0.7981659770011902 24.16659927368164 0.0
  vertex 0.0 24.16659927368164 0.0
  vertex 0.0 23.361099243164063 0.0
 endloop
endfacet
facet normal -0.0 0.0 0.9999999999999999
 outer loop
  vertex 5.5871500968933105 23.361099243164063 0.0
  vertex 6.38532018661499 22.555500030517578 0.0
  vertex 7.1834797859191895 23.361099243164063 0.0
 endloop
endfacet
facet normal -0.0 0.0 1.0
 outer loop
  vertex 41.50450134277344 23.361099243164063 0.0
  vertex 42.30270004272461 22.555500030517578 0.0
  vertex 43.10089874267578 23.361099243164063 0.0
 endloop
endfacet
facet normal 0.0 0.0 1.0
 outer loop
  vertex 47.889801025390625 24.16659927368164 0.0
  vertex 47.09170150756836 23.602749252319335 0.0
  vertex 47.58703612833279 23.401080212082 0.0
 endloop
endfacet
facet normal 0.0 0.0 1.0
 outer loop
  vertex 47.889801025390625 24.16659927368164 0.0
  vertex 47.58703612833279 23.401080212082 0.0
  vertex 48.18566035776394 23.259593816063195 0.0
 endloop
endfacet
facet normal 0.0 0.0 1.0
 outer loop
  vertex 59.06420135498047 24.16659927368164 0.0
  vertex 58.26599884033203 23.361099243164063 0.0
  vertex 59.862300872802734 23.361099243164063 0.0
 endloop
endfacet
facet normal 0.0 0.0 1.0
 outer loop
  vertex 27.935699462890625 24.972200393676758 0.0
  vertex 27.13759994506836 24.16659927368164 0.0
  vertex 28.73390007019043 24.16659927368164 0.0
 endloop
endfacet
facet normal 0.0 0.0 1.0
 outer loop
  vertex 34.32099914550781 24.972200393676758 0.0
  vertex 33.52289962768555 24.16659927368164 0.0
  vertex 35.11920166015625 24.16659927368164 0.0
 endloop
endfacet
facet normal 0.0 0.0 1.0
 outer loop
  vertex 69.96658773422241 24.39570536017418 0.0
  vertex 69.44029998779297 24.16659927368164 0.0
  vertex 70.49785690307617 24.025654458999632 0.0
 endloop
endfacet
facet normal 0.0 0.0 1.0
 outer loop
  vertex 0.7981659770011902 24.16659927368164 0.0
  vertex 1.5963300466537476 24.16659927368164 0.0
  vertex 1.5963300466537476 24.972200393676758 0.0
 endloop
endfacet
facet normal -0.0 0.0 1.0
 outer loop
  vertex 0.0 24.972200393676758 0.0
  vertex 0.7981659770011902 24.16659927368164 0.0
  vertex 1.5963300466537476 24.972200393676758 0.0
 endloop
endfacet
facet normal 0.0 0.0 0.9999999999999999
 outer loop
  vertex 3.192660093307495 24.972200393676758 0.0
  vertex 4.788990020751953 24.972200393676758 0.0
  vertex 3.9908199310302734 25.777700424194336 0.0
 endloop
endfacet
facet normal 0.0 0.0 1.0
 outer loop
  vertex 17.559600830078125 25.777700424194336 0.0
  vertex 16.76140022277832 24.972200393676758 0.0
  vertex 18.35770034790039 24.972200393676758 0.0
 endloop
endfacet
facet normal 0.0 0.0 0.9999999999999999
 outer loop
  vertex 39.11000061035156 24.972200393676758 0.0
  vertex 40.70640182495117 24.972200393676758 0.0
  vertex 39.908199310302734 25.777700424194336 0.0
 endloop
endfacet
facet normal -0.0 0.0 1.0
 outer loop
  vertex 63.05500030517578 24.972200393676758 0.0
  vertex 63.85309982299805 24.16659927368164 0.0
  vertex 64.65129852294922 24.972200393676758 0.0
 endloop
endfacet
facet normal 0.0 0.0 1.0
 outer loop
  vertex 63.85309982299805 25.777700424194336 0.0
  vertex 63.05500030517578 24.972200393676758 0.0
  vertex 64.65129852294922 24.972200393676758 0.0
 endloop
endfacet
facet normal 0.0 0.0 0.9999999999999999
 outer loop
  vertex 11.972399711608887 24.972200393676758 0.0
  vertex 12.770600318908691 24.972200393676758 0.0
  vertex 12.770600318908691 25.777700424194336 0.0
 endloop
endfacet
facet normal -0.0 0.0 1.0
 outer loop
  vertex 17.559600830078125 25.777700424194336 0.0
  vertex 18.35770034790039 24.972200393676758 0.0
  vertex 19.155899047851563 25.777700424194336 0.0
 endloop
endfacet
facet normal 0.0 0.0 1.0
 outer loop
  vertex 18.35770034790039 26.58329963684082 0.0
  vertex 17.559600830078125 25.777700424194336 0.0
  vertex 19.155899047851563 25.777700424194336 0.0
 endloop
endfacet
facet normal 0.0 0.0 1.0
 outer loop
  vertex 20.752199172973633 25.777700424194336 0.0
  vertex 22.348600387573242 25.777700424194336 0.0
  vertex 21.550399780273438 26.58329963684082 0.0
 endloop
endfacet
facet normal 0.0 0.0 1.0
 outer loop
  vertex 23.146699905395508 26.58329963684082 0.0
  vertex 22.348600387573242 25.777700424194336 0.0
  vertex 23.944900512695313 25.777700424194336 0.0
 endloop
endfacet
facet normal 0.0 0.0 1.0
 outer loop
  vertex 31.128400802612305 26.58329963684082 0.0
  vertex 30.3302001953125 25.777700424194336 0.0
  vertex 31.92650032043457 25.777700424194336 0.0
 endloop
endfacet
facet normal 0.0 0.0 1.0
 outer loop
  vertex 42.30270004272461 26.58329963684082 0.0
  vertex 41.50450134277344 25.777700424194336 0.0
  vertex 43.10089874267578 25.777700424194336 0.0
 endloop
endfacet
facet normal -0.0 0.0 0.9999999999999999
 outer loop
  vertex 63.85309982299805 25.777700424194336 0.0
  vertex 64.65129852294922 24.972200393676758 0.0
  vertex 65.44950103759766 25.777700424194336 0.0
 endloop
endfacet
facet normal 0.0 0.0 1.0
 outer loop
  vertex 67.84400177001953 24.972200393676758 0.0
  vertex 68.5687886585365 25.378678173713897 0.0
  vertex 68.10959013272951 25.70067979419745 0.0
 endloop
endfacet
facet normal 0.0 0.0 1.0
 outer loop
  vertex 67.0457992553711 25.777700424194336 0.0
  vertex 67.84400177001953 24.972200393676758 0.0
  vertex 68.10959013272951 25.70067979419745 0.0
 endloop
endfacet
facet normal 0.0 0.0 1.0
 outer loop
  vertex 67.60350588456495 26.018526539612424 0.0
  vertex 67.0457992553711 25.777700424194336 0.0
  vertex 68.10959013272951 25.70067979419745 0.0
 endloop
endfacet
facet normal 0.0 0.0 1.0
 outer loop
  vertex 37.51369857788086 26.58329963684082 0.0
  vertex 39.11000061035156 26.58329963684082 0.0
  vertex 38.3119010925293 27.3887996673584 0.0
 endloop
endfacet
facet normal 0.0 0.0 1.0
 outer loop
  vertex 47.09170150756836 26.58329963684082 0.0
  vertex 48.6879997253418 26.58329963684082 0.0
  vertex 47.889801025390625 27.3887996673584 0.0
 endloop
endfacet
facet normal 0.0 0.0 1.0
 outer loop
  vertex 62.256832126993686 27.06698052362271 0.0
  vertex 61.45869827270508 27.147149658203123 0.0
  vertex 61.45869827270508 26.58329963684082 0.0
 endloop
endfacet
facet normal 0.0 0.0 1.0
 outer loop
  vertex 6.38532018661499 26.58329963684082 0.0
  vertex 7.1834797859191895 26.58329963684082 0.0
  vertex 7.1834797859191895 27.3887996673584 0.0
 endloop
endfacet
facet normal 0.0 0.0 1.0
 outer loop
  vertex 19.155899047851563 27.3887996673584 0.0
  vertex 20.752199172973633 27.3887996673584 0.0
  vertex 19.954099655151367 28.194400787353516 0.0
 endloop
endfacet
facet normal 0.0 0.0 1.0
 outer loop
  vertex 24.743099212646484 28.194400787353516 0.0
  vertex 23.944900512695313 27.3887996673584 0.0
  vertex 25.541200637817383 27.3887996673584 0.0
 endloop
endfacet
facet normal 0.0 0.0 1.0
 outer loop
  vertex 29.531999588012695 28.194400787353516 0.0
  vertex 28.73390007019043 27.3887996673584 0.0
  vertex 30.3302001953125 27.3887996673584 0.0
 endloop
endfacet
facet normal 0.0 0.0 1.0
 outer loop
  vertex 39.908199310302734 27.3887996673584 0.0
  vertex 41.50450134277344 27.3887996673584 0.0
  vertex 40.70640182495117 28.194400787353516 0.0
 endloop
endfacet
facet normal -0.0 0.0 1.0
 outer loop
  vertex 51.08250045776367 27.3887996673584 0.0
  vertex 51.880699157714844 26.58329963684082 0.0
  vertex 52.67879867553711 27.3887996673584 0.0
 endloop
endfacet
facet normal 0.0 0.0 1.0
 outer loop
  vertex 51.880699157714844 28.194400787353516 0.0
  vertex 51.08250045776367 27.3887996673584 0.0
  vertex 52.67879867553711 27.3887996673584 0.0
 endloop
endfacet
facet normal 0.0 0.0 1.0
 outer loop
  vertex 59.06420135498047 28.194400787353516 0.0
  vertex 58.26599884033203 27.3887996673584 0.0
  vertex 59.862300872802734 27.3887996673584 0.0
 endloop
endfacet
facet normal 0.0 0.0 1.0
 outer loop
  vertex 3.192660093307495 29.0 0.0
  vertex 2.3944900035858154 29.0 0.0
  vertex 2.3944900035858154 28.194400787353516 0.0
 endloop
endfacet
facet normal 0.0 0.0 1.0
 outer loop
  vertex 2.3944900035858154 28.194400787353516 0.0
  vertex 3.9908199310302734 28.194400787353516 0.0
  vertex 3.192660093307495 29.0 0.0
 endloop
endfacet
facet normal 0.0 0.0 1.0
 outer loop
  vertex 11.972399711608887 29.0 0.0
  vertex 11.174300193786621 29.0 0.0
  vertex 11.174300193786621 28.194400787353516 0.0
 endloop
endfacet
facet normal 0.0 0.0 1.0
 outer loop
  vertex 14.366900444030762 29.0 0.0
  vertex 13.56879997253418 29.0 0.0
  vertex 13.56879997253418 28.194400787353516 0.0
 endloop
endfacet
facet normal -0.0 0.0 1.0
 outer loop
  vertex 13.56879997253418 28.194400787353516 0.0
  vertex 14.366900444030762 27.3887996673584 0.0
  vertex 15.16510009765625 28.194400787353516 0.0
 endloop
endfacet
facet normal 0.0 0.0 1.0
 outer loop
  vertex 14.366900444030762 29.0 0.0
  vertex 13.56879997253418 28.194400787353516 0.0
  vertex 15.16510009765625 28.194400787353516 0.0
 endloop
endfacet
facet normal 0.0 0.0 1.0
 outer loop
  vertex 35.11920166015625 29.0 0.0
  vertex 34.32099914550781 29.0 0.0
  vertex 34.32099914550781 28.194400787353516 0.0
 endloop
endfacet
facet normal 0.0 0.0 1.0
 outer loop
  vertex 35.11920166015625 29.0 0.0
  vertex 34.32099914550781 28.194400787353516 0.0
  vertex 35.91740036010742 28.194400787353516 0.0
 endloop
endfacet
facet normal 0.0 0.0 1.0
 outer loop
  vertex 36.71549987792969 29.0 0.0
  vertex 35.91740036010742 29.0 0.0
  vertex 35.91740036010742 28.194400787353516 0.0
 endloop
endfacet
facet normal 0.0 0.0 1.0
 outer loop
  vertex 35.91740036010742 28.194400787353516 0.0
  vertex 37.51369857788086 28.194400787353516 0.0
  vertex 36.71549987792969 29.0 0.0
 endloop
endfacet
facet normal 0.0 0.0 1.0
 outer loop
  vertex 38.3119010925293 29.0 0.0
  vertex 37.51369857788086 29.0 0.0
  vertex 37.51369857788086 28.194400787353516 0.0
 endloop
endfacet
facet normal -0.0 0.0 1.0
 outer loop
  vertex 37.51369857788086 28.194400787353516 0.0
  vertex 38.3119010925293 27.3887996673584 0.0
  vertex 39.11000061035156 28.194400787353516 0.0
 endloop
endfacet
facet normal 0.0 0.0 1.0
 outer loop
  vertex 37.51369857788086 28.194400787353516 0.0
  vertex 39.11000061035156 28.194400787353516 0.0
  vertex 38.3119010925293 29.0 0.0
 endloop
endfacet
facet normal 0.0 0.0 1.0
 outer loop
  vertex 44.697200775146484 29.0 0.0
  vertex 43.89899826049805 29.0 0.0
  vertex 43.89899826049805 28.194400787353516 0.0
 endloop
endfacet
facet normal 0.0 0.0 1.0
 outer loop
  vertex 44.697200775146484 29.0 0.0
  vertex 43.89899826049805 28.194400787353516 0.0
  vertex 45.49530029296875 28.194400787353516 0.0
 endloop
endfacet
facet normal 0.0 0.0 1.0
 outer loop
  vertex 46.29349899291992 29.0 0.0
  vertex 45.49530029296875 29.0 0.0
  vertex 45.49530029296875 28.194400787353516 0.0
 endloop
endfacet
facet normal 0.0 0.0 1.0
 outer loop
  vertex 46.29349899291992 29.0 0.0
  vertex 45.49530029296875 28.194400787353516 0.0
  vertex 47.09170150756836 28.194400787353516 0.0
 endloop
endfacet
facet normal 0.0 0.0 1.0
 outer loop
  vertex 47.889801025390625 29.0 0.0
  vertex 47.09170150756836 29.0 0.0
  vertex 47.09170150756836 28.194400787353516 0.0
 endloop
endfacet
facet normal -0.0 0.0 1.0
 outer loop
  vertex 47.09170150756836 28.194400787353516 0.0
  vertex 47.889801025390625 27.3887996673584 0.0
  vertex 48.6879997253418 28.194400787353516 0.0
 endloop
endfacet
facet normal 0.0 0.0 1.0
 outer loop
  vertex 47.09170150756836 28.194400787353516 0.0
  vertex 48.6879997253418 28.194400787353516 0.0
  vertex 47.889801025390625 29.0 0.0
 endloop
endfacet
facet normal 0.0 0.0 1.0
 outer loop
  vertex 52.67879867553711 29.0 0.0
  vertex 51.880699157714844 29.0 0.0
  vertex 51.880699157714844 28.194400787353516 0.0
 endloop
endfacet
facet normal -0.0 0.0 1.0
 outer loop
  vertex 51.880699157714844 28.194400787353516 0.0
  vertex 52.67879867553711 27.3887996673584 0.0
  vertex 53.47700119018555 28.194400787353516 0.0
 endloop
endfacet
facet normal 0.0 0.0 1.0
 outer loop
  vertex 52.67879867553711 29.0 0.0
  vertex 51.880699157714844 28.194400787353516 0.0
  vertex 53.47700119018555 28.194400787353516 0.0
 endloop
endfacet
facet normal 0.0 0.0 1.0
 outer loop
  vertex 54.27519989013672 29.0 0.0
  vertex 53.47700119018555 29.0 0.0
  vertex 53.47700119018555 28.194400787353516 0.0
 endloop
endfacet
facet normal -0.0 0.0 1.0
 outer loop
  vertex 53.47700119018555 28.194400787353516 0.0
  vertex 54.27519989013672 27.3887996673584 0.0
  vertex 55.073299407958984 28.194400787353516 0.0
 endloop
endfacet
facet normal 0.0 0.0 1.0
 outer loop
  vertex 54.27519989013672 29.0 0.0
  vertex 53.47700119018555 28.194400787353516 0.0
  vertex 55.073299407958984 28.194400787353516 0.0
 endloop
endfacet
facet normal 0.0 0.0 1.0
 outer loop
  vertex 55.871498107910156 29.0 0.0
  vertex 55.073299407958984 29.0 0.0
  vertex 55.073299407958984 28.194400787353516 0.0
 endloop
endfacet
facet normal 0.0 0.0 1.0
 outer loop
  vertex 55.871498107910156 29.0 0.0
  vertex 55.073299407958984 28.194400787353516 0.0
  vertex 56.669700622558594 28.194400787353516 0.0
 endloop
endfacet
facet normal 0.0 0.0 1.0
 outer loop
  vertex 57.46780014038086 29.0 0.0
  vertex 56.669700622558594 29.0 0.0
  vertex 56.669700622558594 28.194400787353516 0.0
 endloop
endfacet
facet normal 0.0 0.0 1.0
 outer loop
  vertex 59.862300872802734 29.0 0.0
  vertex 59.06420135498047 29.0 0.0
  vertex 59.06420135498047 28.194400787353516 0.0
 endloop
endfacet
facet normal 0.0 0.0 1.0
 outer loop
  vertex 86.20179748535156 0.0 0.0
  vertex 87.0 0.0 0.0
  vertex 87.0 0.8055559992790222 0.0
 endloop
endfacet
facet normal 0.0 -0.0 1.0
 outer loop
  vertex 86.20179748535156 0.0 0.0
  vertex 87.0 0.8055559992790222 0.0
  vertex 85.40360260009766 0.0 0.0
 endloop
endfacet
facet normal 0.0 0.0 0.9999999999999999
 outer loop
  vertex 46.29349899291992 2.4166600704193115 0.0
  vertex 47.889801025390625 2.4166600704193115 0.0
  vertex 47.20585077442228 3.37066642655991 0.0
 endloop
endfacet
facet normal -0.0 0.0 1.0
 outer loop
  vertex 46.49194375351071 3.3076533797197043 0.0
  vertex 46.29349899291992 2.4166600704193115 0.0
  vertex 47.20585077442228 3.37066642655991 0.0
 endloop
endfacet
facet normal 0.0 -0.0 1.0
 outer loop
  vertex 49.48619842529297 3.222219944000244 0.0
  vertex 49.506048692064354 3.4465711891825777 0.0
  vertex 48.7240271882154 3.4330304637900553 0.0
 endloop
endfacet
facet normal 0.0 0.0 1.0
 outer loop
  vertex 50.29427457491401 3.4552295833913376 0.0
  vertex 49.506048692064354 3.4465711891825777 0.0
  vertex 49.48619842529297 3.222219944000244 0.0
 endloop
endfacet
facet normal 0.0 0.0 1.0
 outer loop
  vertex 51.883142770925765 3.4617233790479074 0.0
  vertex 51.08250045776367 2.4166600704193115 0.0
  vertex 52.67879867553711 2.4166600704193115 0.0
 endloop
endfacet
facet normal 0.0 0.0 1.0
 outer loop
  vertex 55.073482889781374 3.4637526901905855 0.0
  vertex 54.275467671652585 3.4636174027810736 0.0
  vertex 54.27519989013672 3.222219944000244 0.0
 endloop
endfacet
facet normal 0.0 0.0 1.0
 outer loop
  vertex 56.66969594827542 3.4638541557477196 0.0
  vertex 55.871498107910156 2.4166600704193115 0.0
  vertex 57.46780014038086 2.4166600704193115 0.0
 endloop
endfacet
facet normal 0.0 0.0 1.0
 outer loop
  vertex 69.44030019640923 3.5114944207527685 0.0
  vertex 68.6421510875225 3.5046635889291435 0.0
  vertex 68.64209747314453 3.222219944000244 0.0
 endloop
endfacet
facet normal 0.0 0.0 0.9999999999999999
 outer loop
  vertex 71.0365982055664 3.5251422673881505 0.0
  vertex 70.2385025024414 2.4166600704193115 0.0
  vertex 71.83480072021484 2.4166600704193115 0.0
 endloop
endfacet
facet normal 0.0 0.0 1.0
 outer loop
  vertex 74.22926758415997 3.5542524293771955 0.0
  vertex 73.43110066186637 3.5469913360953766 0.0
  vertex 73.43109893798828 3.222219944000244 0.0
 endloop
endfacet
facet normal 0.0 0.0 1.0
 outer loop
  vertex 75.82559967041016 3.5687243211272643 0.0
  vertex 75.02749633789063 2.4166600704193115 0.0
  vertex 76.6238021850586 2.4166600704193115 0.0
 endloop
endfacet
facet normal 0.0 0.0 1.0
 outer loop
  vertex 79.01826475560665 3.6870119982061413 0.0
  vertex 78.22013089060783 3.649977744673672 0.0
  vertex 78.22010040283203 3.222219944000244 0.0
 endloop
endfacet
facet normal 0.0 0.0 1.0
 outer loop
  vertex 43.10089874267578 3.222219944000244 0.0
  vertex 43.10089874267578 2.4166600704193115 0.0
  vertex 44.697200775146484 2.4166600704193115 0.0
 endloop
endfacet
facet normal 0.0 0.0 1.0
 outer loop
  vertex 46.027729896972595 4.560027610750382 0.0
  vertex 46.56015950097644 4.823251400758974 0.0
  vertex 46.29349899291992 5.638889789581299 0.0
 endloop
endfacet
facet normal 0.0 -0.0 1.0
 outer loop
  vertex 35.91740036010742 6.444439888000488 0.0
  vertex 35.91740036010742 6.783796637184096 0.0
  vertex 35.119225300848484 6.773271081310274 0.0
 endloop
endfacet
facet normal 0.0 0.0 1.0
 outer loop
  vertex 35.119225300848484 6.773271081310274 0.0
  vertex 35.11920166015625 5.638889789581299 0.0
  vertex 35.91740036010742 6.444439888000488 0.0
 endloop
endfacet
facet normal 0.0 0.0 1.0
 outer loop
  vertex 36.71549987792969 6.887057598422628 0.0
  vertex 35.91740036010742 6.783796637184096 0.0
  vertex 35.91740036010742 6.444439888000488 0.0
 endloop
endfacet
facet normal 0.0 0.0 0.9999999999999999
 outer loop
  vertex 80.37514038085936 4.833330154418945 0.0
  vertex 81.41280364990234 4.833330154418945 0.0
  vertex 81.41280364990234 5.638889789581299 0.0
 endloop
endfacet
facet normal 0.0 -0.0 1.0
 outer loop
  vertex 80.37514038085936 4.833330154418945 0.0
  vertex 81.41280364990234 5.638889789581299 0.0
  vertex 80.05585937500001 5.638889789581299 0.0
 endloop
endfacet
facet normal 0.0 0.0 1.0
 outer loop
  vertex 40.70640182495117 7.748610404228435 0.0
  vertex 39.908199310302734 7.25 0.0
  vertex 40.70640182495117 6.444439888000488 0.0
 endloop
endfacet
facet normal 0.0 0.0 1.0
 outer loop
  vertex 47.889801025390625 5.638889789581299 0.0
  vertex 48.6879997253418 6.444439888000488 0.0
  vertex 47.889801025390625 7.25 0.0
 endloop
endfacet
facet normal 0.0 -0.0 1.0
 outer loop
  vertex 1.5963300466537476 8.055560111999512 0.0
  vertex 1.6960982605814934 8.464395962141143 0.0
  vertex 0.9977065175771713 8.421826638327113 0.0
 endloop
endfacet
facet normal 0.0 0.0 1.0
 outer loop
  vertex 0.9977065175771713 8.421826638327113 0.0
  vertex 0.3990829885005951 8.303215570480571 0.0
  vertex 0.0 8.055560111999512 0.0
 endloop
endfacet
facet normal 0.0 0.0 1.0
 outer loop
  vertex 0.9977065175771713 8.421826638327113 0.0
  vertex 0.0 8.055560111999512 0.0
  vertex 0.0 7.25 0.0
 endloop
endfacet
facet normal 0.0 0.0 1.0
 outer loop
  vertex 4.0032954281196 8.494319675282144 0.0
  vertex 3.192660093307495 7.25 0.0
  vertex 4.788990020751953 7.25 0.0
 endloop
endfacet
facet normal 0.0 0.0 1.0
 outer loop
  vertex 8.7797897355631 8.553058215788766 0.0
  vertex 7.981649875640869 7.25 0.0
  vertex 9.577980041503906 7.25 0.0
 endloop
endfacet
facet normal 0.0 0.0 0.9999999999999999
 outer loop
  vertex 10.376099586486816 8.619444847106934 0.0
  vertex 9.577980041503906 7.25 0.0
  vertex 11.174300193786621 7.25 0.0
 endloop
endfacet
facet normal 0.0 0.0 1.0
 outer loop
  vertex 25.541200637817383 6.444439888000488 0.0
  vertex 23.944900512695313 5.638889789581299 0.0
  vertex 25.541200637817383 5.638889789581299 0.0
 endloop
endfacet
facet normal 0.0 0.0 1.0
 outer loop
  vertex 28.73390007019043 6.444439888000488 0.0
  vertex 27.13759994506836 5.638889789581299 0.0
  vertex 28.73390007019043 5.638889789581299 0.0
 endloop
endfacet
facet normal 0.0 0.0 1.0
 outer loop
  vertex 48.6879997253418 7.25 0.0
  vertex 48.6879997253418 6.444439888000488 0.0
  vertex 49.752272532880305 6.417596775863785 0.0
 endloop
endfacet
facet normal 0.0 0.0 1.0
 outer loop
  vertex 43.366889923915735 8.35092643815442 0.0
  vertex 42.83479498332017 8.082409258277039 0.0
  vertex 43.10089874267578 7.25 0.0
 endloop
endfacet
facet normal 0.0 0.0 1.0
 outer loop
  vertex 43.89899826049805 8.619444847106934 0.0
  vertex 43.366889923915735 8.35092643815442 0.0
  vertex 44.697200775146484 8.055560111999512 0.0
 endloop
endfacet
facet normal 0.0 0.0 1.0
 outer loop
  vertex 52.412808765866785 7.760187841413425 0.0
  vertex 52.944904978026166 8.028706419943774 0.0
  vertex 52.67879867553711 8.861109733581543 0.0
 endloop
endfacet
facet normal 0.0 0.0 1.0
 outer loop
  vertex 51.88069915771484 7.4916680335998524 0.0
  vertex 51.08250045776367 8.861109733581543 0.0
  vertex 51.08250045776367 7.25 0.0
 endloop
endfacet
facet normal 0.0 -0.0 1.0
 outer loop
  vertex 87.0 7.25 0.0
  vertex 87.0 8.055560111999512 0.0
  vertex 85.88140150539525 8.055560111999512 0.0
 endloop
endfacet
facet normal 0.0 0.0 1.0
 outer loop
  vertex 87.0 7.25 0.0
  vertex 85.88140150539525 8.055560111999512 0.0
  vertex 85.64306106567383 7.25 0.0
 endloop
endfacet
facet normal -0.0 0.0 1.0
 outer loop
  vertex 85.64306106567383 7.25 0.0
  vertex 87.0 6.444439888000488 0.0
  vertex 87.0 7.25 0.0
 endloop
endfacet
facet normal 0.0 0.0 0.9999999999999999
 outer loop
  vertex 16.76140022277832 8.055560111999512 0.0
  vertex 17.559600830078125 8.861109733581543 0.0
  vertex 16.76140022277832 9.267238566914749 0.0
 endloop
endfacet
facet normal 0.0 0.0 1.0
 outer loop
  vertex 15.963199615478516 9.247162486414197 0.0
  vertex 15.963199615478516 8.055560111999512 0.0
  vertex 16.76140022277832 8.055560111999512 0.0
 endloop
endfacet
facet normal 0.0 0.0 0.9999999999999999
 outer loop
  vertex 16.76140022277832 9.267238566914749 0.0
  vertex 15.963199615478516 9.247162486414197 0.0
  vertex 16.76140022277832 8.055560111999512 0.0
 endloop
endfacet
facet normal 0.0 0.0 1.0
 outer loop
  vertex 18.91643943786621 8.055560111999512 0.0
  vertex 19.155899047851563 8.297224998474121 0.0
  vertex 19.155899047851563 8.861109733581543 0.0
 endloop
endfacet
facet normal 0.0 0.0 1.0
 outer loop
  vertex 18.35770034790039 7.25 0.0
  vertex 19.155899047851563 7.8138920783996575 0.0
  vertex 18.91643943786621 8.055560111999512 0.0
 endloop
endfacet
facet normal 0.0 -0.0 1.0
 outer loop
  vertex 18.91643943786621 8.055560111999512 0.0
  vertex 19.155899047851563 8.861109733581543 0.0
  vertex 17.559600830078125 8.861109733581543 0.0
 endloop
endfacet
facet normal 0.0 0.0 0.9999999999999999
 outer loop
  vertex 27.935699462890625 8.055560111999512 0.0
  vertex 26.339399337768555 8.055560111999512 0.0
  vertex 26.339399337768555 7.25 0.0
 endloop
endfacet
facet normal 0.0 0.0 1.0
 outer loop
  vertex 28.73390007019043 10.230541229248047 0.0
  vertex 28.075409841537475 10.030748501797628 0.0
  vertex 27.935699462890625 9.666669845581055 0.0
 endloop
endfacet
facet normal 0.0 0.0 1.0
 outer loop
  vertex 34.32099914550781 9.666669845581055 0.0
  vertex 34.32099914550781 8.297224998474121 0.0
  vertex 35.11920166015625 8.454460504829608 0.0
 endloop
endfacet
facet normal 0.0 0.0 1.0
 outer loop
  vertex 36.71549987792969 9.666669845581055 0.0
  vertex 35.91740036010742 8.562851941316199 0.0
  vertex 36.71549987792969 8.518803140532745 0.0
 endloop
endfacet
facet normal 0.0 0.0 1.0
 outer loop
  vertex 37.51369857788086 9.666669845581055 0.0
  vertex 36.71549987792969 9.666669845581055 0.0
  vertex 36.71549987792969 8.518803140532745 0.0
 endloop
endfacet
facet normal 0.0 0.0 1.0
 outer loop
  vertex 39.122822254877434 9.935176140588489 0.0
  vertex 38.84986470608572 10.472200393676758 0.0
  vertex 38.3119010925293 9.666669845581055 0.0
 endloop
endfacet
facet normal 0.0 0.0 1.0
 outer loop
  vertex 39.39577980366914 9.39815188750022 0.0
  vertex 39.122822254877434 9.935176140588489 0.0
  vertex 38.3119010925293 9.666669845581055 0.0
 endloop
endfacet
facet normal 0.0 0.0 1.0
 outer loop
  vertex 39.39577980366914 9.39815188750022 0.0
  vertex 38.3119010925293 9.666669845581055 0.0
  vertex 38.3119010925293 8.861109733581543 0.0
 endloop
endfacet
facet normal 0.0 0.0 1.0
 outer loop
  vertex 39.39577980366914 9.39815188750022 0.0
  vertex 38.3119010925293 8.861109733581543 0.0
  vertex 39.66873970031738 8.861109733581543 0.0
 endloop
endfacet
facet normal 0.0 0.0 1.0
 outer loop
  vertex 44.962982924742846 9.156345165256713 0.0
  vertex 44.43099059262045 8.887895006181823 0.0
  vertex 44.697200775146484 8.055560111999512 0.0
 endloop
endfacet
facet normal 0.0 0.0 1.0
 outer loop
  vertex 45.494960081904 9.42478152766267 0.0
  vertex 44.962982924742846 9.156345165256713 0.0
  vertex 46.29349899291992 8.861109733581543 0.0
 endloop
endfacet
facet normal 0.0 0.0 1.0
 outer loop
  vertex 48.6879997253418 8.055560111999512 0.0
  vertex 49.48619842529297 8.861109733581543 0.0
  vertex 48.6879997253418 9.666669845581055 0.0
 endloop
endfacet
facet normal 0.0 0.0 1.0
 outer loop
  vertex 21.271029567718507 9.469159107736171 0.0
  vertex 21.768709170525355 9.756468705169855 0.0
  vertex 21.550399780273438 10.472200393676758 0.0
 endloop
endfacet
facet normal -0.0 0.0 1.0
 outer loop
  vertex 29.265988324946523 10.475551374139373 0.0
  vertex 30.3302001953125 10.472200393676758 0.0
  vertex 29.79809426012951 10.72056182584085 0.0
 endloop
endfacet
facet normal 0.0 0.0 1.0
 outer loop
  vertex 85.88140150539525 8.861109733581543 0.0
  vertex 85.88140150539525 8.055560111999512 0.0
  vertex 87.0 8.055560111999512 0.0
 endloop
endfacet
facet normal -0.0 0.0 1.0
 outer loop
  vertex 85.88140150539525 8.861109733581543 0.0
  vertex 87.0 8.055560111999512 0.0
  vertex 87.0 8.861109733581543 0.0
 endloop
endfacet
facet normal 0.0 -0.0 1.0
 outer loop
  vertex 87.0 8.861109733581543 0.0
  vertex 87.0 9.666669845581055 0.0
  vertex 85.88140150540201 9.666669845581055 0.0
 endloop
endfacet
facet normal 0.0 0.0 1.0
 outer loop
  vertex 85.88140150539525 8.861109733581543 0.0
  vertex 87.0 8.861109733581543 0.0
  vertex 85.88140150540201 9.666669845581055 0.0
 endloop
endfacet
facet normal 0.0 0.0 1.0
 outer loop
  vertex 20.752199172973633 9.271648369891288 0.0
  vertex 19.954099655151367 10.472200393676758 0.0
  vertex 20.220097509585322 8.946835346823327 0.0
 endloop
endfacet
facet normal 0.0 -0.0 1.0
 outer loop
  vertex 34.32099914550781 9.666669845581055 0.0
  vertex 34.32099914550781 10.472200393676758 0.0
  vertex 32.724700927734375 10.472200393676758 0.0
 endloop
endfacet
facet normal 0.0 0.0 1.0
 outer loop
  vertex 37.51369857788086 9.666669845581055 0.0
  vertex 38.3119010925293 9.666669845581055 0.0
  vertex 38.84986470608572 10.472200393676758 0.0
 endloop
endfacet
facet normal 0.0 0.0 1.0
 outer loop
  vertex 48.151038190734084 10.764089128593623 0.0
  vertex 47.62136984915122 10.497315178920836 0.0
  vertex 47.889801025390625 9.666669845581055 0.0
 endloop
endfacet
facet normal 0.0 0.0 0.9999999999999999
 outer loop
  vertex 48.151038190734084 10.764089128593623 0.0
  vertex 47.889801025390625 9.666669845581055 0.0
  vertex 48.6879997253418 9.666669845581055 0.0
 endloop
endfacet
facet normal 0.0 0.0 1.0
 outer loop
  vertex 48.680354368709914 11.0293891964562 0.0
  vertex 48.151038190734084 10.764089128593623 0.0
  vertex 48.6879997253418 9.666669845581055 0.0
 endloop
endfacet
facet normal 0.0 0.0 1.0
 outer loop
  vertex 51.880699157714844 11.277700424194336 0.0
  vertex 50.2843017578125 10.472200393676758 0.0
  vertex 51.880699157714844 9.666669845581055 0.0
 endloop
endfacet
facet normal 0.0 0.0 1.0
 outer loop
  vertex 56.95807759523353 9.659738555550575 0.0
  vertex 57.48873141169509 9.944825023412704 0.0
  vertex 57.46780014038086 10.472200393676758 0.0
 endloop
endfacet
facet normal 0.0 0.0 1.0
 outer loop
  vertex 13.697029174565976 11.654317137859891 0.0
  vertex 12.770600318908691 12.08329963684082 0.0
  vertex 11.972399711608887 11.277700424194336 0.0
 endloop
endfacet
facet normal 0.0 0.0 0.9999999999999999
 outer loop
  vertex 13.697029174565976 11.654317137859891 0.0
  vertex 11.972399711608887 11.277700424194336 0.0
  vertex 13.56879997253418 10.472200393676758 0.0
 endloop
endfacet
facet normal 0.0 0.0 1.0
 outer loop
  vertex 20.261570482237346 11.521073182485562 0.0
  vertex 19.77367552166011 11.200136456922062 0.0
  vertex 19.954099655151367 10.472200393676758 0.0
 endloop
endfacet
facet normal 0.0 0.0 1.0
 outer loop
  vertex 32.724700927734375 10.472200393676758 0.0
  vertex 31.92650032043457 11.825083874959876 0.0
  vertex 31.128400802612305 11.277700424194336 0.0
 endloop
endfacet
facet normal 0.0 0.0 1.0
 outer loop
  vertex 58.922001361846924 10.99829980134964 0.0
  vertex 59.318587112426755 11.383442044258118 0.0
  vertex 59.06420135498047 12.08329963684082 0.0
 endloop
endfacet
facet normal 0.0 0.0 1.0
 outer loop
  vertex 79.81639862060547 10.472200393676758 0.0
  vertex 81.41280364990234 10.472200393676758 0.0
  vertex 80.6146011352539 11.277700424194336 0.0
 endloop
endfacet
facet normal 0.0 0.0 1.0
 outer loop
  vertex 87.0 11.277700424194336 0.0
  vertex 85.88140150539897 11.277700424194336 0.0
  vertex 85.8814015054233 10.472200393676758 0.0
 endloop
endfacet
facet normal 0.0 -0.0 1.0
 outer loop
  vertex 87.0 10.472200393676758 0.0
  vertex 87.0 11.277700424194336 0.0
  vertex 85.8814015054233 10.472200393676758 0.0
 endloop
endfacet
facet normal 0.0 -0.0 1.0
 outer loop
  vertex 87.0 9.666669845581055 0.0
  vertex 87.0 10.472200393676758 0.0
  vertex 85.8814015054233 10.472200393676758 0.0
 endloop
endfacet
facet normal 0.0 0.0 1.0
 outer loop
  vertex 87.0 9.666669845581055 0.0
  vertex 85.8814015054233 10.472200393676758 0.0
  vertex 85.88140150540201 9.666669845581055 0.0
 endloop
endfacet
facet normal 0.0 0.0 1.0
 outer loop
  vertex 54.27519989013672 12.08329963684082 0.0
  vertex 52.67879867553711 11.277700424194336 0.0
  vertex 54.27519989013672 10.472200393676758 0.0
 endloop
endfacet
facet normal 0.0 0.0 1.0
 outer loop
  vertex 52.06770879030228 12.44995948577522 0.0
  vertex 51.456618905067444 12.252769313347315 0.0
  vertex 51.880699157714844 11.277700424194336 0.0
 endloop
endfacet
facet normal 0.0 0.0 1.0
 outer loop
  vertex 52.06770879030228 12.44995948577522 0.0
  vertex 51.880699157714844 11.277700424194336 0.0
  vertex 52.67879867553711 11.277700424194336 0.0
 endloop
endfacet
facet normal -0.0 0.0 1.0
 outer loop
  vertex 52.06770879030228 12.44995948577522 0.0
  vertex 52.67879867553711 11.277700424194336 0.0
  vertex 52.67879867553711 12.647149658203125 0.0
 endloop
endfacet
facet normal 0.0 0.0 1.0
 outer loop
  vertex 22.619458735790758 13.13412252396354 0.0
  vertex 22.115400497228286 12.813630531393127 0.0
  vertex 22.348600387573242 12.08329963684082 0.0
 endloop
endfacet
facet normal 0.0 0.0 1.0
 outer loop
  vertex 39.0574991538536 12.618630155463617 0.0
  vertex 39.340749777718564 13.15472432989273 0.0
  vertex 39.11000061035156 13.6943998336792 0.0
 endloop
endfacet
facet normal 0.0 0.0 0.9999999999999999
 outer loop
  vertex 87.0 12.888799667358398 0.0
  vertex 85.88140150539863 12.888799667358398 0.0
  vertex 85.88140150539897 12.08329963684082 0.0
 endloop
endfacet
facet normal 0.0 -0.0 1.0
 outer loop
  vertex 87.0 12.08329963684082 0.0
  vertex 87.0 12.888799667358398 0.0
  vertex 85.88140150539897 12.08329963684082 0.0
 endloop
endfacet
facet normal 0.0 0.0 1.0
 outer loop
  vertex 85.88140150539897 12.08329963684082 0.0
  vertex 85.88140150539897 11.277700424194336 0.0
  vertex 87.0 11.277700424194336 0.0
 endloop
endfacet
facet normal -0.0 0.0 1.0
 outer loop
  vertex 85.88140150539897 12.08329963684082 0.0
  vertex 87.0 11.277700424194336 0.0
  vertex 87.0 12.08329963684082 0.0
 endloop
endfacet
facet normal 0.0 0.0 0.9999999999999999
 outer loop
  vertex 8.53537423312664 13.160215281999204 0.0
  vertex 8.86051320178267 12.651921588167077 0.0
  vertex 9.577980041503906 12.888799667358398 0.0
 endloop
endfacet
facet normal -0.0 0.0 1.0
 outer loop
  vertex 8.53537423312664 13.160215281999204 0.0
  vertex 9.577980041503906 12.888799667358398 0.0
  vertex 9.577980041503906 14.5 0.0
 endloop
endfacet
facet normal 0.0 0.0 1.0
 outer loop
  vertex 11.561269856428256 14.515696515024754 0.0
  vertex 11.172388808738212 14.965694498125572 0.0
  vertex 10.376099586486816 14.5 0.0
 endloop
endfacet
facet normal 0.0 0.0 1.0
 outer loop
  vertex 25.00910209024716 12.147027859581929 0.0
  vertex 25.541200637817383 12.460857530227933 0.0
  vertex 25.541200637817383 12.888799667358398 0.0
 endloop
endfacet
facet normal 0.0 0.0 1.0
 outer loop
  vertex 25.541200637817383 12.888799667358398 0.0
  vertex 24.743099212646484 13.6943998336792 0.0
  vertex 25.00910209024716 12.147027859581929 0.0
 endloop
endfacet
facet normal 0.0 0.0 1.0
 outer loop
  vertex 57.46780014038086 13.6943998336792 0.0
  vertex 55.871498107910156 12.888799667358398 0.0
  vertex 57.46780014038086 12.08329963684082 0.0
 endloop
endfacet
facet normal -0.0 0.0 1.0
 outer loop
  vertex 25.541200637817383 12.888799667358398 0.0
  vertex 26.06999897956848 12.722035852441959 0.0
  vertex 26.339399337768555 13.6943998336792 0.0
 endloop
endfacet
facet normal 0.0 0.0 0.9999999999999999
 outer loop
  vertex 26.339399337768555 13.6943998336792 0.0
  vertex 24.743099212646484 13.6943998336792 0.0
  vertex 25.541200637817383 12.888799667358398 0.0
 endloop
endfacet
facet normal 0.0 0.0 1.0
 outer loop
  vertex 27.935699462890625 15.305500030517578 0.0
  vertex 27.935699462890625 13.93663632118714 0.0
  vertex 28.73390007019043 14.258319950103758 0.0
 endloop
endfacet
facet normal 0.0 0.0 1.0
 outer loop
  vertex 38.3119010925293 15.305500030517578 0.0
  vertex 37.894475816721894 16.110786934512475 0.0
  vertex 37.56617255545443 15.708012123721462 0.0
 endloop
endfacet
facet normal -0.0 0.0 0.9999999999999999
 outer loop
  vertex 37.23811790280614 15.305500030517578 0.0
  vertex 37.51369857788086 14.5 0.0
  vertex 38.3119010925293 15.305500030517578 0.0
 endloop
endfacet
facet normal 0.0 0.0 1.0
 outer loop
  vertex 37.23811790280614 15.305500030517578 0.0
  vertex 38.3119010925293 15.305500030517578 0.0
  vertex 37.56617255545443 15.708012123721462 0.0
 endloop
endfacet
facet normal -0.0 0.0 1.0
 outer loop
  vertex 39.11000061035156 13.6943998336792 0.0
  vertex 39.62304316937798 13.691713836661181 0.0
  vertex 39.90533656103739 14.228703343429633 0.0
 endloop
endfacet
facet normal 0.0 0.0 0.9999999999999999
 outer loop
  vertex 61.17930369377136 13.654119825363157 0.0
  vertex 61.57838635444641 14.056919908523557 0.0
  vertex 61.45869827270508 14.5 0.0
 endloop
endfacet
facet normal 0.0 0.0 1.0
 outer loop
  vertex 60.78022103309631 13.251319742202758 0.0
  vertex 61.17930369377136 13.654119825363157 0.0
  vertex 61.45869827270508 14.5 0.0
 endloop
endfacet
facet normal 0.0 0.0 1.0
 outer loop
  vertex 72.63300323486328 15.305500030517578 0.0
  vertex 71.6851541042328 14.892702960968018 0.0
  vertex 72.07426147460937 14.5 0.0
 endloop
endfacet
facet normal 0.0 0.0 1.0
 outer loop
  vertex 72.63300323486328 15.305500030517578 0.0
  vertex 72.07426147460937 14.5 0.0
  vertex 72.40600037574768 13.968807390332222 0.0
 endloop
endfacet
facet normal 0.0 0.0 0.9999999999999999
 outer loop
  vertex 85.88140150539863 12.888799667358398 0.0
  vertex 87.0 12.888799667358398 0.0
  vertex 87.0 13.6943998336792 0.0
 endloop
endfacet
facet normal -0.0 0.0 1.0
 outer loop
  vertex 85.88140150536314 13.6943998336792 0.0
  vertex 85.88140150539863 12.888799667358398 0.0
  vertex 87.0 13.6943998336792 0.0
 endloop
endfacet
facet normal 0.0 -0.0 0.9999999999999999
 outer loop
  vertex 87.0 13.6943998336792 0.0
  vertex 87.0 14.5 0.0
  vertex 85.88140150539863 14.5 0.0
 endloop
endfacet
facet normal 0.0 0.0 1.0
 outer loop
  vertex 85.88140150536314 13.6943998336792 0.0
  vertex 87.0 13.6943998336792 0.0
  vertex 85.88140150539863 14.5 0.0
 endloop
endfacet
facet normal 0.0 0.0 1.0
 outer loop
  vertex 30.70251996605948 13.587012702133507 0.0
  vertex 31.92650032043457 13.6943998336792 0.0
  vertex 31.92650032043457 14.5 0.0
 endloop
endfacet
facet normal 0.0 0.0 1.0
 outer loop
  vertex 34.32099914550781 15.305500030517578 0.0
  vertex 34.29159747188204 15.753724907699423 0.0
  vertex 33.86795059094414 16.09981403330202 0.0
 endloop
endfacet
facet normal 0.0 0.0 0.9999999999999999
 outer loop
  vertex 33.86795059094414 16.09981403330202 0.0
  vertex 33.42461413640465 16.448206523772697 0.0
  vertex 32.724700927734375 16.111099243164063 0.0
 endloop
endfacet
facet normal 0.0 0.0 1.0
 outer loop
  vertex 53.47700119018555 14.5 0.0
  vertex 54.27519989013672 15.305500030517578 0.0
  vertex 53.47700119018555 16.111099243164063 0.0
 endloop
endfacet
facet normal 0.0 0.0 1.0
 outer loop
  vertex 55.871498107910156 14.5 0.0
  vertex 56.669700622558594 15.063850021362306 0.0
  vertex 56.13757135019405 15.332372763979947 0.0
 endloop
endfacet
facet normal 0.0 -0.0 1.0
 outer loop
  vertex 55.871498107910156 14.5 0.0
  vertex 56.13757135019405 15.332372763979947 0.0
  vertex 55.6054420778295 15.600895506597588 0.0
 endloop
endfacet
facet normal -0.0 0.0 1.0
 outer loop
  vertex 57.88965340663775 16.028820097680047 0.0
  vertex 58.26599884033203 15.305500030517578 0.0
  vertex 58.31360791337695 16.451150242680065 0.0
 endloop
endfacet
facet normal 0.0 0.0 0.9999999999999999
 outer loop
  vertex 24.982529640197754 16.111099243164063 0.0
  vertex 25.281904280363317 15.305500030517578 0.0
  vertex 26.339399337768555 15.305500030517578 0.0
 endloop
endfacet
facet normal -0.0 0.0 1.0
 outer loop
  vertex 24.982529640197754 16.111099243164063 0.0
  vertex 26.339399337768555 15.305500030517578 0.0
  vertex 26.339399337768555 16.91659927368164 0.0
 endloop
endfacet
facet normal 0.0 0.0 1.0
 outer loop
  vertex 58.73756242011615 16.87348038768008 0.0
  vertex 59.862300872802734 16.91659927368164 0.0
  vertex 59.16361816733767 17.297065024089086 0.0
 endloop
endfacet
facet normal 0.0 0.0 1.0
 outer loop
  vertex 63.58127228021622 15.881993949413301 0.0
  vertex 64.11253919601441 16.252044391632083 0.0
  vertex 63.85309982299805 16.91659927368164 0.0
 endloop
endfacet
facet normal 0.0 0.0 1.0
 outer loop
  vertex 63.05500030517578 15.547179794311523 0.0
  vertex 62.25680160522461 16.91659927368164 0.0
  vertex 62.25680160522461 15.305500030517578 0.0
 endloop
endfacet
facet normal 0.0 0.0 1.0
 outer loop
  vertex 71.0365982055664 16.111099243164063 0.0
  vertex 70.88698897361755 15.69825258255005 0.0
  vertex 71.28607153892517 15.295477771759034 0.0
 endloop
endfacet
facet normal -0.0 0.0 1.0
 outer loop
  vertex 71.28607153892517 15.295477771759034 0.0
  vertex 71.6851541042328 14.892702960968018 0.0
  vertex 72.63300323486328 15.305500030517578 0.0
 endloop
endfacet
facet normal 0.0 0.0 1.0
 outer loop
  vertex 85.88140150539897 15.305500030517578 0.0
  vertex 85.88140150539863 14.5 0.0
  vertex 87.0 14.5 0.0
 endloop
endfacet
facet normal -0.0 0.0 1.0
 outer loop
  vertex 85.88140150539897 15.305500030517578 0.0
  vertex 87.0 14.5 0.0
  vertex 87.0 15.305500030517578 0.0
 endloop
endfacet
facet normal 0.0 0.0 1.0
 outer loop
  vertex 85.88140150539897 15.305500030517578 0.0
  vertex 87.0 15.305500030517578 0.0
  vertex 87.0 16.111099243164063 0.0
 endloop
endfacet
facet normal 0.0 0.0 1.0
 outer loop
  vertex 85.88140150539897 15.305500030517578 0.0
  vertex 87.0 16.111099243164063 0.0
  vertex 85.88140150539897 16.111099243164063 0.0
 endloop
endfacet
facet normal 0.0 0.0 1.0
 outer loop
  vertex 5.352692124247551 17.20227185873231 0.0
  vertex 5.693353972048499 16.70256373607777 0.0
  vertex 6.38532018661499 16.91659927368164 0.0
 endloop
endfacet
facet normal 0.0 0.0 1.0
 outer loop
  vertex 30.3302001953125 16.111099243164063 0.0
  vertex 29.531999588012695 16.91659927368164 0.0
  vertex 28.73390007019043 16.111099243164063 0.0
 endloop
endfacet
facet normal 0.0 0.0 0.9999999999999999
 outer loop
  vertex 52.32135619551461 17.722200393676758 0.0
  vertex 51.81328827928193 18.072104656696318 0.0
  vertex 51.08250045776367 17.722200393676758 0.0
 endloop
endfacet
facet normal -0.0 0.0 1.0
 outer loop
  vertex 59.59227129556979 17.722200393676758 0.0
  vertex 59.862300872802734 16.91659927368164 0.0
  vertex 60.660499572753906 17.722200393676758 0.0
 endloop
endfacet
facet normal 0.0 0.0 1.0
 outer loop
  vertex 59.59227129556979 17.722200393676758 0.0
  vertex 60.660499572753906 17.722200393676758 0.0
  vertex 59.923653472573164 18.12479966665484 0.0
 endloop
endfacet
facet normal 0.0 0.0 1.0
 outer loop
  vertex 8.401363686686691 18.50855846246866 0.0
  vertex 8.021478859806624 18.944865848369783 0.0
  vertex 7.1834797859191895 18.527700424194336 0.0
 endloop
endfacet
facet normal 0.0 0.0 1.0
 outer loop
  vertex 8.401363686686691 18.50855846246866 0.0
  vertex 7.1834797859191895 18.527700424194336 0.0
  vertex 7.1834797859191895 17.722200393676758 0.0
 endloop
endfacet
facet normal 0.0 0.0 1.0
 outer loop
  vertex 41.50450134277344 16.91659927368164 0.0
  vertex 41.86563312493129 16.98712316169817 0.0
  vertex 42.21827701345005 17.474467491323765 0.0
 endloop
endfacet
facet normal 0.0 0.0 1.0
 outer loop
  vertex 42.21827701345005 17.474467491323765 0.0
  vertex 42.54092920510122 17.999729746144922 0.0
  vertex 42.30270004272461 18.527700424194336 0.0
 endloop
endfacet
facet normal 0.0 0.0 1.0
 outer loop
  vertex 49.48619842529297 17.722200393676758 0.0
  vertex 49.283761079631915 17.012679463997486 0.0
  vertex 49.779451989059105 16.679370927810666 0.0
 endloop
endfacet
facet normal 0.0 -0.0 1.0
 outer loop
  vertex 49.779451989059105 16.679370927810666 0.0
  vertex 51.08250045776367 17.722200393676758 0.0
  vertex 49.48619842529297 17.722200393676758 0.0
 endloop
endfacet
facet normal 0.0 0.0 1.0
 outer loop
  vertex 61.45869827270508 18.527700424194336 0.0
  vertex 60.9183946768688 19.33329963684082 0.0
  vertex 60.58656649490129 18.93017375042394 0.0
 endloop
endfacet
facet normal -0.0 0.0 0.9999999999999999
 outer loop
  vertex 60.25503564957654 18.527398939632924 0.0
  vertex 60.660499572753906 17.722200393676758 0.0
  vertex 61.45869827270508 18.527700424194336 0.0
 endloop
endfacet
facet normal 0.0 0.0 1.0
 outer loop
  vertex 60.25503564957654 18.527398939632924 0.0
  vertex 61.45869827270508 18.527700424194336 0.0
  vertex 60.58656649490129 18.93017375042394 0.0
 endloop
endfacet
facet normal 0.0 0.0 1.0
 outer loop
  vertex 71.0365982055664 16.91659927368164 0.0
  vertex 71.83480072021484 17.722200393676758 0.0
  vertex 71.0365982055664 18.527700424194336 0.0
 endloop
endfacet
facet normal 0.0 0.0 1.0
 outer loop
  vertex 69.34052467346191 17.259001863002776 0.0
  vertex 69.79949111938477 16.795803332328795 0.0
  vertex 71.0365982055664 16.91659927368164 0.0
 endloop
endfacet
facet normal 0.0 0.0 1.0
 outer loop
  vertex 85.88140150539897 16.111099243164063 0.0
  vertex 87.0 16.111099243164063 0.0
  vertex 87.0 16.91659927368164 0.0
 endloop
endfacet
facet normal -0.0 0.0 1.0
 outer loop
  vertex 85.8814015053983 16.91659927368164 0.0
  vertex 85.88140150539897 16.111099243164063 0.0
  vertex 87.0 16.91659927368164 0.0
 endloop
endfacet
facet normal 0.0 0.0 1.0
 outer loop
  vertex 85.8814015053983 16.91659927368164 0.0
  vertex 87.0 16.91659927368164 0.0
  vertex 87.0 17.722200393676758 0.0
 endloop
endfacet
facet normal 0.0 -0.0 1.0
 outer loop
  vertex 85.8814015053983 16.91659927368164 0.0
  vertex 87.0 17.722200393676758 0.0
  vertex 85.88140150539829 17.722200393676758 0.0
 endloop
endfacet
facet normal 0.0 -0.0 1.0
 outer loop
  vertex 30.3302001953125 18.527700424194336 0.0
  vertex 30.37302428762479 18.88493096318305 0.0
  vertex 29.851397003637118 19.22751430195709 0.0
 endloop
endfacet
facet normal 0.0 0.0 1.0
 outer loop
  vertex 28.73390007019043 18.527700424194336 0.0
  vertex 30.3302001953125 18.527700424194336 0.0
  vertex 29.851397003637118 19.22751430195709 0.0
 endloop
endfacet
facet normal 0.0 0.0 1.0
 outer loop
  vertex 29.295504012508825 19.482214439443105 0.0
  vertex 28.73390007019043 18.527700424194336 0.0
  vertex 29.851397003637118 19.22751430195709 0.0
 endloop
endfacet
facet normal 0.0 0.0 1.0
 outer loop
  vertex 31.218891505103215 18.153845541393906 0.0
  vertex 30.3302001953125 18.527700424194336 0.0
  vertex 29.531999588012695 17.722200393676758 0.0
 endloop
endfacet
facet normal 0.0 -0.0 1.0
 outer loop
  vertex 51.08250045776367 17.722200393676758 0.0
  vertex 51.304771978101925 18.419177897274494 0.0
  vertex 50.79476106043087 18.756814396381376 0.0
 endloop
endfacet
facet normal 0.0 0.0 1.0
 outer loop
  vertex 50.79476106043087 18.756814396381376 0.0
  vertex 49.48619842529297 17.722200393676758 0.0
  vertex 51.08250045776367 17.722200393676758 0.0
 endloop
endfacet
facet normal 0.0 -0.0 1.0
 outer loop
  vertex 64.65129852294922 17.722200393676758 0.0
  vertex 64.65129852294922 18.527700424194336 0.0
  vertex 63.05500030517578 18.527700424194336 0.0
 endloop
endfacet
facet normal -0.0 0.0 1.0
 outer loop
  vertex 16.878827583407144 18.98049111898988 0.0
  vertex 17.559600830078125 18.76938018798828 0.0
  vertex 17.559600830078125 20.1387996673584 0.0
 endloop
endfacet
facet normal 0.0 0.0 0.9999999999999999
 outer loop
  vertex 40.413720520306384 19.87034674441894 0.0
  vertex 40.14766006469727 19.33329963684082 0.0
  vertex 41.50450134277344 19.33329963684082 0.0
 endloop
endfacet
facet normal 0.0 0.0 1.0
 outer loop
  vertex 63.05500030517578 18.527700424194336 0.0
  vertex 62.25680160522461 19.33329963684082 0.0
  vertex 61.45869827270508 18.527700424194336 0.0
 endloop
endfacet
facet normal 0.0 0.0 1.0
 outer loop
  vertex 64.65129852294922 18.527700424194336 0.0
  vertex 64.65129852294922 17.722200393676758 0.0
  vertex 65.68892974853516 17.722200393676758 0.0
 endloop
endfacet
facet normal 0.0 0.0 1.0
 outer loop
  vertex 67.84400177001953 19.33329963684082 0.0
  vertex 67.84400177001953 18.286050415039064 0.0
  vertex 68.64209747314453 17.96385040283203 0.0
 endloop
endfacet
facet normal 0.0 -0.0 1.0
 outer loop
  vertex 68.64209747314453 17.96385040283203 0.0
  vertex 69.44029998779297 19.33329963684082 0.0
  vertex 67.84400177001953 19.33329963684082 0.0
 endloop
endfacet
facet normal 0.0 0.0 1.0
 outer loop
  vertex 73.43109893798828 18.527700424194336 0.0
  vertex 71.83480072021484 17.722200393676758 0.0
  vertex 73.43109893798828 17.722200393676758 0.0
 endloop
endfacet
facet normal 0.0 -0.0 1.0
 outer loop
  vertex 74.22930145263672 19.33329963684082 0.0
  vertex 74.26196085279113 19.793072889615274 0.0
  vertex 73.87361342287157 20.20879607188496 0.0
 endloop
endfacet
facet normal 0.0 0.0 1.0
 outer loop
  vertex 73.87361342287157 20.20879607188496 0.0
  vertex 73.48957255218178 20.610443341747803 0.0
  vertex 72.63300323486328 20.1387996673584 0.0
 endloop
endfacet
facet normal 0.0 0.0 0.9999999999999999
 outer loop
  vertex 75.04043496882397 18.946585429283534 0.0
  vertex 74.65103553823792 19.37176949102895 0.0
  vertex 74.22930145263672 19.33329963684082 0.0
 endloop
endfacet
facet normal 0.0 0.0 1.0
 outer loop
  vertex 75.02749633789063 17.722200393676758 0.0
  vertex 75.42983439941001 18.521401367538118 0.0
  vertex 75.04043496882397 18.946585429283534 0.0
 endloop
endfacet
facet normal 0.0 0.0 0.9999999999999999
 outer loop
  vertex 75.04043496882397 18.946585429283534 0.0
  vertex 74.22930145263672 19.33329963684082 0.0
  vertex 73.43109893798828 18.527700424194336 0.0
 endloop
endfacet
facet normal 0.0 0.0 0.9999999999999999
 outer loop
  vertex 73.43109893798828 18.527700424194336 0.0
  vertex 73.43109893798828 17.722200393676758 0.0
  vertex 75.02749633789063 17.722200393676758 0.0
 endloop
endfacet
facet normal 0.0 0.0 1.0
 outer loop
  vertex 75.04043496882397 18.946585429283534 0.0
  vertex 73.43109893798828 18.527700424194336 0.0
  vertex 75.02749633789063 17.722200393676758 0.0
 endloop
endfacet
facet normal 0.0 0.0 1.0
 outer loop
  vertex 85.88140150539897 18.527700424194336 0.0
  vertex 85.88140150539829 17.722200393676758 0.0
  vertex 87.0 17.722200393676758 0.0
 endloop
endfacet
facet normal -0.0 0.0 1.0
 outer loop
  vertex 85.88140150539897 18.527700424194336 0.0
  vertex 87.0 17.722200393676758 0.0
  vertex 87.0 18.527700424194336 0.0
 endloop
endfacet
facet normal 0.0 0.0 1.0
 outer loop
  vertex 85.88140150539897 18.527700424194336 0.0
  vertex 87.0 18.527700424194336 0.0
  vertex 87.0 19.33329963684082 0.0
 endloop
endfacet
facet normal 0.0 0.0 1.0
 outer loop
  vertex 85.88140150539897 18.527700424194336 0.0
  vertex 87.0 19.33329963684082 0.0
  vertex 85.88140150539897 19.33329963684082 0.0
 endloop
endfacet
facet normal 0.0 0.0 1.0
 outer loop
  vertex 3.536322677104545 19.39509309409384 0.0
  vertex 3.9135078242787134 18.967199424876384 0.0
  vertex 4.788990020751953 19.33329963684082 0.0
 endloop
endfacet
facet normal -0.0 0.0 1.0
 outer loop
  vertex 13.713913897724979 19.92651880359892 0.0
  vertex 14.366900444030762 19.81547845967934 0.0
  vertex 14.366900444030762 20.944400787353516 0.0
 endloop
endfacet
facet normal 0.0 0.0 1.0
 outer loop
  vertex 27.449329137802124 20.093821333165067 0.0
  vertex 26.908083152770995 20.280497822750714 0.0
  vertex 27.13759994506836 19.33329963684082 0.0
 endloop
endfacet
facet normal 0.0 0.0 0.9999999999999999
 outer loop
  vertex 27.449329137802124 20.093821333165067 0.0
  vertex 27.13759994506836 19.33329963684082 0.0
  vertex 27.935699462890625 19.897149658203126 0.0
 endloop
endfacet
facet normal 0.0 0.0 1.0
 outer loop
  vertex 26.22464189529419 20.491609137052848 0.0
  vertex 25.541200637817383 20.70272045135498 0.0
  vertex 24.743099212646484 20.1387996673584 0.0
 endloop
endfacet
facet normal 0.0 0.0 1.0
 outer loop
  vertex 43.530929904007245 19.33329963684082 0.0
  vertex 43.89899826049805 19.658021520706804 0.0
  vertex 43.89899826049805 20.1387996673584 0.0
 endloop
endfacet
facet normal 0.0 0.0 0.9999999999999999
 outer loop
  vertex 43.196184518348836 18.930500030517578 0.0
  vertex 43.530929904007245 19.33329963684082 0.0
  vertex 43.89899826049805 20.1387996673584 0.0
 endloop
endfacet
facet normal 0.0 0.0 1.0
 outer loop
  vertex 47.49078105492588 21.02495285561308 0.0
  vertex 47.09176108446114 21.347185259871182 0.0
  vertex 46.29349899291992 20.944400787353516 0.0
 endloop
endfacet
facet normal 0.0 0.0 1.0
 outer loop
  vertex 47.49078105492588 21.02495285561308 0.0
  vertex 46.29349899291992 20.944400787353516 0.0
  vertex 46.29349899291992 20.1387996673584 0.0
 endloop
endfacet
facet normal 0.0 0.0 1.0
 outer loop
  vertex 47.51545233456009 18.41587737996597 0.0
  vertex 48.6879997253418 18.527700424194336 0.0
  vertex 48.6879997253418 19.33329963684082 0.0
 endloop
endfacet
facet normal 0.0 0.0 1.0
 outer loop
  vertex 61.21923866271972 20.1387996673584 0.0
  vertex 60.9183946768688 19.33329963684082 0.0
  vertex 62.25680160522461 19.33329963684082 0.0
 endloop
endfacet
facet normal -0.0 0.0 1.0
 outer loop
  vertex 9.717635285854339 20.702484361154827 0.0
  vertex 10.44596773982048 20.656094597295272 0.0
  vertex 10.376099586486816 21.75 0.0
 endloop
endfacet
facet normal 0.0 0.0 1.0
 outer loop
  vertex 15.16510009765625 19.574949645996092 0.0
  vertex 14.366900444030762 20.944400787353516 0.0
  vertex 14.366900444030762 19.81547845967934 0.0
 endloop
endfacet
facet normal 0.0 0.0 1.0
 outer loop
  vertex 25.049446217509526 20.900652930268656 0.0
  vertex 24.505067073637104 21.0860860214438 0.0
  vertex 24.743099212646484 20.1387996673584 0.0
 endloop
endfacet
facet normal 0.0 0.0 1.0
 outer loop
  vertex 25.049446217509526 20.900652930268656 0.0
  vertex 24.743099212646484 20.1387996673584 0.0
  vertex 25.541200637817383 20.70272045135498 0.0
 endloop
endfacet
facet normal 0.0 0.0 1.0
 outer loop
  vertex 45.49530029296875 19.60978972088818 0.0
  vertex 46.29349899291992 20.1387996673584 0.0
  vertex 46.29349899291992 20.944400787353516 0.0
 endloop
endfacet
facet normal 0.0 0.0 1.0
 outer loop
  vertex 66.24759674072266 20.944400787353516 0.0
  vertex 66.24759674072266 20.1387996673584 0.0
  vertex 67.84400177001953 20.1387996673584 0.0
 endloop
endfacet
facet normal 0.0 0.0 1.0
 outer loop
  vertex 85.88140150539897 19.33329963684082 0.0
  vertex 87.0 19.33329963684082 0.0
  vertex 87.0 20.1387996673584 0.0
 endloop
endfacet
facet normal -0.0 0.0 1.0
 outer loop
  vertex 85.8814015053983 20.1387996673584 0.0
  vertex 85.88140150539897 19.33329963684082 0.0
  vertex 87.0 20.1387996673584 0.0
 endloop
endfacet
facet normal 0.0 0.0 1.0
 outer loop
  vertex 85.8814015053983 20.1387996673584 0.0
  vertex 87.0 20.1387996673584 0.0
  vertex 87.0 20.944400787353516 0.0
 endloop
endfacet
facet normal 0.0 -0.0 1.0
 outer loop
  vertex 85.8814015053983 20.1387996673584 0.0
  vertex 87.0 20.944400787353516 0.0
  vertex 85.88140150536314 20.944400787353516 0.0
 endloop
endfacet
facet normal 0.0 0.0 1.0
 outer loop
  vertex 6.38532018661499 22.555500030517578 0.0
  vertex 6.385320186614989 21.18608055114746 0.0
  vertex 7.1834797859191895 21.415019182510225 0.0
 endloop
endfacet
facet normal 0.0 0.0 1.0
 outer loop
  vertex 17.559600830078125 20.944400787353516 0.0
  vertex 17.559600830078125 20.1387996673584 0.0
  vertex 19.155899047851563 20.1387996673584 0.0
 endloop
endfacet
facet normal 0.0 0.0 1.0
 outer loop
  vertex 17.559600830078125 22.555500030517578 0.0
  vertex 15.963199615478516 21.75 0.0
  vertex 17.559600830078125 20.944400787353516 0.0
 endloop
endfacet
facet normal 0.0 0.0 0.9999999999999999
 outer loop
  vertex 40.70640182495117 21.18608055114746 0.0
  vertex 40.94583168029785 20.944400787353516 0.0
  vertex 42.30270004272461 20.944400787353516 0.0
 endloop
endfacet
facet normal -0.0 0.0 1.0
 outer loop
  vertex 57.56819272743449 21.52950685801332 0.0
  vertex 58.31619704120748 21.462371681906752 0.0
  vertex 58.26599884033203 22.555500030517578 0.0
 endloop
endfacet
facet normal -0.0 0.0 1.0
 outer loop
  vertex 59.06420135498047 21.395236505800185 0.0
  vertex 59.86235046386719 21.29065852847382 0.0
  vertex 59.862300872802734 22.555500030517578 0.0
 endloop
endfacet
facet normal 0.0 0.0 0.9999999999999999
 outer loop
  vertex 65.44950103759766 20.944400787353516 0.0
  vertex 63.85309982299805 20.944400787353516 0.0
  vertex 64.65129852294922 20.1387996673584 0.0
 endloop
endfacet
facet normal 0.0 0.0 1.0
 outer loop
  vertex 3.192660093307495 22.555500030517578 0.0
  vertex 2.3944900035858154 21.75 0.0
  vertex 3.192660093307495 20.944400787353516 0.0
 endloop
endfacet
facet normal 0.0 0.0 1.0
 outer loop
  vertex 15.16510009765625 21.75 0.0
  vertex 13.56879997253418 21.75 0.0
  vertex 14.366900444030762 20.944400787353516 0.0
 endloop
endfacet
facet normal -0.0 0.0 1.0
 outer loop
  vertex 24.74306915712077 22.29333634165704 0.0
  vertex 25.541235066601075 22.282657276696632 0.0
  vertex 25.541200637817383 23.361099243164063 0.0
 endloop
endfacet
facet normal -0.0 0.0 1.0
 outer loop
  vertex 27.93572269941069 22.254753873514037 0.0
  vertex 28.73388213459475 22.247050919852228 0.0
  vertex 28.73390007019043 23.361099243164063 0.0
 endloop
endfacet
facet normal -0.0 0.0 1.0
 outer loop
  vertex 31.128367129625985 22.218290320419086 0.0
  vertex 31.92653406393947 22.204401962499148 0.0
  vertex 31.92650032043457 23.361099243164063 0.0
 endloop
endfacet
facet normal -0.0 0.0 1.0
 outer loop
  vertex 34.32103477240162 22.163404157724607 0.0
  vertex 35.11920166015625 22.149849252323396 0.0
  vertex 35.11920166015625 23.361099243164063 0.0
 endloop
endfacet
facet normal 0.0 0.0 1.0
 outer loop
  vertex 37.51369857788086 23.361099243164063 0.0
  vertex 36.71553293662146 22.071549875481566 0.0
  vertex 37.51369857788086 22.032407502558392 0.0
 endloop
endfacet
facet normal -0.0 0.0 1.0
 outer loop
  vertex 52.75669353343546 22.35880162149848 0.0
  vertex 53.515946711786086 22.295490150158145 0.0
  vertex 53.47700119018555 23.361099243164063 0.0
 endloop
endfacet
facet normal -0.0 0.0 0.9999999999999999
 outer loop
  vertex 54.27519989013672 22.232178678817814 0.0
  vertex 55.073299407958984 22.12431936204343 0.0
  vertex 55.073299407958984 23.361099243164063 0.0
 endloop
endfacet
facet normal 0.0 0.0 1.0
 outer loop
  vertex 71.30887692570685 23.076370595209298 0.0
  vertex 70.2385025024414 22.555500030517578 0.0
  vertex 71.5953399658203 22.555500030517578 0.0
 endloop
endfacet
facet normal 0.0 -0.0 1.0
 outer loop
  vertex 87.0 21.75 0.0
  vertex 87.0 22.555500030517578 0.0
  vertex 85.88140150539897 22.555500030517578 0.0
 endloop
endfacet
facet normal 0.0 0.0 1.0
 outer loop
  vertex 87.0 21.75 0.0
  vertex 85.88140150539897 22.555500030517578 0.0
  vertex 85.88140150539897 21.75 0.0
 endloop
endfacet
facet normal 0.0 -0.0 1.0
 outer loop
  vertex 87.0 20.944400787353516 0.0
  vertex 87.0 21.75 0.0
  vertex 85.88140150539897 21.75 0.0
 endloop
endfacet
facet normal 0.0 0.0 0.9999999999999999
 outer loop
  vertex 87.0 20.944400787353516 0.0
  vertex 85.88140150539897 21.75 0.0
  vertex 85.88140150536314 20.944400787353516 0.0
 endloop
endfacet
facet normal 0.0 0.0 1.0
 outer loop
  vertex 0.7981659770011902 22.555500030517578 0.0
  vertex 0.7981659770011902 21.991650009155272 0.0
  vertex 1.2504060273000506 21.642603891585686 0.0
 endloop
endfacet
facet normal 0.0 0.0 1.0
 outer loop
  vertex 9.577980041503906 23.361099243164063 0.0
  vertex 9.577980041503906 22.555500030517578 0.0
  vertex 11.174300193786621 22.555500030517578 0.0
 endloop
endfacet
facet normal 0.0 0.0 1.0
 outer loop
  vertex 11.174300193786621 24.16659927368164 0.0
  vertex 9.577980041503906 23.361099243164063 0.0
  vertex 11.174300193786621 22.555500030517578 0.0
 endloop
endfacet
facet normal 0.0 0.0 1.0
 outer loop
  vertex 17.559600830078125 23.361099243164063 0.0
  vertex 17.559600830078125 22.555500030517578 0.0
  vertex 19.155899047851563 22.555500030517578 0.0
 endloop
endfacet
facet normal 0.0 0.0 1.0
 outer loop
  vertex 19.155899047851563 24.16659927368164 0.0
  vertex 17.559600830078125 23.361099243164063 0.0
  vertex 19.155899047851563 22.555500030517578 0.0
 endloop
endfacet
facet normal -0.0 0.0 0.9999999999999999
 outer loop
  vertex 48.83592939152845 23.148198742153653 0.0
  vertex 49.560139416528386 23.032595236715736 0.0
  vertex 49.48619842529297 24.16659927368164 0.0
 endloop
endfacet
facet normal 0.0 0.0 1.0
 outer loop
  vertex 55.073299407958984 23.361099243164063 0.0
  vertex 55.073299407958984 22.12431936204343 0.0
  vertex 55.871498107910156 21.991650009155272 0.0
 endloop
endfacet
facet normal -0.0 0.0 1.0
 outer loop
  vertex 1.5963300466537476 24.16659927368164 0.0
  vertex 3.192660093307495 23.361099243164063 0.0
  vertex 3.192660093307495 24.972200393676758 0.0
 endloop
endfacet
facet normal 0.0 0.0 1.0
 outer loop
  vertex 3.192660093307495 23.361099243164063 0.0
  vertex 3.192660093307495 22.555500030517578 0.0
  vertex 4.788990020751953 22.555500030517578 0.0
 endloop
endfacet
facet normal 0.0 0.0 1.0
 outer loop
  vertex 45.49530029296875 23.602749252319335 0.0
  vertex 46.29349899291992 23.602749252319335 0.0
  vertex 46.29349899291992 24.972200393676758 0.0
 endloop
endfacet
facet normal 0.0 -0.0 1.0
 outer loop
  vertex 69.44029998779297 24.16659927368164 0.0
  vertex 69.44029998779297 24.730520057678223 0.0
  vertex 69.00454432316474 25.05459911569606 0.0
 endloop
endfacet
facet normal 0.0 0.0 1.0
 outer loop
  vertex 69.00454432316474 25.05459911569606 0.0
  vertex 68.5687886585365 25.378678173713897 0.0
  vertex 67.84400177001953 24.972200393676758 0.0
 endloop
endfacet
facet normal 0.0 0.0 1.0
 outer loop
  vertex 87.0 24.16659927368164 0.0
  vertex 85.8814015053983 24.16659927368164 0.0
  vertex 85.88140150539897 23.361099243164063 0.0
 endloop
endfacet
facet normal 0.0 -0.0 1.0
 outer loop
  vertex 87.0 23.361099243164063 0.0
  vertex 87.0 24.16659927368164 0.0
  vertex 85.88140150539897 23.361099243164063 0.0
 endloop
endfacet
facet normal 0.0 0.0 1.0
 outer loop
  vertex 85.88140150539897 23.361099243164063 0.0
  vertex 85.88140150539897 22.555500030517578 0.0
  vertex 87.0 22.555500030517578 0.0
 endloop
endfacet
facet normal -0.0 0.0 1.0
 outer loop
  vertex 85.88140150539897 23.361099243164063 0.0
  vertex 87.0 22.555500030517578 0.0
  vertex 87.0 23.361099243164063 0.0
 endloop
endfacet
facet normal 0.0 0.0 0.9999999999999999
 outer loop
  vertex 5.5871500968933105 24.16659927368164 0.0
  vertex 5.5871500968933105 23.361099243164063 0.0
  vertex 7.1834797859191895 23.361099243164063 0.0
 endloop
endfacet
facet normal 0.0 0.0 0.9999999999999999
 outer loop
  vertex 7.1834797859191895 24.972200393676758 0.0
  vertex 5.5871500968933105 24.16659927368164 0.0
  vertex 7.1834797859191895 23.361099243164063 0.0
 endloop
endfacet
facet normal 0.0 0.0 1.0
 outer loop
  vertex 37.51369857788086 24.972200393676758 0.0
  vertex 36.71549987792969 24.16659927368164 0.0
  vertex 37.51369857788086 23.361099243164063 0.0
 endloop
endfacet
facet normal 0.0 0.0 1.0
 outer loop
  vertex 41.50450134277344 24.16659927368164 0.0
  vertex 39.908199310302734 23.361099243164063 0.0
  vertex 41.50450134277344 23.361099243164063 0.0
 endloop
endfacet
facet normal 0.0 0.0 0.9999999999999999
 outer loop
  vertex 41.50450134277344 24.16659927368164 0.0
  vertex 41.50450134277344 23.361099243164063 0.0
  vertex 43.10089874267578 23.361099243164063 0.0
 endloop
endfacet
facet normal 0.0 0.0 1.0
 outer loop
  vertex 47.09170150756836 23.602749252319335 0.0
  vertex 47.889801025390625 24.16659927368164 0.0
  vertex 47.889801025390625 24.972200393676758 0.0
 endloop
endfacet
facet normal 0.0 -0.0 1.0
 outer loop
  vertex 47.09170150756836 23.602749252319335 0.0
  vertex 47.889801025390625 24.972200393676758 0.0
  vertex 46.29349899291992 24.972200393676758 0.0
 endloop
endfacet
facet normal 0.0 0.0 1.0
 outer loop
  vertex 47.09170150756836 23.602749252319335 0.0
  vertex 46.29349899291992 24.972200393676758 0.0
  vertex 46.29349899291992 23.602749252319335 0.0
 endloop
endfacet
facet normal 0.0 0.0 0.9999999999999999
 outer loop
  vertex 59.06420135498047 24.16659927368164 0.0
  vertex 57.46780014038086 24.16659927368164 0.0
  vertex 58.26599884033203 23.361099243164063 0.0
 endloop
endfacet
facet normal 0.0 0.0 1.0
 outer loop
  vertex 0.0 25.777700424194336 0.0
  vertex 0.0 24.972200393676758 0.0
  vertex 1.5963300466537476 24.972200393676758 0.0
 endloop
endfacet
facet normal -0.0 0.0 1.0
 outer loop
  vertex 0.0 25.777700424194336 0.0
  vertex 1.5963300466537476 24.972200393676758 0.0
  vertex 1.5963300466537476 26.58329963684082 0.0
 endloop
endfacet
facet normal 0.0 0.0 1.0
 outer loop
  vertex 7.1834797859191895 24.972200393676758 0.0
  vertex 8.779809951782227 24.972200393676758 0.0
  vertex 8.779809951782227 25.777700424194336 0.0
 endloop
endfacet
facet normal 0.0 0.0 1.0
 outer loop
  vertex 11.972399711608887 24.972200393676758 0.0
  vertex 10.376099586486816 24.972200393676758 0.0
  vertex 11.174300193786621 24.16659927368164 0.0
 endloop
endfacet
facet normal 0.0 -0.0 1.0
 outer loop
  vertex 67.0457992553711 25.777700424194336 0.0
  vertex 67.0457992553711 26.324122214966792 0.0
  vertex 66.50313558365758 26.556302735321207 0.0
 endloop
endfacet
facet normal 0.0 0.0 1.0
 outer loop
  vertex 65.91586334911409 26.694186537394778 0.0
  vertex 65.44950103759766 26.58329963684082 0.0
  vertex 65.44950103759766 25.777700424194336 0.0
 endloop
endfacet
facet normal 0.0 0.0 0.9999999999999999
 outer loop
  vertex 65.44950103759766 25.777700424194336 0.0
  vertex 67.0457992553711 25.777700424194336 0.0
  vertex 66.50313558365758 26.556302735321207 0.0
 endloop
endfacet
facet normal 0.0 0.0 1.0
 outer loop
  vertex 65.91586334911409 26.694186537394778 0.0
  vertex 65.44950103759766 25.777700424194336 0.0
  vertex 66.50313558365758 26.556302735321207 0.0
 endloop
endfacet
facet normal 0.0 -0.0 1.0
 outer loop
  vertex 87.0 24.972200393676758 0.0
  vertex 87.0 25.777700424194336 0.0
  vertex 85.88140150539897 25.777700424194336 0.0
 endloop
endfacet
facet normal 0.0 0.0 1.0
 outer loop
  vertex 87.0 24.972200393676758 0.0
  vertex 85.88140150539897 25.777700424194336 0.0
  vertex 85.88140150539829 24.972200393676758 0.0
 endloop
endfacet
facet normal 0.0 0.0 1.0
 outer loop
  vertex 85.8814015053983 24.16659927368164 0.0
  vertex 87.0 24.16659927368164 0.0
  vertex 87.0 24.972200393676758 0.0
 endloop
endfacet
facet normal -0.0 0.0 1.0
 outer loop
  vertex 85.88140150539829 24.972200393676758 0.0
  vertex 85.8814015053983 24.16659927368164 0.0
  vertex 87.0 24.972200393676758 0.0
 endloop
endfacet
facet normal 0.0 0.0 1.0
 outer loop
  vertex 8.779809951782227 25.777700424194336 0.0
  vertex 8.779809951782227 24.972200393676758 0.0
  vertex 10.376099586486816 24.972200393676758 0.0
 endloop
endfacet
facet normal 0.0 0.0 1.0
 outer loop
  vertex 10.376099586486816 26.58329963684082 0.0
  vertex 8.779809951782227 25.777700424194336 0.0
  vertex 10.376099586486816 24.972200393676758 0.0
 endloop
endfacet
facet normal 0.0 0.0 1.0
 outer loop
  vertex 8.779809951782227 27.3887996673584 0.0
  vertex 7.1834797859191895 26.58329963684082 0.0
  vertex 8.779809951782227 25.777700424194336 0.0
 endloop
endfacet
facet normal 0.0 0.0 1.0
 outer loop
  vertex 35.11920166015625 26.58329963684082 0.0
  vertex 35.11920166015625 25.777700424194336 0.0
  vertex 36.71549987792969 25.777700424194336 0.0
 endloop
endfacet
facet normal -0.0 0.0 1.0
 outer loop
  vertex 39.908199310302734 25.777700424194336 0.0
  vertex 40.70640182495117 24.972200393676758 0.0
  vertex 41.50450134277344 25.777700424194336 0.0
 endloop
endfacet
facet normal 0.0 0.0 1.0
 outer loop
  vertex 4.788990020751953 29.0 0.0
  vertex 3.9908199310302734 29.0 0.0
  vertex 3.9908199310302734 28.194400787353516 0.0
 endloop
endfacet
facet normal 0.0 0.0 1.0
 outer loop
  vertex 5.5871500968933105 28.194400787353516 0.0
  vertex 4.788990020751953 29.0 0.0
  vertex 3.9908199310302734 28.194400787353516 0.0
 endloop
endfacet
facet normal 0.0 0.0 1.0
 outer loop
  vertex 5.5871500968933105 28.194400787353516 0.0
  vertex 3.9908199310302734 28.194400787353516 0.0
  vertex 3.9908199310302734 27.3887996673584 0.0
 endloop
endfacet
facet normal 0.0 0.0 1.0
 outer loop
  vertex 8.779809951782227 29.0 0.0
  vertex 7.981649875640869 29.0 0.0
  vertex 7.981649875640869 28.194400787353516 0.0
 endloop
endfacet
facet normal -0.0 0.0 1.0
 outer loop
  vertex 7.981649875640869 28.194400787353516 0.0
  vertex 8.779809951782227 27.3887996673584 0.0
  vertex 9.577980041503906 28.194400787353516 0.0
 endloop
endfacet
facet normal 0.0 0.0 1.0
 outer loop
  vertex 8.779809951782227 29.0 0.0
  vertex 7.981649875640869 28.194400787353516 0.0
  vertex 9.577980041503906 28.194400787353516 0.0
 endloop
endfacet
facet normal 0.0 0.0 1.0
 outer loop
  vertex 10.376099586486816 29.0 0.0
  vertex 9.577980041503906 29.0 0.0
  vertex 9.577980041503906 28.194400787353516 0.0
 endloop
endfacet
facet normal 0.0 0.0 1.0
 outer loop
  vertex 10.376099586486816 29.0 0.0
  vertex 9.577980041503906 28.194400787353516 0.0
  vertex 11.174300193786621 28.194400787353516 0.0
 endloop
endfacet
facet normal 0.0 0.0 1.0
 outer loop
  vertex 15.963199615478516 29.0 0.0
  vertex 15.16510009765625 29.0 0.0
  vertex 15.16510009765625 28.194400787353516 0.0
 endloop
endfacet
facet normal -0.0 0.0 1.0
 outer loop
  vertex 15.16510009765625 28.194400787353516 0.0
  vertex 15.963199615478516 27.3887996673584 0.0
  vertex 16.76140022277832 28.194400787353516 0.0
 endloop
endfacet
facet normal 0.0 0.0 1.0
 outer loop
  vertex 15.963199615478516 29.0 0.0
  vertex 15.16510009765625 28.194400787353516 0.0
  vertex 16.76140022277832 28.194400787353516 0.0
 endloop
endfacet
facet normal 0.0 0.0 1.0
 outer loop
  vertex 18.35770034790039 26.58329963684082 0.0
  vertex 16.76140022277832 26.58329963684082 0.0
  vertex 17.559600830078125 25.777700424194336 0.0
 endloop
endfacet
facet normal 0.0 0.0 1.0
 outer loop
  vertex 17.559600830078125 29.0 0.0
  vertex 16.76140022277832 29.0 0.0
  vertex 16.76140022277832 28.194400787353516 0.0
 endloop
endfacet
facet normal 0.0 0.0 1.0
 outer loop
  vertex 17.559600830078125 29.0 0.0
  vertex 16.76140022277832 28.194400787353516 0.0
  vertex 18.35770034790039 28.194400787353516 0.0
 endloop
endfacet
facet normal 0.0 0.0 1.0
 outer loop
  vertex 19.155899047851563 29.0 0.0
  vertex 18.35770034790039 29.0 0.0
  vertex 18.35770034790039 28.194400787353516 0.0
 endloop
endfacet
facet normal -0.0 0.0 1.0
 outer loop
  vertex 18.35770034790039 28.194400787353516 0.0
  vertex 19.155899047851563 27.3887996673584 0.0
  vertex 19.954099655151367 28.194400787353516 0.0
 endloop
endfacet
facet normal 0.0 0.0 1.0
 outer loop
  vertex 19.155899047851563 29.0 0.0
  vertex 18.35770034790039 28.194400787353516 0.0
  vertex 19.954099655151367 28.194400787353516 0.0
 endloop
endfacet
facet normal 0.0 0.0 1.0
 outer loop
  vertex 20.752199172973633 29.0 0.0
  vertex 19.954099655151367 29.0 0.0
  vertex 19.954099655151367 28.194400787353516 0.0
 endloop
endfacet
facet normal -0.0 0.0 1.0
 outer loop
  vertex 19.954099655151367 28.194400787353516 0.0
  vertex 20.752199172973633 27.3887996673584 0.0
  vertex 21.550399780273438 28.194400787353516 0.0
 endloop
endfacet
facet normal 0.0 0.0 1.0
 outer loop
  vertex 19.954099655151367 28.194400787353516 0.0
  vertex 21.550399780273438 28.194400787353516 0.0
  vertex 20.752199172973633 29.0 0.0
 endloop
endfacet
facet normal -0.0 0.0 1.0
 outer loop
  vertex 21.550399780273438 26.58329963684082 0.0
  vertex 22.348600387573242 25.777700424194336 0.0
  vertex 23.146699905395508 26.58329963684082 0.0
 endloop
endfacet
facet normal 0.0 0.0 1.0
 outer loop
  vertex 22.348600387573242 29.0 0.0
  vertex 21.550399780273438 29.0 0.0
  vertex 21.550399780273438 28.194400787353516 0.0
 endloop
endfacet
facet normal 0.0 0.0 1.0
 outer loop
  vertex 21.550399780273438 28.194400787353516 0.0
  vertex 23.146699905395508 28.194400787353516 0.0
  vertex 22.348600387573242 29.0 0.0
 endloop
endfacet
facet normal 0.0 0.0 1.0
 outer loop
  vertex 23.944900512695313 29.0 0.0
  vertex 23.146699905395508 29.0 0.0
  vertex 23.146699905395508 28.194400787353516 0.0
 endloop
endfacet
facet normal -0.0 0.0 1.0
 outer loop
  vertex 23.146699905395508 28.194400787353516 0.0
  vertex 23.944900512695313 27.3887996673584 0.0
  vertex 24.743099212646484 28.194400787353516 0.0
 endloop
endfacet
facet normal 0.0 0.0 1.0
 outer loop
  vertex 23.944900512695313 29.0 0.0
  vertex 23.146699905395508 28.194400787353516 0.0
  vertex 24.743099212646484 28.194400787353516 0.0
 endloop
endfacet
facet normal 0.0 0.0 0.9999999999999999
 outer loop
  vertex 25.541200637817383 29.0 0.0
  vertex 24.743099212646484 29.0 0.0
  vertex 24.743099212646484 28.194400787353516 0.0
 endloop
endfacet
facet normal -0.0 0.0 1.0
 outer loop
  vertex 24.743099212646484 28.194400787353516 0.0
  vertex 25.541200637817383 27.3887996673584 0.0
  vertex 26.339399337768555 28.194400787353516 0.0
 endloop
endfacet
facet normal 0.0 0.0 1.0
 outer loop
  vertex 25.541200637817383 29.0 0.0
  vertex 24.743099212646484 28.194400787353516 0.0
  vertex 26.339399337768555 28.194400787353516 0.0
 endloop
endfacet
facet normal 0.0 0.0 1.0
 outer loop
  vertex 27.13759994506836 29.0 0.0
  vertex 26.339399337768555 29.0 0.0
  vertex 26.339399337768555 28.194400787353516 0.0
 endloop
endfacet
facet normal 0.0 0.0 1.0
 outer loop
  vertex 27.13759994506836 29.0 0.0
  vertex 26.339399337768555 28.194400787353516 0.0
  vertex 27.935699462890625 28.194400787353516 0.0
 endloop
endfacet
facet normal 0.0 0.0 1.0
 outer loop
  vertex 28.73390007019043 29.0 0.0
  vertex 27.935699462890625 29.0 0.0
  vertex 27.935699462890625 28.194400787353516 0.0
 endloop
endfacet
facet normal -0.0 0.0 1.0
 outer loop
  vertex 27.935699462890625 28.194400787353516 0.0
  vertex 28.73390007019043 27.3887996673584 0.0
  vertex 29.531999588012695 28.194400787353516 0.0
 endloop
endfacet
facet normal 0.0 0.0 1.0
 outer loop
  vertex 28.73390007019043 29.0 0.0
  vertex 27.935699462890625 28.194400787353516 0.0
  vertex 29.531999588012695 28.194400787353516 0.0
 endloop
endfacet
facet normal 0.0 0.0 1.0
 outer loop
  vertex 30.3302001953125 29.0 0.0
  vertex 29.531999588012695 29.0 0.0
  vertex 29.531999588012695 28.194400787353516 0.0
 endloop
endfacet
facet normal -0.0 0.0 0.9999999999999999
 outer loop
  vertex 29.531999588012695 28.194400787353516 0.0
  vertex 30.3302001953125 27.3887996673584 0.0
  vertex 31.128400802612305 28.194400787353516 0.0
 endloop
endfacet
facet normal 0.0 0.0 1.0
 outer loop
  vertex 30.3302001953125 29.0 0.0
  vertex 29.531999588012695 28.194400787353516 0.0
  vertex 31.128400802612305 28.194400787353516 0.0
 endloop
endfacet
facet normal 0.0 0.0 1.0
 outer loop
  vertex 32.724700927734375 26.58329963684082 0.0
  vertex 31.128400802612305 26.58329963684082 0.0
  vertex 31.92650032043457 25.777700424194336 0.0
 endloop
endfacet
facet normal 0.0 0.0 1.0
 outer loop
  vertex 31.92650032043457 29.0 0.0
  vertex 31.128400802612305 29.0 0.0
  vertex 31.128400802612305 28.194400787353516 0.0
 endloop
endfacet
facet normal 0.0 0.0 1.0
 outer loop
  vertex 31.92650032043457 29.0 0.0
  vertex 31.128400802612305 28.194400787353516 0.0
  vertex 32.724700927734375 28.194400787353516 0.0
 endloop
endfacet
facet normal 0.0 0.0 1.0
 outer loop
  vertex 34.32099914550781 26.58329963684082 0.0
  vertex 33.52289962768555 27.3887996673584 0.0
  vertex 32.724700927734375 26.58329963684082 0.0
 endloop
endfacet
facet normal 0.0 0.0 1.0
 outer loop
  vertex 33.52289962768555 29.0 0.0
  vertex 32.724700927734375 29.0 0.0
  vertex 32.724700927734375 28.194400787353516 0.0
 endloop
endfacet
facet normal -0.0 0.0 1.0
 outer loop
  vertex 32.724700927734375 28.194400787353516 0.0
  vertex 33.52289962768555 27.3887996673584 0.0
  vertex 34.32099914550781 28.194400787353516 0.0
 endloop
endfacet
facet normal 0.0 0.0 1.0
 outer loop
  vertex 33.52289962768555 29.0 0.0
  vertex 32.724700927734375 28.194400787353516 0.0
  vertex 34.32099914550781 28.194400787353516 0.0
 endloop
endfacet
facet normal 0.0 0.0 1.0
 outer loop
  vertex 39.908199310302734 29.0 0.0
  vertex 39.11000061035156 29.0 0.0
  vertex 39.11000061035156 28.194400787353516 0.0
 endloop
endfacet
facet normal -0.0 0.0 0.9999999999999999
 outer loop
  vertex 39.11000061035156 28.194400787353516 0.0
  vertex 39.908199310302734 27.3887996673584 0.0
  vertex 40.70640182495117 28.194400787353516 0.0
 endloop
endfacet
facet normal 0.0 0.0 1.0
 outer loop
  vertex 39.11000061035156 28.194400787353516 0.0
  vertex 40.70640182495117 28.194400787353516 0.0
  vertex 39.908199310302734 29.0 0.0
 endloop
endfacet
facet normal 0.0 0.0 1.0
 outer loop
  vertex 41.50450134277344 29.0 0.0
  vertex 40.70640182495117 29.0 0.0
  vertex 40.70640182495117 28.194400787353516 0.0
 endloop
endfacet
facet normal -0.0 0.0 1.0
 outer loop
  vertex 40.70640182495117 28.194400787353516 0.0
  vertex 41.50450134277344 27.3887996673584 0.0
  vertex 42.30270004272461 28.194400787353516 0.0
 endloop
endfacet
facet normal 0.0 0.0 1.0
 outer loop
  vertex 40.70640182495117 28.194400787353516 0.0
  vertex 42.30270004272461 28.194400787353516 0.0
  vertex 41.50450134277344 29.0 0.0
 endloop
endfacet
facet normal 0.0 0.0 1.0
 outer loop
  vertex 43.89899826049805 26.58329963684082 0.0
  vertex 42.30270004272461 26.58329963684082 0.0
  vertex 43.10089874267578 25.777700424194336 0.0
 endloop
endfacet
facet normal 0.0 0.0 1.0
 outer loop
  vertex 43.10089874267578 29.0 0.0
  vertex 42.30270004272461 29.0 0.0
  vertex 42.30270004272461 28.194400787353516 0.0
 endloop
endfacet
facet normal 0.0 0.0 1.0
 outer loop
  vertex 43.10089874267578 29.0 0.0
  vertex 42.30270004272461 28.194400787353516 0.0
  vertex 43.89899826049805 28.194400787353516 0.0
 endloop
endfacet
facet normal 0.0 0.0 1.0
 outer loop
  vertex 49.48619842529297 29.0 0.0
  vertex 48.6879997253418 29.0 0.0
  vertex 48.6879997253418 28.194400787353516 0.0
 endloop
endfacet
facet normal 0.0 0.0 1.0
 outer loop
  vertex 49.48619842529297 29.0 0.0
  vertex 48.6879997253418 28.194400787353516 0.0
  vertex 50.2843017578125 28.194400787353516 0.0
 endloop
endfacet
facet normal 0.0 0.0 1.0
 outer loop
  vertex 51.08250045776367 29.0 0.0
  vertex 50.2843017578125 29.0 0.0
  vertex 50.2843017578125 28.194400787353516 0.0
 endloop
endfacet
facet normal -0.0 0.0 1.0
 outer loop
  vertex 50.2843017578125 28.194400787353516 0.0
  vertex 51.08250045776367 27.3887996673584 0.0
  vertex 51.880699157714844 28.194400787353516 0.0
 endloop
endfacet
facet normal 0.0 0.0 1.0
 outer loop
  vertex 51.08250045776367 29.0 0.0
  vertex 50.2843017578125 28.194400787353516 0.0
  vertex 51.880699157714844 28.194400787353516 0.0
 endloop
endfacet
facet normal 0.0 0.0 1.0
 outer loop
  vertex 87.0 27.3887996673584 0.0
  vertex 85.8814015053983 27.3887996673584 0.0
  vertex 85.88140150539897 26.58329963684082 0.0
 endloop
endfacet
facet normal 0.0 -0.0 1.0
 outer loop
  vertex 87.0 26.58329963684082 0.0
  vertex 87.0 27.3887996673584 0.0
  vertex 85.88140150539897 26.58329963684082 0.0
 endloop
endfacet
facet normal 0.0 -0.0 1.0
 outer loop
  vertex 87.0 25.777700424194336 0.0
  vertex 87.0 26.58329963684082 0.0
  vertex 85.88140150539897 26.58329963684082 0.0
 endloop
endfacet
facet normal 0.0 0.0 1.0
 outer loop
  vertex 87.0 25.777700424194336 0.0
  vertex 85.88140150539897 26.58329963684082 0.0
  vertex 85.88140150539897 25.777700424194336 0.0
 endloop
endfacet
facet normal 0.0 0.0 1.0
 outer loop
  vertex 0.7981659770011902 29.0 0.0
  vertex 0.0 29.0 0.0
  vertex 0.0 28.194400787353516 0.0
 endloop
endfacet
facet normal 0.0 0.0 1.0
 outer loop
  vertex 1.5963300466537476 27.3887996673584 0.0
  vertex 2.3944900035858154 28.194400787353516 0.0
  vertex 1.5963300466537476 29.0 0.0
 endloop
endfacet
facet normal 0.0 0.0 1.0
 outer loop
  vertex 1.5963300466537476 29.0 0.0
  vertex 0.7981659770011902 29.0 0.0
  vertex 0.0 28.194400787353516 0.0
 endloop
endfacet
facet normal 0.0 0.0 1.0
 outer loop
  vertex 0.0 28.194400787353516 0.0
  vertex 0.0 27.3887996673584 0.0
  vertex 1.5963300466537476 27.3887996673584 0.0
 endloop
endfacet
facet normal 0.0 0.0 1.0
 outer loop
  vertex 1.5963300466537476 29.0 0.0
  vertex 0.0 28.194400787353516 0.0
  vertex 1.5963300466537476 27.3887996673584 0.0
 endloop
endfacet
facet normal 0.0 0.0 1.0
 outer loop
  vertex 6.38532018661499 29.0 0.0
  vertex 5.5871500968933105 29.0 0.0
  vertex 5.5871500968933105 28.194400787353516 0.0
 endloop
endfacet
facet normal 0.0 0.0 1.0
 outer loop
  vertex 7.1834797859191895 27.3887996673584 0.0
  vertex 7.981649875640869 28.194400787353516 0.0
  vertex 7.1834797859191895 29.0 0.0
 endloop
endfacet
facet normal 0.0 0.0 1.0
 outer loop
  vertex 7.1834797859191895 29.0 0.0
  vertex 6.38532018661499 29.0 0.0
  vertex 5.5871500968933105 28.194400787353516 0.0
 endloop
endfacet
facet normal 0.0 0.0 1.0
 outer loop
  vertex 7.1834797859191895 29.0 0.0
  vertex 5.5871500968933105 28.194400787353516 0.0
  vertex 7.1834797859191895 27.3887996673584 0.0
 endloop
endfacet
facet normal 0.0 0.0 1.0
 outer loop
  vertex 11.972399711608887 29.0 0.0
  vertex 11.174300193786621 28.194400787353516 0.0
  vertex 11.972399711608887 27.3887996673584 0.0
 endloop
endfacet
facet normal 0.0 0.0 1.0
 outer loop
  vertex 12.770600318908691 29.0 0.0
  vertex 11.972399711608887 29.0 0.0
  vertex 11.972399711608887 27.3887996673584 0.0
 endloop
endfacet
facet normal -0.0 0.0 1.0
 outer loop
  vertex 38.3119010925293 27.3887996673584 0.0
  vertex 39.11000061035156 26.58329963684082 0.0
  vertex 39.908199310302734 27.3887996673584 0.0
 endloop
endfacet
facet normal 0.0 0.0 1.0
 outer loop
  vertex 38.3119010925293 27.3887996673584 0.0
  vertex 39.908199310302734 27.3887996673584 0.0
  vertex 39.11000061035156 28.194400787353516 0.0
 endloop
endfacet
facet normal 0.0 0.0 1.0
 outer loop
  vertex 57.46780014038086 29.0 0.0
  vertex 56.669700622558594 28.194400787353516 0.0
  vertex 57.46780014038086 27.3887996673584 0.0
 endloop
endfacet
facet normal 0.0 0.0 0.9999999999999999
 outer loop
  vertex 58.26599884033203 27.3887996673584 0.0
  vertex 59.06420135498047 28.194400787353516 0.0
  vertex 58.26599884033203 29.0 0.0
 endloop
endfacet
facet normal 0.0 0.0 1.0
 outer loop
  vertex 58.26599884033203 29.0 0.0
  vertex 57.46780014038086 29.0 0.0
  vertex 57.46780014038086 27.3887996673584 0.0
 endloop
endfacet
facet normal 0.0 0.0 1.0
 outer loop
  vertex 58.26599884033203 29.0 0.0
  vertex 57.46780014038086 27.3887996673584 0.0
  vertex 58.26599884033203 27.3887996673584 0.0
 endloop
endfacet
facet normal 0.0 -0.0 1.0
 outer loop
  vertex 61.45869827270508 26.58329963684082 0.0
  vertex 61.45869827270508 27.147149658203123 0.0
  vertex 60.89995918273926 27.3887996673584 0.0
 endloop
endfacet
facet normal 0.0 -0.0 1.0
 outer loop
  vertex 63.05500030517578 27.804034486179464 0.0
  vertex 63.05500030517578 29.0 0.0
  vertex 62.25680160522461 29.0 0.0
 endloop
endfacet
facet normal 0.0 -0.0 1.0
 outer loop
  vertex 62.25684928894043 27.7172572447682 0.0
  vertex 63.05500030517578 27.804034486179464 0.0
  vertex 62.25680160522461 29.0 0.0
 endloop
endfacet
facet normal 0.0 0.0 1.0
 outer loop
  vertex 61.45869827270508 29.0 0.0
  vertex 61.45869827270508 27.63048000335693 0.0
  vertex 62.25684928894043 27.7172572447682 0.0
 endloop
endfacet
facet normal 0.0 0.0 1.0
 outer loop
  vertex 62.25680160522461 29.0 0.0
  vertex 61.45869827270508 29.0 0.0
  vertex 62.25684928894043 27.7172572447682 0.0
 endloop
endfacet
facet normal 0.0 0.0 0.9999999999999999
 outer loop
  vertex 63.05500030517578 29.0 0.0
  vertex 63.05500030517578 27.804034486179464 0.0
  vertex 63.85309982299805 27.87103122472 0.0
 endloop
endfacet
facet normal 0.0 0.0 1.0
 outer loop
  vertex 63.85309982299805 29.0 0.0
  vertex 63.05500030517578 29.0 0.0
  vertex 63.85309982299805 27.87103122472 0.0
 endloop
endfacet
facet normal 0.0 0.0 1.0
 outer loop
  vertex 63.85309982299805 29.0 0.0
  vertex 63.85309982299805 27.87103122472 0.0
  vertex 64.65129852294922 27.871031224729208 0.0
 endloop
endfacet
facet normal -0.0 0.0 1.0
 outer loop
  vertex 63.85309982299805 29.0 0.0
  vertex 64.65129852294922 27.871031224729208 0.0
  vertex 64.65129852294922 29.0 0.0
 endloop
endfacet
facet normal 0.0 0.0 1.0
 outer loop
  vertex 65.44950103759766 27.87103122472 0.0
  vertex 66.24759674072266 27.87103122472 0.0
  vertex 66.24759674072266 29.0 0.0
 endloop
endfacet
facet normal 0.0 0.0 1.0
 outer loop
  vertex 65.44950103759766 27.87103122472 0.0
  vertex 66.24759674072266 29.0 0.0
  vertex 65.44950103759766 29.0 0.0
 endloop
endfacet
facet normal 0.0 0.0 1.0
 outer loop
  vertex 65.44950103759766 29.0 0.0
  vertex 64.65129852294922 29.0 0.0
  vertex 64.65129852294922 27.871031224729208 0.0
 endloop
endfacet
facet normal 0.0 0.0 1.0
 outer loop
  vertex 65.44950103759766 29.0 0.0
  vertex 64.65129852294922 27.871031224729208 0.0
  vertex 65.44950103759766 27.87103122472 0.0
 endloop
endfacet
facet normal 0.0 0.0 1.0
 outer loop
  vertex 66.24759674072266 29.0 0.0
  vertex 66.24759674072266 27.87103122472 0.0
  vertex 67.0457992553711 27.87103122472955 0.0
 endloop
endfacet
facet normal 0.0 0.0 0.9999999999999999
 outer loop
  vertex 67.0457992553711 29.0 0.0
  vertex 66.24759674072266 29.0 0.0
  vertex 67.0457992553711 27.87103122472955 0.0
 endloop
endfacet
facet normal -0.0 0.0 1.0
 outer loop
  vertex 67.0457992553711 27.87103122472955 0.0
  vertex 67.84400177001953 27.87103122472 0.0
  vertex 67.84400177001953 29.0 0.0
 endloop
endfacet
facet normal -0.0 0.0 0.9999999999999999
 outer loop
  vertex 67.0457992553711 29.0 0.0
  vertex 67.0457992553711 27.87103122472955 0.0
  vertex 67.84400177001953 29.0 0.0
 endloop
endfacet
facet normal 0.0 0.0 1.0
 outer loop
  vertex 68.64209747314453 29.0 0.0
  vertex 67.84400177001953 29.0 0.0
  vertex 67.84400177001953 27.87103122472 0.0
 endloop
endfacet
facet normal 0.0 0.0 1.0
 outer loop
  vertex 68.64209747314453 29.0 0.0
  vertex 67.84400177001953 27.87103122472 0.0
  vertex 68.64209747314453 27.87103122472 0.0
 endloop
endfacet
facet normal 0.0 0.0 1.0
 outer loop
  vertex 68.64209747314453 29.0 0.0
  vertex 68.64209747314453 27.87103122472 0.0
  vertex 69.44029998779297 27.87103122472955 0.0
 endloop
endfacet
facet normal -0.0 0.0 0.9999999999999999
 outer loop
  vertex 68.64209747314453 29.0 0.0
  vertex 69.44029998779297 27.87103122472955 0.0
  vertex 69.44029998779297 29.0 0.0
 endloop
endfacet
facet normal 0.0 0.0 1.0
 outer loop
  vertex 70.2385025024414 27.87103122472 0.0
  vertex 71.0365982055664 27.87103122472 0.0
  vertex 71.0365982055664 29.0 0.0
 endloop
endfacet
facet normal 0.0 0.0 1.0
 outer loop
  vertex 70.2385025024414 27.87103122472 0.0
  vertex 71.0365982055664 29.0 0.0
  vertex 70.2385025024414 29.0 0.0
 endloop
endfacet
facet normal 0.0 0.0 0.9999999999999999
 outer loop
  vertex 70.2385025024414 29.0 0.0
  vertex 69.44029998779297 29.0 0.0
  vertex 69.44029998779297 27.87103122472955 0.0
 endloop
endfacet
facet normal 0.0 0.0 1.0
 outer loop
  vertex 70.2385025024414 29.0 0.0
  vertex 69.44029998779297 27.87103122472955 0.0
  vertex 70.2385025024414 27.87103122472 0.0
 endloop
endfacet
facet normal 0.0 0.0 1.0
 outer loop
  vertex 71.0365982055664 29.0 0.0
  vertex 71.0365982055664 27.87103122472 0.0
  vertex 71.83480072021484 27.87103122472955 0.0
 endloop
endfacet
facet normal 0.0 0.0 0.9999999999999999
 outer loop
  vertex 71.83480072021484 29.0 0.0
  vertex 71.0365982055664 29.0 0.0
  vertex 71.83480072021484 27.87103122472955 0.0
 endloop
endfacet
facet normal -0.0 0.0 1.0
 outer loop
  vertex 71.83480072021484 27.87103122472955 0.0
  vertex 72.63300323486328 27.87103122472 0.0
  vertex 72.63300323486328 29.0 0.0
 endloop
endfacet
facet normal -0.0 0.0 0.9999999999999999
 outer loop
  vertex 71.83480072021484 29.0 0.0
  vertex 71.83480072021484 27.87103122472955 0.0
  vertex 72.63300323486328 29.0 0.0
 endloop
endfacet
facet normal 0.0 0.0 1.0
 outer loop
  vertex 73.43109893798828 29.0 0.0
  vertex 72.63300323486328 29.0 0.0
  vertex 72.63300323486328 27.87103122472 0.0
 endloop
endfacet
facet normal 0.0 0.0 1.0
 outer loop
  vertex 73.43109893798828 29.0 0.0
  vertex 72.63300323486328 27.87103122472 0.0
  vertex 73.43109893798828 27.87103122472 0.0
 endloop
endfacet
facet normal 0.0 0.0 1.0
 outer loop
  vertex 73.43109893798828 29.0 0.0
  vertex 73.43109893798828 27.87103122472 0.0
  vertex 74.22930145263672 27.871031224728867 0.0
 endloop
endfacet
facet normal -0.0 0.0 1.0
 outer loop
  vertex 73.43109893798828 29.0 0.0
  vertex 74.22930145263672 27.871031224728867 0.0
  vertex 74.22930145263672 29.0 0.0
 endloop
endfacet
facet normal 0.0 -0.0 1.0
 outer loop
  vertex 75.82559967041016 27.87103122472068 0.0
  vertex 75.82559967041016 29.0 0.0
  vertex 75.02749633789063 29.0 0.0
 endloop
endfacet
facet normal 0.0 0.0 0.9999999999999999
 outer loop
  vertex 75.02749633789063 27.87103122472 0.0
  vertex 75.82559967041016 27.87103122472068 0.0
  vertex 75.02749633789063 29.0 0.0
 endloop
endfacet
facet normal 0.0 0.0 1.0
 outer loop
  vertex 75.02749633789063 29.0 0.0
  vertex 74.22930145263672 29.0 0.0
  vertex 74.22930145263672 27.871031224728867 0.0
 endloop
endfacet
facet normal 0.0 0.0 1.0
 outer loop
  vertex 75.02749633789063 29.0 0.0
  vertex 74.22930145263672 27.871031224728867 0.0
  vertex 75.02749633789063 27.87103122472 0.0
 endloop
endfacet
facet normal -0.0 0.0 1.0
 outer loop
  vertex 76.6238021850586 27.871031224728867 0.0
  vertex 77.4219970703125 27.87103122472 0.0
  vertex 77.4219970703125 29.0 0.0
 endloop
endfacet
facet normal 0.0 0.0 1.0
 outer loop
  vertex 76.6238021850586 27.871031224728867 0.0
  vertex 77.4219970703125 29.0 0.0
  vertex 76.6238021850586 29.0 0.0
 endloop
endfacet
facet normal 0.0 0.0 1.0
 outer loop
  vertex 75.82559967041016 29.0 0.0
  vertex 75.82559967041016 27.87103122472068 0.0
  vertex 76.6238021850586 27.871031224728867 0.0
 endloop
endfacet
facet normal 0.0 0.0 1.0
 outer loop
  vertex 76.6238021850586 29.0 0.0
  vertex 75.82559967041016 29.0 0.0
  vertex 76.6238021850586 27.871031224728867 0.0
 endloop
endfacet
facet normal 0.0 0.0 0.9999999999999999
 outer loop
  vertex 77.4219970703125 29.0 0.0
  vertex 77.4219970703125 27.87103122472 0.0
  vertex 78.22010040283203 27.87103122472068 0.0
 endloop
endfacet
facet normal 0.0 0.0 1.0
 outer loop
  vertex 78.22010040283203 29.0 0.0
  vertex 77.4219970703125 29.0 0.0
  vertex 78.22010040283203 27.87103122472068 0.0
 endloop
endfacet
facet normal -0.0 0.0 1.0
 outer loop
  vertex 78.22010040283203 27.87103122472068 0.0
  vertex 79.01830291748047 27.87103122472 0.0
  vertex 79.01830291748047 29.0 0.0
 endloop
endfacet
facet normal -0.0 0.0 1.0
 outer loop
  vertex 78.22010040283203 29.0 0.0
  vertex 78.22010040283203 27.87103122472068 0.0
  vertex 79.01830291748047 29.0 0.0
 endloop
endfacet
facet normal 0.0 0.0 1.0
 outer loop
  vertex 79.81639862060547 29.0 0.0
  vertex 79.01830291748047 29.0 0.0
  vertex 79.01830291748047 27.87103122472 0.0
 endloop
endfacet
facet normal 0.0 0.0 1.0
 outer loop
  vertex 79.81639862060547 29.0 0.0
  vertex 79.01830291748047 27.87103122472 0.0
  vertex 79.81639862060547 27.87103122472 0.0
 endloop
endfacet
facet normal 0.0 0.0 1.0
 outer loop
  vertex 79.81639862060547 29.0 0.0
  vertex 79.81639862060547 27.87103122472 0.0
  vertex 80.6146011352539 27.87103122472955 0.0
 endloop
endfacet
facet normal -0.0 0.0 0.9999999999999999
 outer loop
  vertex 79.81639862060547 29.0 0.0
  vertex 80.6146011352539 27.87103122472955 0.0
  vertex 80.6146011352539 29.0 0.0
 endloop
endfacet
facet normal 0.0 0.0 1.0
 outer loop
  vertex 81.41280364990234 27.87103122472 0.0
  vertex 82.21089935302734 27.87103122472 0.0
  vertex 82.21089935302734 29.0 0.0
 endloop
endfacet
facet normal 0.0 0.0 1.0
 outer loop
  vertex 81.41280364990234 27.87103122472 0.0
  vertex 82.21089935302734 29.0 0.0
  vertex 81.41280364990234 29.0 0.0
 endloop
endfacet
facet normal 0.0 0.0 0.9999999999999999
 outer loop
  vertex 81.41280364990234 29.0 0.0
  vertex 80.6146011352539 29.0 0.0
  vertex 80.6146011352539 27.87103122472955 0.0
 endloop
endfacet
facet normal 0.0 0.0 1.0
 outer loop
  vertex 81.41280364990234 29.0 0.0
  vertex 80.6146011352539 27.87103122472955 0.0
  vertex 81.41280364990234 27.87103122472 0.0
 endloop
endfacet
facet normal -0.0 0.0 1.0
 outer loop
  vertex 83.00910186767578 27.871031224728867 0.0
  vertex 83.80729675292969 27.87103122472 0.0
  vertex 83.80729675292969 29.0 0.0
 endloop
endfacet
facet normal 0.0 0.0 1.0
 outer loop
  vertex 83.00910186767578 27.871031224728867 0.0
  vertex 83.80729675292969 29.0 0.0
  vertex 83.00910186767578 29.0 0.0
 endloop
endfacet
facet normal 0.0 0.0 1.0
 outer loop
  vertex 82.21089935302734 29.0 0.0
  vertex 82.21089935302734 27.87103122472 0.0
  vertex 83.00910186767578 27.871031224728867 0.0
 endloop
endfacet
facet normal 0.0 0.0 1.0
 outer loop
  vertex 83.00910186767578 29.0 0.0
  vertex 82.21089935302734 29.0 0.0
  vertex 83.00910186767578 27.871031224728867 0.0
 endloop
endfacet
facet normal 0.0 0.0 1.0
 outer loop
  vertex 85.8814015053983 27.3887996673584 0.0
  vertex 87.0 27.3887996673584 0.0
  vertex 87.0 28.194400787353516 0.0
 endloop
endfacet
facet normal 0.0 0.0 1.0
 outer loop
  vertex 86.20179748535156 29.0 0.0
  vertex 85.40360260009766 29.0 0.0
  vertex 85.40360260009766 27.871031224728867 0.0
 endloop
endfacet
facet normal -0.0 0.0 1.0
 outer loop
  vertex 85.40360260009766 27.871031224728867 0.0
  vertex 85.8814015053983 27.3887996673584 0.0
  vertex 87.0 28.194400787353516 0.0
 endloop
endfacet
facet normal 0.0 0.0 1.0
 outer loop
  vertex 86.20179748535156 29.0 0.0
  vertex 85.40360260009766 27.871031224728867 0.0
  vertex 87.0 28.194400787353516 0.0
 endloop
endfacet
facet normal 0.0 0.0 0.9999999999999999
 outer loop
  vertex 83.80729675292969 29.0 0.0
  vertex 83.80729675292969 27.87103122472 0.0
  vertex 84.60540008544922 27.87103122472068 0.0
 endloop
endfacet
facet normal 0.0 0.0 1.0
 outer loop
  vertex 84.60540008544922 29.0 0.0
  vertex 83.80729675292969 29.0 0.0
  vertex 84.60540008544922 27.87103122472068 0.0
 endloop
endfacet
facet normal 0.0 0.0 1.0
 outer loop
  vertex 84.60540008544922 29.0 0.0
  vertex 84.60540008544922 27.87103122472068 0.0
  vertex 85.40360260009766 27.871031224728867 0.0
 endloop
endfacet
facet normal -0.0 0.0 1.0
 outer loop
  vertex 84.60540008544922 29.0 0.0
  vertex 85.40360260009766 27.871031224728867 0.0
  vertex 85.40360260009766 29.0 0.0
 endloop
endfacet
facet normal 0.0 0.0 1.0
 outer loop
  vertex 3.192660093307495 2.4166600704193115 0.0
  vertex 1.5963300466537476 0.8055559992790222 0.0
  vertex 3.192660093307495 0.8055559992790222 0.0
 endloop
endfacet
facet normal 0.0 0.0 1.0
 outer loop
  vertex 6.38532018661499 2.4166600704193115 0.0
  vertex 4.788990020751953 2.4166600704193115 0.0
  vertex 4.788990020751953 0.8055559992790222 0.0
 endloop
endfacet
facet normal 0.0 0.0 1.0
 outer loop
  vertex 6.38532018661499 2.4166600704193115 0.0
  vertex 4.788990020751953 0.8055559992790222 0.0
  vertex 6.38532018661499 0.8055559992790222 0.0
 endloop
endfacet
facet normal 0.0 0.0 1.0
 outer loop
  vertex 9.577980041503906 2.4166600704193115 0.0
  vertex 7.981649875640869 2.4166600704193115 0.0
  vertex 7.981649875640869 0.8055559992790222 0.0
 endloop
endfacet
facet normal 0.0 0.0 1.0
 outer loop
  vertex 9.577980041503906 2.4166600704193115 0.0
  vertex 7.981649875640869 0.8055559992790222 0.0
  vertex 9.577980041503906 0.8055559992790222 0.0
 endloop
endfacet
facet normal 0.0 0.0 1.0
 outer loop
  vertex 12.770600318908691 2.4166600704193115 0.0
  vertex 11.174300193786621 2.4166600704193115 0.0
  vertex 11.174300193786621 0.8055559992790222 0.0
 endloop
endfacet
facet normal 0.0 0.0 1.0
 outer loop
  vertex 12.770600318908691 2.4166600704193115 0.0
  vertex 11.174300193786621 0.8055559992790222 0.0
  vertex 12.770600318908691 0.8055559992790222 0.0
 endloop
endfacet
facet normal 0.0 0.0 1.0
 outer loop
  vertex 15.963199615478516 2.4166600704193115 0.0
  vertex 14.366900444030762 2.4166600704193115 0.0
  vertex 14.366900444030762 0.8055559992790222 0.0
 endloop
endfacet
facet normal 0.0 0.0 1.0
 outer loop
  vertex 15.963199615478516 2.4166600704193115 0.0
  vertex 14.366900444030762 0.8055559992790222 0.0
  vertex 15.963199615478516 0.8055559992790222 0.0
 endloop
endfacet
facet normal 0.0 0.0 1.0
 outer loop
  vertex 19.155899047851563 2.4166600704193115 0.0
  vertex 17.559600830078125 2.4166600704193115 0.0
  vertex 17.559600830078125 0.8055559992790222 0.0
 endloop
endfacet
facet normal 0.0 0.0 1.0
 outer loop
  vertex 19.155899047851563 2.4166600704193115 0.0
  vertex 17.559600830078125 0.8055559992790222 0.0
  vertex 19.155899047851563 0.8055559992790222 0.0
 endloop
endfacet
facet normal 0.0 0.0 1.0
 outer loop
  vertex 22.348600387573242 2.4166600704193115 0.0
  vertex 20.752199172973633 2.4166600704193115 0.0
  vertex 20.752199172973633 0.8055559992790222 0.0
 endloop
endfacet
facet normal 0.0 0.0 1.0
 outer loop
  vertex 22.348600387573242 2.4166600704193115 0.0
  vertex 20.752199172973633 0.8055559992790222 0.0
  vertex 22.348600387573242 0.8055559992790222 0.0
 endloop
endfacet
facet normal 0.0 0.0 1.0
 outer loop
  vertex 25.541200637817383 2.4166600704193115 0.0
  vertex 23.944900512695313 2.4166600704193115 0.0
  vertex 23.944900512695313 0.8055559992790222 0.0
 endloop
endfacet
facet normal 0.0 0.0 1.0
 outer loop
  vertex 25.541200637817383 2.4166600704193115 0.0
  vertex 23.944900512695313 0.8055559992790222 0.0
  vertex 25.541200637817383 0.8055559992790222 0.0
 endloop
endfacet
facet normal 0.0 0.0 1.0
 outer loop
  vertex 28.73390007019043 2.4166600704193115 0.0
  vertex 27.13759994506836 2.4166600704193115 0.0
  vertex 27.13759994506836 0.8055559992790222 0.0
 endloop
endfacet
facet normal 0.0 0.0 1.0
 outer loop
  vertex 28.73390007019043 2.4166600704193115 0.0
  vertex 27.13759994506836 0.8055559992790222 0.0
  vertex 28.73390007019043 0.8055559992790222 0.0
 endloop
endfacet
facet normal 0.0 0.0 1.0
 outer loop
  vertex 31.92650032043457 2.4166600704193115 0.0
  vertex 30.3302001953125 2.4166600704193115 0.0
  vertex 30.3302001953125 0.8055559992790222 0.0
 endloop
endfacet
facet normal 0.0 0.0 1.0
 outer loop
  vertex 31.92650032043457 2.4166600704193115 0.0
  vertex 30.3302001953125 0.8055559992790222 0.0
  vertex 31.92650032043457 0.8055559992790222 0.0
 endloop
endfacet
facet normal 0.0 0.0 1.0
 outer loop
  vertex 35.11920166015625 2.4166600704193115 0.0
  vertex 33.52289962768555 2.4166600704193115 0.0
  vertex 33.52289962768555 0.8055559992790222 0.0
 endloop
endfacet
facet normal 0.0 0.0 1.0
 outer loop
  vertex 35.11920166015625 2.4166600704193115 0.0
  vertex 33.52289962768555 0.8055559992790222 0.0
  vertex 35.11920166015625 0.8055559992790222 0.0
 endloop
endfacet
facet normal 0.0 0.0 1.0
 outer loop
  vertex 38.3119010925293 2.4166600704193115 0.0
  vertex 36.71549987792969 2.4166600704193115 0.0
  vertex 36.71549987792969 0.8055559992790222 0.0
 endloop
endfacet
facet normal 0.0 0.0 1.0
 outer loop
  vertex 38.3119010925293 2.4166600704193115 0.0
  vertex 36.71549987792969 0.8055559992790222 0.0
  vertex 38.3119010925293 0.8055559992790222 0.0
 endloop
endfacet
facet normal 0.0 0.0 1.0
 outer loop
  vertex 41.50450134277344 2.4166600704193115 0.0
  vertex 39.908199310302734 2.4166600704193115 0.0
  vertex 39.908199310302734 0.8055559992790222 0.0
 endloop
endfacet
facet normal 0.0 0.0 1.0
 outer loop
  vertex 41.50450134277344 2.4166600704193115 0.0
  vertex 39.908199310302734 0.8055559992790222 0.0
  vertex 41.50450134277344 0.8055559992790222 0.0
 endloop
endfacet
facet normal 0.0 0.0 1.0
 outer loop
  vertex 44.697200775146484 2.4166600704193115 0.0
  vertex 43.10089874267578 2.4166600704193115 0.0
  vertex 43.10089874267578 0.8055559992790222 0.0
 endloop
endfacet
facet normal 0.0 0.0 1.0
 outer loop
  vertex 44.697200775146484 2.4166600704193115 0.0
  vertex 43.10089874267578 0.8055559992790222 0.0
  vertex 44.697200775146484 0.8055559992790222 0.0
 endloop
endfacet
facet normal 0.0 0.0 1.0
 outer loop
  vertex 45.94352598050609 3.1630419899127453 0.0
  vertex 45.49530029296875 2.9805519819259647 0.0
  vertex 46.29349899291992 2.4166600704193115 0.0
 endloop
endfacet
facet normal -0.0 0.0 1.0
 outer loop
  vertex 45.94352598050609 3.1630419899127453 0.0
  vertex 46.29349899291992 2.4166600704193115 0.0
  vertex 46.49194375351071 3.3076533797197043 0.0
 endloop
endfacet
facet normal 0.0 0.0 1.0
 outer loop
  vertex 47.889801025390625 2.4166600704193115 0.0
  vertex 46.29349899291992 2.4166600704193115 0.0
  vertex 46.29349899291992 0.8055559992790222 0.0
 endloop
endfacet
facet normal 0.0 0.0 1.0
 outer loop
  vertex 47.889801025390625 2.4166600704193115 0.0
  vertex 46.29349899291992 0.8055559992790222 0.0
  vertex 47.889801025390625 0.8055559992790222 0.0
 endloop
endfacet
facet normal 0.0 0.0 1.0
 outer loop
  vertex 47.95441444236785 3.4097250760300084 0.0
  vertex 47.20585077442228 3.37066642655991 0.0
  vertex 47.889801025390625 2.4166600704193115 0.0
 endloop
endfacet
facet normal 0.0 0.0 1.0
 outer loop
  vertex 48.7240271882154 3.4330304637900553 0.0
  vertex 47.95441444236785 3.4097250760300084 0.0
  vertex 47.889801025390625 2.4166600704193115 0.0
 endloop
endfacet
facet normal 0.0 0.0 1.0
 outer loop
  vertex 51.08250045776367 2.4166600704193115 0.0
  vertex 50.29427457491401 3.4552295833913376 0.0
  vertex 49.48619842529297 3.222219944000244 0.0
 endloop
endfacet
facet normal 0.0 0.0 1.0
 outer loop
  vertex 49.48619842529297 3.222219944000244 0.0
  vertex 48.7240271882154 3.4330304637900553 0.0
  vertex 47.889801025390625 2.4166600704193115 0.0
 endloop
endfacet
facet normal 0.0 -0.0 1.0
 outer loop
  vertex 50.2843017578125 1.611109972000122 0.0
  vertex 51.08250045776367 2.4166600704193115 0.0
  vertex 49.48619842529297 3.222219944000244 0.0
 endloop
endfacet
facet normal 0.0 0.0 1.0
 outer loop
  vertex 51.08748686631442 3.4595587804957173 0.0
  vertex 50.29427457491401 3.4552295833913376 0.0
  vertex 51.08250045776367 2.4166600704193115 0.0
 endloop
endfacet
facet normal -0.0 0.0 1.0
 outer loop
  vertex 51.08748686631442 3.4595587804957173 0.0
  vertex 51.08250045776367 2.4166600704193115 0.0
  vertex 51.883142770925765 3.4617233790479074 0.0
 endloop
endfacet
facet normal 0.0 0.0 1.0
 outer loop
  vertex 51.08250045776367 2.4166600704193115 0.0
  vertex 50.2843017578125 1.611109972000122 0.0
  vertex 51.08250045776367 0.8055559992790222 0.0
 endloop
endfacet
facet normal 0.0 0.0 1.0
 outer loop
  vertex 52.67879867553711 2.4166600704193115 0.0
  vertex 51.08250045776367 2.4166600704193115 0.0
  vertex 51.08250045776367 0.8055559992790222 0.0
 endloop
endfacet
facet normal 0.0 0.0 1.0
 outer loop
  vertex 52.67879867553711 2.4166600704193115 0.0
  vertex 51.08250045776367 0.8055559992790222 0.0
  vertex 52.67879867553711 0.8055559992790222 0.0
 endloop
endfacet
facet normal 0.0 0.0 1.0
 outer loop
  vertex 52.67879867553711 2.4166600704193115 0.0
  vertex 53.477635935346186 3.46334682796205 0.0
  vertex 52.68007198055565 3.4628056783240027 0.0
 endloop
endfacet
facet normal -0.0 0.0 1.0
 outer loop
  vertex 51.883142770925765 3.4617233790479074 0.0
  vertex 52.67879867553711 2.4166600704193115 0.0
  vertex 52.68007198055565 3.4628056783240027 0.0
 endloop
endfacet
facet normal 0.0 0.0 1.0
 outer loop
  vertex 55.871498107910156 2.4166600704193115 0.0
  vertex 55.073482889781374 3.4637526901905855 0.0
  vertex 54.27519989013672 3.222219944000244 0.0
 endloop
endfacet
facet normal 0.0 0.0 1.0
 outer loop
  vertex 54.27519989013672 3.222219944000244 0.0
  vertex 53.477635935346186 3.46334682796205 0.0
  vertex 52.67879867553711 2.4166600704193115 0.0
 endloop
endfacet
facet normal 0.0 -0.0 0.9999999999999999
 outer loop
  vertex 55.073299407958984 1.611109972000122 0.0
  vertex 55.871498107910156 2.4166600704193115 0.0
  vertex 54.27519989013672 3.222219944000244 0.0
 endloop
endfacet
facet normal 0.0 0.0 1.0
 outer loop
  vertex 55.87159175616998 3.4638203338953417 0.0
  vertex 55.073482889781374 3.4637526901905855 0.0
  vertex 55.871498107910156 2.4166600704193115 0.0
 endloop
endfacet
facet normal -0.0 0.0 0.9999999999999999
 outer loop
  vertex 55.87159175616998 3.4638203338953417 0.0
  vertex 55.871498107910156 2.4166600704193115 0.0
  vertex 56.66969594827542 3.4638541557477196 0.0
 endloop
endfacet
facet normal 0.0 0.0 1.0
 outer loop
  vertex 55.871498107910156 2.4166600704193115 0.0
  vertex 55.073299407958984 1.611109972000122 0.0
  vertex 55.871498107910156 0.8055559992790222 0.0
 endloop
endfacet
facet normal 0.0 0.0 1.0
 outer loop
  vertex 57.46780014038086 2.4166600704193115 0.0
  vertex 55.871498107910156 2.4166600704193115 0.0
  vertex 55.871498107910156 0.8055559992790222 0.0
 endloop
endfacet
facet normal 0.0 0.0 1.0
 outer loop
  vertex 57.46780014038086 2.4166600704193115 0.0
  vertex 55.871498107910156 0.8055559992790222 0.0
  vertex 57.46780014038086 0.8055559992790222 0.0
 endloop
endfacet
facet normal 0.0 0.0 1.0
 outer loop
  vertex 57.46784739430372 3.4638710666739083 0.0
  vertex 56.66969594827542 3.4638541557477196 0.0
  vertex 57.46780014038086 2.4166600704193115 0.0
 endloop
endfacet
facet normal 0.0 0.0 0.9999999999999999
 outer loop
  vertex 58.265998840332024 3.4638879776000975 0.0
  vertex 57.46784739430372 3.4638710666739083 0.0
  vertex 57.46780014038086 2.4166600704193115 0.0
 endloop
endfacet
facet normal 0.0 0.0 1.0
 outer loop
  vertex 59.06420135498047 3.222219944000244 0.0
  vertex 58.265998840332024 3.4638879776000975 0.0
  vertex 57.46780014038086 2.4166600704193115 0.0
 endloop
endfacet
facet normal 0.0 0.0 1.0
 outer loop
  vertex 62.25680160522461 2.4166600704193115 0.0
  vertex 60.660499572753906 0.8055559992790222 0.0
  vertex 62.25680160522461 0.8055559992790222 0.0
 endloop
endfacet
facet normal 0.0 0.0 1.0
 outer loop
  vertex 62.25680160522461 2.4166600704193115 0.0
  vertex 63.05500023253262 3.4753519608635868 0.0
  vertex 62.25683331489563 3.4715491257730537 0.0
 endloop
endfacet
facet normal -0.0 0.0 0.9999999999999999
 outer loop
  vertex 61.458666421473026 3.4677270767706174 0.0
  vertex 62.25680160522461 2.4166600704193115 0.0
  vertex 62.25683331489563 3.4715491257730537 0.0
 endloop
endfacet
facet normal 0.0 0.0 1.0
 outer loop
  vertex 63.85309982299805 3.222219944000244 0.0
  vertex 63.05500023253262 3.4753519608635868 0.0
  vertex 62.25680160522461 2.4166600704193115 0.0
 endloop
endfacet
facet normal 0.0 0.0 1.0
 outer loop
  vertex 67.0457992553711 2.4166600704193115 0.0
  vertex 65.44950103759766 0.8055559992790222 0.0
  vertex 67.0457992553711 0.8055559992790222 0.0
 endloop
endfacet
facet normal 0.0 0.0 1.0
 outer loop
  vertex 67.04583484400064 3.4941095466098515 0.0
  vertex 66.24766792170703 3.4903836061100346 0.0
  vertex 67.0457992553711 2.4166600704193115 0.0
 endloop
endfacet
facet normal -0.0 0.0 1.0
 outer loop
  vertex 67.04583484400064 3.4941095466098515 0.0
  vertex 67.0457992553711 2.4166600704193115 0.0
  vertex 67.84400177001953 3.4978189400936515 0.0
 endloop
endfacet
facet normal 0.0 0.0 1.0
 outer loop
  vertex 68.64209747314453 3.222219944000244 0.0
  vertex 67.84400177001953 3.4978189400936515 0.0
  vertex 67.0457992553711 2.4166600704193115 0.0
 endloop
endfacet
facet normal 0.0 0.0 1.0
 outer loop
  vertex 70.2385025024414 2.4166600704193115 0.0
  vertex 69.44030019640923 3.5114944207527685 0.0
  vertex 68.64209747314453 3.222219944000244 0.0
 endloop
endfacet
facet normal 0.0 -0.0 1.0
 outer loop
  vertex 69.44029998779297 1.611109972000122 0.0
  vertex 70.2385025024414 2.4166600704193115 0.0
  vertex 68.64209747314453 3.222219944000244 0.0
 endloop
endfacet
facet normal 0.0 -0.0 1.0
 outer loop
  vertex 70.2385025024414 2.4166600704193115 0.0
  vertex 71.0365982055664 3.5251422673881505 0.0
  vertex 70.23844930529594 3.518325252576393 0.0
 endloop
endfacet
facet normal -0.0 0.0 1.0
 outer loop
  vertex 69.44030019640923 3.5114944207527685 0.0
  vertex 70.2385025024414 2.4166600704193115 0.0
  vertex 70.23844930529594 3.518325252576393 0.0
 endloop
endfacet
facet normal 0.0 0.0 1.0
 outer loop
  vertex 70.2385025024414 2.4166600704193115 0.0
  vertex 69.44029998779297 1.611109972000122 0.0
  vertex 70.2385025024414 0.8055559992790222 0.0
 endloop
endfacet
facet normal 0.0 0.0 1.0
 outer loop
  vertex 71.83480072021484 2.4166600704193115 0.0
  vertex 70.2385025024414 2.4166600704193115 0.0
  vertex 70.2385025024414 0.8055559992790222 0.0
 endloop
endfacet
facet normal 0.0 0.0 1.0
 outer loop
  vertex 71.83480072021484 2.4166600704193115 0.0
  vertex 70.2385025024414 0.8055559992790222 0.0
  vertex 71.83480072021484 0.8055559992790222 0.0
 endloop
endfacet
facet normal 0.0 0.0 1.0
 outer loop
  vertex 71.83476597256958 3.5324362551008543 0.0
  vertex 71.0365982055664 3.5251422673881505 0.0
  vertex 71.83480072021484 2.4166600704193115 0.0
 endloop
endfacet
facet normal -0.0 0.0 1.0
 outer loop
  vertex 71.83476597256958 3.5324362551008543 0.0
  vertex 71.83480072021484 2.4166600704193115 0.0
  vertex 72.63293331721798 3.5397137955981153 0.0
 endloop
endfacet
facet normal 0.0 0.0 1.0
 outer loop
  vertex 73.43109893798828 3.222219944000244 0.0
  vertex 72.63293331721798 3.5397137955981153 0.0
  vertex 71.83480072021484 2.4166600704193115 0.0
 endloop
endfacet
facet normal 0.0 0.0 1.0
 outer loop
  vertex 75.02749633789063 2.4166600704193115 0.0
  vertex 74.22926758415997 3.5542524293771955 0.0
  vertex 73.43109893798828 3.222219944000244 0.0
 endloop
endfacet
facet normal 0.0 -0.0 1.0
 outer loop
  vertex 74.22930145263672 1.611109972000122 0.0
  vertex 75.02749633789063 2.4166600704193115 0.0
  vertex 73.43109893798828 3.222219944000244 0.0
 endloop
endfacet
facet normal 0.0 -0.0 1.0
 outer loop
  vertex 75.02749633789063 2.4166600704193115 0.0
  vertex 75.82559967041016 3.5687243211272643 0.0
  vertex 75.02743397280574 3.5614978787147065 0.0
 endloop
endfacet
facet normal -0.0 0.0 0.9999999999999999
 outer loop
  vertex 74.22926758415997 3.5542524293771955 0.0
  vertex 75.02749633789063 2.4166600704193115 0.0
  vertex 75.02743397280574 3.5614978787147065 0.0
 endloop
endfacet
facet normal 0.0 0.0 1.0
 outer loop
  vertex 75.02749633789063 2.4166600704193115 0.0
  vertex 74.22930145263672 1.611109972000122 0.0
  vertex 75.02749633789063 0.8055559992790222 0.0
 endloop
endfacet
facet normal 0.0 0.0 1.0
 outer loop
  vertex 76.6238021850586 2.4166600704193115 0.0
  vertex 75.02749633789063 2.4166600704193115 0.0
  vertex 75.02749633789063 0.8055559992790222 0.0
 endloop
endfacet
facet normal 0.0 0.0 1.0
 outer loop
  vertex 76.6238021850586 2.4166600704193115 0.0
  vertex 75.02749633789063 0.8055559992790222 0.0
  vertex 76.6238021850586 0.8055559992790222 0.0
 endloop
endfacet
facet normal 0.0 0.0 1.0
 outer loop
  vertex 76.6238021850586 3.576972470981336 0.0
  vertex 75.82559967041016 3.5687243211272643 0.0
  vertex 76.6238021850586 2.4166600704193115 0.0
 endloop
endfacet
facet normal -0.0 0.0 1.0
 outer loop
  vertex 76.6238021850586 3.576972470981336 0.0
  vertex 76.6238021850586 2.4166600704193115 0.0
  vertex 77.4219970703125 3.6129259640184896 0.0
 endloop
endfacet
facet normal 0.0 0.0 1.0
 outer loop
  vertex 79.81639862060547 3.724046251738611 0.0
  vertex 79.01826475560665 3.6870119982061413 0.0
  vertex 79.81639862060547 2.4166600704193115 0.0
 endloop
endfacet
facet normal 0.0 0.0 1.0
 outer loop
  vertex 79.81639862060547 3.724046251738611 0.0
  vertex 79.81639862060547 2.4166600704193115 0.0
  vertex 80.6146011352539 3.222219944000244 0.0
 endloop
endfacet
facet normal 0.0 0.0 1.0
 outer loop
  vertex 79.81639862060547 2.4166600704193115 0.0
  vertex 79.01826475560665 3.6870119982061413 0.0
  vertex 78.22010040283203 3.222219944000244 0.0
 endloop
endfacet
facet normal 0.0 0.0 1.0
 outer loop
  vertex 78.22010040283203 3.222219944000244 0.0
  vertex 77.4219970703125 3.6129259640184896 0.0
  vertex 76.6238021850586 2.4166600704193115 0.0
 endloop
endfacet
facet normal 0.0 -0.0 1.0
 outer loop
  vertex 79.01830291748047 1.611109972000122 0.0
  vertex 79.81639862060547 2.4166600704193115 0.0
  vertex 78.22010040283203 3.222219944000244 0.0
 endloop
endfacet
facet normal 0.0 0.0 1.0
 outer loop
  vertex 79.81639862060547 2.4166600704193115 0.0
  vertex 79.01830291748047 1.611109972000122 0.0
  vertex 79.81639862060547 0.8055559992790222 0.0
 endloop
endfacet
facet normal 0.0 0.0 1.0
 outer loop
  vertex 83.00910186767578 2.4166600704193115 0.0
  vertex 82.21089935302734 1.611109972000122 0.0
  vertex 83.00910186767578 0.8055559992790222 0.0
 endloop
endfacet
facet normal 0.0 0.0 1.0
 outer loop
  vertex 84.60540008544922 2.4166600704193115 0.0
  vertex 83.00910186767578 2.4166600704193115 0.0
  vertex 83.00910186767578 0.8055559992790222 0.0
 endloop
endfacet
facet normal 0.0 0.0 1.0
 outer loop
  vertex 84.60540008544922 2.4166600704193115 0.0
  vertex 83.00910186767578 0.8055559992790222 0.0
  vertex 84.60540008544922 0.8055559992790222 0.0
 endloop
endfacet
facet normal 0.0 0.0 1.0
 outer loop
  vertex 84.60540008544922 4.027780055999756 0.0
  vertex 83.80729675292969 4.833330154418945 0.0
  vertex 83.00910186767578 4.027780055999756 0.0
 endloop
endfacet
facet normal 0.0 0.0 1.0
 outer loop
  vertex 6.38532018661499 4.027780055999756 0.0
  vertex 4.788990020751953 4.027780055999756 0.0
  vertex 4.788990020751953 2.4166600704193115 0.0
 endloop
endfacet
facet normal 0.0 0.0 1.0
 outer loop
  vertex 6.38532018661499 4.027780055999756 0.0
  vertex 4.788990020751953 2.4166600704193115 0.0
  vertex 6.38532018661499 2.4166600704193115 0.0
 endloop
endfacet
facet normal 0.0 0.0 1.0
 outer loop
  vertex 9.577980041503906 4.027780055999756 0.0
  vertex 7.981649875640869 4.027780055999756 0.0
  vertex 7.981649875640869 2.4166600704193115 0.0
 endloop
endfacet
facet normal 0.0 0.0 1.0
 outer loop
  vertex 9.577980041503906 4.027780055999756 0.0
  vertex 7.981649875640869 2.4166600704193115 0.0
  vertex 9.577980041503906 2.4166600704193115 0.0
 endloop
endfacet
facet normal 0.0 0.0 1.0
 outer loop
  vertex 12.770600318908691 4.027780055999756 0.0
  vertex 11.174300193786621 4.027780055999756 0.0
  vertex 11.174300193786621 2.4166600704193115 0.0
 endloop
endfacet
facet normal 0.0 0.0 1.0
 outer loop
  vertex 12.770600318908691 4.027780055999756 0.0
  vertex 11.174300193786621 2.4166600704193115 0.0
  vertex 12.770600318908691 2.4166600704193115 0.0
 endloop
endfacet
facet normal 0.0 0.0 1.0
 outer loop
  vertex 15.963199615478516 4.027780055999756 0.0
  vertex 14.366900444030762 4.027780055999756 0.0
  vertex 14.366900444030762 2.4166600704193115 0.0
 endloop
endfacet
facet normal 0.0 0.0 1.0
 outer loop
  vertex 15.963199615478516 4.027780055999756 0.0
  vertex 14.366900444030762 2.4166600704193115 0.0
  vertex 15.963199615478516 2.4166600704193115 0.0
 endloop
endfacet
facet normal 0.0 0.0 1.0
 outer loop
  vertex 19.155899047851563 4.027780055999756 0.0
  vertex 17.559600830078125 4.027780055999756 0.0
  vertex 17.559600830078125 2.4166600704193115 0.0
 endloop
endfacet
facet normal 0.0 0.0 1.0
 outer loop
  vertex 19.155899047851563 4.027780055999756 0.0
  vertex 17.559600830078125 2.4166600704193115 0.0
  vertex 19.155899047851563 2.4166600704193115 0.0
 endloop
endfacet
facet normal 0.0 0.0 1.0
 outer loop
  vertex 22.348600387573242 4.027780055999756 0.0
  vertex 20.752199172973633 4.027780055999756 0.0
  vertex 20.752199172973633 2.4166600704193115 0.0
 endloop
endfacet
facet normal 0.0 0.0 1.0
 outer loop
  vertex 22.348600387573242 4.027780055999756 0.0
  vertex 20.752199172973633 2.4166600704193115 0.0
  vertex 22.348600387573242 2.4166600704193115 0.0
 endloop
endfacet
facet normal 0.0 0.0 1.0
 outer loop
  vertex 25.541200637817383 4.027780055999756 0.0
  vertex 23.944900512695313 4.027780055999756 0.0
  vertex 23.944900512695313 2.4166600704193115 0.0
 endloop
endfacet
facet normal 0.0 0.0 1.0
 outer loop
  vertex 25.541200637817383 4.027780055999756 0.0
  vertex 23.944900512695313 2.4166600704193115 0.0
  vertex 25.541200637817383 2.4166600704193115 0.0
 endloop
endfacet
facet normal 0.0 0.0 1.0
 outer loop
  vertex 28.73390007019043 4.027780055999756 0.0
  vertex 27.13759994506836 4.027780055999756 0.0
  vertex 27.13759994506836 2.4166600704193115 0.0
 endloop
endfacet
facet normal 0.0 0.0 1.0
 outer loop
  vertex 28.73390007019043 4.027780055999756 0.0
  vertex 27.13759994506836 2.4166600704193115 0.0
  vertex 28.73390007019043 2.4166600704193115 0.0
 endloop
endfacet
facet normal 0.0 0.0 1.0
 outer loop
  vertex 33.52289962768555 4.027780055999756 0.0
  vertex 32.724700927734375 3.222219944000244 0.0
  vertex 33.52289962768555 2.4166600704193115 0.0
 endloop
endfacet
facet normal 0.0 0.0 1.0
 outer loop
  vertex 35.11920166015625 4.027780055999756 0.0
  vertex 33.52289962768555 4.027780055999756 0.0
  vertex 33.52289962768555 2.4166600704193115 0.0
 endloop
endfacet
facet normal 0.0 0.0 1.0
 outer loop
  vertex 35.11920166015625 4.027780055999756 0.0
  vertex 33.52289962768555 2.4166600704193115 0.0
  vertex 35.11920166015625 2.4166600704193115 0.0
 endloop
endfacet
facet normal 0.0 0.0 1.0
 outer loop
  vertex 38.3119010925293 4.027780055999756 0.0
  vertex 36.71549987792969 4.027780055999756 0.0
  vertex 36.71549987792969 2.4166600704193115 0.0
 endloop
endfacet
facet normal 0.0 0.0 1.0
 outer loop
  vertex 38.3119010925293 4.027780055999756 0.0
  vertex 36.71549987792969 2.4166600704193115 0.0
  vertex 38.3119010925293 2.4166600704193115 0.0
 endloop
endfacet
facet normal 0.0 0.0 1.0
 outer loop
  vertex 40.70640182495117 4.833330154418945 0.0
  vertex 41.50450134277344 4.833330154418945 0.0
  vertex 42.30270004272461 5.638889789581299 0.0
 endloop
endfacet
facet normal 0.0 0.0 1.0
 outer loop
  vertex 40.70640182495117 4.833330154418945 0.0
  vertex 42.30270004272461 5.638889789581299 0.0
  vertex 40.70640182495117 6.444439888000488 0.0
 endloop
endfacet
facet normal 0.0 0.0 1.0
 outer loop
  vertex 86.20179748535156 2.4166600704193115 0.0
  vertex 87.0 3.222219944000244 0.0
  vertex 86.20179748535156 4.027780055999756 0.0
 endloop
endfacet
facet normal 0.0 -0.0 1.0
 outer loop
  vertex 86.20179748535156 2.4166600704193115 0.0
  vertex 86.20179748535156 4.027780055999756 0.0
  vertex 84.60540008544922 4.027780055999756 0.0
 endloop
endfacet
facet normal 0.0 0.0 1.0
 outer loop
  vertex 86.20179748535156 2.4166600704193115 0.0
  vertex 84.60540008544922 4.027780055999756 0.0
  vertex 84.60540008544922 2.4166600704193115 0.0
 endloop
endfacet
facet normal 0.0 0.0 1.0
 outer loop
  vertex 3.192660093307495 5.638889789581299 0.0
  vertex 1.5963300466537476 4.027780055999756 0.0
  vertex 3.192660093307495 4.027780055999756 0.0
 endloop
endfacet
facet normal 0.0 0.0 1.0
 outer loop
  vertex 7.981649875640869 5.638889789581299 0.0
  vertex 7.1834797859191895 4.833330154418945 0.0
  vertex 7.981649875640869 4.027780055999756 0.0
 endloop
endfacet
facet normal 0.0 0.0 1.0
 outer loop
  vertex 9.577980041503906 5.638889789581299 0.0
  vertex 7.981649875640869 5.638889789581299 0.0
  vertex 7.981649875640869 4.027780055999756 0.0
 endloop
endfacet
facet normal 0.0 0.0 1.0
 outer loop
  vertex 9.577980041503906 5.638889789581299 0.0
  vertex 7.981649875640869 4.027780055999756 0.0
  vertex 9.577980041503906 4.027780055999756 0.0
 endloop
endfacet
facet normal 0.0 0.0 1.0
 outer loop
  vertex 12.770600318908691 5.638889789581299 0.0
  vertex 11.174300193786621 5.638889789581299 0.0
  vertex 11.174300193786621 4.027780055999756 0.0
 endloop
endfacet
facet normal 0.0 0.0 1.0
 outer loop
  vertex 12.770600318908691 5.638889789581299 0.0
  vertex 11.174300193786621 4.027780055999756 0.0
  vertex 12.770600318908691 4.027780055999756 0.0
 endloop
endfacet
facet normal 0.0 0.0 1.0
 outer loop
  vertex 15.963199615478516 5.638889789581299 0.0
  vertex 14.366900444030762 5.638889789581299 0.0
  vertex 14.366900444030762 4.027780055999756 0.0
 endloop
endfacet
facet normal 0.0 0.0 1.0
 outer loop
  vertex 15.963199615478516 5.638889789581299 0.0
  vertex 14.366900444030762 4.027780055999756 0.0
  vertex 15.963199615478516 4.027780055999756 0.0
 endloop
endfacet
facet normal 0.0 -0.0 1.0
 outer loop
  vertex 18.35770034790039 4.833330154418945 0.0
  vertex 19.155899047851563 5.638889789581299 0.0
  vertex 17.559600830078125 6.444439888000488 0.0
 endloop
endfacet
facet normal 0.0 0.0 1.0
 outer loop
  vertex 19.155899047851563 5.638889789581299 0.0
  vertex 18.35770034790039 4.833330154418945 0.0
  vertex 19.155899047851563 4.027780055999756 0.0
 endloop
endfacet
facet normal 0.0 0.0 1.0
 outer loop
  vertex 22.348600387573242 5.638889789581299 0.0
  vertex 21.550399780273438 4.833330154418945 0.0
  vertex 22.348600387573242 4.027780055999756 0.0
 endloop
endfacet
facet normal 0.0 0.0 1.0
 outer loop
  vertex 23.944900512695313 5.638889789581299 0.0
  vertex 22.348600387573242 5.638889789581299 0.0
  vertex 22.348600387573242 4.027780055999756 0.0
 endloop
endfacet
facet normal 0.0 0.0 1.0
 outer loop
  vertex 23.944900512695313 5.638889789581299 0.0
  vertex 22.348600387573242 4.027780055999756 0.0
  vertex 23.944900512695313 4.027780055999756 0.0
 endloop
endfacet
facet normal 0.0 0.0 1.0
 outer loop
  vertex 27.13759994506836 5.638889789581299 0.0
  vertex 25.541200637817383 5.638889789581299 0.0
  vertex 25.541200637817383 4.027780055999756 0.0
 endloop
endfacet
facet normal 0.0 0.0 1.0
 outer loop
  vertex 27.13759994506836 5.638889789581299 0.0
  vertex 25.541200637817383 4.027780055999756 0.0
  vertex 27.13759994506836 4.027780055999756 0.0
 endloop
endfacet
facet normal 0.0 0.0 1.0
 outer loop
  vertex 32.724700927734375 4.833330154418945 0.0
  vertex 31.128400802612305 6.444439888000488 0.0
  vertex 31.128400802612305 4.833330154418945 0.0
 endloop
endfacet
facet normal 0.0 0.0 1.0
 outer loop
  vertex 33.52289962768555 5.638889789581299 0.0
  vertex 32.724700927734375 4.833330154418945 0.0
  vertex 33.52289962768555 4.027780055999756 0.0
 endloop
endfacet
facet normal 0.0 0.0 1.0
 outer loop
  vertex 35.11920166015625 5.638889789581299 0.0
  vertex 33.52289962768555 5.638889789581299 0.0
  vertex 33.52289962768555 4.027780055999756 0.0
 endloop
endfacet
facet normal 0.0 0.0 1.0
 outer loop
  vertex 35.11920166015625 5.638889789581299 0.0
  vertex 33.52289962768555 4.027780055999756 0.0
  vertex 35.11920166015625 4.027780055999756 0.0
 endloop
endfacet
facet normal 0.0 0.0 1.0
 outer loop
  vertex 34.32105044275522 6.762725651118839 0.0
  vertex 33.52287558466196 6.752180220927404 0.0
  vertex 33.52289962768555 5.638889789581299 0.0
 endloop
endfacet
facet normal 0.0 0.0 1.0
 outer loop
  vertex 34.32105044275522 6.762725651118839 0.0
  vertex 33.52289962768555 5.638889789581299 0.0
  vertex 35.11920166015625 5.638889789581299 0.0
 endloop
endfacet
facet normal -0.0 0.0 1.0
 outer loop
  vertex 34.32105044275522 6.762725651118839 0.0
  vertex 35.11920166015625 5.638889789581299 0.0
  vertex 35.119225300848484 6.773271081310274 0.0
 endloop
endfacet
facet normal 0.0 0.0 1.0
 outer loop
  vertex 38.3119010925293 5.638889789581299 0.0
  vertex 37.51369857788086 4.833330154418945 0.0
  vertex 38.3119010925293 4.027780055999756 0.0
 endloop
endfacet
facet normal 0.0 0.0 1.0
 outer loop
  vertex 81.41280364990234 4.833330154418945 0.0
  vertex 80.37514038085936 4.833330154418945 0.0
  vertex 80.37514038085936 4.027780055999756 0.0
 endloop
endfacet
facet normal 0.0 -0.0 0.9999999999999999
 outer loop
  vertex 82.21089935302734 3.222219944000244 0.0
  vertex 83.00910186767578 4.027780055999756 0.0
  vertex 81.41280364990234 4.833330154418945 0.0
 endloop
endfacet
facet normal 0.0 0.0 1.0
 outer loop
  vertex 81.41280364990234 4.833330154418945 0.0
  vertex 80.37514038085936 4.027780055999756 0.0
  vertex 80.6146011352539 3.222219944000244 0.0
 endloop
endfacet
facet normal 0.0 0.0 1.0
 outer loop
  vertex 82.21089935302734 3.222219944000244 0.0
  vertex 81.41280364990234 4.833330154418945 0.0
  vertex 80.6146011352539 3.222219944000244 0.0
 endloop
endfacet
facet normal 0.0 0.0 1.0
 outer loop
  vertex 41.50450134277344 7.573352957923348 0.0
  vertex 40.70640182495117 7.748610404228435 0.0
  vertex 40.70640182495117 6.444439888000488 0.0
 endloop
endfacet
facet normal 0.0 0.0 1.0
 outer loop
  vertex 43.89899826049805 4.833330154418945 0.0
  vertex 44.697200775146484 5.638889789581299 0.0
  vertex 43.89899826049805 6.444439888000488 0.0
 endloop
endfacet
facet normal 0.0 -0.0 1.0
 outer loop
  vertex 43.89899826049805 4.833330154418945 0.0
  vertex 43.89899826049805 6.444439888000488 0.0
  vertex 42.30270004272461 5.638889789581299 0.0
 endloop
endfacet
facet normal 0.0 0.0 1.0
 outer loop
  vertex 42.30270004272461 5.638889789581299 0.0
  vertex 41.50450134277344 4.833330154418945 0.0
  vertex 43.10089874267578 4.027780055999756 0.0
 endloop
endfacet
facet normal 0.0 0.0 1.0
 outer loop
  vertex 43.89899826049805 4.833330154418945 0.0
  vertex 42.30270004272461 5.638889789581299 0.0
  vertex 43.10089874267578 4.027780055999756 0.0
 endloop
endfacet
facet normal 0.0 0.0 0.9999999999999999
 outer loop
  vertex 47.889801025390625 7.25 0.0
  vertex 47.09170150756836 8.055560111999512 0.0
  vertex 46.29349899291992 7.25 0.0
 endloop
endfacet
facet normal 0.0 0.0 1.0
 outer loop
  vertex 79.81639862060547 7.25 0.0
  vertex 79.68405375919343 6.0142771841653 0.0
  vertex 80.05585937500001 5.638889789581299 0.0
 endloop
endfacet
facet normal 0.0 0.0 0.9999999999999999
 outer loop
  vertex 84.60540008544922 5.638889789581299 0.0
  vertex 83.80729675292969 4.833330154418945 0.0
  vertex 84.60540008544922 4.027780055999756 0.0
 endloop
endfacet
facet normal 0.0 0.0 1.0
 outer loop
  vertex 86.20179748535156 4.027780055999756 0.0
  vertex 87.0 4.833330154418945 0.0
  vertex 86.20179748535156 5.638889789581299 0.0
 endloop
endfacet
facet normal 0.0 -0.0 1.0
 outer loop
  vertex 86.20179748535156 4.027780055999756 0.0
  vertex 86.20179748535156 5.638889789581299 0.0
  vertex 84.60540008544922 5.638889789581299 0.0
 endloop
endfacet
facet normal 0.0 0.0 1.0
 outer loop
  vertex 86.20179748535156 4.027780055999756 0.0
  vertex 84.60540008544922 5.638889789581299 0.0
  vertex 84.60540008544922 4.027780055999756 0.0
 endloop
endfacet
facet normal 0.0 0.0 1.0
 outer loop
  vertex 3.192660093307495 7.25 0.0
  vertex 2.4443778954446316 8.488774576069908 0.0
  vertex 1.5963300466537476 8.055560111999512 0.0
 endloop
endfacet
facet normal 0.0 0.0 1.0
 outer loop
  vertex 1.5963300466537476 8.055560111999512 0.0
  vertex 0.9977065175771713 8.421826638327113 0.0
  vertex 0.0 7.25 0.0
 endloop
endfacet
facet normal 0.0 -0.0 0.9999999999999999
 outer loop
  vertex 2.3944900035858154 6.444439888000488 0.0
  vertex 3.192660093307495 7.25 0.0
  vertex 1.5963300466537476 8.055560111999512 0.0
 endloop
endfacet
facet normal 0.0 0.0 0.9999999999999999
 outer loop
  vertex 1.5963300466537476 8.055560111999512 0.0
  vertex 0.0 7.25 0.0
  vertex 0.7981659770011902 6.444439888000488 0.0
 endloop
endfacet
facet normal 0.0 0.0 1.0
 outer loop
  vertex 2.3944900035858154 6.444439888000488 0.0
  vertex 1.5963300466537476 8.055560111999512 0.0
  vertex 0.7981659770011902 6.444439888000488 0.0
 endloop
endfacet
facet normal 0.0 0.0 1.0
 outer loop
  vertex 3.2176008354872465 8.495868338540555 0.0
  vertex 2.4443778954446316 8.488774576069908 0.0
  vertex 3.192660093307495 7.25 0.0
 endloop
endfacet
facet normal 0.0 0.0 1.0
 outer loop
  vertex 3.2176008354872465 8.495868338540555 0.0
  vertex 3.192660093307495 7.25 0.0
  vertex 4.0032954281196 8.494319675282144 0.0
 endloop
endfacet
facet normal 0.0 0.0 1.0
 outer loop
  vertex 3.192660093307495 7.25 0.0
  vertex 2.3944900035858154 6.444439888000488 0.0
  vertex 3.192660093307495 5.638889789581299 0.0
 endloop
endfacet
facet normal 0.0 0.0 1.0
 outer loop
  vertex 4.788990020751953 5.638889789581299 0.0
  vertex 5.5871500968933105 6.444439888000488 0.0
  vertex 4.788990020751953 7.25 0.0
 endloop
endfacet
facet normal 0.0 0.0 1.0
 outer loop
  vertex 4.788990020751953 7.25 0.0
  vertex 3.192660093307495 7.25 0.0
  vertex 3.192660093307495 5.638889789581299 0.0
 endloop
endfacet
facet normal 0.0 0.0 1.0
 outer loop
  vertex 4.788990020751953 7.25 0.0
  vertex 3.192660093307495 5.638889789581299 0.0
  vertex 4.788990020751953 5.638889789581299 0.0
 endloop
endfacet
facet normal 0.0 0.0 0.9999999999999999
 outer loop
  vertex 4.788990020751953 7.25 0.0
  vertex 5.591829021112062 8.49055730822327 0.0
  vertex 4.796782931662165 8.49249561262268 0.0
 endloop
endfacet
facet normal 0.0 0.0 1.0
 outer loop
  vertex 4.0032954281196 8.494319675282144 0.0
  vertex 4.788990020751953 7.25 0.0
  vertex 4.796782931662165 8.49249561262268 0.0
 endloop
endfacet
facet normal 0.0 0.0 1.0
 outer loop
  vertex 7.981649875640869 7.25 0.0
  vertex 7.1834797859191895 8.486566457684507 0.0
  vertex 6.38532018661499 8.055560111999512 0.0
 endloop
endfacet
facet normal 0.0 0.0 1.0
 outer loop
  vertex 6.38532018661499 8.055560111999512 0.0
  vertex 5.591829021112062 8.49055730822327 0.0
  vertex 4.788990020751953 7.25 0.0
 endloop
endfacet
facet normal 0.0 -0.0 1.0
 outer loop
  vertex 7.1834797859191895 6.444439888000488 0.0
  vertex 7.981649875640869 7.25 0.0
  vertex 6.38532018661499 8.055560111999512 0.0
 endloop
endfacet
facet normal 0.0 0.0 1.0
 outer loop
  vertex 6.38532018661499 8.055560111999512 0.0
  vertex 4.788990020751953 7.25 0.0
  vertex 5.5871500968933105 6.444439888000488 0.0
 endloop
endfacet
facet normal 0.0 0.0 0.9999999999999999
 outer loop
  vertex 7.1834797859191895 6.444439888000488 0.0
  vertex 6.38532018661499 8.055560111999512 0.0
  vertex 5.5871500968933105 6.444439888000488 0.0
 endloop
endfacet
facet normal 0.0 0.0 1.0
 outer loop
  vertex 7.981634760741144 8.519812336736637 0.0
  vertex 7.1834797859191895 8.486566457684507 0.0
  vertex 7.981649875640869 7.25 0.0
 endloop
endfacet
facet normal -0.0 0.0 1.0
 outer loop
  vertex 7.981634760741144 8.519812336736637 0.0
  vertex 7.981649875640869 7.25 0.0
  vertex 8.7797897355631 8.553058215788766 0.0
 endloop
endfacet
facet normal 0.0 0.0 1.0
 outer loop
  vertex 7.981649875640869 7.25 0.0
  vertex 7.1834797859191895 6.444439888000488 0.0
  vertex 7.981649875640869 5.638889789581299 0.0
 endloop
endfacet
facet normal 0.0 0.0 1.0
 outer loop
  vertex 9.577980041503906 7.25 0.0
  vertex 7.981649875640869 7.25 0.0
  vertex 7.981649875640869 5.638889789581299 0.0
 endloop
endfacet
facet normal 0.0 0.0 1.0
 outer loop
  vertex 9.577980041503906 7.25 0.0
  vertex 7.981649875640869 5.638889789581299 0.0
  vertex 9.577980041503906 5.638889789581299 0.0
 endloop
endfacet
facet normal 0.0 0.0 1.0
 outer loop
  vertex 9.577944661024958 8.58625153144785 0.0
  vertex 8.7797897355631 8.553058215788766 0.0
  vertex 9.577980041503906 7.25 0.0
 endloop
endfacet
facet normal -0.0 0.0 1.0
 outer loop
  vertex 9.577944661024958 8.58625153144785 0.0
  vertex 9.577980041503906 7.25 0.0
  vertex 10.376099586486816 8.619444847106934 0.0
 endloop
endfacet
facet normal 0.0 0.0 1.0
 outer loop
  vertex 12.770600318908691 7.25 0.0
  vertex 11.174300193786621 7.25 0.0
  vertex 11.174300193786621 5.638889789581299 0.0
 endloop
endfacet
facet normal 0.0 0.0 1.0
 outer loop
  vertex 12.770600318908691 7.25 0.0
  vertex 11.174300193786621 5.638889789581299 0.0
  vertex 12.770600318908691 5.638889789581299 0.0
 endloop
endfacet
facet normal 0.0 -0.0 1.0
 outer loop
  vertex 20.752199172973633 6.444439888000488 0.0
  vertex 20.752199172973633 7.7231877092542796 0.0
  vertex 19.954099655151367 7.599839849564778 0.0
 endloop
endfacet
facet normal 0.0 0.0 0.9999999999999999
 outer loop
  vertex 21.290984582901 7.968859522526638 0.0
  vertex 20.752199172973633 7.7231877092542796 0.0
  vertex 20.752199172973633 6.444439888000488 0.0
 endloop
endfacet
facet normal 0.0 0.0 1.0
 outer loop
  vertex 21.290984582901 7.968859522526638 0.0
  vertex 20.752199172973633 6.444439888000488 0.0
  vertex 22.348600387573242 6.444439888000488 0.0
 endloop
endfacet
facet normal 0.0 0.0 1.0
 outer loop
  vertex 23.944900512695313 8.495508349888972 0.0
  vertex 23.146699905395508 8.378908066866282 0.0
  vertex 23.146699905395508 7.25 0.0
 endloop
endfacet
facet normal 0.0 0.0 1.0
 outer loop
  vertex 22.348600387573242 6.444439888000488 0.0
  vertex 22.348600387573242 5.638889789581299 0.0
  vertex 23.944900512695313 5.638889789581299 0.0
 endloop
endfacet
facet normal 0.0 0.0 0.9999999999999999
 outer loop
  vertex 23.146699905395508 7.25 0.0
  vertex 22.348600387573242 6.444439888000488 0.0
  vertex 23.944900512695313 5.638889789581299 0.0
 endloop
endfacet
facet normal 0.0 0.0 1.0
 outer loop
  vertex 25.541200637817383 6.444439888000488 0.0
  vertex 25.541200637817383 5.638889789581299 0.0
  vertex 27.13759994506836 5.638889789581299 0.0
 endloop
endfacet
facet normal 0.0 0.0 1.0
 outer loop
  vertex 26.339399337768555 7.25 0.0
  vertex 25.541200637817383 6.444439888000488 0.0
  vertex 27.13759994506836 5.638889789581299 0.0
 endloop
endfacet
facet normal 0.0 0.0 1.0
 outer loop
  vertex 39.908199310302734 7.25 0.0
  vertex 38.3119010925293 7.25 0.0
  vertex 38.3119010925293 5.638889789581299 0.0
 endloop
endfacet
facet normal 0.0 0.0 1.0
 outer loop
  vertex 45.49530029296875 4.296803820741789 0.0
  vertex 46.027729896972595 4.560027610750382 0.0
  vertex 46.29349899291992 5.638889789581299 0.0
 endloop
endfacet
facet normal 0.0 -0.0 0.9999999999999999
 outer loop
  vertex 45.49530029296875 4.296803820741789 0.0
  vertex 46.29349899291992 5.638889789581299 0.0
  vertex 44.697200775146484 5.638889789581299 0.0
 endloop
endfacet
facet normal 0.0 0.0 0.9999999999999999
 outer loop
  vertex 48.6879997253418 7.25 0.0
  vertex 49.752272532880305 6.417596775863785 0.0
  vertex 50.2843017578125 6.686107921600342 0.0
 endloop
endfacet
facet normal 0.0 -0.0 1.0
 outer loop
  vertex 31.128400802612305 6.444439888000488 0.0
  vertex 31.367830657958983 7.25 0.0
  vertex 30.3302001953125 8.055560111999512 0.0
 endloop
endfacet
facet normal -0.0 0.0 1.0
 outer loop
  vertex 29.531999588012695 7.25 0.0
  vertex 31.128400802612305 6.444439888000488 0.0
  vertex 30.3302001953125 8.055560111999512 0.0
 endloop
endfacet
facet normal 0.0 0.0 1.0
 outer loop
  vertex 51.88069915771484 7.4916680335998524 0.0
  vertex 52.412808765866785 7.760187841413425 0.0
  vertex 52.67879867553711 8.861109733581543 0.0
 endloop
endfacet
facet normal 0.0 0.0 1.0
 outer loop
  vertex 52.67879867553711 8.861109733581543 0.0
  vertex 51.880699157714844 9.666669845581055 0.0
  vertex 51.08250045776367 8.861109733581543 0.0
 endloop
endfacet
facet normal 0.0 0.0 1.0
 outer loop
  vertex 52.67879867553711 8.861109733581543 0.0
  vertex 51.08250045776367 8.861109733581543 0.0
  vertex 51.88069915771484 7.4916680335998524 0.0
 endloop
endfacet
facet normal 0.0 0.0 0.9999999999999999
 outer loop
  vertex 84.8415479699328 7.758110136659397 0.0
  vertex 84.5100855614224 8.26012550977694 0.0
  vertex 83.80729675292969 8.055560111999512 0.0
 endloop
endfacet
facet normal 0.0 0.0 1.0
 outer loop
  vertex 83.80729675292969 8.055560111999512 0.0
  vertex 83.00910186767578 7.25 0.0
  vertex 83.80729675292969 6.444439888000488 0.0
 endloop
endfacet
facet normal 0.0 0.0 1.0
 outer loop
  vertex 84.8415479699328 7.758110136659397 0.0
  vertex 83.80729675292969 8.055560111999512 0.0
  vertex 83.80729675292969 6.444439888000488 0.0
 endloop
endfacet
facet normal 0.0 0.0 1.0
 outer loop
  vertex 11.972399711608887 8.861109733581543 0.0
  vertex 10.934840011596679 8.861109733581543 0.0
  vertex 10.376099586486816 8.619444847106934 0.0
 endloop
endfacet
facet normal 0.0 0.0 1.0
 outer loop
  vertex 11.972399711608887 8.861109733581543 0.0
  vertex 10.376099586486816 8.619444847106934 0.0
  vertex 11.174300193786621 7.25 0.0
 endloop
endfacet
facet normal 0.0 0.0 0.9999999999999999
 outer loop
  vertex 17.82560355819296 9.909449903618949 0.0
  vertex 17.29350189048564 9.588344235266849 0.0
  vertex 17.559600830078125 8.861109733581543 0.0
 endloop
endfacet
facet normal 0.0 0.0 1.0
 outer loop
  vertex 17.82560355819296 9.909449903618949 0.0
  vertex 17.559600830078125 8.861109733581543 0.0
  vertex 19.155899047851563 8.861109733581543 0.0
 endloop
endfacet
facet normal 0.0 0.0 1.0
 outer loop
  vertex 16.76140022277832 6.444439888000488 0.0
  vertex 17.559600830078125 6.444439888000488 0.0
  vertex 18.35770034790039 7.25 0.0
 endloop
endfacet
facet normal 0.0 0.0 0.9999999999999999
 outer loop
  vertex 16.76140022277832 8.055560111999512 0.0
  vertex 16.76140022277832 6.444439888000488 0.0
  vertex 18.35770034790039 7.25 0.0
 endloop
endfacet
facet normal 0.0 -0.0 1.0
 outer loop
  vertex 18.35770034790039 7.25 0.0
  vertex 18.91643943786621 8.055560111999512 0.0
  vertex 17.559600830078125 8.861109733581543 0.0
 endloop
endfacet
facet normal -0.0 0.0 1.0
 outer loop
  vertex 16.76140022277832 8.055560111999512 0.0
  vertex 18.35770034790039 7.25 0.0
  vertex 17.559600830078125 8.861109733581543 0.0
 endloop
endfacet
facet normal 0.0 -0.0 1.0
 outer loop
  vertex 26.339399337768555 8.055560111999512 0.0
  vertex 26.339399337768555 9.360973950443451 0.0
  vertex 25.680909729003908 9.191880279542337 0.0
 endloop
endfacet
facet normal 0.0 0.0 1.0
 outer loop
  vertex 25.680909729003908 9.191880279542337 0.0
  vertex 25.03021540939808 9.01847067771023 0.0
  vertex 24.743099212646484 8.055560111999512 0.0
 endloop
endfacet
facet normal 0.0 0.0 1.0
 outer loop
  vertex 25.680909729003908 9.191880279542337 0.0
  vertex 24.743099212646484 8.055560111999512 0.0
  vertex 26.339399337768555 8.055560111999512 0.0
 endloop
endfacet
facet normal 0.0 0.0 1.0
 outer loop
  vertex 27.935699462890625 9.666669845581055 0.0
  vertex 27.44685213565826 9.822156228221846 0.0
  vertex 26.878159475326537 9.59596486239533 0.0
 endloop
endfacet
facet normal 0.0 0.0 1.0
 outer loop
  vertex 27.935699462890625 9.666669845581055 0.0
  vertex 26.878159475326537 9.59596486239533 0.0
  vertex 26.339399337768555 9.360973950443451 0.0
 endloop
endfacet
facet normal 0.0 0.0 1.0
 outer loop
  vertex 26.339399337768555 9.360973950443451 0.0
  vertex 26.339399337768555 8.055560111999512 0.0
  vertex 27.935699462890625 8.055560111999512 0.0
 endloop
endfacet
facet normal 0.0 0.0 1.0
 outer loop
  vertex 27.935699462890625 9.666669845581055 0.0
  vertex 26.339399337768555 9.360973950443451 0.0
  vertex 27.935699462890625 8.055560111999512 0.0
 endloop
endfacet
facet normal 0.0 0.0 1.0
 outer loop
  vertex 39.908199310302734 7.25 0.0
  vertex 40.29066783161973 8.055560111999512 0.0
  vertex 39.908199310302734 8.537057653210667 0.0
 endloop
endfacet
facet normal 0.0 -0.0 1.0
 outer loop
  vertex 39.908199310302734 7.25 0.0
  vertex 39.908199310302734 8.537057653210667 0.0
  vertex 39.66873970031738 8.861109733581543 0.0
 endloop
endfacet
facet normal 0.0 0.0 1.0
 outer loop
  vertex 39.66873970031738 8.861109733581543 0.0
  vertex 38.3119010925293 8.861109733581543 0.0
  vertex 38.3119010925293 7.25 0.0
 endloop
endfacet
facet normal 0.0 0.0 1.0
 outer loop
  vertex 39.66873970031738 8.861109733581543 0.0
  vertex 38.3119010925293 7.25 0.0
  vertex 39.908199310302734 7.25 0.0
 endloop
endfacet
facet normal 0.0 0.0 1.0
 outer loop
  vertex 46.55857828743974 9.96137866545654 0.0
  vertex 46.02683803690725 9.693135196645185 0.0
  vertex 46.29349899291992 8.861109733581543 0.0
 endloop
endfacet
facet normal 0.0 0.0 1.0
 outer loop
  vertex 47.090095676485355 10.22945700719145 0.0
  vertex 46.55857828743974 9.96137866545654 0.0
  vertex 47.889801025390625 9.666669845581055 0.0
 endloop
endfacet
facet normal 0.0 0.0 1.0
 outer loop
  vertex 54.11478272983943 8.493113900687632 0.0
  vertex 54.75256426949332 8.689002802901143 0.0
  vertex 55.073299407958984 9.666669845581055 0.0
 endloop
endfacet
facet normal 0.0 0.0 1.0
 outer loop
  vertex 30.3302001953125 10.472200393676758 0.0
  vertex 29.265988324946523 10.475551374139373 0.0
  vertex 28.73390007019043 10.230541229248047 0.0
 endloop
endfacet
facet normal 0.0 -0.0 1.0
 outer loop
  vertex 30.3302001953125 8.861109733581543 0.0
  vertex 30.3302001953125 10.472200393676758 0.0
  vertex 28.73390007019043 10.230541229248047 0.0
 endloop
endfacet
facet normal 0.0 0.0 1.0
 outer loop
  vertex 31.92650032043457 7.528949503207188 0.0
  vertex 32.724700927734375 7.8138920783996575 0.0
  vertex 32.724700927734375 8.055560111999512 0.0
 endloop
endfacet
facet normal 0.0 0.0 1.0
 outer loop
  vertex 30.3302001953125 8.055560111999512 0.0
  vertex 31.367830657958983 7.25 0.0
  vertex 31.92650032043457 7.528949503207188 0.0
 endloop
endfacet
facet normal 0.0 0.0 1.0
 outer loop
  vertex 30.3302001953125 8.861109733581543 0.0
  vertex 30.3302001953125 8.055560111999512 0.0
  vertex 31.92650032043457 7.528949503207188 0.0
 endloop
endfacet
facet normal 0.0 -0.0 1.0
 outer loop
  vertex 31.92650032043457 7.528949503207188 0.0
  vertex 31.92650032043457 9.666669845581055 0.0
  vertex 30.3302001953125 8.861109733581543 0.0
 endloop
endfacet
facet normal 0.0 0.0 1.0
 outer loop
  vertex 79.01830291748047 9.666669845581055 0.0
  vertex 78.22010040283203 8.861109733581543 0.0
  vertex 79.01830291748047 8.055560111999512 0.0
 endloop
endfacet
facet normal 0.0 0.0 1.0
 outer loop
  vertex 82.21089935302734 9.666669845581055 0.0
  vertex 81.41280364990234 8.861109733581543 0.0
  vertex 82.21089935302734 8.055560111999512 0.0
 endloop
endfacet
facet normal 0.0 0.0 1.0
 outer loop
  vertex 83.7746208824931 9.201053078013537 0.0
  vertex 83.3897745965584 9.655731369192885 0.0
  vertex 82.21089935302734 9.666669845581055 0.0
 endloop
endfacet
facet normal 0.0 0.0 1.0
 outer loop
  vertex 83.7746208824931 9.201053078013537 0.0
  vertex 82.21089935302734 9.666669845581055 0.0
  vertex 82.21089935302734 8.055560111999512 0.0
 endloop
endfacet
facet normal 0.0 0.0 1.0
 outer loop
  vertex 83.7746208824931 9.201053078013537 0.0
  vertex 82.21089935302734 8.055560111999512 0.0
  vertex 83.80729675292969 8.055560111999512 0.0
 endloop
endfacet
facet normal 0.0 0.0 1.0
 outer loop
  vertex 13.56879997253418 8.861109733581543 0.0
  vertex 14.366900444030762 9.666669845581055 0.0
  vertex 13.56879997253418 10.472200393676758 0.0
 endloop
endfacet
facet normal 0.0 0.0 1.0
 outer loop
  vertex 13.56879997253418 10.472200393676758 0.0
  vertex 11.972399711608887 8.861109733581543 0.0
  vertex 13.56879997253418 8.861109733581543 0.0
 endloop
endfacet
facet normal 0.0 0.0 1.0
 outer loop
  vertex 38.3119010925293 11.277700424194336 0.0
  vertex 37.51369857788086 9.666669845581055 0.0
  vertex 38.84986470608572 10.472200393676758 0.0
 endloop
endfacet
facet normal 0.0 -0.0 1.0
 outer loop
  vertex 50.2843017578125 10.472200393676758 0.0
  vertex 50.2843017578125 11.277700424194336 0.0
  vertex 49.20896621947168 11.29174150069836 0.0
 endloop
endfacet
facet normal 0.0 0.0 1.0
 outer loop
  vertex 50.2843017578125 10.472200393676758 0.0
  vertex 49.20896621947168 11.29174150069836 0.0
  vertex 48.680354368709914 11.0293891964562 0.0
 endloop
endfacet
facet normal 0.0 0.0 1.0
 outer loop
  vertex 50.2843017578125 10.472200393676758 0.0
  vertex 48.680354368709914 11.0293891964562 0.0
  vertex 48.6879997253418 9.666669845581055 0.0
 endloop
endfacet
facet normal 0.0 0.0 1.0
 outer loop
  vertex 11.972399711608887 11.277700424194336 0.0
  vertex 12.770600318908691 12.08329963684082 0.0
  vertex 11.972399711608887 12.888799667358398 0.0
 endloop
endfacet
facet normal 0.0 0.0 1.0
 outer loop
  vertex 11.972399711608887 12.888799667358398 0.0
  vertex 11.174300193786621 11.277700424194336 0.0
  vertex 11.972399711608887 11.277700424194336 0.0
 endloop
endfacet
facet normal 0.0 -0.0 0.9999999999999999
 outer loop
  vertex 22.348600387573242 11.277700424194336 0.0
  vertex 22.348600387573242 12.08329963684082 0.0
  vertex 21.201304641171454 12.165946791321094 0.0
 endloop
endfacet
facet normal 0.0 0.0 1.0
 outer loop
  vertex 20.752199172973633 11.841619873046875 0.0
  vertex 21.550399780273438 10.472200393676758 0.0
  vertex 22.348600387573242 11.277700424194336 0.0
 endloop
endfacet
facet normal 0.0 0.0 1.0
 outer loop
  vertex 21.201304641171454 12.165946791321094 0.0
  vertex 20.752199172973633 11.841619873046875 0.0
  vertex 22.348600387573242 11.277700424194336 0.0
 endloop
endfacet
facet normal 0.0 0.0 1.0
 outer loop
  vertex 77.4219970703125 11.277700424194336 0.0
  vertex 76.6238021850586 10.472200393676758 0.0
  vertex 77.4219970703125 9.666669845581055 0.0
 endloop
endfacet
facet normal 0.0 0.0 0.9999999999999999
 outer loop
  vertex 33.52289962768555 12.08329963684082 0.0
  vertex 32.165960502624515 12.08329963684082 0.0
  vertex 31.92650032043457 11.825083874959876 0.0
 endloop
endfacet
facet normal -0.0 0.0 1.0
 outer loop
  vertex 31.92650032043457 11.825083874959876 0.0
  vertex 32.724700927734375 10.472200393676758 0.0
  vertex 33.52289962768555 12.08329963684082 0.0
 endloop
endfacet
facet normal 0.0 0.0 0.9999999999999999
 outer loop
  vertex 52.67879867553711 11.277700424194336 0.0
  vertex 51.880699157714844 11.277700424194336 0.0
  vertex 51.880699157714844 9.666669845581055 0.0
 endloop
endfacet
facet normal 0.0 0.0 1.0
 outer loop
  vertex 52.67879867553711 11.277700424194336 0.0
  vertex 54.27519989013672 12.08329963684082 0.0
  vertex 52.91825942993164 12.888799667358398 0.0
 endloop
endfacet
facet normal -0.0 0.0 1.0
 outer loop
  vertex 52.67879867553711 12.647149658203125 0.0
  vertex 52.67879867553711 11.277700424194336 0.0
  vertex 52.91825942993164 12.888799667358398 0.0
 endloop
endfacet
facet normal 0.0 0.0 1.0
 outer loop
  vertex 50.85799467563629 12.042464870625972 0.0
  vertex 50.2843017578125 11.805931887317758 0.0
  vertex 50.2843017578125 11.277700424194336 0.0
 endloop
endfacet
facet normal 0.0 0.0 0.9999999999999999
 outer loop
  vertex 51.880699157714844 11.277700424194336 0.0
  vertex 51.456618905067444 12.252769313347315 0.0
  vertex 50.85799467563629 12.042464870625972 0.0
 endloop
endfacet
facet normal -0.0 0.0 0.9999999999999999
 outer loop
  vertex 50.2843017578125 11.277700424194336 0.0
  vertex 50.2843017578125 10.472200393676758 0.0
  vertex 51.880699157714844 11.277700424194336 0.0
 endloop
endfacet
facet normal 0.0 0.0 1.0
 outer loop
  vertex 50.85799467563629 12.042464870625972 0.0
  vertex 50.2843017578125 11.277700424194336 0.0
  vertex 51.880699157714844 11.277700424194336 0.0
 endloop
endfacet
facet normal 0.0 0.0 1.0
 outer loop
  vertex 55.073299407958984 9.666669845581055 0.0
  vertex 55.88930613884822 9.132521541383204 0.0
  vertex 56.42369186704087 9.39613004846689 0.0
 endloop
endfacet
facet normal 0.0 0.0 1.0
 outer loop
  vertex 56.42369186704087 9.39613004846689 0.0
  vertex 56.95807759523353 9.659738555550575 0.0
  vertex 57.46780014038086 10.472200393676758 0.0
 endloop
endfacet
facet normal 0.0 0.0 1.0
 outer loop
  vertex 56.42369186704087 9.39613004846689 0.0
  vertex 57.46780014038086 10.472200393676758 0.0
  vertex 56.669700622558594 11.277700424194336 0.0
 endloop
endfacet
facet normal 0.0 -0.0 1.0
 outer loop
  vertex 56.42369186704087 9.39613004846689 0.0
  vertex 56.669700622558594 11.277700424194336 0.0
  vertex 55.073299407958984 9.666669845581055 0.0
 endloop
endfacet
facet normal 0.0 0.0 1.0
 outer loop
  vertex 23.533459083527486 11.171642240949893 0.0
  vertex 23.94490051269531 11.519380187988281 0.0
  vertex 23.944900512695313 12.08329963684082 0.0
 endloop
endfacet
facet normal 0.0 0.0 0.9999999999999999
 outer loop
  vertex 22.348600387573242 12.08329963684082 0.0
  vertex 22.348600387573242 11.277700424194336 0.0
  vertex 23.533459083527486 11.171642240949893 0.0
 endloop
endfacet
facet normal -0.0 0.0 0.9999999999999999
 outer loop
  vertex 22.348600387573242 12.08329963684082 0.0
  vertex 23.533459083527486 11.171642240949893 0.0
  vertex 23.944900512695313 12.08329963684082 0.0
 endloop
endfacet
facet normal 0.0 0.0 1.0
 outer loop
  vertex 22.348600387573242 12.08329963684082 0.0
  vertex 23.944900512695313 12.08329963684082 0.0
  vertex 22.619458735790758 13.13412252396354 0.0
 endloop
endfacet
facet normal 0.0 0.0 1.0
 outer loop
  vertex 74.24195577716375 11.72219618027642 0.0
  vertex 74.62776248441475 11.292058911080243 0.0
  vertex 75.82559967041016 11.277700424194336 0.0
 endloop
endfacet
facet normal -0.0 0.0 1.0
 outer loop
  vertex 74.24195577716375 11.72219618027642 0.0
  vertex 75.82559967041016 11.277700424194336 0.0
  vertex 75.82559967041016 12.888799667358398 0.0
 endloop
endfacet
facet normal 0.0 -0.0 1.0
 outer loop
  vertex 74.24195577716375 11.72219618027642 0.0
  vertex 75.82559967041016 12.888799667358398 0.0
  vertex 74.22930145263672 12.888799667358398 0.0
 endloop
endfacet
facet normal 0.0 0.0 1.0
 outer loop
  vertex 79.01830291748047 12.888799667358398 0.0
  vertex 77.4219970703125 12.888799667358398 0.0
  vertex 77.4219970703125 11.277700424194336 0.0
 endloop
endfacet
facet normal -0.0 0.0 1.0
 outer loop
  vertex 8.221097898483276 13.6943998336792 0.0
  vertex 8.53537423312664 13.160215281999204 0.0
  vertex 9.577980041503906 14.5 0.0
 endloop
endfacet
facet normal 0.0 0.0 0.9999999999999999
 outer loop
  vertex 7.981649875640869 15.305500030517578 0.0
  vertex 7.858764860383598 14.097402982882901 0.0
  vertex 8.221097898483276 13.6943998336792 0.0
 endloop
endfacet
facet normal 0.0 0.0 1.0
 outer loop
  vertex 7.981649875640869 15.305500030517578 0.0
  vertex 8.221097898483276 13.6943998336792 0.0
  vertex 9.577980041503906 14.5 0.0
 endloop
endfacet
facet normal 0.0 0.0 1.0
 outer loop
  vertex 10.376099586486816 14.5 0.0
  vertex 9.577980041503906 14.5 0.0
  vertex 9.577980041503906 12.888799667358398 0.0
 endloop
endfacet
facet normal 0.0 0.0 0.9999999999999999
 outer loop
  vertex 31.92650032043457 13.6943998336792 0.0
  vertex 31.806608671604934 12.48604965209961 0.0
  vertex 32.165960502624515 12.08329963684082 0.0
 endloop
endfacet
facet normal 0.0 0.0 1.0
 outer loop
  vertex 32.165960502624515 12.08329963684082 0.0
  vertex 33.52289962768555 12.08329963684082 0.0
  vertex 33.52289962768555 13.6943998336792 0.0
 endloop
endfacet
facet normal 0.0 -0.0 1.0
 outer loop
  vertex 32.165960502624515 12.08329963684082 0.0
  vertex 33.52289962768555 13.6943998336792 0.0
  vertex 31.92650032043457 13.6943998336792 0.0
 endloop
endfacet
facet normal 0.0 0.0 1.0
 outer loop
  vertex 35.91740036010742 14.774643740162379 0.0
  vertex 35.11920166015625 15.063850021362306 0.0
  vertex 35.11920166015625 13.6943998336792 0.0
 endloop
endfacet
facet normal 0.0 -0.0 1.0
 outer loop
  vertex 56.669700622558594 11.277700424194336 0.0
  vertex 57.46780014038086 12.08329963684082 0.0
  vertex 55.871498107910156 12.888799667358398 0.0
 endloop
endfacet
facet normal 0.0 -0.0 1.0
 outer loop
  vertex 57.46780014038086 13.6943998336792 0.0
  vertex 57.46780014038086 14.5 0.0
  vertex 56.669700622558594 15.063850021362306 0.0
 endloop
endfacet
facet normal 0.0 0.0 1.0
 outer loop
  vertex 55.871498107910156 14.5 0.0
  vertex 55.073299407958984 13.6943998336792 0.0
  vertex 55.871498107910156 12.888799667358398 0.0
 endloop
endfacet
facet normal 0.0 0.0 1.0
 outer loop
  vertex 55.871498107910156 14.5 0.0
  vertex 55.871498107910156 12.888799667358398 0.0
  vertex 57.46780014038086 13.6943998336792 0.0
 endloop
endfacet
facet normal -0.0 0.0 1.0
 outer loop
  vertex 55.871498107910156 14.5 0.0
  vertex 57.46780014038086 13.6943998336792 0.0
  vertex 56.669700622558594 15.063850021362306 0.0
 endloop
endfacet
facet normal 0.0 0.0 1.0
 outer loop
  vertex 39.11000061035156 13.6943998336792 0.0
  vertex 37.51369857788086 14.5 0.0
  vertex 37.51369857788086 12.888799667358398 0.0
 endloop
endfacet
facet normal 0.0 -0.0 1.0
 outer loop
  vertex 39.0574991538536 12.618630155463617 0.0
  vertex 39.11000061035156 13.6943998336792 0.0
  vertex 37.51369857788086 12.888799667358398 0.0
 endloop
endfacet
facet normal 0.0 0.0 1.0
 outer loop
  vertex 59.06420135498047 12.08329963684082 0.0
  vertex 60.08930164575576 12.357647979259491 0.0
  vertex 60.421039962768546 12.888799667358398 0.0
 endloop
endfacet
facet normal 0.0 0.0 1.0
 outer loop
  vertex 59.06420135498047 13.6943998336792 0.0
  vertex 59.06420135498047 12.08329963684082 0.0
  vertex 60.421039962768546 12.888799667358398 0.0
 endloop
endfacet
facet normal 0.0 0.0 1.0
 outer loop
  vertex 72.63300323486328 15.305500030517578 0.0
  vertex 72.40600037574768 13.968807390332222 0.0
  vertex 73.43109893798828 13.6943998336792 0.0
 endloop
endfacet
facet normal 0.0 0.0 0.9999999999999999
 outer loop
  vertex 74.22930145263672 12.888799667358398 0.0
  vertex 75.82559967041016 12.888799667358398 0.0
  vertex 75.82559967041016 14.5 0.0
 endloop
endfacet
facet normal 0.0 0.0 1.0
 outer loop
  vertex 7.1834797859191895 17.722200393676758 0.0
  vertex 6.38532018661499 16.91659927368164 0.0
  vertex 7.1834797859191895 16.111099243164063 0.0
 endloop
endfacet
facet normal 0.0 0.0 1.0
 outer loop
  vertex 7.1834797859191895 16.111099243164063 0.0
  vertex 8.779809951782227 16.91659927368164 0.0
  vertex 7.1834797859191895 17.722200393676758 0.0
 endloop
endfacet
facet normal -0.0 0.0 1.0
 outer loop
  vertex 30.3302001953125 13.936079883575438 0.0
  vertex 30.70251996605948 13.587012702133507 0.0
  vertex 31.92650032043457 14.5 0.0
 endloop
endfacet
facet normal 0.0 0.0 0.9999999999999999
 outer loop
  vertex 31.128400802612305 15.305500030517578 0.0
  vertex 30.3302001953125 13.936079883575438 0.0
  vertex 31.92650032043457 14.5 0.0
 endloop
endfacet
facet normal 0.0 0.0 1.0
 outer loop
  vertex 32.724700927734375 16.111099243164063 0.0
  vertex 31.128400802612305 15.305500030517578 0.0
  vertex 31.92650032043457 14.5 0.0
 endloop
endfacet
facet normal 0.0 0.0 1.0
 outer loop
  vertex 51.880699157714844 14.988549589629118 0.0
  vertex 52.439368820190424 14.499999999999998 0.0
  vertex 53.47700119018555 14.5 0.0
 endloop
endfacet
facet normal 0.0 0.0 1.0
 outer loop
  vertex 53.47700119018555 16.111099243164063 0.0
  vertex 51.880699157714844 16.111099243164063 0.0
  vertex 51.880699157714844 14.988549589629118 0.0
 endloop
endfacet
facet normal 0.0 0.0 1.0
 outer loop
  vertex 53.47700119018555 16.111099243164063 0.0
  vertex 51.880699157714844 14.988549589629118 0.0
  vertex 53.47700119018555 14.5 0.0
 endloop
endfacet
facet normal 0.0 0.0 1.0
 outer loop
  vertex 57.46780014038086 14.5 0.0
  vertex 57.46780014038086 13.6943998336792 0.0
  vertex 59.06420135498047 13.6943998336792 0.0
 endloop
endfacet
facet normal 0.0 0.0 1.0
 outer loop
  vertex 59.06420135498047 13.6943998336792 0.0
  vertex 58.26599884033203 15.305500030517578 0.0
  vertex 57.46780014038086 14.5 0.0
 endloop
endfacet
facet normal 0.0 0.0 1.0
 outer loop
  vertex 39.908199310302734 17.722200393676758 0.0
  vertex 39.1832547731843 17.957344700012364 0.0
  vertex 38.86729286053014 17.436971986847002 0.0
 endloop
endfacet
facet normal 0.0 -0.0 0.9999999999999999
 outer loop
  vertex 39.908199310302734 16.91659927368164 0.0
  vertex 39.908199310302734 17.722200393676758 0.0
  vertex 38.86729286053014 17.436971986847002 0.0
 endloop
endfacet
facet normal 0.0 0.0 1.0
 outer loop
  vertex 39.908199310302734 16.91659927368164 0.0
  vertex 38.86729286053014 17.436971986847002 0.0
  vertex 38.55133094787598 16.91659927368164 0.0
 endloop
endfacet
facet normal 0.0 0.0 1.0
 outer loop
  vertex 41.13745574819741 16.085572560457027 0.0
  vertex 41.48712876179108 16.505978343252174 0.0
  vertex 41.50450134277344 16.91659927368164 0.0
 endloop
endfacet
facet normal 0.0 0.0 1.0
 outer loop
  vertex 40.80219840937703 15.695536295487303 0.0
  vertex 41.13745574819741 16.085572560457027 0.0
  vertex 41.50450134277344 16.91659927368164 0.0
 endloop
endfacet
facet normal 0.0 -0.0 1.0
 outer loop
  vertex 40.80219840937703 15.695536295487303 0.0
  vertex 41.50450134277344 16.91659927368164 0.0
  vertex 39.908199310302734 16.91659927368164 0.0
 endloop
endfacet
facet normal 0.0 0.0 0.9999999999999999
 outer loop
  vertex 40.80219840937703 15.695536295487303 0.0
  vertex 39.908199310302734 16.91659927368164 0.0
  vertex 39.908199310302734 15.305500030517578 0.0
 endloop
endfacet
facet normal 0.0 0.0 1.0
 outer loop
  vertex 59.862300872802734 16.91659927368164 0.0
  vertex 58.73756242011615 16.87348038768008 0.0
  vertex 58.31360791337695 16.451150242680065 0.0
 endloop
endfacet
facet normal 0.0 -0.0 1.0
 outer loop
  vertex 59.862300872802734 15.305500030517578 0.0
  vertex 59.862300872802734 16.91659927368164 0.0
  vertex 58.31360791337695 16.451150242680065 0.0
 endloop
endfacet
facet normal 0.0 0.0 1.0
 outer loop
  vertex 59.862300872802734 15.305500030517578 0.0
  vertex 58.31360791337695 16.451150242680065 0.0
  vertex 58.26599884033203 15.305500030517578 0.0
 endloop
endfacet
facet normal 0.0 0.0 1.0
 outer loop
  vertex 72.63300323486328 16.91659927368164 0.0
  vertex 71.83480072021484 17.722200393676758 0.0
  vertex 71.0365982055664 16.91659927368164 0.0
 endloop
endfacet
facet normal 0.0 0.0 1.0
 outer loop
  vertex 71.0365982055664 16.91659927368164 0.0
  vertex 71.0365982055664 16.111099243164063 0.0
  vertex 71.28607153892517 15.295477771759034 0.0
 endloop
endfacet
facet normal 0.0 0.0 1.0
 outer loop
  vertex 72.63300323486328 16.91659927368164 0.0
  vertex 71.0365982055664 16.91659927368164 0.0
  vertex 71.28607153892517 15.295477771759034 0.0
 endloop
endfacet
facet normal 0.0 0.0 1.0
 outer loop
  vertex 72.63300323486328 16.91659927368164 0.0
  vertex 71.28607153892517 15.295477771759034 0.0
  vertex 72.63300323486328 15.305500030517578 0.0
 endloop
endfacet
facet normal 0.0 -0.0 1.0
 outer loop
  vertex 78.22010040283203 13.6943998336792 0.0
  vertex 78.36133695502497 14.920357309560247 0.0
  vertex 77.4219970703125 15.305500030517578 0.0
 endloop
endfacet
facet normal 0.0 0.0 1.0
 outer loop
  vertex 75.02749633789063 16.111099243164063 0.0
  vertex 74.22930145263672 15.305500030517578 0.0
  vertex 75.82559967041016 14.5 0.0
 endloop
endfacet
facet normal 0.0 0.0 1.0
 outer loop
  vertex 75.82559967041016 14.5 0.0
  vertex 77.4219970703125 15.305500030517578 0.0
  vertex 76.6238021850586 16.111099243164063 0.0
 endloop
endfacet
facet normal -0.0 0.0 1.0
 outer loop
  vertex 75.02749633789063 16.111099243164063 0.0
  vertex 75.82559967041016 14.5 0.0
  vertex 76.6238021850586 16.111099243164063 0.0
 endloop
endfacet
facet normal 0.0 0.0 1.0
 outer loop
  vertex 23.146699905395508 17.722200393676758 0.0
  vertex 23.492839455604553 16.744311153877305 0.0
  vertex 24.11796933412552 16.54853020309832 0.0
 endloop
endfacet
facet normal 0.0 0.0 1.0
 outer loop
  vertex 51.08250045776367 17.722200393676758 0.0
  vertex 49.779451989059105 16.679370927810666 0.0
  vertex 50.2843017578125 16.352749252319335 0.0
 endloop
endfacet
facet normal 0.0 0.0 1.0
 outer loop
  vertex 50.2843017578125 16.352749252319335 0.0
  vertex 50.68330589601451 16.011736104435712 0.0
  vertex 51.880699157714844 16.111099243164063 0.0
 endloop
endfacet
facet normal 0.0 -0.0 1.0
 outer loop
  vertex 51.880699157714844 16.111099243164063 0.0
  vertex 52.32135619551461 17.722200393676758 0.0
  vertex 51.08250045776367 17.722200393676758 0.0
 endloop
endfacet
facet normal 0.0 0.0 1.0
 outer loop
  vertex 51.880699157714844 16.111099243164063 0.0
  vertex 51.08250045776367 17.722200393676758 0.0
  vertex 50.2843017578125 16.352749252319335 0.0
 endloop
endfacet
facet normal 0.0 -0.0 1.0
 outer loop
  vertex 71.0365982055664 18.527700424194336 0.0
  vertex 71.0365982055664 19.33329963684082 0.0
  vertex 69.44029998779297 19.33329963684082 0.0
 endloop
endfacet
facet normal 0.0 0.0 1.0
 outer loop
  vertex 71.0365982055664 18.527700424194336 0.0
  vertex 69.34052467346191 17.259001863002776 0.0
  vertex 71.0365982055664 16.91659927368164 0.0
 endloop
endfacet
facet normal 0.0 0.0 1.0
 outer loop
  vertex 75.02749633789063 16.111099243164063 0.0
  vertex 75.82559967041016 16.91659927368164 0.0
  vertex 75.02749633789063 17.722200393676758 0.0
 endloop
endfacet
facet normal 0.0 0.0 1.0
 outer loop
  vertex 18.35770034790039 19.33329963684082 0.0
  vertex 18.60792520073297 18.383646200088663 0.0
  vertex 19.28101242794217 18.173748301460346 0.0
 endloop
endfacet
facet normal 0.0 0.0 1.0
 outer loop
  vertex 28.615601737699727 19.689682048823116 0.0
  vertex 27.935699462890625 19.897149658203126 0.0
  vertex 28.73390007019043 18.527700424194336 0.0
 endloop
endfacet
facet normal 0.0 0.0 1.0
 outer loop
  vertex 29.295504012508825 19.482214439443105 0.0
  vertex 28.615601737699727 19.689682048823116 0.0
  vertex 28.73390007019043 18.527700424194336 0.0
 endloop
endfacet
facet normal 0.0 0.0 1.0
 outer loop
  vertex 49.81660494911812 19.412182782113085 0.0
  vertex 48.6879997253418 19.33329963684082 0.0
  vertex 48.6879997253418 18.527700424194336 0.0
 endloop
endfacet
facet normal 0.0 0.0 1.0
 outer loop
  vertex 49.48619842529297 17.722200393676758 0.0
  vertex 50.79476106043087 18.756814396381376 0.0
  vertex 50.2843017578125 19.091619873046874 0.0
 endloop
endfacet
facet normal -0.0 0.0 1.0
 outer loop
  vertex 48.6879997253418 18.527700424194336 0.0
  vertex 49.48619842529297 17.722200393676758 0.0
  vertex 50.2843017578125 19.091619873046874 0.0
 endloop
endfacet
facet normal 0.0 0.0 1.0
 outer loop
  vertex 48.6879997253418 18.527700424194336 0.0
  vertex 50.2843017578125 19.091619873046874 0.0
  vertex 49.81660494911812 19.412182782113085 0.0
 endloop
endfacet
facet normal 0.0 0.0 1.0
 outer loop
  vertex 63.05500030517578 15.547179794311523 0.0
  vertex 63.58127228021622 15.881993949413301 0.0
  vertex 63.85309982299805 16.91659927368164 0.0
 endloop
endfacet
facet normal -0.0 0.0 1.0
 outer loop
  vertex 62.25680160522461 16.91659927368164 0.0
  vertex 63.05500030517578 15.547179794311523 0.0
  vertex 63.85309982299805 16.91659927368164 0.0
 endloop
endfacet
facet normal 0.0 -0.0 0.9999999999999999
 outer loop
  vertex 63.85309982299805 16.91659927368164 0.0
  vertex 64.65129852294922 17.722200393676758 0.0
  vertex 63.05500030517578 18.527700424194336 0.0
 endloop
endfacet
facet normal 0.0 0.0 1.0
 outer loop
  vertex 67.0457992553711 18.286050415039064 0.0
  vertex 67.84400177001953 18.286050415039064 0.0
  vertex 67.84400177001953 19.33329963684082 0.0
 endloop
endfacet
facet normal -0.0 0.0 1.0
 outer loop
  vertex 66.24759674072266 20.1387996673584 0.0
  vertex 67.84400177001953 19.33329963684082 0.0
  vertex 67.84400177001953 20.1387996673584 0.0
 endloop
endfacet
facet normal 0.0 0.0 1.0
 outer loop
  vertex 15.963199615478516 20.1387996673584 0.0
  vertex 16.198054336736163 19.19160204999148 0.0
  vertex 16.878827583407144 18.98049111898988 0.0
 endloop
endfacet
facet normal -0.0 0.0 1.0
 outer loop
  vertex 15.963199615478516 20.1387996673584 0.0
  vertex 16.878827583407144 18.98049111898988 0.0
  vertex 17.559600830078125 20.1387996673584 0.0
 endloop
endfacet
facet normal 0.0 0.0 0.9999999999999999
 outer loop
  vertex 28.73390007019043 18.527700424194336 0.0
  vertex 27.935699462890625 19.897149658203126 0.0
  vertex 27.13759994506836 19.33329963684082 0.0
 endloop
endfacet
facet normal 0.0 0.0 1.0
 outer loop
  vertex 40.67977610030212 20.407373765886227 0.0
  vertex 40.413720520306384 19.87034674441894 0.0
  vertex 41.50450134277344 19.33329963684082 0.0
 endloop
endfacet
facet normal 0.0 0.0 1.0
 outer loop
  vertex 40.14766006469727 19.33329963684082 0.0
  vertex 39.82554437462241 18.882527677446287 0.0
  vertex 39.908199310302734 17.722200393676758 0.0
 endloop
endfacet
facet normal 0.0 0.0 1.0
 outer loop
  vertex 41.50450134277344 16.91659927368164 0.0
  vertex 39.908199310302734 17.722200393676758 0.0
  vertex 39.908199310302734 16.91659927368164 0.0
 endloop
endfacet
facet normal 0.0 0.0 1.0
 outer loop
  vertex 64.65129852294922 20.1387996673584 0.0
  vertex 63.85309982299805 20.944400787353516 0.0
  vertex 63.05500030517578 20.1387996673584 0.0
 endloop
endfacet
facet normal 0.0 0.0 1.0
 outer loop
  vertex 64.65129852294922 18.527700424194336 0.0
  vertex 65.68892974853516 17.722200393676758 0.0
  vertex 66.24759674072266 18.05819723635719 0.0
 endloop
endfacet
facet normal 0.0 -0.0 1.0
 outer loop
  vertex 6.38532018661499 19.33329963684082 0.0
  vertex 6.496176909498603 20.578170288606465 0.0
  vertex 6.145869159698486 20.944400787353516 0.0
 endloop
endfacet
facet normal 0.0 0.0 1.0
 outer loop
  vertex 6.145869159698486 20.944400787353516 0.0
  vertex 4.788990020751953 20.944400787353516 0.0
  vertex 4.788990020751953 19.33329963684082 0.0
 endloop
endfacet
facet normal 0.0 0.0 1.0
 outer loop
  vertex 6.38532018661499 19.33329963684082 0.0
  vertex 6.145869159698486 20.944400787353516 0.0
  vertex 4.788990020751953 19.33329963684082 0.0
 endloop
endfacet
facet normal 0.0 0.0 1.0
 outer loop
  vertex 12.770600318908691 20.944400787353516 0.0
  vertex 13.060927351419195 20.0375591475185 0.0
  vertex 13.713913897724979 19.92651880359892 0.0
 endloop
endfacet
facet normal 0.0 0.0 1.0
 outer loop
  vertex 14.366900444030762 20.944400787353516 0.0
  vertex 13.56879997253418 21.75 0.0
  vertex 12.770600318908691 20.944400787353516 0.0
 endloop
endfacet
facet normal 0.0 0.0 1.0
 outer loop
  vertex 14.366900444030762 20.944400787353516 0.0
  vertex 12.770600318908691 20.944400787353516 0.0
  vertex 13.713913897724979 19.92651880359892 0.0
 endloop
endfacet
facet normal 0.0 0.0 1.0
 outer loop
  vertex 20.752199172973633 18.527700424194336 0.0
  vertex 20.988810458332356 17.580502238290087 0.0
  vertex 21.668705422952797 17.36939092398513 0.0
 endloop
endfacet
facet normal 0.0 0.0 1.0
 outer loop
  vertex 24.743099212646484 20.1387996673584 0.0
  vertex 23.944900512695313 18.527700424194336 0.0
  vertex 25.541200637817383 18.527700424194336 0.0
 endloop
endfacet
facet normal 0.0 0.0 1.0
 outer loop
  vertex 46.29349899291992 20.1387996673584 0.0
  vertex 46.02742268741949 19.329653432481784 0.0
  vertex 46.559562097493924 19.049516810235033 0.0
 endloop
endfacet
facet normal 0.0 0.0 1.0
 outer loop
  vertex 46.29349899291992 20.1387996673584 0.0
  vertex 46.559562097493924 19.049516810235033 0.0
  vertex 47.09170150756836 18.76938018798828 0.0
 endloop
endfacet
facet normal -0.0 0.0 1.0
 outer loop
  vertex 47.09170150756836 18.76938018798828 0.0
  vertex 47.51545233456009 18.41587737996597 0.0
  vertex 48.6879997253418 19.33329963684082 0.0
 endloop
endfacet
facet normal 0.0 0.0 1.0
 outer loop
  vertex 8.779809951782227 21.75 0.0
  vertex 9.059170985221861 20.783937497587694 0.0
  vertex 9.717635285854339 20.702484361154827 0.0
 endloop
endfacet
facet normal 0.0 0.0 1.0
 outer loop
  vertex 10.376099586486816 21.75 0.0
  vertex 9.577980041503906 22.555500030517578 0.0
  vertex 8.779809951782227 21.75 0.0
 endloop
endfacet
facet normal 0.0 0.0 1.0
 outer loop
  vertex 10.376099586486816 21.75 0.0
  vertex 8.779809951782227 21.75 0.0
  vertex 9.717635285854339 20.702484361154827 0.0
 endloop
endfacet
facet normal 0.0 0.0 1.0
 outer loop
  vertex 10.376099586486816 21.75 0.0
  vertex 10.44596773982048 20.656094597295272 0.0
  vertex 11.174300193786621 20.609704833435714 0.0
 endloop
endfacet
facet normal 0.0 0.0 0.9999999999999999
 outer loop
  vertex 20.752199172973633 18.527700424194336 0.0
  vertex 22.348600387573242 19.33329963684082 0.0
  vertex 22.348600387573242 20.1387996673584 0.0
 endloop
endfacet
facet normal 0.0 0.0 0.9999999999999999
 outer loop
  vertex 20.752199172973633 20.944400787353516 0.0
  vertex 20.752199172973633 18.527700424194336 0.0
  vertex 22.348600387573242 20.1387996673584 0.0
 endloop
endfacet
facet normal 0.0 0.0 1.0
 outer loop
  vertex 43.89899826049805 20.944400787353516 0.0
  vertex 43.89899826049805 20.1387996673584 0.0
  vertex 44.697200775146484 19.895149184832924 0.0
 endloop
endfacet
facet normal 0.0 0.0 1.0
 outer loop
  vertex 44.697200775146484 21.75 0.0
  vertex 43.89899826049805 20.944400787353516 0.0
  vertex 44.697200775146484 19.895149184832924 0.0
 endloop
endfacet
facet normal 0.0 0.0 1.0
 outer loop
  vertex 46.29349899291992 20.944400787353516 0.0
  vertex 44.697200775146484 21.75 0.0
  vertex 44.697200775146484 19.895149184832924 0.0
 endloop
endfacet
facet normal 0.0 0.0 1.0
 outer loop
  vertex 46.29349899291992 20.944400787353516 0.0
  vertex 44.697200775146484 19.895149184832924 0.0
  vertex 45.49530029296875 19.60978972088818 0.0
 endloop
endfacet
facet normal 0.0 0.0 1.0
 outer loop
  vertex 67.84400177001953 20.1387996673584 0.0
  vertex 67.84400177001953 19.33329963684082 0.0
  vertex 69.44029998779297 19.33329963684082 0.0
 endloop
endfacet
facet normal 0.0 0.0 1.0
 outer loop
  vertex 68.64209747314453 20.944400787353516 0.0
  vertex 67.84400177001953 20.1387996673584 0.0
  vertex 69.44029998779297 19.33329963684082 0.0
 endloop
endfacet
facet normal 0.0 0.0 1.0
 outer loop
  vertex 70.2385025024414 20.944400787353516 0.0
  vertex 68.64209747314453 20.944400787353516 0.0
  vertex 69.44029998779297 19.33329963684082 0.0
 endloop
endfacet
facet normal 0.0 0.0 1.0
 outer loop
  vertex 6.38532018661499 22.555500030517578 0.0
  vertex 5.5871500968933105 23.361099243164063 0.0
  vertex 4.788990020751953 22.555500030517578 0.0
 endloop
endfacet
facet normal 0.0 0.0 1.0
 outer loop
  vertex 39.11000061035156 22.555500030517578 0.0
  vertex 39.26982500857136 21.639070323854686 0.0
  vertex 39.908199310302734 21.508320236206053 0.0
 endloop
endfacet
facet normal 0.0 0.0 1.0
 outer loop
  vertex 42.30270004272461 22.555500030517578 0.0
  vertex 40.70640182495117 21.18608055114746 0.0
  vertex 42.30270004272461 20.944400787353516 0.0
 endloop
endfacet
facet normal 0.0 0.0 1.0
 outer loop
  vertex 56.669700622558594 22.555500030517578 0.0
  vertex 56.87038661453696 21.63199160546064 0.0
  vertex 57.56819272743449 21.52950685801332 0.0
 endloop
endfacet
facet normal -0.0 0.0 1.0
 outer loop
  vertex 56.669700622558594 22.555500030517578 0.0
  vertex 57.56819272743449 21.52950685801332 0.0
  vertex 58.26599884033203 22.555500030517578 0.0
 endloop
endfacet
facet normal 0.0 0.0 1.0
 outer loop
  vertex 58.26599884033203 22.555500030517578 0.0
  vertex 58.31619704120748 21.462371681906752 0.0
  vertex 59.06420135498047 21.395236505800185 0.0
 endloop
endfacet
facet normal -0.0 0.0 0.9999999999999999
 outer loop
  vertex 58.26599884033203 22.555500030517578 0.0
  vertex 59.06420135498047 21.395236505800185 0.0
  vertex 59.862300872802734 22.555500030517578 0.0
 endloop
endfacet
facet normal 0.0 0.0 1.0
 outer loop
  vertex 58.26599884033203 23.361099243164063 0.0
  vertex 58.26599884033203 22.555500030517578 0.0
  vertex 59.862300872802734 22.555500030517578 0.0
 endloop
endfacet
facet normal -0.0 0.0 1.0
 outer loop
  vertex 58.26599884033203 23.361099243164063 0.0
  vertex 59.862300872802734 22.555500030517578 0.0
  vertex 59.862300872802734 23.361099243164063 0.0
 endloop
endfacet
facet normal 0.0 0.0 1.0
 outer loop
  vertex 59.862300872802734 22.555500030517578 0.0
  vertex 59.86235046386719 21.29065852847382 0.0
  vertex 60.660499572753906 21.18608055114746 0.0
 endloop
endfacet
facet normal 0.0 -0.0 1.0
 outer loop
  vertex 60.89995918273926 20.944400787353516 0.0
  vertex 62.25680160522461 21.75 0.0
  vertex 60.660499572753906 21.18608055114746 0.0
 endloop
endfacet
facet normal 0.0 0.0 1.0
 outer loop
  vertex 3.192660093307495 20.944400787353516 0.0
  vertex 3.1591375299303763 19.8229867633113 0.0
  vertex 3.536322677104545 19.39509309409384 0.0
 endloop
endfacet
facet normal 0.0 0.0 1.0
 outer loop
  vertex 4.788990020751953 20.944400787353516 0.0
  vertex 3.192660093307495 20.944400787353516 0.0
  vertex 3.536322677104545 19.39509309409384 0.0
 endloop
endfacet
facet normal 0.0 -0.0 1.0
 outer loop
  vertex 4.788990020751953 19.33329963684082 0.0
  vertex 4.788990020751953 20.944400787353516 0.0
  vertex 3.536322677104545 19.39509309409384 0.0
 endloop
endfacet
facet normal -0.0 0.0 1.0
 outer loop
  vertex 23.944900512695313 24.16659927368164 0.0
  vertex 25.541200637817383 23.361099243164063 0.0
  vertex 25.541200637817383 24.16659927368164 0.0
 endloop
endfacet
facet normal 0.0 0.0 1.0
 outer loop
  vertex 25.541200637817383 23.361099243164063 0.0
  vertex 25.541235066601075 22.282657276696632 0.0
  vertex 26.339398760588665 22.27282388484145 0.0
 endloop
endfacet
facet normal -0.0 0.0 1.0
 outer loop
  vertex 27.13759994506836 24.16659927368164 0.0
  vertex 28.73390007019043 23.361099243164063 0.0
  vertex 28.73390007019043 24.16659927368164 0.0
 endloop
endfacet
facet normal 0.0 0.0 1.0
 outer loop
  vertex 28.73390007019043 23.361099243164063 0.0
  vertex 28.73388213459475 22.247050919852228 0.0
  vertex 29.532041569778812 22.239347966190415 0.0
 endloop
endfacet
facet normal -0.0 0.0 1.0
 outer loop
  vertex 30.3302001953125 24.16659927368164 0.0
  vertex 31.92650032043457 23.361099243164063 0.0
  vertex 31.92650032043457 24.16659927368164 0.0
 endloop
endfacet
facet normal 0.0 0.0 1.0
 outer loop
  vertex 31.92650032043457 23.361099243164063 0.0
  vertex 31.92653406393947 22.204401962499148 0.0
  vertex 32.72470097429323 22.19068051281248 0.0
 endloop
endfacet
facet normal -0.0 0.0 1.0
 outer loop
  vertex 33.52289962768555 24.16659927368164 0.0
  vertex 35.11920166015625 23.361099243164063 0.0
  vertex 35.11920166015625 24.16659927368164 0.0
 endloop
endfacet
facet normal 0.0 0.0 1.0
 outer loop
  vertex 35.11920166015625 23.361099243164063 0.0
  vertex 35.11920166015625 22.149849252323396 0.0
  vertex 35.917367295362055 22.11069224840474 0.0
 endloop
endfacet
facet normal 0.0 0.0 1.0
 outer loop
  vertex 51.880699157714844 23.361099243164063 0.0
  vertex 52.05017793982987 22.44985470548982 0.0
  vertex 52.75669353343546 22.35880162149848 0.0
 endloop
endfacet
facet normal 0.0 0.0 1.0
 outer loop
  vertex 53.47700119018555 23.361099243164063 0.0
  vertex 52.67879867553711 24.16659927368164 0.0
  vertex 51.880699157714844 23.361099243164063 0.0
 endloop
endfacet
facet normal 0.0 0.0 1.0
 outer loop
  vertex 53.47700119018555 23.361099243164063 0.0
  vertex 51.880699157714844 23.361099243164063 0.0
  vertex 52.75669353343546 22.35880162149848 0.0
 endloop
endfacet
facet normal 0.0 0.0 1.0
 outer loop
  vertex 53.47700119018555 23.361099243164063 0.0
  vertex 53.515946711786086 22.295490150158145 0.0
  vertex 54.27519989013672 22.232178678817814 0.0
 endloop
endfacet
facet normal 0.0 0.0 1.0
 outer loop
  vertex 55.073299407958984 23.361099243164063 0.0
  vertex 53.47700119018555 23.361099243164063 0.0
  vertex 54.27519989013672 22.232178678817814 0.0
 endloop
endfacet
facet normal 0.0 0.0 1.0
 outer loop
  vertex 64.65129852294922 22.555500030517578 0.0
  vertex 63.85309982299805 23.361099243164063 0.0
  vertex 63.05500030517578 22.555500030517578 0.0
 endloop
endfacet
facet normal 0.0 0.0 1.0
 outer loop
  vertex 63.05500030517578 22.555500030517578 0.0
  vertex 62.25680160522461 21.75 0.0
  vertex 63.85309982299805 20.944400787353516 0.0
 endloop
endfacet
facet normal 0.0 0.0 1.0
 outer loop
  vertex 70.2385025024414 22.555500030517578 0.0
  vertex 69.44029998779297 21.75 0.0
  vertex 70.2385025024414 20.944400787353516 0.0
 endloop
endfacet
facet normal 0.0 -0.0 1.0
 outer loop
  vertex 71.83480072021484 20.944400787353516 0.0
  vertex 71.97211996211261 22.17135601121604 0.0
  vertex 71.5953399658203 22.555500030517578 0.0
 endloop
endfacet
facet normal 0.0 0.0 1.0
 outer loop
  vertex 71.5953399658203 22.555500030517578 0.0
  vertex 70.2385025024414 22.555500030517578 0.0
  vertex 70.2385025024414 20.944400787353516 0.0
 endloop
endfacet
facet normal 0.0 0.0 1.0
 outer loop
  vertex 71.5953399658203 22.555500030517578 0.0
  vertex 70.2385025024414 20.944400787353516 0.0
  vertex 71.83480072021484 20.944400787353516 0.0
 endloop
endfacet
facet normal 0.0 0.0 1.0
 outer loop
  vertex 43.89899826049805 20.944400787353516 0.0
  vertex 42.30270004272461 22.555500030517578 0.0
  vertex 42.30270004272461 20.944400787353516 0.0
 endloop
endfacet
facet normal 0.0 0.0 1.0
 outer loop
  vertex 47.889801025390625 24.16659927368164 0.0
  vertex 48.18566035776394 23.259593816063195 0.0
  vertex 48.83592939152845 23.148198742153653 0.0
 endloop
endfacet
facet normal -0.0 0.0 1.0
 outer loop
  vertex 47.889801025390625 24.16659927368164 0.0
  vertex 48.83592939152845 23.148198742153653 0.0
  vertex 49.48619842529297 24.16659927368164 0.0
 endloop
endfacet
facet normal 0.0 0.0 1.0
 outer loop
  vertex 47.889801025390625 24.972200393676758 0.0
  vertex 47.889801025390625 24.16659927368164 0.0
  vertex 49.48619842529297 24.16659927368164 0.0
 endloop
endfacet
facet normal -0.0 0.0 1.0
 outer loop
  vertex 47.889801025390625 24.972200393676758 0.0
  vertex 49.48619842529297 24.16659927368164 0.0
  vertex 49.48619842529297 24.972200393676758 0.0
 endloop
endfacet
facet normal 0.0 0.0 0.9999999999999999
 outer loop
  vertex 49.48619842529297 24.16659927368164 0.0
  vertex 49.560139416528386 23.032595236715736 0.0
  vertex 50.32131993714603 22.914887515513627 0.0
 endloop
endfacet
facet normal -0.0 0.0 1.0
 outer loop
  vertex 1.5963300466537476 24.972200393676758 0.0
  vertex 1.5963300466537476 24.16659927368164 0.0
  vertex 3.192660093307495 24.972200393676758 0.0
 endloop
endfacet
facet normal 0.0 0.0 1.0
 outer loop
  vertex 13.56879997253418 23.361099243164063 0.0
  vertex 12.770600318908691 22.555500030517578 0.0
  vertex 13.56879997253418 21.75 0.0
 endloop
endfacet
facet normal 0.0 -0.0 1.0
 outer loop
  vertex 15.16510009765625 21.75 0.0
  vertex 15.16510009765625 23.361099243164063 0.0
  vertex 13.56879997253418 23.361099243164063 0.0
 endloop
endfacet
facet normal 0.0 0.0 1.0
 outer loop
  vertex 15.16510009765625 21.75 0.0
  vertex 13.56879997253418 23.361099243164063 0.0
  vertex 13.56879997253418 21.75 0.0
 endloop
endfacet
facet normal -0.0 0.0 1.0
 outer loop
  vertex 44.697200775146484 24.972200393676758 0.0
  vertex 45.49530029296875 23.602749252319335 0.0
  vertex 46.29349899291992 24.972200393676758 0.0
 endloop
endfacet
facet normal 0.0 0.0 1.0
 outer loop
  vertex 45.49530029296875 23.602749252319335 0.0
  vertex 44.697200775146484 24.972200393676758 0.0
  vertex 43.89899826049805 24.16659927368164 0.0
 endloop
endfacet
facet normal 0.0 -0.0 1.0
 outer loop
  vertex 45.255870437622065 23.36109924316406 0.0
  vertex 45.49530029296875 23.602749252319335 0.0
  vertex 43.89899826049805 24.16659927368164 0.0
 endloop
endfacet
facet normal 0.0 0.0 0.9999999999999999
 outer loop
  vertex 61.45869827270508 24.972200393676758 0.0
  vertex 60.660499572753906 25.777700424194336 0.0
  vertex 59.862300872802734 24.972200393676758 0.0
 endloop
endfacet
facet normal 0.0 0.0 1.0
 outer loop
  vertex 70.2385025024414 22.555500030517578 0.0
  vertex 71.30887692570685 23.076370595209298 0.0
  vertex 70.92312364578245 23.558684512972828 0.0
 endloop
endfacet
facet normal 0.0 0.0 1.0
 outer loop
  vertex 70.2385025024414 22.555500030517578 0.0
  vertex 70.92312364578245 23.558684512972828 0.0
  vertex 70.49785690307617 24.025654458999632 0.0
 endloop
endfacet
facet normal 0.0 -0.0 0.9999999999999999
 outer loop
  vertex 70.2385025024414 22.555500030517578 0.0
  vertex 70.49785690307617 24.025654458999632 0.0
  vertex 69.44029998779297 24.16659927368164 0.0
 endloop
endfacet
facet normal 0.0 0.0 1.0
 outer loop
  vertex 37.51369857788086 23.361099243164063 0.0
  vertex 37.51369857788086 22.032407502558392 0.0
  vertex 38.3119010925293 21.991650009155272 0.0
 endloop
endfacet
facet normal 0.0 0.0 1.0
 outer loop
  vertex 39.11000061035156 22.555500030517578 0.0
  vertex 37.51369857788086 23.361099243164063 0.0
  vertex 38.3119010925293 21.991650009155272 0.0
 endloop
endfacet
facet normal 0.0 0.0 1.0
 outer loop
  vertex 39.908199310302734 23.361099243164063 0.0
  vertex 41.50450134277344 24.16659927368164 0.0
  vertex 40.70640182495117 24.972200393676758 0.0
 endloop
endfacet
facet normal 0.0 0.0 1.0
 outer loop
  vertex 41.50450134277344 25.777700424194336 0.0
  vertex 40.70640182495117 24.972200393676758 0.0
  vertex 41.50450134277344 24.16659927368164 0.0
 endloop
endfacet
facet normal 0.0 0.0 1.0
 outer loop
  vertex 56.669700622558594 24.972200393676758 0.0
  vertex 55.073299407958984 24.972200393676758 0.0
  vertex 55.073299407958984 23.361099243164063 0.0
 endloop
endfacet
facet normal -0.0 0.0 1.0
 outer loop
  vertex 0.0 26.58329963684082 0.0
  vertex 0.0 25.777700424194336 0.0
  vertex 1.5963300466537476 26.58329963684082 0.0
 endloop
endfacet
facet normal 0.0 0.0 1.0
 outer loop
  vertex 0.0 27.3887996673584 0.0
  vertex 0.0 26.58329963684082 0.0
  vertex 1.5963300466537476 26.58329963684082 0.0
 endloop
endfacet
facet normal -0.0 0.0 1.0
 outer loop
  vertex 0.0 27.3887996673584 0.0
  vertex 1.5963300466537476 26.58329963684082 0.0
  vertex 1.5963300466537476 27.3887996673584 0.0
 endloop
endfacet
facet normal 0.0 0.0 1.0
 outer loop
  vertex 3.9908199310302734 27.3887996673584 0.0
  vertex 3.192660093307495 26.58329963684082 0.0
  vertex 3.9908199310302734 25.777700424194336 0.0
 endloop
endfacet
facet normal 0.0 0.0 1.0
 outer loop
  vertex 3.9908199310302734 25.777700424194336 0.0
  vertex 5.5871500968933105 26.58329963684082 0.0
  vertex 3.9908199310302734 27.3887996673584 0.0
 endloop
endfacet
facet normal 0.0 0.0 1.0
 outer loop
  vertex 19.155899047851563 25.777700424194336 0.0
  vertex 18.35770034790039 24.972200393676758 0.0
  vertex 19.155899047851563 24.16659927368164 0.0
 endloop
endfacet
facet normal 0.0 0.0 1.0
 outer loop
  vertex 20.752199172973633 25.777700424194336 0.0
  vertex 19.155899047851563 25.777700424194336 0.0
  vertex 19.155899047851563 24.16659927368164 0.0
 endloop
endfacet
facet normal 0.0 0.0 1.0
 outer loop
  vertex 20.752199172973633 25.777700424194336 0.0
  vertex 19.155899047851563 24.16659927368164 0.0
  vertex 20.752199172973633 24.16659927368164 0.0
 endloop
endfacet
facet normal 0.0 0.0 1.0
 outer loop
  vertex 23.944900512695313 25.777700424194336 0.0
  vertex 22.348600387573242 25.777700424194336 0.0
  vertex 22.348600387573242 24.16659927368164 0.0
 endloop
endfacet
facet normal 0.0 0.0 1.0
 outer loop
  vertex 23.944900512695313 25.777700424194336 0.0
  vertex 22.348600387573242 24.16659927368164 0.0
  vertex 23.944900512695313 24.16659927368164 0.0
 endloop
endfacet
facet normal 0.0 0.0 1.0
 outer loop
  vertex 28.73390007019043 25.777700424194336 0.0
  vertex 27.935699462890625 24.972200393676758 0.0
  vertex 28.73390007019043 24.16659927368164 0.0
 endloop
endfacet
facet normal 0.0 0.0 1.0
 outer loop
  vertex 30.3302001953125 25.777700424194336 0.0
  vertex 28.73390007019043 25.777700424194336 0.0
  vertex 28.73390007019043 24.16659927368164 0.0
 endloop
endfacet
facet normal 0.0 0.0 1.0
 outer loop
  vertex 30.3302001953125 25.777700424194336 0.0
  vertex 28.73390007019043 24.16659927368164 0.0
  vertex 30.3302001953125 24.16659927368164 0.0
 endloop
endfacet
facet normal 0.0 0.0 1.0
 outer loop
  vertex 35.11920166015625 25.777700424194336 0.0
  vertex 34.32099914550781 24.972200393676758 0.0
  vertex 35.11920166015625 24.16659927368164 0.0
 endloop
endfacet
facet normal 0.0 0.0 1.0
 outer loop
  vertex 36.71549987792969 24.16659927368164 0.0
  vertex 37.51369857788086 24.972200393676758 0.0
  vertex 36.71549987792969 25.777700424194336 0.0
 endloop
endfacet
facet normal 0.0 0.0 1.0
 outer loop
  vertex 36.71549987792969 25.777700424194336 0.0
  vertex 35.11920166015625 25.777700424194336 0.0
  vertex 35.11920166015625 24.16659927368164 0.0
 endloop
endfacet
facet normal 0.0 0.0 1.0
 outer loop
  vertex 36.71549987792969 25.777700424194336 0.0
  vertex 35.11920166015625 24.16659927368164 0.0
  vertex 36.71549987792969 24.16659927368164 0.0
 endloop
endfacet
facet normal 0.0 0.0 1.0
 outer loop
  vertex 65.44950103759766 26.58329963684082 0.0
  vertex 65.24926257453657 26.778887321039505 0.0
  vertex 64.55118119876731 26.842754154790043 0.0
 endloop
endfacet
facet normal 0.0 0.0 1.0
 outer loop
  vertex 64.55118119876731 26.842754154790043 0.0
  vertex 63.85309982299805 26.906620988540585 0.0
  vertex 63.85309982299805 25.777700424194336 0.0
 endloop
endfacet
facet normal 0.0 0.0 1.0
 outer loop
  vertex 64.55118119876731 26.842754154790043 0.0
  vertex 63.85309982299805 25.777700424194336 0.0
  vertex 65.44950103759766 25.777700424194336 0.0
 endloop
endfacet
facet normal 0.0 0.0 1.0
 outer loop
  vertex 64.55118119876731 26.842754154790043 0.0
  vertex 65.44950103759766 25.777700424194336 0.0
  vertex 65.44950103759766 26.58329963684082 0.0
 endloop
endfacet
facet normal 0.0 0.0 1.0
 outer loop
  vertex 67.84400177001953 24.972200393676758 0.0
  vertex 66.24759674072266 24.16659927368164 0.0
  vertex 67.0457992553711 23.361099243164063 0.0
 endloop
endfacet
facet normal -0.0 0.0 1.0
 outer loop
  vertex 7.1834797859191895 27.3887996673584 0.0
  vertex 7.1834797859191895 26.58329963684082 0.0
  vertex 8.779809951782227 27.3887996673584 0.0
 endloop
endfacet
facet normal 0.0 0.0 1.0
 outer loop
  vertex 7.981649875640869 28.194400787353516 0.0
  vertex 7.1834797859191895 27.3887996673584 0.0
  vertex 8.779809951782227 27.3887996673584 0.0
 endloop
endfacet
facet normal 0.0 0.0 1.0
 outer loop
  vertex 8.779809951782227 27.3887996673584 0.0
  vertex 8.779809951782227 25.777700424194336 0.0
  vertex 10.376099586486816 26.58329963684082 0.0
 endloop
endfacet
facet normal 0.0 0.0 1.0
 outer loop
  vertex 15.963199615478516 27.3887996673584 0.0
  vertex 15.16510009765625 28.194400787353516 0.0
  vertex 14.366900444030762 27.3887996673584 0.0
 endloop
endfacet
facet normal 0.0 0.0 1.0
 outer loop
  vertex 15.963199615478516 27.3887996673584 0.0
  vertex 14.366900444030762 27.3887996673584 0.0
  vertex 14.366900444030762 26.58329963684082 0.0
 endloop
endfacet
facet normal 0.0 0.0 1.0
 outer loop
  vertex 16.76140022277832 24.972200393676758 0.0
  vertex 17.559600830078125 25.777700424194336 0.0
  vertex 16.76140022277832 26.58329963684082 0.0
 endloop
endfacet
facet normal 0.0 0.0 1.0
 outer loop
  vertex 16.76140022277832 26.58329963684082 0.0
  vertex 15.963199615478516 27.3887996673584 0.0
  vertex 14.366900444030762 26.58329963684082 0.0
 endloop
endfacet
facet normal 0.0 0.0 1.0
 outer loop
  vertex 34.32099914550781 28.194400787353516 0.0
  vertex 33.52289962768555 27.3887996673584 0.0
  vertex 34.32099914550781 26.58329963684082 0.0
 endloop
endfacet
facet normal 0.0 0.0 1.0
 outer loop
  vertex 34.32099914550781 26.58329963684082 0.0
  vertex 35.11920166015625 26.58329963684082 0.0
  vertex 35.91740036010742 27.3887996673584 0.0
 endloop
endfacet
facet normal 0.0 -0.0 0.9999999999999999
 outer loop
  vertex 35.91740036010742 27.3887996673584 0.0
  vertex 35.91740036010742 28.194400787353516 0.0
  vertex 34.32099914550781 28.194400787353516 0.0
 endloop
endfacet
facet normal 0.0 0.0 1.0
 outer loop
  vertex 34.32099914550781 26.58329963684082 0.0
  vertex 35.91740036010742 27.3887996673584 0.0
  vertex 34.32099914550781 28.194400787353516 0.0
 endloop
endfacet
facet normal 0.0 0.0 1.0
 outer loop
  vertex 37.51369857788086 26.58329963684082 0.0
  vertex 36.71549987792969 25.777700424194336 0.0
  vertex 37.51369857788086 24.972200393676758 0.0
 endloop
endfacet
facet normal 0.0 0.0 1.0
 outer loop
  vertex 39.11000061035156 24.972200393676758 0.0
  vertex 39.908199310302734 25.777700424194336 0.0
  vertex 39.11000061035156 26.58329963684082 0.0
 endloop
endfacet
facet normal 0.0 0.0 1.0
 outer loop
  vertex 39.11000061035156 26.58329963684082 0.0
  vertex 37.51369857788086 26.58329963684082 0.0
  vertex 37.51369857788086 24.972200393676758 0.0
 endloop
endfacet
facet normal 0.0 0.0 1.0
 outer loop
  vertex 39.11000061035156 26.58329963684082 0.0
  vertex 37.51369857788086 24.972200393676758 0.0
  vertex 39.11000061035156 24.972200393676758 0.0
 endloop
endfacet
facet normal 0.0 0.0 1.0
 outer loop
  vertex 43.89899826049805 26.58329963684082 0.0
  vertex 44.697200775146484 26.58329963684082 0.0
  vertex 45.49530029296875 27.3887996673584 0.0
 endloop
endfacet
facet normal 0.0 -0.0 1.0
 outer loop
  vertex 45.49530029296875 27.3887996673584 0.0
  vertex 45.49530029296875 28.194400787353516 0.0
  vertex 43.89899826049805 28.194400787353516 0.0
 endloop
endfacet
facet normal 0.0 0.0 1.0
 outer loop
  vertex 43.89899826049805 26.58329963684082 0.0
  vertex 45.49530029296875 27.3887996673584 0.0
  vertex 43.89899826049805 28.194400787353516 0.0
 endloop
endfacet
facet normal 0.0 0.0 1.0
 outer loop
  vertex 46.29349899291992 25.777700424194336 0.0
  vertex 46.29349899291992 24.972200393676758 0.0
  vertex 47.889801025390625 24.972200393676758 0.0
 endloop
endfacet
facet normal 0.0 0.0 1.0
 outer loop
  vertex 47.09170150756836 26.58329963684082 0.0
  vertex 46.29349899291992 25.777700424194336 0.0
  vertex 47.889801025390625 24.972200393676758 0.0
 endloop
endfacet
facet normal 0.0 0.0 1.0
 outer loop
  vertex 48.6879997253418 26.58329963684082 0.0
  vertex 47.09170150756836 26.58329963684082 0.0
  vertex 47.889801025390625 24.972200393676758 0.0
 endloop
endfacet
facet normal 0.0 0.0 0.9999999999999999
 outer loop
  vertex 51.880699157714844 26.58329963684082 0.0
  vertex 51.08250045776367 27.3887996673584 0.0
  vertex 50.2843017578125 26.58329963684082 0.0
 endloop
endfacet
facet normal 0.0 0.0 1.0
 outer loop
  vertex 58.26599884033203 25.777700424194336 0.0
  vertex 56.669700622558594 24.972200393676758 0.0
  vertex 57.46780014038086 24.16659927368164 0.0
 endloop
endfacet
facet normal 0.0 -0.0 1.0
 outer loop
  vertex 59.06420135498047 24.16659927368164 0.0
  vertex 59.862300872802734 24.972200393676758 0.0
  vertex 58.26599884033203 25.777700424194336 0.0
 endloop
endfacet
facet normal 0.0 0.0 1.0
 outer loop
  vertex 59.06420135498047 24.16659927368164 0.0
  vertex 58.26599884033203 25.777700424194336 0.0
  vertex 57.46780014038086 24.16659927368164 0.0
 endloop
endfacet
facet normal 0.0 0.0 1.0
 outer loop
  vertex 61.45869827270508 26.58329963684082 0.0
  vertex 60.660499572753906 25.777700424194336 0.0
  vertex 61.45869827270508 24.972200393676758 0.0
 endloop
endfacet
facet normal 0.0 0.0 1.0
 outer loop
  vertex 11.972399711608887 24.972200393676758 0.0
  vertex 12.770600318908691 25.777700424194336 0.0
  vertex 11.972399711608887 26.58329963684082 0.0
 endloop
endfacet
facet normal 0.0 -0.0 1.0
 outer loop
  vertex 11.972399711608887 24.972200393676758 0.0
  vertex 11.972399711608887 26.58329963684082 0.0
  vertex 10.376099586486816 26.58329963684082 0.0
 endloop
endfacet
facet normal 0.0 0.0 1.0
 outer loop
  vertex 11.972399711608887 24.972200393676758 0.0
  vertex 10.376099586486816 26.58329963684082 0.0
  vertex 10.376099586486816 24.972200393676758 0.0
 endloop
endfacet
facet normal 0.0 -0.0 1.0
 outer loop
  vertex 14.366900444030762 25.777700424194336 0.0
  vertex 14.366900444030762 26.58329963684082 0.0
  vertex 12.770600318908691 25.777700424194336 0.0
 endloop
endfacet
facet normal 0.0 0.0 1.0
 outer loop
  vertex 12.770600318908691 24.972200393676758 0.0
  vertex 14.366900444030762 25.777700424194336 0.0
  vertex 12.770600318908691 25.777700424194336 0.0
 endloop
endfacet
facet normal 0.0 0.0 1.0
 outer loop
  vertex 16.76140022277832 28.194400787353516 0.0
  vertex 15.963199615478516 27.3887996673584 0.0
  vertex 16.76140022277832 26.58329963684082 0.0
 endloop
endfacet
facet normal 0.0 0.0 1.0
 outer loop
  vertex 18.35770034790039 26.58329963684082 0.0
  vertex 19.155899047851563 27.3887996673584 0.0
  vertex 18.35770034790039 28.194400787353516 0.0
 endloop
endfacet
facet normal 0.0 -0.0 1.0
 outer loop
  vertex 18.35770034790039 26.58329963684082 0.0
  vertex 18.35770034790039 28.194400787353516 0.0
  vertex 16.76140022277832 28.194400787353516 0.0
 endloop
endfacet
facet normal 0.0 0.0 1.0
 outer loop
  vertex 18.35770034790039 26.58329963684082 0.0
  vertex 16.76140022277832 28.194400787353516 0.0
  vertex 16.76140022277832 26.58329963684082 0.0
 endloop
endfacet
facet normal 0.0 0.0 1.0
 outer loop
  vertex 19.155899047851563 27.3887996673584 0.0
  vertex 18.35770034790039 26.58329963684082 0.0
  vertex 19.155899047851563 25.777700424194336 0.0
 endloop
endfacet
facet normal 0.0 0.0 1.0
 outer loop
  vertex 20.752199172973633 25.777700424194336 0.0
  vertex 21.550399780273438 26.58329963684082 0.0
  vertex 20.752199172973633 27.3887996673584 0.0
 endloop
endfacet
facet normal 0.0 0.0 1.0
 outer loop
  vertex 20.752199172973633 27.3887996673584 0.0
  vertex 19.155899047851563 27.3887996673584 0.0
  vertex 19.155899047851563 25.777700424194336 0.0
 endloop
endfacet
facet normal 0.0 0.0 1.0
 outer loop
  vertex 20.752199172973633 27.3887996673584 0.0
  vertex 19.155899047851563 25.777700424194336 0.0
  vertex 20.752199172973633 25.777700424194336 0.0
 endloop
endfacet
facet normal 0.0 0.0 1.0
 outer loop
  vertex 21.550399780273438 28.194400787353516 0.0
  vertex 20.752199172973633 27.3887996673584 0.0
  vertex 21.550399780273438 26.58329963684082 0.0
 endloop
endfacet
facet normal 0.0 0.0 1.0
 outer loop
  vertex 23.146699905395508 26.58329963684082 0.0
  vertex 23.944900512695313 27.3887996673584 0.0
  vertex 23.146699905395508 28.194400787353516 0.0
 endloop
endfacet
facet normal 0.0 -0.0 1.0
 outer loop
  vertex 23.146699905395508 26.58329963684082 0.0
  vertex 23.146699905395508 28.194400787353516 0.0
  vertex 21.550399780273438 28.194400787353516 0.0
 endloop
endfacet
facet normal 0.0 0.0 1.0
 outer loop
  vertex 23.146699905395508 26.58329963684082 0.0
  vertex 21.550399780273438 28.194400787353516 0.0
  vertex 21.550399780273438 26.58329963684082 0.0
 endloop
endfacet
facet normal 0.0 0.0 1.0
 outer loop
  vertex 23.944900512695313 27.3887996673584 0.0
  vertex 23.146699905395508 26.58329963684082 0.0
  vertex 23.944900512695313 25.777700424194336 0.0
 endloop
endfacet
facet normal 0.0 0.0 1.0
 outer loop
  vertex 25.541200637817383 25.777700424194336 0.0
  vertex 26.339399337768555 26.58329963684082 0.0
  vertex 25.541200637817383 27.3887996673584 0.0
 endloop
endfacet
facet normal 0.0 0.0 1.0
 outer loop
  vertex 25.541200637817383 27.3887996673584 0.0
  vertex 23.944900512695313 27.3887996673584 0.0
  vertex 23.944900512695313 25.777700424194336 0.0
 endloop
endfacet
facet normal 0.0 0.0 1.0
 outer loop
  vertex 25.541200637817383 27.3887996673584 0.0
  vertex 23.944900512695313 25.777700424194336 0.0
  vertex 25.541200637817383 25.777700424194336 0.0
 endloop
endfacet
facet normal 0.0 0.0 1.0
 outer loop
  vertex 26.339399337768555 28.194400787353516 0.0
  vertex 25.541200637817383 27.3887996673584 0.0
  vertex 26.339399337768555 26.58329963684082 0.0
 endloop
endfacet
facet normal 0.0 0.0 1.0
 outer loop
  vertex 27.935699462890625 26.58329963684082 0.0
  vertex 28.73390007019043 27.3887996673584 0.0
  vertex 27.935699462890625 28.194400787353516 0.0
 endloop
endfacet
facet normal 0.0 -0.0 1.0
 outer loop
  vertex 27.935699462890625 26.58329963684082 0.0
  vertex 27.935699462890625 28.194400787353516 0.0
  vertex 26.339399337768555 28.194400787353516 0.0
 endloop
endfacet
facet normal 0.0 0.0 1.0
 outer loop
  vertex 27.935699462890625 26.58329963684082 0.0
  vertex 26.339399337768555 28.194400787353516 0.0
  vertex 26.339399337768555 26.58329963684082 0.0
 endloop
endfacet
facet normal 0.0 0.0 1.0
 outer loop
  vertex 28.73390007019043 27.3887996673584 0.0
  vertex 27.935699462890625 26.58329963684082 0.0
  vertex 28.73390007019043 25.777700424194336 0.0
 endloop
endfacet
facet normal 0.0 0.0 1.0
 outer loop
  vertex 30.3302001953125 25.777700424194336 0.0
  vertex 31.128400802612305 26.58329963684082 0.0
  vertex 30.3302001953125 27.3887996673584 0.0
 endloop
endfacet
facet normal 0.0 0.0 1.0
 outer loop
  vertex 30.3302001953125 27.3887996673584 0.0
  vertex 28.73390007019043 27.3887996673584 0.0
  vertex 28.73390007019043 25.777700424194336 0.0
 endloop
endfacet
facet normal 0.0 0.0 1.0
 outer loop
  vertex 30.3302001953125 27.3887996673584 0.0
  vertex 28.73390007019043 25.777700424194336 0.0
  vertex 30.3302001953125 25.777700424194336 0.0
 endloop
endfacet
facet normal 0.0 0.0 1.0
 outer loop
  vertex 31.128400802612305 28.194400787353516 0.0
  vertex 30.3302001953125 27.3887996673584 0.0
  vertex 31.128400802612305 26.58329963684082 0.0
 endloop
endfacet
facet normal 0.0 0.0 1.0
 outer loop
  vertex 32.724700927734375 26.58329963684082 0.0
  vertex 33.52289962768555 27.3887996673584 0.0
  vertex 32.724700927734375 28.194400787353516 0.0
 endloop
endfacet
facet normal 0.0 -0.0 1.0
 outer loop
  vertex 32.724700927734375 26.58329963684082 0.0
  vertex 32.724700927734375 28.194400787353516 0.0
  vertex 31.128400802612305 28.194400787353516 0.0
 endloop
endfacet
facet normal 0.0 0.0 1.0
 outer loop
  vertex 32.724700927734375 26.58329963684082 0.0
  vertex 31.128400802612305 28.194400787353516 0.0
  vertex 31.128400802612305 26.58329963684082 0.0
 endloop
endfacet
facet normal 0.0 0.0 1.0
 outer loop
  vertex 41.50450134277344 25.777700424194336 0.0
  vertex 42.30270004272461 26.58329963684082 0.0
  vertex 41.50450134277344 27.3887996673584 0.0
 endloop
endfacet
facet normal 0.0 0.0 1.0
 outer loop
  vertex 39.908199310302734 27.3887996673584 0.0
  vertex 39.11000061035156 26.58329963684082 0.0
  vertex 39.908199310302734 25.777700424194336 0.0
 endloop
endfacet
facet normal 0.0 0.0 1.0
 outer loop
  vertex 39.908199310302734 25.777700424194336 0.0
  vertex 41.50450134277344 25.777700424194336 0.0
  vertex 41.50450134277344 27.3887996673584 0.0
 endloop
endfacet
facet normal 0.0 0.0 1.0
 outer loop
  vertex 39.908199310302734 25.777700424194336 0.0
  vertex 41.50450134277344 27.3887996673584 0.0
  vertex 39.908199310302734 27.3887996673584 0.0
 endloop
endfacet
facet normal 0.0 0.0 0.9999999999999999
 outer loop
  vertex 54.27519989013672 27.3887996673584 0.0
  vertex 53.47700119018555 28.194400787353516 0.0
  vertex 52.67879867553711 27.3887996673584 0.0
 endloop
endfacet
facet normal 0.0 -0.0 0.9999999999999999
 outer loop
  vertex 54.27519989013672 26.58329963684082 0.0
  vertex 54.27519989013672 27.3887996673584 0.0
  vertex 52.67879867553711 27.3887996673584 0.0
 endloop
endfacet
facet normal 0.0 0.0 1.0
 outer loop
  vertex 52.67879867553711 27.3887996673584 0.0
  vertex 51.880699157714844 26.58329963684082 0.0
  vertex 53.47700119018555 25.777700424194336 0.0
 endloop
endfacet
facet normal 0.0 0.0 0.9999999999999999
 outer loop
  vertex 54.27519989013672 26.58329963684082 0.0
  vertex 52.67879867553711 27.3887996673584 0.0
  vertex 53.47700119018555 25.777700424194336 0.0
 endloop
endfacet
facet normal 0.0 0.0 1.0
 outer loop
  vertex 1.5963300466537476 27.3887996673584 0.0
  vertex 1.5963300466537476 26.58329963684082 0.0
  vertex 3.192660093307495 26.58329963684082 0.0
 endloop
endfacet
facet normal 0.0 -0.0 0.9999999999999999
 outer loop
  vertex 3.9908199310302734 27.3887996673584 0.0
  vertex 3.9908199310302734 28.194400787353516 0.0
  vertex 2.3944900035858154 28.194400787353516 0.0
 endloop
endfacet
facet normal 0.0 0.0 1.0
 outer loop
  vertex 2.3944900035858154 28.194400787353516 0.0
  vertex 1.5963300466537476 27.3887996673584 0.0
  vertex 3.192660093307495 26.58329963684082 0.0
 endloop
endfacet
facet normal 0.0 0.0 0.9999999999999999
 outer loop
  vertex 3.9908199310302734 27.3887996673584 0.0
  vertex 2.3944900035858154 28.194400787353516 0.0
  vertex 3.192660093307495 26.58329963684082 0.0
 endloop
endfacet
facet normal 0.0 0.0 1.0
 outer loop
  vertex 13.56879997253418 28.194400787353516 0.0
  vertex 12.770600318908691 29.0 0.0
  vertex 11.972399711608887 27.3887996673584 0.0
 endloop
endfacet
facet normal 0.0 -0.0 1.0
 outer loop
  vertex 14.366900444030762 26.58329963684082 0.0
  vertex 14.366900444030762 27.3887996673584 0.0
  vertex 13.56879997253418 28.194400787353516 0.0
 endloop
endfacet
facet normal 0.0 0.0 0.9999999999999999
 outer loop
  vertex 11.972399711608887 27.3887996673584 0.0
  vertex 11.972399711608887 26.58329963684082 0.0
  vertex 12.770600318908691 25.777700424194336 0.0
 endloop
endfacet
facet normal 0.0 0.0 1.0
 outer loop
  vertex 14.366900444030762 26.58329963684082 0.0
  vertex 13.56879997253418 28.194400787353516 0.0
  vertex 11.972399711608887 27.3887996673584 0.0
 endloop
endfacet
facet normal 0.0 0.0 1.0
 outer loop
  vertex 14.366900444030762 26.58329963684082 0.0
  vertex 11.972399711608887 27.3887996673584 0.0
  vertex 12.770600318908691 25.777700424194336 0.0
 endloop
endfacet
facet normal 0.0 0.0 1.0
 outer loop
  vertex 37.51369857788086 26.58329963684082 0.0
  vertex 38.3119010925293 27.3887996673584 0.0
  vertex 37.51369857788086 28.194400787353516 0.0
 endloop
endfacet
facet normal 0.0 0.0 1.0
 outer loop
  vertex 37.51369857788086 28.194400787353516 0.0
  vertex 35.91740036010742 28.194400787353516 0.0
  vertex 35.91740036010742 27.3887996673584 0.0
 endloop
endfacet
facet normal 0.0 -0.0 1.0
 outer loop
  vertex 37.51369857788086 26.58329963684082 0.0
  vertex 37.51369857788086 28.194400787353516 0.0
  vertex 35.91740036010742 27.3887996673584 0.0
 endloop
endfacet
facet normal 0.0 0.0 1.0
 outer loop
  vertex 35.91740036010742 27.3887996673584 0.0
  vertex 35.11920166015625 26.58329963684082 0.0
  vertex 36.71549987792969 25.777700424194336 0.0
 endloop
endfacet
facet normal 0.0 0.0 1.0
 outer loop
  vertex 37.51369857788086 26.58329963684082 0.0
  vertex 35.91740036010742 27.3887996673584 0.0
  vertex 36.71549987792969 25.777700424194336 0.0
 endloop
endfacet
facet normal 0.0 0.0 1.0
 outer loop
  vertex 47.09170150756836 26.58329963684082 0.0
  vertex 47.889801025390625 27.3887996673584 0.0
  vertex 47.09170150756836 28.194400787353516 0.0
 endloop
endfacet
facet normal 0.0 0.0 0.9999999999999999
 outer loop
  vertex 47.09170150756836 28.194400787353516 0.0
  vertex 45.49530029296875 28.194400787353516 0.0
  vertex 45.49530029296875 27.3887996673584 0.0
 endloop
endfacet
facet normal 0.0 -0.0 1.0
 outer loop
  vertex 47.09170150756836 26.58329963684082 0.0
  vertex 47.09170150756836 28.194400787353516 0.0
  vertex 45.49530029296875 27.3887996673584 0.0
 endloop
endfacet
facet normal 0.0 0.0 0.9999999999999999
 outer loop
  vertex 45.49530029296875 27.3887996673584 0.0
  vertex 44.697200775146484 26.58329963684082 0.0
  vertex 46.29349899291992 25.777700424194336 0.0
 endloop
endfacet
facet normal 0.0 0.0 1.0
 outer loop
  vertex 47.09170150756836 26.58329963684082 0.0
  vertex 45.49530029296875 27.3887996673584 0.0
  vertex 46.29349899291992 25.777700424194336 0.0
 endloop
endfacet
facet normal 0.0 0.0 1.0
 outer loop
  vertex 48.6879997253418 28.194400787353516 0.0
  vertex 47.889801025390625 27.3887996673584 0.0
  vertex 48.6879997253418 26.58329963684082 0.0
 endloop
endfacet
facet normal 0.0 0.0 1.0
 outer loop
  vertex 50.2843017578125 26.58329963684082 0.0
  vertex 51.08250045776367 27.3887996673584 0.0
  vertex 50.2843017578125 28.194400787353516 0.0
 endloop
endfacet
facet normal 0.0 0.0 1.0
 outer loop
  vertex 50.2843017578125 28.194400787353516 0.0
  vertex 48.6879997253418 28.194400787353516 0.0
  vertex 48.6879997253418 26.58329963684082 0.0
 endloop
endfacet
facet normal 0.0 0.0 1.0
 outer loop
  vertex 50.2843017578125 28.194400787353516 0.0
  vertex 48.6879997253418 26.58329963684082 0.0
  vertex 50.2843017578125 26.58329963684082 0.0
 endloop
endfacet
facet normal 0.0 0.0 1.0
 outer loop
  vertex 54.27519989013672 27.3887996673584 0.0
  vertex 54.27519989013672 26.58329963684082 0.0
  vertex 55.871498107910156 26.58329963684082 0.0
 endloop
endfacet
facet normal 0.0 0.0 1.0
 outer loop
  vertex 55.073299407958984 28.194400787353516 0.0
  vertex 54.27519989013672 27.3887996673584 0.0
  vertex 55.871498107910156 26.58329963684082 0.0
 endloop
endfacet
facet normal 0.0 0.0 1.0
 outer loop
  vertex 56.669700622558594 28.194400787353516 0.0
  vertex 55.073299407958984 28.194400787353516 0.0
  vertex 55.871498107910156 26.58329963684082 0.0
 endloop
endfacet
facet normal 0.0 0.0 1.0
 outer loop
  vertex 56.669700622558594 28.194400787353516 0.0
  vertex 55.871498107910156 26.58329963684082 0.0
  vertex 57.46780014038086 27.3887996673584 0.0
 endloop
endfacet
facet normal 0.0 -0.0 1.0
 outer loop
  vertex 61.45869827270508 27.63048000335693 0.0
  vertex 61.45869827270508 29.0 0.0
  vertex 60.660499572753906 29.0 0.0
 endloop
endfacet
facet normal 0.0 0.0 1.0
 outer loop
  vertex 59.862300872802734 29.0 0.0
  vertex 59.06420135498047 28.194400787353516 0.0
  vertex 59.862300872802734 27.3887996673584 0.0
 endloop
endfacet
facet normal 0.0 0.0 1.0
 outer loop
  vertex 59.862300872802734 27.3887996673584 0.0
  vertex 60.89995918273926 27.3887996673584 0.0
  vertex 61.45869827270508 27.63048000335693 0.0
 endloop
endfacet
facet normal 0.0 0.0 1.0
 outer loop
  vertex 60.660499572753906 29.0 0.0
  vertex 59.862300872802734 29.0 0.0
  vertex 59.862300872802734 27.3887996673584 0.0
 endloop
endfacet
facet normal 0.0 0.0 1.0
 outer loop
  vertex 60.660499572753906 29.0 0.0
  vertex 59.862300872802734 27.3887996673584 0.0
  vertex 61.45869827270508 27.63048000335693 0.0
 endloop
endfacet
facet normal 0.0 0.0 1.0
 outer loop
  vertex 4.788990020751953 2.4166600704193115 0.0
  vertex 3.192660093307495 2.4166600704193115 0.0
  vertex 3.192660093307495 0.8055559992790222 0.0
 endloop
endfacet
facet normal 0.0 0.0 1.0
 outer loop
  vertex 4.788990020751953 2.4166600704193115 0.0
  vertex 3.192660093307495 0.8055559992790222 0.0
  vertex 4.788990020751953 0.8055559992790222 0.0
 endloop
endfacet
facet normal 0.0 0.0 1.0
 outer loop
  vertex 7.981649875640869 2.4166600704193115 0.0
  vertex 6.38532018661499 2.4166600704193115 0.0
  vertex 6.38532018661499 0.8055559992790222 0.0
 endloop
endfacet
facet normal 0.0 0.0 1.0
 outer loop
  vertex 7.981649875640869 2.4166600704193115 0.0
  vertex 6.38532018661499 0.8055559992790222 0.0
  vertex 7.981649875640869 0.8055559992790222 0.0
 endloop
endfacet
facet normal 0.0 0.0 1.0
 outer loop
  vertex 11.174300193786621 2.4166600704193115 0.0
  vertex 9.577980041503906 2.4166600704193115 0.0
  vertex 9.577980041503906 0.8055559992790222 0.0
 endloop
endfacet
facet normal 0.0 0.0 1.0
 outer loop
  vertex 11.174300193786621 2.4166600704193115 0.0
  vertex 9.577980041503906 0.8055559992790222 0.0
  vertex 11.174300193786621 0.8055559992790222 0.0
 endloop
endfacet
facet normal 0.0 0.0 1.0
 outer loop
  vertex 14.366900444030762 2.4166600704193115 0.0
  vertex 12.770600318908691 2.4166600704193115 0.0
  vertex 12.770600318908691 0.8055559992790222 0.0
 endloop
endfacet
facet normal 0.0 0.0 1.0
 outer loop
  vertex 14.366900444030762 2.4166600704193115 0.0
  vertex 12.770600318908691 0.8055559992790222 0.0
  vertex 14.366900444030762 0.8055559992790222 0.0
 endloop
endfacet
facet normal 0.0 0.0 1.0
 outer loop
  vertex 17.559600830078125 2.4166600704193115 0.0
  vertex 15.963199615478516 2.4166600704193115 0.0
  vertex 15.963199615478516 0.8055559992790222 0.0
 endloop
endfacet
facet normal 0.0 0.0 1.0
 outer loop
  vertex 17.559600830078125 2.4166600704193115 0.0
  vertex 15.963199615478516 0.8055559992790222 0.0
  vertex 17.559600830078125 0.8055559992790222 0.0
 endloop
endfacet
facet normal 0.0 0.0 1.0
 outer loop
  vertex 20.752199172973633 2.4166600704193115 0.0
  vertex 19.155899047851563 2.4166600704193115 0.0
  vertex 19.155899047851563 0.8055559992790222 0.0
 endloop
endfacet
facet normal 0.0 0.0 1.0
 outer loop
  vertex 20.752199172973633 2.4166600704193115 0.0
  vertex 19.155899047851563 0.8055559992790222 0.0
  vertex 20.752199172973633 0.8055559992790222 0.0
 endloop
endfacet
facet normal 0.0 0.0 1.0
 outer loop
  vertex 23.944900512695313 2.4166600704193115 0.0
  vertex 22.348600387573242 2.4166600704193115 0.0
  vertex 22.348600387573242 0.8055559992790222 0.0
 endloop
endfacet
facet normal 0.0 0.0 1.0
 outer loop
  vertex 23.944900512695313 2.4166600704193115 0.0
  vertex 22.348600387573242 0.8055559992790222 0.0
  vertex 23.944900512695313 0.8055559992790222 0.0
 endloop
endfacet
facet normal 0.0 0.0 1.0
 outer loop
  vertex 27.13759994506836 2.4166600704193115 0.0
  vertex 25.541200637817383 2.4166600704193115 0.0
  vertex 25.541200637817383 0.8055559992790222 0.0
 endloop
endfacet
facet normal 0.0 0.0 1.0
 outer loop
  vertex 27.13759994506836 2.4166600704193115 0.0
  vertex 25.541200637817383 0.8055559992790222 0.0
  vertex 27.13759994506836 0.8055559992790222 0.0
 endloop
endfacet
facet normal 0.0 0.0 1.0
 outer loop
  vertex 30.3302001953125 2.4166600704193115 0.0
  vertex 28.73390007019043 2.4166600704193115 0.0
  vertex 28.73390007019043 0.8055559992790222 0.0
 endloop
endfacet
facet normal 0.0 0.0 1.0
 outer loop
  vertex 30.3302001953125 2.4166600704193115 0.0
  vertex 28.73390007019043 0.8055559992790222 0.0
  vertex 30.3302001953125 0.8055559992790222 0.0
 endloop
endfacet
facet normal 0.0 0.0 1.0
 outer loop
  vertex 33.52289962768555 2.4166600704193115 0.0
  vertex 31.92650032043457 2.4166600704193115 0.0
  vertex 31.92650032043457 0.8055559992790222 0.0
 endloop
endfacet
facet normal 0.0 0.0 1.0
 outer loop
  vertex 33.52289962768555 2.4166600704193115 0.0
  vertex 31.92650032043457 0.8055559992790222 0.0
  vertex 33.52289962768555 0.8055559992790222 0.0
 endloop
endfacet
facet normal 0.0 0.0 1.0
 outer loop
  vertex 36.71549987792969 2.4166600704193115 0.0
  vertex 35.11920166015625 2.4166600704193115 0.0
  vertex 35.11920166015625 0.8055559992790222 0.0
 endloop
endfacet
facet normal 0.0 0.0 1.0
 outer loop
  vertex 36.71549987792969 2.4166600704193115 0.0
  vertex 35.11920166015625 0.8055559992790222 0.0
  vertex 36.71549987792969 0.8055559992790222 0.0
 endloop
endfacet
facet normal 0.0 0.0 1.0
 outer loop
  vertex 39.908199310302734 2.4166600704193115 0.0
  vertex 38.3119010925293 2.4166600704193115 0.0
  vertex 38.3119010925293 0.8055559992790222 0.0
 endloop
endfacet
facet normal 0.0 0.0 1.0
 outer loop
  vertex 39.908199310302734 2.4166600704193115 0.0
  vertex 38.3119010925293 0.8055559992790222 0.0
  vertex 39.908199310302734 0.8055559992790222 0.0
 endloop
endfacet
facet normal 0.0 0.0 1.0
 outer loop
  vertex 43.10089874267578 2.4166600704193115 0.0
  vertex 41.50450134277344 2.4166600704193115 0.0
  vertex 41.50450134277344 0.8055559992790222 0.0
 endloop
endfacet
facet normal 0.0 0.0 1.0
 outer loop
  vertex 43.10089874267578 2.4166600704193115 0.0
  vertex 41.50450134277344 0.8055559992790222 0.0
  vertex 43.10089874267578 0.8055559992790222 0.0
 endloop
endfacet
facet normal 0.0 0.0 1.0
 outer loop
  vertex 46.29349899291992 2.4166600704193115 0.0
  vertex 45.49530029296875 2.9805519819259647 0.0
  vertex 44.697200775146484 2.4166600704193115 0.0
 endloop
endfacet
facet normal 0.0 0.0 1.0
 outer loop
  vertex 46.29349899291992 2.4166600704193115 0.0
  vertex 44.697200775146484 2.4166600704193115 0.0
  vertex 44.697200775146484 0.8055559992790222 0.0
 endloop
endfacet
facet normal 0.0 0.0 1.0
 outer loop
  vertex 46.29349899291992 2.4166600704193115 0.0
  vertex 44.697200775146484 0.8055559992790222 0.0
  vertex 46.29349899291992 0.8055559992790222 0.0
 endloop
endfacet
facet normal 0.0 0.0 1.0
 outer loop
  vertex 47.889801025390625 2.4166600704193115 0.0
  vertex 47.889801025390625 0.8055559992790222 0.0
  vertex 49.48619842529297 0.8055559992790222 0.0
 endloop
endfacet
facet normal 0.0 0.0 0.9999999999999999
 outer loop
  vertex 49.48619842529297 0.8055559992790222 0.0
  vertex 50.2843017578125 1.611109972000122 0.0
  vertex 49.48619842529297 3.222219944000244 0.0
 endloop
endfacet
facet normal 0.0 -0.0 1.0
 outer loop
  vertex 49.48619842529297 0.8055559992790222 0.0
  vertex 49.48619842529297 3.222219944000244 0.0
  vertex 47.889801025390625 2.4166600704193115 0.0
 endloop
endfacet
facet normal 0.0 0.0 1.0
 outer loop
  vertex 52.67879867553711 2.4166600704193115 0.0
  vertex 52.67879867553711 0.8055559992790222 0.0
  vertex 54.27519989013672 0.8055559992790222 0.0
 endloop
endfacet
facet normal 0.0 0.0 1.0
 outer loop
  vertex 54.27519989013672 0.8055559992790222 0.0
  vertex 55.073299407958984 1.611109972000122 0.0
  vertex 54.27519989013672 3.222219944000244 0.0
 endloop
endfacet
facet normal 0.0 -0.0 1.0
 outer loop
  vertex 54.27519989013672 0.8055559992790222 0.0
  vertex 54.27519989013672 3.222219944000244 0.0
  vertex 52.67879867553711 2.4166600704193115 0.0
 endloop
endfacet
facet normal 0.0 0.0 1.0
 outer loop
  vertex 57.46780014038086 2.4166600704193115 0.0
  vertex 57.46780014038086 0.8055559992790222 0.0
  vertex 59.06420135498047 0.8055559992790222 0.0
 endloop
endfacet
facet normal 0.0 0.0 1.0
 outer loop
  vertex 59.06420135498047 0.8055559992790222 0.0
  vertex 59.862300872802734 1.611109972000122 0.0
  vertex 59.06420135498047 3.222219944000244 0.0
 endloop
endfacet
facet normal 0.0 -0.0 1.0
 outer loop
  vertex 59.06420135498047 0.8055559992790222 0.0
  vertex 59.06420135498047 3.222219944000244 0.0
  vertex 57.46780014038086 2.4166600704193115 0.0
 endloop
endfacet
facet normal 0.0 0.0 1.0
 outer loop
  vertex 60.660499572753906 3.4638879776000975 0.0
  vertex 59.862300872802734 3.4638879776000975 0.0
  vertex 59.06420135498047 3.222219944000244 0.0
 endloop
endfacet
facet normal 0.0 0.0 0.9999999999999999
 outer loop
  vertex 62.25680160522461 2.4166600704193115 0.0
  vertex 61.458666421473026 3.4677270767706174 0.0
  vertex 60.660499572753906 3.4638879776000975 0.0
 endloop
endfacet
facet normal 0.0 0.0 1.0
 outer loop
  vertex 60.660499572753906 3.4638879776000975 0.0
  vertex 59.06420135498047 3.222219944000244 0.0
  vertex 59.862300872802734 1.611109972000122 0.0
 endloop
endfacet
facet normal -0.0 0.0 1.0
 outer loop
  vertex 59.862300872802734 1.611109972000122 0.0
  vertex 60.660499572753906 0.8055559992790222 0.0
  vertex 62.25680160522461 2.4166600704193115 0.0
 endloop
endfacet
facet normal 0.0 0.0 1.0
 outer loop
  vertex 60.660499572753906 3.4638879776000975 0.0
  vertex 59.862300872802734 1.611109972000122 0.0
  vertex 62.25680160522461 2.4166600704193115 0.0
 endloop
endfacet
facet normal 0.0 0.0 1.0
 outer loop
  vertex 62.25680160522461 2.4166600704193115 0.0
  vertex 62.25680160522461 0.8055559992790222 0.0
  vertex 63.85309982299805 0.8055559992790222 0.0
 endloop
endfacet
facet normal 0.0 0.0 1.0
 outer loop
  vertex 63.85309982299805 0.8055559992790222 0.0
  vertex 64.65129852294922 1.611109972000122 0.0
  vertex 63.85309982299805 3.222219944000244 0.0
 endloop
endfacet
facet normal 0.0 -0.0 1.0
 outer loop
  vertex 63.85309982299805 0.8055559992790222 0.0
  vertex 63.85309982299805 3.222219944000244 0.0
  vertex 62.25680160522461 2.4166600704193115 0.0
 endloop
endfacet
facet normal 0.0 0.0 0.9999999999999999
 outer loop
  vertex 65.44950099987909 3.486639611827318 0.0
  vertex 64.65133407805115 3.4828956175446018 0.0
  vertex 63.85309982299805 3.222219944000244 0.0
 endloop
endfacet
facet normal 0.0 0.0 0.9999999999999999
 outer loop
  vertex 67.0457992553711 2.4166600704193115 0.0
  vertex 66.24766792170703 3.4903836061100346 0.0
  vertex 65.44950099987909 3.486639611827318 0.0
 endloop
endfacet
facet normal 0.0 0.0 1.0
 outer loop
  vertex 65.44950099987909 3.486639611827318 0.0
  vertex 63.85309982299805 3.222219944000244 0.0
  vertex 64.65129852294922 1.611109972000122 0.0
 endloop
endfacet
facet normal -0.0 0.0 1.0
 outer loop
  vertex 64.65129852294922 1.611109972000122 0.0
  vertex 65.44950103759766 0.8055559992790222 0.0
  vertex 67.0457992553711 2.4166600704193115 0.0
 endloop
endfacet
facet normal 0.0 0.0 1.0
 outer loop
  vertex 65.44950099987909 3.486639611827318 0.0
  vertex 64.65129852294922 1.611109972000122 0.0
  vertex 67.0457992553711 2.4166600704193115 0.0
 endloop
endfacet
facet normal 0.0 0.0 1.0
 outer loop
  vertex 67.0457992553711 2.4166600704193115 0.0
  vertex 67.0457992553711 0.8055559992790222 0.0
  vertex 68.64209747314453 0.8055559992790222 0.0
 endloop
endfacet
facet normal 0.0 0.0 1.0
 outer loop
  vertex 68.64209747314453 0.8055559992790222 0.0
  vertex 69.44029998779297 1.611109972000122 0.0
  vertex 68.64209747314453 3.222219944000244 0.0
 endloop
endfacet
facet normal 0.0 -0.0 1.0
 outer loop
  vertex 68.64209747314453 0.8055559992790222 0.0
  vertex 68.64209747314453 3.222219944000244 0.0
  vertex 67.0457992553711 2.4166600704193115 0.0
 endloop
endfacet
facet normal 0.0 0.0 1.0
 outer loop
  vertex 71.83480072021484 2.4166600704193115 0.0
  vertex 71.83480072021484 0.8055559992790222 0.0
  vertex 73.43109893798828 0.8055559992790222 0.0
 endloop
endfacet
facet normal 0.0 0.0 1.0
 outer loop
  vertex 73.43109893798828 0.8055559992790222 0.0
  vertex 74.22930145263672 1.611109972000122 0.0
  vertex 73.43109893798828 3.222219944000244 0.0
 endloop
endfacet
facet normal 0.0 -0.0 1.0
 outer loop
  vertex 73.43109893798828 0.8055559992790222 0.0
  vertex 73.43109893798828 3.222219944000244 0.0
  vertex 71.83480072021484 2.4166600704193115 0.0
 endloop
endfacet
facet normal 0.0 0.0 1.0
 outer loop
  vertex 76.6238021850586 2.4166600704193115 0.0
  vertex 76.6238021850586 0.8055559992790222 0.0
  vertex 78.22010040283203 0.8055559992790222 0.0
 endloop
endfacet
facet normal 0.0 0.0 1.0
 outer loop
  vertex 78.22010040283203 0.8055559992790222 0.0
  vertex 79.01830291748047 1.611109972000122 0.0
  vertex 78.22010040283203 3.222219944000244 0.0
 endloop
endfacet
facet normal 0.0 -0.0 1.0
 outer loop
  vertex 78.22010040283203 0.8055559992790222 0.0
  vertex 78.22010040283203 3.222219944000244 0.0
  vertex 76.6238021850586 2.4166600704193115 0.0
 endloop
endfacet
facet normal 0.0 0.0 1.0
 outer loop
  vertex 82.21089935302734 1.611109972000122 0.0
  vertex 83.00910186767578 2.4166600704193115 0.0
  vertex 82.21089935302734 3.222219944000244 0.0
 endloop
endfacet
facet normal 0.0 -0.0 0.9999999999999999
 outer loop
  vertex 82.21089935302734 1.611109972000122 0.0
  vertex 82.21089935302734 3.222219944000244 0.0
  vertex 80.6146011352539 3.222219944000244 0.0
 endloop
endfacet
facet normal 0.0 0.0 1.0
 outer loop
  vertex 79.81639862060547 2.4166600704193115 0.0
  vertex 79.81639862060547 0.8055559992790222 0.0
  vertex 81.41280364990234 0.8055559992790222 0.0
 endloop
endfacet
facet normal 0.0 0.0 1.0
 outer loop
  vertex 82.21089935302734 1.611109972000122 0.0
  vertex 80.6146011352539 3.222219944000244 0.0
  vertex 79.81639862060547 2.4166600704193115 0.0
 endloop
endfacet
facet normal 0.0 0.0 1.0
 outer loop
  vertex 82.21089935302734 1.611109972000122 0.0
  vertex 79.81639862060547 2.4166600704193115 0.0
  vertex 81.41280364990234 0.8055559992790222 0.0
 endloop
endfacet
facet normal 0.0 -0.0 0.9999999999999999
 outer loop
  vertex 87.0 0.8055559992790222 0.0
  vertex 87.0 1.611109972000122 0.0
  vertex 86.20179748535156 2.4166600704193115 0.0
 endloop
endfacet
facet normal 0.0 0.0 1.0
 outer loop
  vertex 86.20179748535156 2.4166600704193115 0.0
  vertex 84.60540008544922 2.4166600704193115 0.0
  vertex 84.60540008544922 0.8055559992790222 0.0
 endloop
endfacet
facet normal 0.0 0.0 1.0
 outer loop
  vertex 87.0 0.8055559992790222 0.0
  vertex 86.20179748535156 2.4166600704193115 0.0
  vertex 84.60540008544922 0.8055559992790222 0.0
 endloop
endfacet
facet normal 0.0 0.0 0.9999999999999999
 outer loop
  vertex 87.0 0.8055559992790222 0.0
  vertex 84.60540008544922 0.8055559992790222 0.0
  vertex 85.40360260009766 0.0 0.0
 endloop
endfacet
facet normal 0.0 -0.0 1.0
 outer loop
  vertex 44.96222248711315 4.027780055999756 0.0
  vertex 45.49530029296875 4.296803820741789 0.0
  vertex 44.697200775146484 5.638889789581299 0.0
 endloop
endfacet
facet normal 0.0 0.0 0.9999999999999999
 outer loop
  vertex 44.96222248711315 4.027780055999756 0.0
  vertex 44.697200775146484 5.638889789581299 0.0
  vertex 43.89899826049805 4.833330154418945 0.0
 endloop
endfacet
facet normal 0.0 0.0 1.0
 outer loop
  vertex 44.697200775146484 2.4166600704193115 0.0
  vertex 45.255870437622065 3.222219944000244 0.0
  vertex 44.96222248711315 4.027780055999756 0.0
 endloop
endfacet
facet normal 0.0 0.0 0.9999999999999999
 outer loop
  vertex 43.89899826049805 4.833330154418945 0.0
  vertex 43.10089874267578 4.027780055999756 0.0
  vertex 43.10089874267578 3.222219944000244 0.0
 endloop
endfacet
facet normal 0.0 0.0 1.0
 outer loop
  vertex 44.96222248711315 4.027780055999756 0.0
  vertex 43.89899826049805 4.833330154418945 0.0
  vertex 43.10089874267578 3.222219944000244 0.0
 endloop
endfacet
facet normal 0.0 0.0 1.0
 outer loop
  vertex 44.96222248711315 4.027780055999756 0.0
  vertex 43.10089874267578 3.222219944000244 0.0
  vertex 44.697200775146484 2.4166600704193115 0.0
 endloop
endfacet
facet normal 0.0 0.0 1.0
 outer loop
  vertex 83.00910186767578 4.027780055999756 0.0
  vertex 82.21089935302734 3.222219944000244 0.0
  vertex 83.00910186767578 2.4166600704193115 0.0
 endloop
endfacet
facet normal 0.0 0.0 1.0
 outer loop
  vertex 83.00910186767578 4.027780055999756 0.0
  vertex 83.00910186767578 2.4166600704193115 0.0
  vertex 84.60540008544922 2.4166600704193115 0.0
 endloop
endfacet
facet normal -0.0 0.0 1.0
 outer loop
  vertex 83.00910186767578 4.027780055999756 0.0
  vertex 84.60540008544922 2.4166600704193115 0.0
  vertex 84.60540008544922 4.027780055999756 0.0
 endloop
endfacet
facet normal 0.0 0.0 1.0
 outer loop
  vertex 0.7981659770011902 3.222219944000244 0.0
  vertex 0.0 2.4166600704193115 0.0
  vertex 0.7981659770011902 1.611109972000122 0.0
 endloop
endfacet
facet normal 0.0 -0.0 1.0
 outer loop
  vertex 3.192660093307495 2.4166600704193115 0.0
  vertex 3.192660093307495 4.027780055999756 0.0
  vertex 1.5963300466537476 4.027780055999756 0.0
 endloop
endfacet
facet normal -0.0 0.0 1.0
 outer loop
  vertex 0.7981659770011902 1.611109972000122 0.0
  vertex 1.5963300466537476 0.8055559992790222 0.0
  vertex 3.192660093307495 2.4166600704193115 0.0
 endloop
endfacet
facet normal 0.0 0.0 1.0
 outer loop
  vertex 3.192660093307495 2.4166600704193115 0.0
  vertex 1.5963300466537476 4.027780055999756 0.0
  vertex 0.7981659770011902 3.222219944000244 0.0
 endloop
endfacet
facet normal 0.0 0.0 1.0
 outer loop
  vertex 0.7981659770011902 1.611109972000122 0.0
  vertex 3.192660093307495 2.4166600704193115 0.0
  vertex 0.7981659770011902 3.222219944000244 0.0
 endloop
endfacet
facet normal 0.0 0.0 1.0
 outer loop
  vertex 4.788990020751953 4.027780055999756 0.0
  vertex 3.192660093307495 4.027780055999756 0.0
  vertex 3.192660093307495 2.4166600704193115 0.0
 endloop
endfacet
facet normal 0.0 0.0 1.0
 outer loop
  vertex 4.788990020751953 4.027780055999756 0.0
  vertex 3.192660093307495 2.4166600704193115 0.0
  vertex 4.788990020751953 2.4166600704193115 0.0
 endloop
endfacet
facet normal 0.0 0.0 1.0
 outer loop
  vertex 7.981649875640869 4.027780055999756 0.0
  vertex 6.38532018661499 4.027780055999756 0.0
  vertex 6.38532018661499 2.4166600704193115 0.0
 endloop
endfacet
facet normal 0.0 0.0 1.0
 outer loop
  vertex 7.981649875640869 4.027780055999756 0.0
  vertex 6.38532018661499 2.4166600704193115 0.0
  vertex 7.981649875640869 2.4166600704193115 0.0
 endloop
endfacet
facet normal 0.0 0.0 1.0
 outer loop
  vertex 11.174300193786621 4.027780055999756 0.0
  vertex 9.577980041503906 4.027780055999756 0.0
  vertex 9.577980041503906 2.4166600704193115 0.0
 endloop
endfacet
facet normal 0.0 0.0 1.0
 outer loop
  vertex 11.174300193786621 4.027780055999756 0.0
  vertex 9.577980041503906 2.4166600704193115 0.0
  vertex 11.174300193786621 2.4166600704193115 0.0
 endloop
endfacet
facet normal 0.0 0.0 1.0
 outer loop
  vertex 14.366900444030762 4.027780055999756 0.0
  vertex 12.770600318908691 4.027780055999756 0.0
  vertex 12.770600318908691 2.4166600704193115 0.0
 endloop
endfacet
facet normal 0.0 0.0 1.0
 outer loop
  vertex 14.366900444030762 4.027780055999756 0.0
  vertex 12.770600318908691 2.4166600704193115 0.0
  vertex 14.366900444030762 2.4166600704193115 0.0
 endloop
endfacet
facet normal 0.0 0.0 1.0
 outer loop
  vertex 17.559600830078125 4.027780055999756 0.0
  vertex 15.963199615478516 4.027780055999756 0.0
  vertex 15.963199615478516 2.4166600704193115 0.0
 endloop
endfacet
facet normal 0.0 0.0 1.0
 outer loop
  vertex 17.559600830078125 4.027780055999756 0.0
  vertex 15.963199615478516 2.4166600704193115 0.0
  vertex 17.559600830078125 2.4166600704193115 0.0
 endloop
endfacet
facet normal 0.0 0.0 1.0
 outer loop
  vertex 20.752199172973633 4.027780055999756 0.0
  vertex 19.155899047851563 4.027780055999756 0.0
  vertex 19.155899047851563 2.4166600704193115 0.0
 endloop
endfacet
facet normal 0.0 0.0 1.0
 outer loop
  vertex 20.752199172973633 4.027780055999756 0.0
  vertex 19.155899047851563 2.4166600704193115 0.0
  vertex 20.752199172973633 2.4166600704193115 0.0
 endloop
endfacet
facet normal 0.0 0.0 1.0
 outer loop
  vertex 23.944900512695313 4.027780055999756 0.0
  vertex 22.348600387573242 4.027780055999756 0.0
  vertex 22.348600387573242 2.4166600704193115 0.0
 endloop
endfacet
facet normal 0.0 0.0 1.0
 outer loop
  vertex 23.944900512695313 4.027780055999756 0.0
  vertex 22.348600387573242 2.4166600704193115 0.0
  vertex 23.944900512695313 2.4166600704193115 0.0
 endloop
endfacet
facet normal 0.0 0.0 1.0
 outer loop
  vertex 27.13759994506836 4.027780055999756 0.0
  vertex 25.541200637817383 4.027780055999756 0.0
  vertex 25.541200637817383 2.4166600704193115 0.0
 endloop
endfacet
facet normal 0.0 0.0 1.0
 outer loop
  vertex 27.13759994506836 4.027780055999756 0.0
  vertex 25.541200637817383 2.4166600704193115 0.0
  vertex 27.13759994506836 2.4166600704193115 0.0
 endloop
endfacet
facet normal 0.0 0.0 1.0
 outer loop
  vertex 32.724700927734375 3.222219944000244 0.0
  vertex 33.52289962768555 4.027780055999756 0.0
  vertex 32.724700927734375 4.833330154418945 0.0
 endloop
endfacet
facet normal 0.0 -0.0 1.0
 outer loop
  vertex 32.724700927734375 3.222219944000244 0.0
  vertex 32.724700927734375 4.833330154418945 0.0
  vertex 31.128400802612305 4.833330154418945 0.0
 endloop
endfacet
facet normal 0.0 0.0 1.0
 outer loop
  vertex 30.3302001953125 4.027780055999756 0.0
  vertex 30.3302001953125 2.4166600704193115 0.0
  vertex 31.92650032043457 2.4166600704193115 0.0
 endloop
endfacet
facet normal 0.0 0.0 1.0
 outer loop
  vertex 32.724700927734375 3.222219944000244 0.0
  vertex 31.128400802612305 4.833330154418945 0.0
  vertex 30.3302001953125 4.027780055999756 0.0
 endloop
endfacet
facet normal 0.0 0.0 1.0
 outer loop
  vertex 32.724700927734375 3.222219944000244 0.0
  vertex 30.3302001953125 4.027780055999756 0.0
  vertex 31.92650032043457 2.4166600704193115 0.0
 endloop
endfacet
facet normal 0.0 0.0 1.0
 outer loop
  vertex 30.3302001953125 4.027780055999756 0.0
  vertex 28.73390007019043 4.027780055999756 0.0
  vertex 28.73390007019043 2.4166600704193115 0.0
 endloop
endfacet
facet normal 0.0 0.0 1.0
 outer loop
  vertex 30.3302001953125 4.027780055999756 0.0
  vertex 28.73390007019043 2.4166600704193115 0.0
  vertex 30.3302001953125 2.4166600704193115 0.0
 endloop
endfacet
facet normal 0.0 0.0 1.0
 outer loop
  vertex 36.71549987792969 4.027780055999756 0.0
  vertex 35.11920166015625 4.027780055999756 0.0
  vertex 35.11920166015625 2.4166600704193115 0.0
 endloop
endfacet
facet normal 0.0 0.0 1.0
 outer loop
  vertex 36.71549987792969 4.027780055999756 0.0
  vertex 35.11920166015625 2.4166600704193115 0.0
  vertex 36.71549987792969 2.4166600704193115 0.0
 endloop
endfacet
facet normal 0.0 0.0 1.0
 outer loop
  vertex 41.50450134277344 4.833330154418945 0.0
  vertex 40.70640182495117 4.833330154418945 0.0
  vertex 39.908199310302734 4.027780055999756 0.0
 endloop
endfacet
facet normal 0.0 -0.0 0.9999999999999999
 outer loop
  vertex 42.30270004272461 3.222219944000244 0.0
  vertex 43.10089874267578 4.027780055999756 0.0
  vertex 41.50450134277344 4.833330154418945 0.0
 endloop
endfacet
facet normal 0.0 0.0 1.0
 outer loop
  vertex 39.908199310302734 4.027780055999756 0.0
  vertex 39.908199310302734 2.4166600704193115 0.0
  vertex 41.50450134277344 2.4166600704193115 0.0
 endloop
endfacet
facet normal 0.0 0.0 1.0
 outer loop
  vertex 41.50450134277344 4.833330154418945 0.0
  vertex 39.908199310302734 4.027780055999756 0.0
  vertex 41.50450134277344 2.4166600704193115 0.0
 endloop
endfacet
facet normal 0.0 0.0 1.0
 outer loop
  vertex 41.50450134277344 4.833330154418945 0.0
  vertex 41.50450134277344 2.4166600704193115 0.0
  vertex 42.30270004272461 3.222219944000244 0.0
 endloop
endfacet
facet normal 0.0 0.0 1.0
 outer loop
  vertex 39.908199310302734 4.027780055999756 0.0
  vertex 38.3119010925293 4.027780055999756 0.0
  vertex 38.3119010925293 2.4166600704193115 0.0
 endloop
endfacet
facet normal 0.0 0.0 1.0
 outer loop
  vertex 39.908199310302734 4.027780055999756 0.0
  vertex 38.3119010925293 2.4166600704193115 0.0
  vertex 39.908199310302734 2.4166600704193115 0.0
 endloop
endfacet
facet normal 0.0 0.0 0.9999999999999999
 outer loop
  vertex 83.80729675292969 4.833330154418945 0.0
  vertex 84.60540008544922 5.638889789581299 0.0
  vertex 83.80729675292969 6.444439888000488 0.0
 endloop
endfacet
facet normal 0.0 0.0 1.0
 outer loop
  vertex 82.21089935302734 6.444439888000488 0.0
  vertex 81.41280364990234 5.638889789581299 0.0
  vertex 81.41280364990234 4.833330154418945 0.0
 endloop
endfacet
facet normal 0.0 -0.0 1.0
 outer loop
  vertex 83.80729675292969 4.833330154418945 0.0
  vertex 83.80729675292969 6.444439888000488 0.0
  vertex 82.21089935302734 6.444439888000488 0.0
 endloop
endfacet
facet normal 0.0 0.0 0.9999999999999999
 outer loop
  vertex 83.80729675292969 4.833330154418945 0.0
  vertex 82.21089935302734 6.444439888000488 0.0
  vertex 81.41280364990234 4.833330154418945 0.0
 endloop
endfacet
facet normal 0.0 0.0 1.0
 outer loop
  vertex 83.80729675292969 4.833330154418945 0.0
  vertex 81.41280364990234 4.833330154418945 0.0
  vertex 83.00910186767578 4.027780055999756 0.0
 endloop
endfacet
facet normal 0.0 0.0 1.0
 outer loop
  vertex 0.7981659770011902 6.444439888000488 0.0
  vertex 0.0 5.638889789581299 0.0
  vertex 0.7981659770011902 4.833330154418945 0.0
 endloop
endfacet
facet normal 0.0 0.0 1.0
 outer loop
  vertex 2.3944900035858154 6.444439888000488 0.0
  vertex 0.7981659770011902 6.444439888000488 0.0
  vertex 0.7981659770011902 4.833330154418945 0.0
 endloop
endfacet
facet normal 0.0 0.0 1.0
 outer loop
  vertex 3.192660093307495 5.638889789581299 0.0
  vertex 2.3944900035858154 6.444439888000488 0.0
  vertex 0.7981659770011902 4.833330154418945 0.0
 endloop
endfacet
facet normal 0.0 0.0 0.9999999999999999
 outer loop
  vertex 3.192660093307495 5.638889789581299 0.0
  vertex 0.7981659770011902 4.833330154418945 0.0
  vertex 1.5963300466537476 4.027780055999756 0.0
 endloop
endfacet
facet normal 0.0 0.0 1.0
 outer loop
  vertex 7.1834797859191895 4.833330154418945 0.0
  vertex 7.981649875640869 5.638889789581299 0.0
  vertex 7.1834797859191895 6.444439888000488 0.0
 endloop
endfacet
facet normal 0.0 -0.0 1.0
 outer loop
  vertex 7.1834797859191895 4.833330154418945 0.0
  vertex 7.1834797859191895 6.444439888000488 0.0
  vertex 5.5871500968933105 6.444439888000488 0.0
 endloop
endfacet
facet normal 0.0 0.0 1.0
 outer loop
  vertex 4.788990020751953 5.638889789581299 0.0
  vertex 4.788990020751953 4.027780055999756 0.0
  vertex 6.38532018661499 4.027780055999756 0.0
 endloop
endfacet
facet normal 0.0 0.0 1.0
 outer loop
  vertex 7.1834797859191895 4.833330154418945 0.0
  vertex 5.5871500968933105 6.444439888000488 0.0
  vertex 4.788990020751953 5.638889789581299 0.0
 endloop
endfacet
facet normal 0.0 0.0 1.0
 outer loop
  vertex 7.1834797859191895 4.833330154418945 0.0
  vertex 4.788990020751953 5.638889789581299 0.0
  vertex 6.38532018661499 4.027780055999756 0.0
 endloop
endfacet
facet normal 0.0 0.0 1.0
 outer loop
  vertex 4.788990020751953 5.638889789581299 0.0
  vertex 3.192660093307495 5.638889789581299 0.0
  vertex 3.192660093307495 4.027780055999756 0.0
 endloop
endfacet
facet normal 0.0 0.0 1.0
 outer loop
  vertex 4.788990020751953 5.638889789581299 0.0
  vertex 3.192660093307495 4.027780055999756 0.0
  vertex 4.788990020751953 4.027780055999756 0.0
 endloop
endfacet
facet normal 0.0 0.0 1.0
 outer loop
  vertex 11.174300193786621 5.638889789581299 0.0
  vertex 9.577980041503906 5.638889789581299 0.0
  vertex 9.577980041503906 4.027780055999756 0.0
 endloop
endfacet
facet normal 0.0 0.0 1.0
 outer loop
  vertex 11.174300193786621 5.638889789581299 0.0
  vertex 9.577980041503906 4.027780055999756 0.0
  vertex 11.174300193786621 4.027780055999756 0.0
 endloop
endfacet
facet normal 0.0 0.0 1.0
 outer loop
  vertex 14.366900444030762 5.638889789581299 0.0
  vertex 12.770600318908691 5.638889789581299 0.0
  vertex 12.770600318908691 4.027780055999756 0.0
 endloop
endfacet
facet normal 0.0 0.0 1.0
 outer loop
  vertex 14.366900444030762 5.638889789581299 0.0
  vertex 12.770600318908691 4.027780055999756 0.0
  vertex 14.366900444030762 4.027780055999756 0.0
 endloop
endfacet
facet normal 0.0 0.0 1.0
 outer loop
  vertex 17.559600830078125 6.444439888000488 0.0
  vertex 16.76140022277832 6.444439888000488 0.0
  vertex 15.963199615478516 5.638889789581299 0.0
 endloop
endfacet
facet normal 0.0 0.0 1.0
 outer loop
  vertex 15.963199615478516 5.638889789581299 0.0
  vertex 15.963199615478516 4.027780055999756 0.0
  vertex 17.559600830078125 4.027780055999756 0.0
 endloop
endfacet
facet normal 0.0 0.0 1.0
 outer loop
  vertex 17.559600830078125 4.027780055999756 0.0
  vertex 18.35770034790039 4.833330154418945 0.0
  vertex 17.559600830078125 6.444439888000488 0.0
 endloop
endfacet
facet normal 0.0 -0.0 1.0
 outer loop
  vertex 17.559600830078125 4.027780055999756 0.0
  vertex 17.559600830078125 6.444439888000488 0.0
  vertex 15.963199615478516 5.638889789581299 0.0
 endloop
endfacet
facet normal 0.0 -0.0 1.0
 outer loop
  vertex 22.348600387573242 5.638889789581299 0.0
  vertex 22.348600387573242 6.444439888000488 0.0
  vertex 20.752199172973633 6.444439888000488 0.0
 endloop
endfacet
facet normal 0.0 -0.0 1.0
 outer loop
  vertex 21.550399780273438 4.833330154418945 0.0
  vertex 22.348600387573242 5.638889789581299 0.0
  vertex 20.752199172973633 6.444439888000488 0.0
 endloop
endfacet
facet normal 0.0 0.0 1.0
 outer loop
  vertex 19.155899047851563 5.638889789581299 0.0
  vertex 19.155899047851563 4.027780055999756 0.0
  vertex 20.752199172973633 4.027780055999756 0.0
 endloop
endfacet
facet normal 0.0 0.0 0.9999999999999999
 outer loop
  vertex 20.752199172973633 6.444439888000488 0.0
  vertex 19.155899047851563 5.638889789581299 0.0
  vertex 20.752199172973633 4.027780055999756 0.0
 endloop
endfacet
facet normal 0.0 0.0 1.0
 outer loop
  vertex 21.550399780273438 4.833330154418945 0.0
  vertex 20.752199172973633 6.444439888000488 0.0
  vertex 20.752199172973633 4.027780055999756 0.0
 endloop
endfacet
facet normal 0.0 0.0 1.0
 outer loop
  vertex 25.541200637817383 5.638889789581299 0.0
  vertex 23.944900512695313 5.638889789581299 0.0
  vertex 23.944900512695313 4.027780055999756 0.0
 endloop
endfacet
facet normal 0.0 0.0 1.0
 outer loop
  vertex 25.541200637817383 5.638889789581299 0.0
  vertex 23.944900512695313 4.027780055999756 0.0
  vertex 25.541200637817383 4.027780055999756 0.0
 endloop
endfacet
facet normal 0.0 0.0 1.0
 outer loop
  vertex 28.73390007019043 5.638889789581299 0.0
  vertex 27.13759994506836 5.638889789581299 0.0
  vertex 27.13759994506836 4.027780055999756 0.0
 endloop
endfacet
facet normal 0.0 0.0 1.0
 outer loop
  vertex 28.73390007019043 5.638889789581299 0.0
  vertex 27.13759994506836 4.027780055999756 0.0
  vertex 28.73390007019043 4.027780055999756 0.0
 endloop
endfacet
facet normal 0.0 0.0 0.9999999999999999
 outer loop
  vertex 33.52289962768555 5.638889789581299 0.0
  vertex 33.52287558466196 6.752180220927404 0.0
  vertex 32.724700927734375 6.7416149164183565 0.0
 endloop
endfacet
facet normal 0.0 0.0 1.0
 outer loop
  vertex 32.724700927734375 6.7416149164183565 0.0
  vertex 31.92650032043457 6.822523753694203 0.0
  vertex 31.128400802612305 6.444439888000488 0.0
 endloop
endfacet
facet normal 0.0 0.0 1.0
 outer loop
  vertex 32.724700927734375 6.7416149164183565 0.0
  vertex 31.128400802612305 6.444439888000488 0.0
  vertex 32.724700927734375 4.833330154418945 0.0
 endloop
endfacet
facet normal 0.0 0.0 1.0
 outer loop
  vertex 32.724700927734375 6.7416149164183565 0.0
  vertex 32.724700927734375 4.833330154418945 0.0
  vertex 33.52289962768555 5.638889789581299 0.0
 endloop
endfacet
facet normal 0.0 0.0 1.0
 outer loop
  vertex 35.11920166015625 5.638889789581299 0.0
  vertex 35.11920166015625 4.027780055999756 0.0
  vertex 36.71549987792969 4.027780055999756 0.0
 endloop
endfacet
facet normal 0.0 0.0 1.0
 outer loop
  vertex 37.51369857788086 4.833330154418945 0.0
  vertex 35.91740036010742 6.444439888000488 0.0
  vertex 35.11920166015625 5.638889789581299 0.0
 endloop
endfacet
facet normal 0.0 -0.0 1.0
 outer loop
  vertex 36.71549987792969 4.027780055999756 0.0
  vertex 37.51369857788086 4.833330154418945 0.0
  vertex 35.11920166015625 5.638889789581299 0.0
 endloop
endfacet
facet normal 0.0 0.0 1.0
 outer loop
  vertex 43.10089874267578 7.25 0.0
  vertex 42.30270004272461 7.8138920783996575 0.0
  vertex 41.50450134277344 7.573352957923348 0.0
 endloop
endfacet
facet normal 0.0 0.0 1.0
 outer loop
  vertex 42.30270004272461 5.638889789581299 0.0
  vertex 43.89899826049805 6.444439888000488 0.0
  vertex 43.10089874267578 7.25 0.0
 endloop
endfacet
facet normal 0.0 -0.0 0.9999999999999999
 outer loop
  vertex 42.30270004272461 5.638889789581299 0.0
  vertex 43.10089874267578 7.25 0.0
  vertex 41.50450134277344 7.573352957923348 0.0
 endloop
endfacet
facet normal 0.0 0.0 1.0
 outer loop
  vertex 42.30270004272461 5.638889789581299 0.0
  vertex 41.50450134277344 7.573352957923348 0.0
  vertex 40.70640182495117 6.444439888000488 0.0
 endloop
endfacet
facet normal 0.0 0.0 1.0
 outer loop
  vertex 82.21089935302734 6.444439888000488 0.0
  vertex 83.00910186767578 7.25 0.0
  vertex 82.21089935302734 8.055560111999512 0.0
 endloop
endfacet
facet normal 0.0 -0.0 1.0
 outer loop
  vertex 82.21089935302734 6.444439888000488 0.0
  vertex 82.21089935302734 8.055560111999512 0.0
  vertex 80.6146011352539 8.055560111999512 0.0
 endloop
endfacet
facet normal 0.0 0.0 1.0
 outer loop
  vertex 79.81639862060547 7.25 0.0
  vertex 80.05585937500001 5.638889789581299 0.0
  vertex 81.41280364990234 5.638889789581299 0.0
 endloop
endfacet
facet normal 0.0 0.0 1.0
 outer loop
  vertex 82.21089935302734 6.444439888000488 0.0
  vertex 80.6146011352539 8.055560111999512 0.0
  vertex 79.81639862060547 7.25 0.0
 endloop
endfacet
facet normal 0.0 0.0 1.0
 outer loop
  vertex 82.21089935302734 6.444439888000488 0.0
  vertex 79.81639862060547 7.25 0.0
  vertex 81.41280364990234 5.638889789581299 0.0
 endloop
endfacet
facet normal 0.0 0.0 1.0
 outer loop
  vertex 11.174300193786621 7.25 0.0
  vertex 9.577980041503906 7.25 0.0
  vertex 9.577980041503906 5.638889789581299 0.0
 endloop
endfacet
facet normal 0.0 0.0 1.0
 outer loop
  vertex 11.174300193786621 7.25 0.0
  vertex 9.577980041503906 5.638889789581299 0.0
  vertex 11.174300193786621 5.638889789581299 0.0
 endloop
endfacet
facet normal 0.0 0.0 1.0
 outer loop
  vertex 14.366900444030762 7.25 0.0
  vertex 12.770600318908691 7.25 0.0
  vertex 12.770600318908691 5.638889789581299 0.0
 endloop
endfacet
facet normal 0.0 0.0 1.0
 outer loop
  vertex 14.366900444030762 7.25 0.0
  vertex 12.770600318908691 5.638889789581299 0.0
  vertex 14.366900444030762 5.638889789581299 0.0
 endloop
endfacet
facet normal 0.0 0.0 1.0
 outer loop
  vertex 19.954099655151367 7.599839849564778 0.0
  vertex 19.155899047851563 7.8138920783996575 0.0
  vertex 18.35770034790039 7.25 0.0
 endloop
endfacet
facet normal 0.0 0.0 1.0
 outer loop
  vertex 18.35770034790039 7.25 0.0
  vertex 17.559600830078125 6.444439888000488 0.0
  vertex 19.155899047851563 5.638889789581299 0.0
 endloop
endfacet
facet normal 0.0 0.0 1.0
 outer loop
  vertex 19.954099655151367 7.599839849564778 0.0
  vertex 18.35770034790039 7.25 0.0
  vertex 19.155899047851563 5.638889789581299 0.0
 endloop
endfacet
facet normal 0.0 0.0 1.0
 outer loop
  vertex 19.954099655151367 7.599839849564778 0.0
  vertex 19.155899047851563 5.638889789581299 0.0
  vertex 20.752199172973633 6.444439888000488 0.0
 endloop
endfacet
facet normal 0.0 -0.0 1.0
 outer loop
  vertex 23.146699905395508 7.25 0.0
  vertex 23.146699905395508 8.378908066866282 0.0
  vertex 22.488234949111938 8.29671970133264 0.0
 endloop
endfacet
facet normal 0.0 0.0 1.0
 outer loop
  vertex 22.488234949111938 8.29671970133264 0.0
  vertex 21.829769992828368 8.214531335798997 0.0
  vertex 21.290984582901 7.968859522526638 0.0
 endloop
endfacet
facet normal 0.0 0.0 1.0
 outer loop
  vertex 22.488234949111938 8.29671970133264 0.0
  vertex 21.290984582901 7.968859522526638 0.0
  vertex 22.348600387573242 6.444439888000488 0.0
 endloop
endfacet
facet normal 0.0 0.0 1.0
 outer loop
  vertex 22.488234949111938 8.29671970133264 0.0
  vertex 22.348600387573242 6.444439888000488 0.0
  vertex 23.146699905395508 7.25 0.0
 endloop
endfacet
facet normal 0.0 -0.0 0.9999999999999999
 outer loop
  vertex 26.339399337768555 7.25 0.0
  vertex 26.339399337768555 8.055560111999512 0.0
  vertex 24.743099212646484 8.055560111999512 0.0
 endloop
endfacet
facet normal 0.0 0.0 1.0
 outer loop
  vertex 24.743099212646484 8.055560111999512 0.0
  vertex 23.944900512695313 8.495508349888972 0.0
  vertex 23.146699905395508 7.25 0.0
 endloop
endfacet
facet normal 0.0 -0.0 1.0
 outer loop
  vertex 25.541200637817383 6.444439888000488 0.0
  vertex 26.339399337768555 7.25 0.0
  vertex 24.743099212646484 8.055560111999512 0.0
 endloop
endfacet
facet normal 0.0 0.0 0.9999999999999999
 outer loop
  vertex 25.541200637817383 6.444439888000488 0.0
  vertex 24.743099212646484 8.055560111999512 0.0
  vertex 23.146699905395508 7.25 0.0
 endloop
endfacet
facet normal 0.0 0.0 1.0
 outer loop
  vertex 25.541200637817383 6.444439888000488 0.0
  vertex 23.146699905395508 7.25 0.0
  vertex 23.944900512695313 5.638889789581299 0.0
 endloop
endfacet
facet normal 0.0 0.0 1.0
 outer loop
  vertex 38.3119010925293 5.638889789581299 0.0
  vertex 38.3119010925293 4.027780055999756 0.0
  vertex 39.908199310302734 4.027780055999756 0.0
 endloop
endfacet
facet normal 0.0 0.0 1.0
 outer loop
  vertex 40.70640182495117 6.444439888000488 0.0
  vertex 39.908199310302734 7.25 0.0
  vertex 38.3119010925293 5.638889789581299 0.0
 endloop
endfacet
facet normal 0.0 -0.0 0.9999999999999999
 outer loop
  vertex 40.70640182495117 4.833330154418945 0.0
  vertex 40.70640182495117 6.444439888000488 0.0
  vertex 38.3119010925293 5.638889789581299 0.0
 endloop
endfacet
facet normal 0.0 0.0 1.0
 outer loop
  vertex 40.70640182495117 4.833330154418945 0.0
  vertex 38.3119010925293 5.638889789581299 0.0
  vertex 39.908199310302734 4.027780055999756 0.0
 endloop
endfacet
facet normal 0.0 0.0 1.0
 outer loop
  vertex 38.3119010925293 7.25 0.0
  vertex 37.123177510598865 7.25 0.0
  vertex 36.71549987792969 6.887057598422628 0.0
 endloop
endfacet
facet normal 0.0 -0.0 0.9999999999999999
 outer loop
  vertex 38.3119010925293 5.638889789581299 0.0
  vertex 38.3119010925293 7.25 0.0
  vertex 36.71549987792969 6.887057598422628 0.0
 endloop
endfacet
facet normal 0.0 0.0 1.0
 outer loop
  vertex 36.71549987792969 6.887057598422628 0.0
  vertex 35.91740036010742 6.444439888000488 0.0
  vertex 37.51369857788086 4.833330154418945 0.0
 endloop
endfacet
facet normal 0.0 0.0 1.0
 outer loop
  vertex 38.3119010925293 5.638889789581299 0.0
  vertex 36.71549987792969 6.887057598422628 0.0
  vertex 37.51369857788086 4.833330154418945 0.0
 endloop
endfacet
facet normal 0.0 0.0 1.0
 outer loop
  vertex 49.48619842529297 8.861109733581543 0.0
  vertex 48.6879997253418 8.055560111999512 0.0
  vertex 48.6879997253418 7.25 0.0
 endloop
endfacet
facet normal 0.0 -0.0 1.0
 outer loop
  vertex 51.08250045776367 7.25 0.0
  vertex 51.08250045776367 8.861109733581543 0.0
  vertex 49.48619842529297 8.861109733581543 0.0
 endloop
endfacet
facet normal 0.0 0.0 1.0
 outer loop
  vertex 49.48619842529297 8.861109733581543 0.0
  vertex 48.6879997253418 7.25 0.0
  vertex 50.2843017578125 6.686107921600342 0.0
 endloop
endfacet
facet normal 0.0 0.0 0.9999999999999999
 outer loop
  vertex 51.08250045776367 7.25 0.0
  vertex 49.48619842529297 8.861109733581543 0.0
  vertex 50.2843017578125 6.686107921600342 0.0
 endloop
endfacet
facet normal 0.0 0.0 1.0
 outer loop
  vertex 29.531999588012695 7.25 0.0
  vertex 28.73390007019043 6.444439888000488 0.0
  vertex 28.73390007019043 5.638889789581299 0.0
 endloop
endfacet
facet normal 0.0 0.0 1.0
 outer loop
  vertex 28.73390007019043 5.638889789581299 0.0
  vertex 28.73390007019043 4.027780055999756 0.0
  vertex 30.3302001953125 4.027780055999756 0.0
 endloop
endfacet
facet normal 0.0 0.0 1.0
 outer loop
  vertex 31.128400802612305 6.444439888000488 0.0
  vertex 29.531999588012695 7.25 0.0
  vertex 28.73390007019043 5.638889789581299 0.0
 endloop
endfacet
facet normal 0.0 -0.0 0.9999999999999999
 outer loop
  vertex 31.128400802612305 4.833330154418945 0.0
  vertex 31.128400802612305 6.444439888000488 0.0
  vertex 28.73390007019043 5.638889789581299 0.0
 endloop
endfacet
facet normal 0.0 0.0 1.0
 outer loop
  vertex 31.128400802612305 4.833330154418945 0.0
  vertex 28.73390007019043 5.638889789581299 0.0
  vertex 30.3302001953125 4.027780055999756 0.0
 endloop
endfacet
facet normal 0.0 0.0 1.0
 outer loop
  vertex 46.29349899291992 7.25 0.0
  vertex 47.09170150756836 8.055560111999512 0.0
  vertex 46.29349899291992 8.861109733581543 0.0
 endloop
endfacet
facet normal 0.0 0.0 1.0
 outer loop
  vertex 46.29349899291992 8.861109733581543 0.0
  vertex 44.962982924742846 9.156345165256713 0.0
  vertex 44.697200775146484 8.055560111999512 0.0
 endloop
endfacet
facet normal 0.0 -0.0 1.0
 outer loop
  vertex 46.29349899291992 7.25 0.0
  vertex 46.29349899291992 8.861109733581543 0.0
  vertex 44.697200775146484 8.055560111999512 0.0
 endloop
endfacet
facet normal -0.0 0.0 1.0
 outer loop
  vertex 46.29349899291992 5.638889789581299 0.0
  vertex 47.09251233639079 5.086773587319078 0.0
  vertex 47.889801025390625 5.638889789581299 0.0
 endloop
endfacet
facet normal 0.0 0.0 1.0
 outer loop
  vertex 46.29349899291992 7.25 0.0
  vertex 44.697200775146484 5.638889789581299 0.0
  vertex 46.29349899291992 5.638889789581299 0.0
 endloop
endfacet
facet normal 0.0 -0.0 0.9999999999999999
 outer loop
  vertex 47.889801025390625 5.638889789581299 0.0
  vertex 47.889801025390625 7.25 0.0
  vertex 46.29349899291992 7.25 0.0
 endloop
endfacet
facet normal 0.0 0.0 0.9999999999999999
 outer loop
  vertex 47.889801025390625 5.638889789581299 0.0
  vertex 46.29349899291992 7.25 0.0
  vertex 46.29349899291992 5.638889789581299 0.0
 endloop
endfacet
facet normal 0.0 0.0 1.0
 outer loop
  vertex 44.697200775146484 8.055560111999512 0.0
  vertex 43.366889923915735 8.35092643815442 0.0
  vertex 43.10089874267578 7.25 0.0
 endloop
endfacet
facet normal 0.0 0.0 1.0
 outer loop
  vertex 44.697200775146484 8.055560111999512 0.0
  vertex 43.10089874267578 7.25 0.0
  vertex 43.89899826049805 6.444439888000488 0.0
 endloop
endfacet
facet normal 0.0 0.0 1.0
 outer loop
  vertex 44.697200775146484 8.055560111999512 0.0
  vertex 43.89899826049805 6.444439888000488 0.0
  vertex 44.697200775146484 5.638889789581299 0.0
 endloop
endfacet
facet normal 0.0 0.0 0.9999999999999999
 outer loop
  vertex 44.697200775146484 8.055560111999512 0.0
  vertex 44.697200775146484 5.638889789581299 0.0
  vertex 46.29349899291992 7.25 0.0
 endloop
endfacet
facet normal 0.0 0.0 1.0
 outer loop
  vertex 85.16414184570311 7.249999999999999 0.0
  vertex 84.8415479699328 7.758110136659397 0.0
  vertex 83.80729675292969 6.444439888000488 0.0
 endloop
endfacet
facet normal 0.0 0.0 1.0
 outer loop
  vertex 85.40360260009766 7.008331966400146 0.0
  vertex 85.16414184570311 7.249999999999999 0.0
  vertex 83.80729675292969 6.444439888000488 0.0
 endloop
endfacet
facet normal 0.0 0.0 1.0
 outer loop
  vertex 85.40360260009766 7.008331966400146 0.0
  vertex 83.80729675292969 6.444439888000488 0.0
  vertex 84.60540008544922 5.638889789581299 0.0
 endloop
endfacet
facet normal 0.0 0.0 1.0
 outer loop
  vertex 85.40360260009766 7.008331966400146 0.0
  vertex 84.60540008544922 5.638889789581299 0.0
  vertex 86.20179748535156 5.638889789581299 0.0
 endloop
endfacet
facet normal 0.0 0.0 1.0
 outer loop
  vertex 85.40360260009766 7.008331966400146 0.0
  vertex 86.20179748535156 5.638889789581299 0.0
  vertex 87.0 6.444439888000488 0.0
 endloop
endfacet
facet normal -0.0 0.0 1.0
 outer loop
  vertex 85.40360260009766 7.008331966400146 0.0
  vertex 87.0 6.444439888000488 0.0
  vertex 85.64306106567383 7.25 0.0
 endloop
endfacet
facet normal 0.0 0.0 0.9999999999999999
 outer loop
  vertex 15.963199615478516 9.247162486414197 0.0
  vertex 15.40452995300293 9.666669845581055 0.0
  vertex 14.366900444030762 9.666669845581055 0.0
 endloop
endfacet
facet normal 0.0 -0.0 1.0
 outer loop
  vertex 15.963199615478516 8.055560111999512 0.0
  vertex 15.963199615478516 9.247162486414197 0.0
  vertex 14.366900444030762 9.666669845581055 0.0
 endloop
endfacet
facet normal 0.0 0.0 1.0
 outer loop
  vertex 14.366900444030762 9.666669845581055 0.0
  vertex 13.56879997253418 8.861109733581543 0.0
  vertex 14.366900444030762 7.25 0.0
 endloop
endfacet
facet normal 0.0 0.0 1.0
 outer loop
  vertex 15.963199615478516 8.055560111999512 0.0
  vertex 14.366900444030762 9.666669845581055 0.0
  vertex 14.366900444030762 7.25 0.0
 endloop
endfacet
facet normal 0.0 0.0 1.0
 outer loop
  vertex 12.770600318908691 7.25 0.0
  vertex 14.366900444030762 7.25 0.0
  vertex 13.56879997253418 8.861109733581543 0.0
 endloop
endfacet
facet normal 0.0 0.0 1.0
 outer loop
  vertex 11.972399711608887 8.861109733581543 0.0
  vertex 11.174300193786621 7.25 0.0
  vertex 12.770600318908691 7.25 0.0
 endloop
endfacet
facet normal 0.0 0.0 1.0
 outer loop
  vertex 13.56879997253418 8.861109733581543 0.0
  vertex 11.972399711608887 8.861109733581543 0.0
  vertex 12.770600318908691 7.25 0.0
 endloop
endfacet
facet normal 0.0 0.0 1.0
 outer loop
  vertex 18.35770034790039 10.230541229248047 0.0
  vertex 17.82560355819296 9.909449903618949 0.0
  vertex 19.155899047851563 8.861109733581543 0.0
 endloop
endfacet
facet normal 0.0 0.0 1.0
 outer loop
  vertex 19.954099655151367 10.472200393676758 0.0
  vertex 18.828216742392954 10.553949217367455 0.0
  vertex 18.35770034790039 10.230541229248047 0.0
 endloop
endfacet
facet normal 0.0 0.0 1.0
 outer loop
  vertex 19.954099655151367 10.472200393676758 0.0
  vertex 18.35770034790039 10.230541229248047 0.0
  vertex 19.155899047851563 8.861109733581543 0.0
 endloop
endfacet
facet normal 0.0 0.0 1.0
 outer loop
  vertex 19.954099655151367 10.472200393676758 0.0
  vertex 19.155899047851563 8.861109733581543 0.0
  vertex 20.220097509585322 8.946835346823327 0.0
 endloop
endfacet
facet normal 0.0 -0.0 1.0
 outer loop
  vertex 16.76140022277832 6.444439888000488 0.0
  vertex 16.76140022277832 8.055560111999512 0.0
  vertex 15.963199615478516 8.055560111999512 0.0
 endloop
endfacet
facet normal 0.0 0.0 1.0
 outer loop
  vertex 14.366900444030762 7.25 0.0
  vertex 14.366900444030762 5.638889789581299 0.0
  vertex 15.963199615478516 5.638889789581299 0.0
 endloop
endfacet
facet normal 0.0 0.0 1.0
 outer loop
  vertex 15.963199615478516 8.055560111999512 0.0
  vertex 14.366900444030762 7.25 0.0
  vertex 15.963199615478516 5.638889789581299 0.0
 endloop
endfacet
facet normal 0.0 0.0 0.9999999999999999
 outer loop
  vertex 16.76140022277832 6.444439888000488 0.0
  vertex 15.963199615478516 8.055560111999512 0.0
  vertex 15.963199615478516 5.638889789581299 0.0
 endloop
endfacet
facet normal 0.0 -0.0 0.9999999999999999
 outer loop
  vertex 28.73390007019043 6.444439888000488 0.0
  vertex 29.531999588012695 7.25 0.0
  vertex 27.935699462890625 8.055560111999512 0.0
 endloop
endfacet
facet normal 0.0 0.0 1.0
 outer loop
  vertex 28.73390007019043 6.444439888000488 0.0
  vertex 27.935699462890625 8.055560111999512 0.0
  vertex 26.339399337768555 7.25 0.0
 endloop
endfacet
facet normal 0.0 0.0 1.0
 outer loop
  vertex 28.73390007019043 6.444439888000488 0.0
  vertex 26.339399337768555 7.25 0.0
  vertex 27.13759994506836 5.638889789581299 0.0
 endloop
endfacet
facet normal 0.0 0.0 1.0
 outer loop
  vertex 35.91740036010742 10.472200393676758 0.0
  vertex 34.32099914550781 10.472200393676758 0.0
  vertex 34.32099914550781 9.666669845581055 0.0
 endloop
endfacet
facet normal 0.0 0.0 1.0
 outer loop
  vertex 35.91740036010742 8.562851941316199 0.0
  vertex 36.71549987792969 9.666669845581055 0.0
  vertex 35.91740036010742 10.472200393676758 0.0
 endloop
endfacet
facet normal 0.0 -0.0 1.0
 outer loop
  vertex 35.91740036010742 8.562851941316199 0.0
  vertex 35.91740036010742 10.472200393676758 0.0
  vertex 34.32099914550781 9.666669845581055 0.0
 endloop
endfacet
facet normal 0.0 0.0 1.0
 outer loop
  vertex 35.91740036010742 8.562851941316199 0.0
  vertex 34.32099914550781 9.666669845581055 0.0
  vertex 35.11920166015625 8.454460504829608 0.0
 endloop
endfacet
facet normal 0.0 0.0 1.0
 outer loop
  vertex 37.23276095390844 8.055560111999512 0.0
  vertex 37.123177510598865 7.25 0.0
  vertex 38.3119010925293 7.25 0.0
 endloop
endfacet
facet normal -0.0 0.0 0.9999999999999999
 outer loop
  vertex 37.23276095390844 8.055560111999512 0.0
  vertex 38.3119010925293 7.25 0.0
  vertex 38.3119010925293 8.861109733581543 0.0
 endloop
endfacet
facet normal 0.0 0.0 1.0
 outer loop
  vertex 38.3119010925293 8.861109733581543 0.0
  vertex 37.51369857788086 9.666669845581055 0.0
  vertex 36.71549987792969 8.518803140532745 0.0
 endloop
endfacet
facet normal 0.0 -0.0 1.0
 outer loop
  vertex 37.23276095390844 8.055560111999512 0.0
  vertex 38.3119010925293 8.861109733581543 0.0
  vertex 36.71549987792969 8.518803140532745 0.0
 endloop
endfacet
facet normal 0.0 0.0 1.0
 outer loop
  vertex 47.889801025390625 9.666669845581055 0.0
  vertex 46.55857828743974 9.96137866545654 0.0
  vertex 46.29349899291992 8.861109733581543 0.0
 endloop
endfacet
facet normal 0.0 0.0 1.0
 outer loop
  vertex 47.889801025390625 9.666669845581055 0.0
  vertex 46.29349899291992 8.861109733581543 0.0
  vertex 47.09170150756836 8.055560111999512 0.0
 endloop
endfacet
facet normal 0.0 0.0 1.0
 outer loop
  vertex 47.889801025390625 9.666669845581055 0.0
  vertex 47.09170150756836 8.055560111999512 0.0
  vertex 48.6879997253418 8.055560111999512 0.0
 endloop
endfacet
facet normal -0.0 0.0 1.0
 outer loop
  vertex 47.889801025390625 9.666669845581055 0.0
  vertex 48.6879997253418 8.055560111999512 0.0
  vertex 48.6879997253418 9.666669845581055 0.0
 endloop
endfacet
facet normal 0.0 0.0 1.0
 outer loop
  vertex 30.3302001953125 10.472200393676758 0.0
  vertex 30.3302001953125 8.861109733581543 0.0
  vertex 31.92650032043457 9.666669845581055 0.0
 endloop
endfacet
facet normal 0.0 0.0 1.0
 outer loop
  vertex 31.128400802612305 11.277700424194336 0.0
  vertex 30.3302001953125 10.472200393676758 0.0
  vertex 31.92650032043457 9.666669845581055 0.0
 endloop
endfacet
facet normal 0.0 0.0 1.0
 outer loop
  vertex 31.128400802612305 11.277700424194336 0.0
  vertex 31.92650032043457 9.666669845581055 0.0
  vertex 32.724700927734375 10.472200393676758 0.0
 endloop
endfacet
facet normal 0.0 0.0 1.0
 outer loop
  vertex 29.531999588012695 7.25 0.0
  vertex 30.3302001953125 8.055560111999512 0.0
  vertex 30.3302001953125 8.861109733581543 0.0
 endloop
endfacet
facet normal 0.0 0.0 1.0
 outer loop
  vertex 28.73390007019043 10.230541229248047 0.0
  vertex 27.935699462890625 9.666669845581055 0.0
  vertex 27.935699462890625 8.055560111999512 0.0
 endloop
endfacet
facet normal 0.0 0.0 1.0
 outer loop
  vertex 30.3302001953125 8.861109733581543 0.0
  vertex 28.73390007019043 10.230541229248047 0.0
  vertex 27.935699462890625 8.055560111999512 0.0
 endloop
endfacet
facet normal 0.0 -0.0 1.0
 outer loop
  vertex 29.531999588012695 7.25 0.0
  vertex 30.3302001953125 8.861109733581543 0.0
  vertex 27.935699462890625 8.055560111999512 0.0
 endloop
endfacet
facet normal -0.0 0.0 1.0
 outer loop
  vertex 32.724700927734375 8.055560111999512 0.0
  vertex 33.243515205383304 7.934726095199585 0.0
  vertex 33.52289962768555 8.861109733581543 0.0
 endloop
endfacet
facet normal 0.0 -0.0 1.0
 outer loop
  vertex 33.52289962768555 8.861109733581543 0.0
  vertex 34.32099914550781 9.666669845581055 0.0
  vertex 32.724700927734375 10.472200393676758 0.0
 endloop
endfacet
facet normal 0.0 0.0 1.0
 outer loop
  vertex 33.52289962768555 8.861109733581543 0.0
  vertex 32.724700927734375 10.472200393676758 0.0
  vertex 31.92650032043457 9.666669845581055 0.0
 endloop
endfacet
facet normal 0.0 -0.0 0.9999999999999999
 outer loop
  vertex 32.724700927734375 8.055560111999512 0.0
  vertex 33.52289962768555 8.861109733581543 0.0
  vertex 31.92650032043457 9.666669845581055 0.0
 endloop
endfacet
facet normal 0.0 0.0 0.9999999999999999
 outer loop
  vertex 32.724700927734375 8.055560111999512 0.0
  vertex 31.92650032043457 9.666669845581055 0.0
  vertex 31.92650032043457 7.528949503207188 0.0
 endloop
endfacet
facet normal 0.0 0.0 1.0
 outer loop
  vertex 81.41280364990234 8.861109733581543 0.0
  vertex 82.21089935302734 9.666669845581055 0.0
  vertex 81.41280364990234 10.472200393676758 0.0
 endloop
endfacet
facet normal 0.0 0.0 1.0
 outer loop
  vertex 79.01830291748047 9.666669845581055 0.0
  vertex 79.01830291748047 8.055560111999512 0.0
  vertex 80.6146011352539 8.055560111999512 0.0
 endloop
endfacet
facet normal 0.0 -0.0 1.0
 outer loop
  vertex 81.41280364990234 8.861109733581543 0.0
  vertex 81.41280364990234 10.472200393676758 0.0
  vertex 79.81639862060547 10.472200393676758 0.0
 endloop
endfacet
facet normal 0.0 0.0 1.0
 outer loop
  vertex 81.41280364990234 8.861109733581543 0.0
  vertex 79.81639862060547 10.472200393676758 0.0
  vertex 79.01830291748047 9.666669845581055 0.0
 endloop
endfacet
facet normal 0.0 0.0 1.0
 outer loop
  vertex 81.41280364990234 8.861109733581543 0.0
  vertex 79.01830291748047 9.666669845581055 0.0
  vertex 80.6146011352539 8.055560111999512 0.0
 endloop
endfacet
facet normal 0.0 0.0 1.0
 outer loop
  vertex 11.972399711608887 11.277700424194336 0.0
  vertex 11.174300193786621 11.277700424194336 0.0
  vertex 11.052114839632122 10.061636271975733 0.0
 endloop
endfacet
facet normal 0.0 0.0 1.0
 outer loop
  vertex 11.972399711608887 11.277700424194336 0.0
  vertex 11.052114839632122 10.061636271975733 0.0
  vertex 11.413730049133301 9.666669845581055 0.0
 endloop
endfacet
facet normal -0.0 0.0 1.0
 outer loop
  vertex 11.413730049133301 9.666669845581055 0.0
  vertex 11.972399711608887 8.861109733581543 0.0
  vertex 13.56879997253418 10.472200393676758 0.0
 endloop
endfacet
facet normal 0.0 0.0 1.0
 outer loop
  vertex 11.972399711608887 11.277700424194336 0.0
  vertex 11.413730049133301 9.666669845581055 0.0
  vertex 13.56879997253418 10.472200393676758 0.0
 endloop
endfacet
facet normal 0.0 0.0 1.0
 outer loop
  vertex 38.3119010925293 11.277700424194336 0.0
  vertex 38.632251722253 11.277700424194336 0.0
  vertex 38.77340187496596 12.08329963684082 0.0
 endloop
endfacet
facet normal 0.0 -0.0 1.0
 outer loop
  vertex 38.77340187496596 12.08329963684082 0.0
  vertex 39.0574991538536 12.618630155463617 0.0
  vertex 37.51369857788086 12.888799667358398 0.0
 endloop
endfacet
facet normal 0.0 -0.0 1.0
 outer loop
  vertex 38.3119010925293 11.277700424194336 0.0
  vertex 38.77340187496596 12.08329963684082 0.0
  vertex 37.51369857788086 12.888799667358398 0.0
 endloop
endfacet
facet normal 0.0 0.0 0.9999999999999999
 outer loop
  vertex 38.3119010925293 11.277700424194336 0.0
  vertex 37.51369857788086 12.888799667358398 0.0
  vertex 36.71549987792969 12.08329963684082 0.0
 endloop
endfacet
facet normal 0.0 0.0 0.9999999999999999
 outer loop
  vertex 50.2843017578125 10.472200393676758 0.0
  vertex 48.6879997253418 9.666669845581055 0.0
  vertex 49.48619842529297 8.861109733581543 0.0
 endloop
endfacet
facet normal 0.0 0.0 1.0
 outer loop
  vertex 50.2843017578125 10.472200393676758 0.0
  vertex 49.48619842529297 8.861109733581543 0.0
  vertex 51.08250045776367 8.861109733581543 0.0
 endloop
endfacet
facet normal 0.0 0.0 1.0
 outer loop
  vertex 51.880699157714844 9.666669845581055 0.0
  vertex 50.2843017578125 10.472200393676758 0.0
  vertex 51.08250045776367 8.861109733581543 0.0
 endloop
endfacet
facet normal 0.0 0.0 0.9999999999999999
 outer loop
  vertex 20.752199172973633 9.271648369891288 0.0
  vertex 21.271029567718507 9.469159107736171 0.0
  vertex 21.550399780273438 10.472200393676758 0.0
 endloop
endfacet
facet normal 0.0 0.0 1.0
 outer loop
  vertex 20.752199172973633 11.841619873046875 0.0
  vertex 20.261570482237346 11.521073182485562 0.0
  vertex 19.954099655151367 10.472200393676758 0.0
 endloop
endfacet
facet normal 0.0 0.0 1.0
 outer loop
  vertex 21.550399780273438 10.472200393676758 0.0
  vertex 20.752199172973633 11.841619873046875 0.0
  vertex 19.954099655151367 10.472200393676758 0.0
 endloop
endfacet
facet normal 0.0 -0.0 1.0
 outer loop
  vertex 20.752199172973633 9.271648369891288 0.0
  vertex 21.550399780273438 10.472200393676758 0.0
  vertex 19.954099655151367 10.472200393676758 0.0
 endloop
endfacet
facet normal 0.0 0.0 1.0
 outer loop
  vertex 57.46780014038086 10.472200393676758 0.0
  vertex 58.52541561126709 10.613157558441163 0.0
  vertex 58.922001361846924 10.99829980134964 0.0
 endloop
endfacet
facet normal 0.0 0.0 1.0
 outer loop
  vertex 57.46780014038086 12.08329963684082 0.0
  vertex 56.669700622558594 11.277700424194336 0.0
  vertex 57.46780014038086 10.472200393676758 0.0
 endloop
endfacet
facet normal 0.0 0.0 1.0
 outer loop
  vertex 57.46780014038086 12.08329963684082 0.0
  vertex 57.46780014038086 10.472200393676758 0.0
  vertex 58.922001361846924 10.99829980134964 0.0
 endloop
endfacet
facet normal -0.0 0.0 1.0
 outer loop
  vertex 57.46780014038086 12.08329963684082 0.0
  vertex 58.922001361846924 10.99829980134964 0.0
  vertex 59.06420135498047 12.08329963684082 0.0
 endloop
endfacet
facet normal 0.0 0.0 1.0
 outer loop
  vertex 35.91740036010742 10.472200393676758 0.0
  vertex 36.71549987792969 9.666669845581055 0.0
  vertex 37.51369857788086 9.666669845581055 0.0
 endloop
endfacet
facet normal 0.0 0.0 1.0
 outer loop
  vertex 36.71549987792969 12.08329963684082 0.0
  vertex 35.11920166015625 12.08329963684082 0.0
  vertex 35.91740036010742 10.472200393676758 0.0
 endloop
endfacet
facet normal -0.0 0.0 1.0
 outer loop
  vertex 35.91740036010742 10.472200393676758 0.0
  vertex 37.51369857788086 9.666669845581055 0.0
  vertex 38.3119010925293 11.277700424194336 0.0
 endloop
endfacet
facet normal 0.0 0.0 1.0
 outer loop
  vertex 35.91740036010742 10.472200393676758 0.0
  vertex 38.3119010925293 11.277700424194336 0.0
  vertex 36.71549987792969 12.08329963684082 0.0
 endloop
endfacet
facet normal 0.0 0.0 1.0
 outer loop
  vertex 33.52289962768555 12.08329963684082 0.0
  vertex 32.724700927734375 10.472200393676758 0.0
  vertex 34.32099914550781 10.472200393676758 0.0
 endloop
endfacet
facet normal 0.0 0.0 1.0
 outer loop
  vertex 35.11920166015625 12.08329963684082 0.0
  vertex 33.52289962768555 12.08329963684082 0.0
  vertex 34.32099914550781 10.472200393676758 0.0
 endloop
endfacet
facet normal 0.0 0.0 1.0
 outer loop
  vertex 35.11920166015625 12.08329963684082 0.0
  vertex 34.32099914550781 10.472200393676758 0.0
  vertex 35.91740036010742 10.472200393676758 0.0
 endloop
endfacet
facet normal 0.0 0.0 1.0
 outer loop
  vertex 52.67879867553711 8.861109733581543 0.0
  vertex 53.47700119018555 8.297224998474121 0.0
  vertex 54.11478272983943 8.493113900687632 0.0
 endloop
endfacet
facet normal 0.0 0.0 1.0
 outer loop
  vertex 54.11478272983943 8.493113900687632 0.0
  vertex 55.073299407958984 9.666669845581055 0.0
  vertex 54.27519989013672 10.472200393676758 0.0
 endloop
endfacet
facet normal -0.0 0.0 0.9999999999999999
 outer loop
  vertex 52.67879867553711 8.861109733581543 0.0
  vertex 54.11478272983943 8.493113900687632 0.0
  vertex 54.27519989013672 10.472200393676758 0.0
 endloop
endfacet
facet normal 0.0 0.0 1.0
 outer loop
  vertex 52.67879867553711 8.861109733581543 0.0
  vertex 54.27519989013672 10.472200393676758 0.0
  vertex 52.67879867553711 11.277700424194336 0.0
 endloop
endfacet
facet normal 0.0 -0.0 1.0
 outer loop
  vertex 52.67879867553711 8.861109733581543 0.0
  vertex 52.67879867553711 11.277700424194336 0.0
  vertex 51.880699157714844 9.666669845581055 0.0
 endloop
endfacet
facet normal 0.0 0.0 1.0
 outer loop
  vertex 23.146699905395508 13.452719783782959 0.0
  vertex 22.619458735790758 13.13412252396354 0.0
  vertex 23.944900512695313 12.08329963684082 0.0
 endloop
endfacet
facet normal 0.0 0.0 1.0
 outer loop
  vertex 24.743099212646484 13.6943998336792 0.0
  vertex 23.54564909067355 13.789234302370359 0.0
  vertex 23.146699905395508 13.452719783782959 0.0
 endloop
endfacet
facet normal 0.0 0.0 1.0
 outer loop
  vertex 24.743099212646484 13.6943998336792 0.0
  vertex 23.146699905395508 13.452719783782959 0.0
  vertex 23.944900512695313 12.08329963684082 0.0
 endloop
endfacet
facet normal 0.0 0.0 1.0
 outer loop
  vertex 24.743099212646484 13.6943998336792 0.0
  vertex 23.944900512695313 12.08329963684082 0.0
  vertex 25.00910209024716 12.147027859581929 0.0
 endloop
endfacet
facet normal 0.0 0.0 1.0
 outer loop
  vertex 79.81639862060547 10.472200393676758 0.0
  vertex 80.6146011352539 11.277700424194336 0.0
  vertex 79.81639862060547 12.08329963684082 0.0
 endloop
endfacet
facet normal 0.0 0.0 1.0
 outer loop
  vertex 77.4219970703125 11.277700424194336 0.0
  vertex 77.4219970703125 9.666669845581055 0.0
  vertex 79.01830291748047 9.666669845581055 0.0
 endloop
endfacet
facet normal 0.0 0.0 1.0
 outer loop
  vertex 77.4219970703125 11.277700424194336 0.0
  vertex 79.01830291748047 9.666669845581055 0.0
  vertex 79.81639862060547 10.472200393676758 0.0
 endloop
endfacet
facet normal 0.0 0.0 0.9999999999999999
 outer loop
  vertex 79.81639862060547 12.08329963684082 0.0
  vertex 79.01830291748047 12.888799667358398 0.0
  vertex 77.4219970703125 11.277700424194336 0.0
 endloop
endfacet
facet normal 0.0 -0.0 0.9999999999999999
 outer loop
  vertex 79.81639862060547 10.472200393676758 0.0
  vertex 79.81639862060547 12.08329963684082 0.0
  vertex 77.4219970703125 11.277700424194336 0.0
 endloop
endfacet
facet normal 0.0 0.0 1.0
 outer loop
  vertex 77.4219970703125 12.888799667358398 0.0
  vertex 75.82559967041016 12.888799667358398 0.0
  vertex 75.82559967041016 11.277700424194336 0.0
 endloop
endfacet
facet normal 0.0 0.0 1.0
 outer loop
  vertex 77.4219970703125 12.888799667358398 0.0
  vertex 75.82559967041016 11.277700424194336 0.0
  vertex 77.4219970703125 11.277700424194336 0.0
 endloop
endfacet
facet normal 0.0 0.0 1.0
 outer loop
  vertex 10.376099586486816 14.5 0.0
  vertex 10.816237275379134 15.364545180160398 0.0
  vertex 10.476450499185539 15.73782221166223 0.0
 endloop
endfacet
facet normal 0.0 0.0 1.0
 outer loop
  vertex 9.577980041503906 14.5 0.0
  vertex 10.376099586486816 14.5 0.0
  vertex 10.476450499185539 15.73782221166223 0.0
 endloop
endfacet
facet normal 0.0 0.0 1.0
 outer loop
  vertex 9.577980041503906 16.111099243164063 0.0
  vertex 7.981649875640869 15.305500030517578 0.0
  vertex 9.577980041503906 14.5 0.0
 endloop
endfacet
facet normal 0.0 0.0 0.9999999999999999
 outer loop
  vertex 10.476450499185539 15.73782221166223 0.0
  vertex 9.577980041503906 16.111099243164063 0.0
  vertex 9.577980041503906 14.5 0.0
 endloop
endfacet
facet normal 0.0 -0.0 1.0
 outer loop
  vertex 11.972399711608887 12.888799667358398 0.0
  vertex 11.972399711608887 13.6943998336792 0.0
  vertex 11.561269856428256 14.515696515024754 0.0
 endloop
endfacet
facet normal -0.0 0.0 1.0
 outer loop
  vertex 10.376099586486816 12.08329963684082 0.0
  vertex 11.174300193786621 11.277700424194336 0.0
  vertex 11.972399711608887 12.888799667358398 0.0
 endloop
endfacet
facet normal 0.0 0.0 1.0
 outer loop
  vertex 11.972399711608887 12.888799667358398 0.0
  vertex 11.561269856428256 14.515696515024754 0.0
  vertex 10.376099586486816 14.5 0.0
 endloop
endfacet
facet normal 0.0 0.0 0.9999999999999999
 outer loop
  vertex 11.972399711608887 12.888799667358398 0.0
  vertex 10.376099586486816 14.5 0.0
  vertex 9.577980041503906 12.888799667358398 0.0
 endloop
endfacet
facet normal 0.0 0.0 1.0
 outer loop
  vertex 11.972399711608887 12.888799667358398 0.0
  vertex 9.577980041503906 12.888799667358398 0.0
  vertex 10.376099586486816 12.08329963684082 0.0
 endloop
endfacet
facet normal 0.0 0.0 1.0
 outer loop
  vertex 33.52289962768555 12.08329963684082 0.0
  vertex 35.11920166015625 12.08329963684082 0.0
  vertex 35.11920166015625 13.6943998336792 0.0
 endloop
endfacet
facet normal 0.0 0.0 1.0
 outer loop
  vertex 33.52289962768555 12.08329963684082 0.0
  vertex 35.11920166015625 13.6943998336792 0.0
  vertex 33.52289962768555 13.6943998336792 0.0
 endloop
endfacet
facet normal 0.0 0.0 1.0
 outer loop
  vertex 55.6054420778295 15.600895506597588 0.0
  vertex 55.073299407958984 15.869419479370116 0.0
  vertex 54.27519989013672 15.305500030517578 0.0
 endloop
endfacet
facet normal 0.0 0.0 1.0
 outer loop
  vertex 55.871498107910156 14.5 0.0
  vertex 55.6054420778295 15.600895506597588 0.0
  vertex 54.27519989013672 15.305500030517578 0.0
 endloop
endfacet
facet normal 0.0 0.0 1.0
 outer loop
  vertex 54.27519989013672 15.305500030517578 0.0
  vertex 53.47700119018555 14.5 0.0
  vertex 55.073299407958984 13.6943998336792 0.0
 endloop
endfacet
facet normal 0.0 0.0 0.9999999999999999
 outer loop
  vertex 55.871498107910156 14.5 0.0
  vertex 54.27519989013672 15.305500030517578 0.0
  vertex 55.073299407958984 13.6943998336792 0.0
 endloop
endfacet
facet normal 0.0 0.0 0.9999999999999999
 outer loop
  vertex 54.27519989013672 12.08329963684082 0.0
  vertex 55.871498107910156 12.888799667358398 0.0
  vertex 55.073299407958984 13.6943998336792 0.0
 endloop
endfacet
facet normal 0.0 0.0 1.0
 outer loop
  vertex 55.073299407958984 13.6943998336792 0.0
  vertex 53.47700119018555 14.5 0.0
  vertex 53.197690522751245 13.6943998336792 0.0
 endloop
endfacet
facet normal 0.0 0.0 1.0
 outer loop
  vertex 53.197690522751245 13.6943998336792 0.0
  vertex 52.91825942993164 12.888799667358398 0.0
  vertex 54.27519989013672 12.08329963684082 0.0
 endloop
endfacet
facet normal -0.0 0.0 1.0
 outer loop
  vertex 53.197690522751245 13.6943998336792 0.0
  vertex 54.27519989013672 12.08329963684082 0.0
  vertex 55.073299407958984 13.6943998336792 0.0
 endloop
endfacet
facet normal -0.0 0.0 1.0
 outer loop
  vertex 54.27519989013672 10.472200393676758 0.0
  vertex 55.073299407958984 9.666669845581055 0.0
  vertex 56.669700622558594 11.277700424194336 0.0
 endloop
endfacet
facet normal 0.0 0.0 1.0
 outer loop
  vertex 54.27519989013672 12.08329963684082 0.0
  vertex 54.27519989013672 10.472200393676758 0.0
  vertex 56.669700622558594 11.277700424194336 0.0
 endloop
endfacet
facet normal -0.0 0.0 1.0
 outer loop
  vertex 54.27519989013672 12.08329963684082 0.0
  vertex 56.669700622558594 11.277700424194336 0.0
  vertex 55.871498107910156 12.888799667358398 0.0
 endloop
endfacet
facet normal -0.0 0.0 0.9999999999999999
 outer loop
  vertex 26.339399337768555 13.6943998336792 0.0
  vertex 27.50170706510544 13.617651213220807 0.0
  vertex 27.935699462890625 13.93663632118714 0.0
 endloop
endfacet
facet normal 0.0 0.0 1.0
 outer loop
  vertex 26.339399337768555 15.305500030517578 0.0
  vertex 25.281904280363317 15.305500030517578 0.0
  vertex 24.743099212646484 14.799001771106035 0.0
 endloop
endfacet
facet normal 0.0 0.0 1.0
 outer loop
  vertex 24.743099212646484 14.799001771106035 0.0
  vertex 24.743099212646484 13.6943998336792 0.0
  vertex 26.339399337768555 13.6943998336792 0.0
 endloop
endfacet
facet normal 0.0 0.0 1.0
 outer loop
  vertex 26.339399337768555 15.305500030517578 0.0
  vertex 24.743099212646484 14.799001771106035 0.0
  vertex 26.339399337768555 13.6943998336792 0.0
 endloop
endfacet
facet normal 0.0 -0.0 1.0
 outer loop
  vertex 27.935699462890625 13.93663632118714 0.0
  vertex 27.935699462890625 15.305500030517578 0.0
  vertex 26.339399337768555 15.305500030517578 0.0
 endloop
endfacet
facet normal 0.0 0.0 1.0
 outer loop
  vertex 26.339399337768555 13.6943998336792 0.0
  vertex 27.935699462890625 13.93663632118714 0.0
  vertex 26.339399337768555 15.305500030517578 0.0
 endloop
endfacet
facet normal 0.0 -0.0 1.0
 outer loop
  vertex 27.935699462890625 15.305500030517578 0.0
  vertex 28.73390007019043 16.111099243164063 0.0
  vertex 27.13759994506836 16.91659927368164 0.0
 endloop
endfacet
facet normal 0.0 0.0 1.0
 outer loop
  vertex 27.13759994506836 16.91659927368164 0.0
  vertex 26.339399337768555 16.91659927368164 0.0
  vertex 26.339399337768555 15.305500030517578 0.0
 endloop
endfacet
facet normal 0.0 0.0 1.0
 outer loop
  vertex 27.13759994506836 16.91659927368164 0.0
  vertex 26.339399337768555 15.305500030517578 0.0
  vertex 27.935699462890625 15.305500030517578 0.0
 endloop
endfacet
facet normal 0.0 0.0 1.0
 outer loop
  vertex 37.51369857788086 14.5 0.0
  vertex 36.71549987792969 14.839099403525566 0.0
  vertex 35.91740036010742 14.774643740162379 0.0
 endloop
endfacet
facet normal 0.0 0.0 1.0
 outer loop
  vertex 35.11920166015625 13.6943998336792 0.0
  vertex 35.11920166015625 12.08329963684082 0.0
  vertex 36.71549987792969 12.08329963684082 0.0
 endloop
endfacet
facet normal 0.0 -0.0 0.9999999999999999
 outer loop
  vertex 37.51369857788086 12.888799667358398 0.0
  vertex 37.51369857788086 14.5 0.0
  vertex 35.91740036010742 14.774643740162379 0.0
 endloop
endfacet
facet normal 0.0 0.0 1.0
 outer loop
  vertex 37.51369857788086 12.888799667358398 0.0
  vertex 35.91740036010742 14.774643740162379 0.0
  vertex 35.11920166015625 13.6943998336792 0.0
 endloop
endfacet
facet normal 0.0 0.0 1.0
 outer loop
  vertex 37.51369857788086 12.888799667358398 0.0
  vertex 35.11920166015625 13.6943998336792 0.0
  vertex 36.71549987792969 12.08329963684082 0.0
 endloop
endfacet
facet normal 0.0 0.0 1.0
 outer loop
  vertex 57.46780014038086 13.6943998336792 0.0
  vertex 57.46780014038086 12.08329963684082 0.0
  vertex 59.06420135498047 12.08329963684082 0.0
 endloop
endfacet
facet normal -0.0 0.0 1.0
 outer loop
  vertex 57.46780014038086 13.6943998336792 0.0
  vertex 59.06420135498047 12.08329963684082 0.0
  vertex 59.06420135498047 13.6943998336792 0.0
 endloop
endfacet
facet normal 0.0 -0.0 0.9999999999999999
 outer loop
  vertex 8.779809951782227 16.91659927368164 0.0
  vertex 9.128882747253538 17.603838362525337 0.0
  vertex 8.76839068432707 18.064916860616798 0.0
 endloop
endfacet
facet normal 0.0 0.0 1.0
 outer loop
  vertex 8.76839068432707 18.064916860616798 0.0
  vertex 8.401363686686691 18.50855846246866 0.0
  vertex 7.1834797859191895 17.722200393676758 0.0
 endloop
endfacet
facet normal 0.0 0.0 1.0
 outer loop
  vertex 8.76839068432707 18.064916860616798 0.0
  vertex 7.1834797859191895 17.722200393676758 0.0
  vertex 8.779809951782227 16.91659927368164 0.0
 endloop
endfacet
facet normal 0.0 0.0 1.0
 outer loop
  vertex 7.981649875640869 15.305500030517578 0.0
  vertex 9.577980041503906 16.111099243164063 0.0
  vertex 8.779809951782227 16.91659927368164 0.0
 endloop
endfacet
facet normal -0.0 0.0 1.0
 outer loop
  vertex 7.1834797859191895 16.111099243164063 0.0
  vertex 7.981649875640869 15.305500030517578 0.0
  vertex 8.779809951782227 16.91659927368164 0.0
 endloop
endfacet
facet normal 0.0 0.0 0.9999999999999999
 outer loop
  vertex 28.73390007019043 16.111099243164063 0.0
  vertex 27.935699462890625 15.305500030517578 0.0
  vertex 28.73390007019043 14.258319950103758 0.0
 endloop
endfacet
facet normal -0.0 0.0 0.9999999999999999
 outer loop
  vertex 29.531999588012695 14.258319950103758 0.0
  vertex 30.3302001953125 13.936079883575438 0.0
  vertex 31.128400802612305 15.305500030517578 0.0
 endloop
endfacet
facet normal 0.0 0.0 1.0
 outer loop
  vertex 28.73390007019043 16.111099243164063 0.0
  vertex 28.73390007019043 14.258319950103758 0.0
  vertex 29.531999588012695 14.258319950103758 0.0
 endloop
endfacet
facet normal 0.0 0.0 1.0
 outer loop
  vertex 30.3302001953125 16.111099243164063 0.0
  vertex 28.73390007019043 16.111099243164063 0.0
  vertex 29.531999588012695 14.258319950103758 0.0
 endloop
endfacet
facet normal 0.0 0.0 1.0
 outer loop
  vertex 30.3302001953125 16.111099243164063 0.0
  vertex 29.531999588012695 14.258319950103758 0.0
  vertex 31.128400802612305 15.305500030517578 0.0
 endloop
endfacet
facet normal 0.0 -0.0 1.0
 outer loop
  vertex 31.92650032043457 16.91659927368164 0.0
  vertex 31.92650032043457 17.480520057678223 0.0
  vertex 31.572695912768893 17.817182799536063 0.0
 endloop
endfacet
facet normal 0.0 0.0 1.0
 outer loop
  vertex 31.92650032043457 16.91659927368164 0.0
  vertex 31.572695912768893 17.817182799536063 0.0
  vertex 31.218891505103215 18.153845541393906 0.0
 endloop
endfacet
facet normal 0.0 0.0 1.0
 outer loop
  vertex 31.128400802612305 15.305500030517578 0.0
  vertex 32.724700927734375 16.111099243164063 0.0
  vertex 31.92650032043457 16.91659927368164 0.0
 endloop
endfacet
facet normal -0.0 0.0 1.0
 outer loop
  vertex 30.3302001953125 16.111099243164063 0.0
  vertex 31.128400802612305 15.305500030517578 0.0
  vertex 31.92650032043457 16.91659927368164 0.0
 endloop
endfacet
facet normal 0.0 0.0 0.9999999999999999
 outer loop
  vertex 29.531999588012695 17.722200393676758 0.0
  vertex 29.531999588012695 16.91659927368164 0.0
  vertex 30.3302001953125 16.111099243164063 0.0
 endloop
endfacet
facet normal 0.0 0.0 1.0
 outer loop
  vertex 31.218891505103215 18.153845541393906 0.0
  vertex 29.531999588012695 17.722200393676758 0.0
  vertex 30.3302001953125 16.111099243164063 0.0
 endloop
endfacet
facet normal 0.0 0.0 1.0
 outer loop
  vertex 31.92650032043457 16.91659927368164 0.0
  vertex 31.218891505103215 18.153845541393906 0.0
  vertex 30.3302001953125 16.111099243164063 0.0
 endloop
endfacet
facet normal 0.0 0.0 1.0
 outer loop
  vertex 34.32099914550781 15.305500030517578 0.0
  vertex 33.86795059094414 16.09981403330202 0.0
  vertex 32.724700927734375 16.111099243164063 0.0
 endloop
endfacet
facet normal 0.0 0.0 1.0
 outer loop
  vertex 31.92650032043457 14.5 0.0
  vertex 31.92650032043457 13.6943998336792 0.0
  vertex 33.52289962768555 13.6943998336792 0.0
 endloop
endfacet
facet normal 0.0 -0.0 1.0
 outer loop
  vertex 35.11920166015625 13.6943998336792 0.0
  vertex 35.11920166015625 15.063850021362306 0.0
  vertex 34.32099914550781 15.305500030517578 0.0
 endloop
endfacet
facet normal 0.0 0.0 1.0
 outer loop
  vertex 33.52289962768555 13.6943998336792 0.0
  vertex 35.11920166015625 13.6943998336792 0.0
  vertex 34.32099914550781 15.305500030517578 0.0
 endloop
endfacet
facet normal 0.0 0.0 1.0
 outer loop
  vertex 34.32099914550781 15.305500030517578 0.0
  vertex 32.724700927734375 16.111099243164063 0.0
  vertex 31.92650032043457 14.5 0.0
 endloop
endfacet
facet normal 0.0 -0.0 0.9999999999999999
 outer loop
  vertex 33.52289962768555 13.6943998336792 0.0
  vertex 34.32099914550781 15.305500030517578 0.0
  vertex 31.92650032043457 14.5 0.0
 endloop
endfacet
facet normal 0.0 0.0 0.9999999999999999
 outer loop
  vertex 59.06420135498047 13.6943998336792 0.0
  vertex 60.421039962768546 12.888799667358398 0.0
  vertex 60.78022103309631 13.251319742202758 0.0
 endloop
endfacet
facet normal 0.0 0.0 1.0
 outer loop
  vertex 59.862300872802734 15.305500030517578 0.0
  vertex 58.26599884033203 15.305500030517578 0.0
  vertex 59.06420135498047 13.6943998336792 0.0
 endloop
endfacet
facet normal 0.0 -0.0 1.0
 outer loop
  vertex 60.78022103309631 13.251319742202758 0.0
  vertex 61.45869827270508 14.5 0.0
  vertex 59.862300872802734 15.305500030517578 0.0
 endloop
endfacet
facet normal 0.0 0.0 1.0
 outer loop
  vertex 60.78022103309631 13.251319742202758 0.0
  vertex 59.862300872802734 15.305500030517578 0.0
  vertex 59.06420135498047 13.6943998336792 0.0
 endloop
endfacet
facet normal 0.0 0.0 1.0
 outer loop
  vertex 38.55133094787598 16.91659927368164 0.0
  vertex 38.22290338229894 16.513693104097058 0.0
  vertex 38.3119010925293 15.305500030517578 0.0
 endloop
endfacet
facet normal 0.0 0.0 1.0
 outer loop
  vertex 38.3119010925293 15.305500030517578 0.0
  vertex 37.51369857788086 14.5 0.0
  vertex 39.11000061035156 13.6943998336792 0.0
 endloop
endfacet
facet normal 0.0 0.0 1.0
 outer loop
  vertex 39.11000061035156 13.6943998336792 0.0
  vertex 39.90533656103739 14.228703343429633 0.0
  vertex 39.908199310302734 15.305500030517578 0.0
 endloop
endfacet
facet normal -0.0 0.0 1.0
 outer loop
  vertex 38.3119010925293 15.305500030517578 0.0
  vertex 39.11000061035156 13.6943998336792 0.0
  vertex 39.908199310302734 15.305500030517578 0.0
 endloop
endfacet
facet normal 0.0 -0.0 1.0
 outer loop
  vertex 39.908199310302734 15.305500030517578 0.0
  vertex 39.908199310302734 16.91659927368164 0.0
  vertex 38.55133094787598 16.91659927368164 0.0
 endloop
endfacet
facet normal 0.0 0.0 1.0
 outer loop
  vertex 38.3119010925293 15.305500030517578 0.0
  vertex 39.908199310302734 15.305500030517578 0.0
  vertex 38.55133094787598 16.91659927368164 0.0
 endloop
endfacet
facet normal 0.0 0.0 1.0
 outer loop
  vertex 75.82559967041016 14.5 0.0
  vertex 75.82559967041016 12.888799667358398 0.0
  vertex 77.4219970703125 12.888799667358398 0.0
 endloop
endfacet
facet normal 0.0 0.0 1.0
 outer loop
  vertex 77.4219970703125 12.888799667358398 0.0
  vertex 78.22010040283203 13.6943998336792 0.0
  vertex 77.4219970703125 15.305500030517578 0.0
 endloop
endfacet
facet normal -0.0 0.0 0.9999999999999999
 outer loop
  vertex 75.82559967041016 14.5 0.0
  vertex 77.4219970703125 12.888799667358398 0.0
  vertex 77.4219970703125 15.305500030517578 0.0
 endloop
endfacet
facet normal 0.0 0.0 1.0
 outer loop
  vertex 74.22930145263672 15.305500030517578 0.0
  vertex 72.63300323486328 15.305500030517578 0.0
  vertex 73.43109893798828 13.6943998336792 0.0
 endloop
endfacet
facet normal 0.0 0.0 1.0
 outer loop
  vertex 74.22930145263672 12.888799667358398 0.0
  vertex 75.82559967041016 14.5 0.0
  vertex 74.22930145263672 15.305500030517578 0.0
 endloop
endfacet
facet normal 0.0 -0.0 0.9999999999999999
 outer loop
  vertex 74.22930145263672 12.888799667358398 0.0
  vertex 74.22930145263672 15.305500030517578 0.0
  vertex 73.43109893798828 13.6943998336792 0.0
 endloop
endfacet
facet normal 0.0 0.0 1.0
 outer loop
  vertex 5.0284380435943605 17.722200393676758 0.0
  vertex 5.352692124247551 17.20227185873231 0.0
  vertex 6.38532018661499 16.91659927368164 0.0
 endloop
endfacet
facet normal 0.0 0.0 1.0
 outer loop
  vertex 4.788990020751953 19.33329963684082 0.0
  vertex 4.657174032831881 18.136317662850857 0.0
  vertex 5.0284380435943605 17.722200393676758 0.0
 endloop
endfacet
facet normal 0.0 -0.0 1.0
 outer loop
  vertex 7.1834797859191895 17.722200393676758 0.0
  vertex 7.1834797859191895 18.527700424194336 0.0
  vertex 6.38532018661499 19.33329963684082 0.0
 endloop
endfacet
facet normal 0.0 0.0 1.0
 outer loop
  vertex 6.38532018661499 19.33329963684082 0.0
  vertex 4.788990020751953 19.33329963684082 0.0
  vertex 5.0284380435943605 17.722200393676758 0.0
 endloop
endfacet
facet normal -0.0 0.0 1.0
 outer loop
  vertex 5.0284380435943605 17.722200393676758 0.0
  vertex 6.38532018661499 16.91659927368164 0.0
  vertex 7.1834797859191895 17.722200393676758 0.0
 endloop
endfacet
facet normal 0.0 0.0 0.9999999999999999
 outer loop
  vertex 6.38532018661499 19.33329963684082 0.0
  vertex 5.0284380435943605 17.722200393676758 0.0
  vertex 7.1834797859191895 17.722200393676758 0.0
 endloop
endfacet
facet normal -0.0 0.0 1.0
 outer loop
  vertex 24.743099212646484 16.352749252319335 0.0
  vertex 24.982529640197754 16.111099243164063 0.0
  vertex 26.339399337768555 16.91659927368164 0.0
 endloop
endfacet
facet normal 0.0 -0.0 1.0
 outer loop
  vertex 26.339399337768555 16.91659927368164 0.0
  vertex 26.339399337768555 17.722200393676758 0.0
  vertex 25.541200637817383 18.527700424194336 0.0
 endloop
endfacet
facet normal 0.0 0.0 0.9999999999999999
 outer loop
  vertex 23.944900512695313 18.527700424194336 0.0
  vertex 23.146699905395508 17.722200393676758 0.0
  vertex 24.11796933412552 16.54853020309832 0.0
 endloop
endfacet
facet normal -0.0 0.0 1.0
 outer loop
  vertex 24.11796933412552 16.54853020309832 0.0
  vertex 24.743099212646484 16.352749252319335 0.0
  vertex 26.339399337768555 16.91659927368164 0.0
 endloop
endfacet
facet normal 0.0 0.0 1.0
 outer loop
  vertex 25.541200637817383 18.527700424194336 0.0
  vertex 23.944900512695313 18.527700424194336 0.0
  vertex 24.11796933412552 16.54853020309832 0.0
 endloop
endfacet
facet normal 0.0 0.0 1.0
 outer loop
  vertex 25.541200637817383 18.527700424194336 0.0
  vertex 24.11796933412552 16.54853020309832 0.0
  vertex 26.339399337768555 16.91659927368164 0.0
 endloop
endfacet
facet normal 0.0 -0.0 1.0
 outer loop
  vertex 53.47700119018555 16.111099243164063 0.0
  vertex 53.66912864564412 16.82994984302058 0.0
  vertex 53.178928862888796 17.152721820490896 0.0
 endloop
endfacet
facet normal 0.0 0.0 1.0
 outer loop
  vertex 52.67879867553711 17.476638849093277 0.0
  vertex 52.32135619551461 17.722200393676758 0.0
  vertex 51.880699157714844 16.111099243164063 0.0
 endloop
endfacet
facet normal 0.0 0.0 1.0
 outer loop
  vertex 52.67879867553711 17.476638849093277 0.0
  vertex 51.880699157714844 16.111099243164063 0.0
  vertex 53.47700119018555 16.111099243164063 0.0
 endloop
endfacet
facet normal 0.0 0.0 1.0
 outer loop
  vertex 53.178928862888796 17.152721820490896 0.0
  vertex 52.67879867553711 17.476638849093277 0.0
  vertex 53.47700119018555 16.111099243164063 0.0
 endloop
endfacet
facet normal -0.0 0.0 1.0
 outer loop
  vertex 59.862300872802734 15.305500030517578 0.0
  vertex 61.45869827270508 14.5 0.0
  vertex 62.25680160522461 15.305500030517578 0.0
 endloop
endfacet
facet normal 0.0 0.0 1.0
 outer loop
  vertex 62.25680160522461 16.91659927368164 0.0
  vertex 60.660499572753906 17.722200393676758 0.0
  vertex 59.862300872802734 16.91659927368164 0.0
 endloop
endfacet
facet normal 0.0 0.0 1.0
 outer loop
  vertex 62.25680160522461 16.91659927368164 0.0
  vertex 59.862300872802734 16.91659927368164 0.0
  vertex 59.862300872802734 15.305500030517578 0.0
 endloop
endfacet
facet normal 0.0 0.0 1.0
 outer loop
  vertex 62.25680160522461 16.91659927368164 0.0
  vertex 59.862300872802734 15.305500030517578 0.0
  vertex 62.25680160522461 15.305500030517578 0.0
 endloop
endfacet
facet normal 0.0 0.0 1.0
 outer loop
  vertex 69.44029998779297 19.33329963684082 0.0
  vertex 68.64209747314453 17.96385040283203 0.0
  vertex 68.88155822753906 17.722200393676758 0.0
 endloop
endfacet
facet normal 0.0 0.0 1.0
 outer loop
  vertex 69.34052467346191 17.259001863002776 0.0
  vertex 71.0365982055664 18.527700424194336 0.0
  vertex 69.44029998779297 19.33329963684082 0.0
 endloop
endfacet
facet normal -0.0 0.0 1.0
 outer loop
  vertex 68.88155822753906 17.722200393676758 0.0
  vertex 69.34052467346191 17.259001863002776 0.0
  vertex 69.44029998779297 19.33329963684082 0.0
 endloop
endfacet
facet normal 0.0 0.0 1.0
 outer loop
  vertex 72.63300323486328 16.91659927368164 0.0
  vertex 72.63300323486328 15.305500030517578 0.0
  vertex 74.22930145263672 15.305500030517578 0.0
 endloop
endfacet
facet normal 0.0 -0.0 1.0
 outer loop
  vertex 75.02749633789063 16.111099243164063 0.0
  vertex 75.02749633789063 17.722200393676758 0.0
  vertex 73.43109893798828 17.722200393676758 0.0
 endloop
endfacet
facet normal 0.0 0.0 0.9999999999999999
 outer loop
  vertex 75.02749633789063 16.111099243164063 0.0
  vertex 73.43109893798828 17.722200393676758 0.0
  vertex 72.63300323486328 16.91659927368164 0.0
 endloop
endfacet
facet normal 0.0 -0.0 1.0
 outer loop
  vertex 74.22930145263672 15.305500030517578 0.0
  vertex 75.02749633789063 16.111099243164063 0.0
  vertex 72.63300323486328 16.91659927368164 0.0
 endloop
endfacet
facet normal 0.0 0.0 0.9999999999999999
 outer loop
  vertex 61.45869827270508 18.527700424194336 0.0
  vertex 60.660499572753906 17.722200393676758 0.0
  vertex 62.25680160522461 16.91659927368164 0.0
 endloop
endfacet
facet normal 0.0 0.0 1.0
 outer loop
  vertex 62.25680160522461 16.91659927368164 0.0
  vertex 63.85309982299805 16.91659927368164 0.0
  vertex 63.05500030517578 18.527700424194336 0.0
 endloop
endfacet
facet normal -0.0 0.0 1.0
 outer loop
  vertex 61.45869827270508 18.527700424194336 0.0
  vertex 62.25680160522461 16.91659927368164 0.0
  vertex 63.05500030517578 18.527700424194336 0.0
 endloop
endfacet
facet normal 0.0 0.0 1.0
 outer loop
  vertex 15.963199615478516 21.75 0.0
  vertex 15.16510009765625 21.75 0.0
  vertex 14.366900444030762 20.944400787353516 0.0
 endloop
endfacet
facet normal 0.0 0.0 1.0
 outer loop
  vertex 14.366900444030762 20.944400787353516 0.0
  vertex 15.16510009765625 19.574949645996092 0.0
  vertex 15.963199615478516 20.1387996673584 0.0
 endloop
endfacet
facet normal 0.0 0.0 1.0
 outer loop
  vertex 15.963199615478516 21.75 0.0
  vertex 14.366900444030762 20.944400787353516 0.0
  vertex 15.963199615478516 20.1387996673584 0.0
 endloop
endfacet
facet normal 0.0 0.0 0.9999999999999999
 outer loop
  vertex 15.963199615478516 20.1387996673584 0.0
  vertex 17.559600830078125 20.1387996673584 0.0
  vertex 17.559600830078125 20.944400787353516 0.0
 endloop
endfacet
facet normal 0.0 0.0 1.0
 outer loop
  vertex 15.963199615478516 21.75 0.0
  vertex 15.963199615478516 20.1387996673584 0.0
  vertex 17.559600830078125 20.944400787353516 0.0
 endloop
endfacet
facet normal 0.0 0.0 1.0
 outer loop
  vertex 28.73390007019043 16.111099243164063 0.0
  vertex 29.531999588012695 16.91659927368164 0.0
  vertex 29.531999588012695 17.722200393676758 0.0
 endloop
endfacet
facet normal 0.0 0.0 1.0
 outer loop
  vertex 28.73390007019043 16.111099243164063 0.0
  vertex 29.531999588012695 17.722200393676758 0.0
  vertex 28.73390007019043 18.527700424194336 0.0
 endloop
endfacet
facet normal -0.0 0.0 1.0
 outer loop
  vertex 27.13759994506836 16.91659927368164 0.0
  vertex 28.73390007019043 16.111099243164063 0.0
  vertex 28.73390007019043 18.527700424194336 0.0
 endloop
endfacet
facet normal 0.0 0.0 1.0
 outer loop
  vertex 27.13759994506836 16.91659927368164 0.0
  vertex 28.73390007019043 18.527700424194336 0.0
  vertex 27.13759994506836 19.33329963684082 0.0
 endloop
endfacet
facet normal -0.0 0.0 0.9999999999999999
 outer loop
  vertex 26.339399337768555 17.722200393676758 0.0
  vertex 27.13759994506836 16.91659927368164 0.0
  vertex 27.13759994506836 19.33329963684082 0.0
 endloop
endfacet
facet normal 0.0 0.0 1.0
 outer loop
  vertex 40.94583168029785 20.944400787353516 0.0
  vertex 40.67977610030212 20.407373765886227 0.0
  vertex 41.50450134277344 19.33329963684082 0.0
 endloop
endfacet
facet normal 0.0 0.0 1.0
 outer loop
  vertex 41.50450134277344 19.33329963684082 0.0
  vertex 42.30270004272461 18.527700424194336 0.0
  vertex 43.196184518348836 18.930500030517578 0.0
 endloop
endfacet
facet normal 0.0 -0.0 1.0
 outer loop
  vertex 43.89899826049805 20.1387996673584 0.0
  vertex 43.89899826049805 20.944400787353516 0.0
  vertex 42.30270004272461 20.944400787353516 0.0
 endloop
endfacet
facet normal 0.0 0.0 1.0
 outer loop
  vertex 42.30270004272461 20.944400787353516 0.0
  vertex 40.94583168029785 20.944400787353516 0.0
  vertex 41.50450134277344 19.33329963684082 0.0
 endloop
endfacet
facet normal 0.0 -0.0 1.0
 outer loop
  vertex 43.196184518348836 18.930500030517578 0.0
  vertex 43.89899826049805 20.1387996673584 0.0
  vertex 42.30270004272461 20.944400787353516 0.0
 endloop
endfacet
facet normal 0.0 0.0 1.0
 outer loop
  vertex 43.196184518348836 18.930500030517578 0.0
  vertex 42.30270004272461 20.944400787353516 0.0
  vertex 41.50450134277344 19.33329963684082 0.0
 endloop
endfacet
facet normal 0.0 0.0 1.0
 outer loop
  vertex 41.50450134277344 16.91659927368164 0.0
  vertex 42.21827701345005 17.474467491323765 0.0
  vertex 42.30270004272461 18.527700424194336 0.0
 endloop
endfacet
facet normal 0.0 0.0 1.0
 outer loop
  vertex 41.50450134277344 19.33329963684082 0.0
  vertex 40.14766006469727 19.33329963684082 0.0
  vertex 39.908199310302734 17.722200393676758 0.0
 endloop
endfacet
facet normal 0.0 0.0 1.0
 outer loop
  vertex 41.50450134277344 19.33329963684082 0.0
  vertex 39.908199310302734 17.722200393676758 0.0
  vertex 41.50450134277344 16.91659927368164 0.0
 endloop
endfacet
facet normal 0.0 0.0 0.9999999999999999
 outer loop
  vertex 42.30270004272461 18.527700424194336 0.0
  vertex 41.50450134277344 19.33329963684082 0.0
  vertex 41.50450134277344 16.91659927368164 0.0
 endloop
endfacet
facet normal 0.0 0.0 1.0
 outer loop
  vertex 63.05500030517578 20.1387996673584 0.0
  vertex 62.25680160522461 19.33329963684082 0.0
  vertex 63.05500030517578 18.527700424194336 0.0
 endloop
endfacet
facet normal 0.0 0.0 1.0
 outer loop
  vertex 63.05500030517578 20.1387996673584 0.0
  vertex 63.05500030517578 18.527700424194336 0.0
  vertex 64.65129852294922 18.527700424194336 0.0
 endloop
endfacet
facet normal -0.0 0.0 1.0
 outer loop
  vertex 63.05500030517578 20.1387996673584 0.0
  vertex 64.65129852294922 18.527700424194336 0.0
  vertex 64.65129852294922 20.1387996673584 0.0
 endloop
endfacet
facet normal 0.0 -0.0 1.0
 outer loop
  vertex 67.0457992553711 18.286050415039064 0.0
  vertex 67.84400177001953 19.33329963684082 0.0
  vertex 66.24759674072266 20.1387996673584 0.0
 endloop
endfacet
facet normal 0.0 0.0 1.0
 outer loop
  vertex 66.24759674072266 18.05819723635719 0.0
  vertex 67.0457992553711 18.286050415039064 0.0
  vertex 66.24759674072266 20.1387996673584 0.0
 endloop
endfacet
facet normal 0.0 0.0 1.0
 outer loop
  vertex 66.24759674072266 20.1387996673584 0.0
  vertex 64.65129852294922 20.1387996673584 0.0
  vertex 64.65129852294922 18.527700424194336 0.0
 endloop
endfacet
facet normal 0.0 -0.0 1.0
 outer loop
  vertex 66.24759674072266 18.05819723635719 0.0
  vertex 66.24759674072266 20.1387996673584 0.0
  vertex 64.65129852294922 18.527700424194336 0.0
 endloop
endfacet
facet normal 0.0 0.0 1.0
 outer loop
  vertex 73.43109893798828 18.527700424194336 0.0
  vertex 74.22930145263672 19.33329963684082 0.0
  vertex 73.87361342287157 20.20879607188496 0.0
 endloop
endfacet
facet normal 0.0 -0.0 1.0
 outer loop
  vertex 73.43109893798828 18.527700424194336 0.0
  vertex 73.87361342287157 20.20879607188496 0.0
  vertex 72.63300323486328 20.1387996673584 0.0
 endloop
endfacet
facet normal 0.0 0.0 1.0
 outer loop
  vertex 71.0365982055664 19.33329963684082 0.0
  vertex 71.0365982055664 18.527700424194336 0.0
  vertex 71.83480072021484 17.722200393676758 0.0
 endloop
endfacet
facet normal 0.0 0.0 1.0
 outer loop
  vertex 73.43109893798828 18.527700424194336 0.0
  vertex 72.63300323486328 20.1387996673584 0.0
  vertex 71.0365982055664 19.33329963684082 0.0
 endloop
endfacet
facet normal 0.0 0.0 1.0
 outer loop
  vertex 73.43109893798828 18.527700424194336 0.0
  vertex 71.0365982055664 19.33329963684082 0.0
  vertex 71.83480072021484 17.722200393676758 0.0
 endloop
endfacet
facet normal -0.0 0.0 1.0
 outer loop
  vertex 21.668705422952797 17.36939092398513 0.0
  vertex 22.348600387573242 17.158279609680175 0.0
  vertex 23.146699905395508 17.722200393676758 0.0
 endloop
endfacet
facet normal 0.0 -0.0 1.0
 outer loop
  vertex 23.146699905395508 17.722200393676758 0.0
  vertex 23.944900512695313 18.527700424194336 0.0
  vertex 22.348600387573242 19.33329963684082 0.0
 endloop
endfacet
facet normal 0.0 0.0 1.0
 outer loop
  vertex 22.348600387573242 19.33329963684082 0.0
  vertex 20.752199172973633 18.527700424194336 0.0
  vertex 21.668705422952797 17.36939092398513 0.0
 endloop
endfacet
facet normal 0.0 0.0 1.0
 outer loop
  vertex 23.146699905395508 17.722200393676758 0.0
  vertex 22.348600387573242 19.33329963684082 0.0
  vertex 21.668705422952797 17.36939092398513 0.0
 endloop
endfacet
facet normal 0.0 0.0 1.0
 outer loop
  vertex 27.13759994506836 19.33329963684082 0.0
  vertex 26.908083152770995 20.280497822750714 0.0
  vertex 26.22464189529419 20.491609137052848 0.0
 endloop
endfacet
facet normal -0.0 0.0 1.0
 outer loop
  vertex 25.541200637817383 18.527700424194336 0.0
  vertex 26.339399337768555 17.722200393676758 0.0
  vertex 27.13759994506836 19.33329963684082 0.0
 endloop
endfacet
facet normal 0.0 0.0 1.0
 outer loop
  vertex 26.22464189529419 20.491609137052848 0.0
  vertex 24.743099212646484 20.1387996673584 0.0
  vertex 25.541200637817383 18.527700424194336 0.0
 endloop
endfacet
facet normal 0.0 0.0 1.0
 outer loop
  vertex 26.22464189529419 20.491609137052848 0.0
  vertex 25.541200637817383 18.527700424194336 0.0
  vertex 27.13759994506836 19.33329963684082 0.0
 endloop
endfacet
facet normal 0.0 0.0 1.0
 outer loop
  vertex 24.505067073637104 21.0860860214438 0.0
  vertex 23.825883489516308 21.297203128824925 0.0
  vertex 23.146699905395508 20.944400787353516 0.0
 endloop
endfacet
facet normal 0.0 0.0 1.0
 outer loop
  vertex 24.743099212646484 20.1387996673584 0.0
  vertex 24.505067073637104 21.0860860214438 0.0
  vertex 23.146699905395508 20.944400787353516 0.0
 endloop
endfacet
facet normal 0.0 0.0 1.0
 outer loop
  vertex 23.146699905395508 20.944400787353516 0.0
  vertex 22.348600387573242 20.1387996673584 0.0
  vertex 22.348600387573242 19.33329963684082 0.0
 endloop
endfacet
facet normal 0.0 0.0 1.0
 outer loop
  vertex 24.743099212646484 20.1387996673584 0.0
  vertex 23.146699905395508 20.944400787353516 0.0
  vertex 22.348600387573242 19.33329963684082 0.0
 endloop
endfacet
facet normal 0.0 0.0 0.9999999999999999
 outer loop
  vertex 24.743099212646484 20.1387996673584 0.0
  vertex 22.348600387573242 19.33329963684082 0.0
  vertex 23.944900512695313 18.527700424194336 0.0
 endloop
endfacet
facet normal 0.0 -0.0 0.9999999999999999
 outer loop
  vertex 48.6879997253418 19.33329963684082 0.0
  vertex 48.87595923915515 20.054090484371407 0.0
  vertex 48.389005781659854 20.37751047201455 0.0
 endloop
endfacet
facet normal 0.0 0.0 1.0
 outer loop
  vertex 48.6879997253418 19.33329963684082 0.0
  vertex 48.389005781659854 20.37751047201455 0.0
  vertex 47.889801025390625 20.70272045135498 0.0
 endloop
endfacet
facet normal 0.0 0.0 1.0
 outer loop
  vertex 47.889801025390625 20.70272045135498 0.0
  vertex 47.49078105492588 21.02495285561308 0.0
  vertex 46.29349899291992 20.1387996673584 0.0
 endloop
endfacet
facet normal 0.0 0.0 1.0
 outer loop
  vertex 47.889801025390625 20.70272045135498 0.0
  vertex 46.29349899291992 20.1387996673584 0.0
  vertex 47.09170150756836 18.76938018798828 0.0
 endloop
endfacet
facet normal 0.0 0.0 1.0
 outer loop
  vertex 48.6879997253418 19.33329963684082 0.0
  vertex 47.889801025390625 20.70272045135498 0.0
  vertex 47.09170150756836 18.76938018798828 0.0
 endloop
endfacet
facet normal 0.0 0.0 1.0
 outer loop
  vertex 12.770600318908691 20.944400787353516 0.0
  vertex 13.56879997253418 21.75 0.0
  vertex 12.770600318908691 22.555500030517578 0.0
 endloop
endfacet
facet normal -0.0 0.0 1.0
 outer loop
  vertex 11.174300193786621 20.609704833435714 0.0
  vertex 11.972399711608887 20.380480003356933 0.0
  vertex 12.770600318908691 20.944400787353516 0.0
 endloop
endfacet
facet normal 0.0 0.0 1.0
 outer loop
  vertex 11.174300193786621 22.555500030517578 0.0
  vertex 10.376099586486816 21.75 0.0
  vertex 11.174300193786621 20.609704833435714 0.0
 endloop
endfacet
facet normal 0.0 0.0 1.0
 outer loop
  vertex 11.174300193786621 22.555500030517578 0.0
  vertex 11.174300193786621 20.609704833435714 0.0
  vertex 12.770600318908691 20.944400787353516 0.0
 endloop
endfacet
facet normal 0.0 0.0 1.0
 outer loop
  vertex 12.770600318908691 22.555500030517578 0.0
  vertex 11.174300193786621 22.555500030517578 0.0
  vertex 12.770600318908691 20.944400787353516 0.0
 endloop
endfacet
facet normal 0.0 -0.0 1.0
 outer loop
  vertex 23.146699905395508 20.944400787353516 0.0
  vertex 23.146699905395508 21.508320236206053 0.0
  vertex 22.846526095222774 21.75 0.0
 endloop
endfacet
facet normal 0.0 0.0 1.0
 outer loop
  vertex 23.146699905395508 22.12420960779632 0.0
  vertex 22.348600387573242 23.361099243164063 0.0
  vertex 21.550399780273438 22.555500030517578 0.0
 endloop
endfacet
facet normal 0.0 -0.0 1.0
 outer loop
  vertex 22.846526095222774 21.75 0.0
  vertex 23.146699905395508 22.12420960779632 0.0
  vertex 21.550399780273438 22.555500030517578 0.0
 endloop
endfacet
facet normal 0.0 0.0 1.0
 outer loop
  vertex 22.348600387573242 20.1387996673584 0.0
  vertex 23.146699905395508 20.944400787353516 0.0
  vertex 22.846526095222774 21.75 0.0
 endloop
endfacet
facet normal 0.0 0.0 1.0
 outer loop
  vertex 21.550399780273438 22.555500030517578 0.0
  vertex 20.752199172973633 21.75 0.0
  vertex 20.752199172973633 20.944400787353516 0.0
 endloop
endfacet
facet normal 0.0 0.0 1.0
 outer loop
  vertex 22.846526095222774 21.75 0.0
  vertex 21.550399780273438 22.555500030517578 0.0
  vertex 20.752199172973633 20.944400787353516 0.0
 endloop
endfacet
facet normal 0.0 0.0 1.0
 outer loop
  vertex 22.846526095222774 21.75 0.0
  vertex 20.752199172973633 20.944400787353516 0.0
  vertex 22.348600387573242 20.1387996673584 0.0
 endloop
endfacet
facet normal -0.0 0.0 1.0
 outer loop
  vertex 19.28101242794217 18.173748301460346 0.0
  vertex 19.954099655151367 17.96385040283203 0.0
  vertex 20.752199172973633 18.527700424194336 0.0
 endloop
endfacet
facet normal 0.0 0.0 1.0
 outer loop
  vertex 20.752199172973633 20.944400787353516 0.0
  vertex 19.954099655151367 20.944400787353516 0.0
  vertex 19.155899047851563 20.1387996673584 0.0
 endloop
endfacet
facet normal 0.0 0.0 1.0
 outer loop
  vertex 19.155899047851563 20.1387996673584 0.0
  vertex 18.35770034790039 19.33329963684082 0.0
  vertex 19.28101242794217 18.173748301460346 0.0
 endloop
endfacet
facet normal 0.0 -0.0 1.0
 outer loop
  vertex 20.752199172973633 18.527700424194336 0.0
  vertex 20.752199172973633 20.944400787353516 0.0
  vertex 19.155899047851563 20.1387996673584 0.0
 endloop
endfacet
facet normal 0.0 -0.0 1.0
 outer loop
  vertex 19.28101242794217 18.173748301460346 0.0
  vertex 20.752199172973633 18.527700424194336 0.0
  vertex 19.155899047851563 20.1387996673584 0.0
 endloop
endfacet
facet normal 0.0 0.0 1.0
 outer loop
  vertex 45.734759902954096 22.555500030517578 0.0
  vertex 45.49531517028808 22.95829963684082 0.0
  vertex 44.697200775146484 21.75 0.0
 endloop
endfacet
facet normal 0.0 0.0 1.0
 outer loop
  vertex 46.29349899291992 21.991650009155272 0.0
  vertex 45.734759902954096 22.555500030517578 0.0
  vertex 44.697200775146484 21.75 0.0
 endloop
endfacet
facet normal 0.0 0.0 0.9999999999999999
 outer loop
  vertex 46.29349899291992 21.991650009155272 0.0
  vertex 44.697200775146484 21.75 0.0
  vertex 46.29349899291992 20.944400787353516 0.0
 endloop
endfacet
facet normal 0.0 0.0 1.0
 outer loop
  vertex 68.64209747314453 20.944400787353516 0.0
  vertex 69.44029998779297 21.75 0.0
  vertex 68.64209747314453 22.555500030517578 0.0
 endloop
endfacet
facet normal 0.0 0.0 1.0
 outer loop
  vertex 67.0457992553711 22.555500030517578 0.0
  vertex 66.24759674072266 21.75 0.0
  vertex 66.24759674072266 20.944400787353516 0.0
 endloop
endfacet
facet normal 0.0 -0.0 1.0
 outer loop
  vertex 68.64209747314453 20.944400787353516 0.0
  vertex 68.64209747314453 22.555500030517578 0.0
  vertex 67.0457992553711 22.555500030517578 0.0
 endloop
endfacet
facet normal 0.0 0.0 1.0
 outer loop
  vertex 68.64209747314453 20.944400787353516 0.0
  vertex 67.0457992553711 22.555500030517578 0.0
  vertex 66.24759674072266 20.944400787353516 0.0
 endloop
endfacet
facet normal 0.0 0.0 1.0
 outer loop
  vertex 68.64209747314453 20.944400787353516 0.0
  vertex 66.24759674072266 20.944400787353516 0.0
  vertex 67.84400177001953 20.1387996673584 0.0
 endloop
endfacet
facet normal 0.0 0.0 1.0
 outer loop
  vertex 70.2385025024414 20.944400787353516 0.0
  vertex 69.44029998779297 19.33329963684082 0.0
  vertex 71.0365982055664 19.33329963684082 0.0
 endloop
endfacet
facet normal 0.0 0.0 1.0
 outer loop
  vertex 71.83480072021484 20.944400787353516 0.0
  vertex 70.2385025024414 20.944400787353516 0.0
  vertex 71.0365982055664 19.33329963684082 0.0
 endloop
endfacet
facet normal 0.0 0.0 1.0
 outer loop
  vertex 71.83480072021484 20.944400787353516 0.0
  vertex 71.0365982055664 19.33329963684082 0.0
  vertex 72.63300323486328 20.1387996673584 0.0
 endloop
endfacet
facet normal 0.0 0.0 1.0
 outer loop
  vertex 8.779809951782227 21.75 0.0
  vertex 9.577980041503906 22.555500030517578 0.0
  vertex 8.779809951782227 23.361099243164063 0.0
 endloop
endfacet
facet normal -0.0 0.0 1.0
 outer loop
  vertex 7.1834797859191895 21.415019182510225 0.0
  vertex 7.981649875640869 21.335482209281672 0.0
  vertex 8.779809951782227 21.75 0.0
 endloop
endfacet
facet normal 0.0 0.0 1.0
 outer loop
  vertex 7.1834797859191895 23.361099243164063 0.0
  vertex 6.38532018661499 22.555500030517578 0.0
  vertex 7.1834797859191895 21.415019182510225 0.0
 endloop
endfacet
facet normal 0.0 0.0 1.0
 outer loop
  vertex 7.1834797859191895 23.361099243164063 0.0
  vertex 7.1834797859191895 21.415019182510225 0.0
  vertex 8.779809951782227 21.75 0.0
 endloop
endfacet
facet normal 0.0 0.0 1.0
 outer loop
  vertex 8.779809951782227 23.361099243164063 0.0
  vertex 7.1834797859191895 23.361099243164063 0.0
  vertex 8.779809951782227 21.75 0.0
 endloop
endfacet
facet normal 0.0 -0.0 1.0
 outer loop
  vertex 19.954099655151367 20.944400787353516 0.0
  vertex 20.752199172973633 21.75 0.0
  vertex 19.155899047851563 22.555500030517578 0.0
 endloop
endfacet
facet normal 0.0 0.0 1.0
 outer loop
  vertex 19.155899047851563 22.555500030517578 0.0
  vertex 17.559600830078125 22.555500030517578 0.0
  vertex 17.559600830078125 20.944400787353516 0.0
 endloop
endfacet
facet normal 0.0 0.0 1.0
 outer loop
  vertex 19.954099655151367 20.944400787353516 0.0
  vertex 19.155899047851563 22.555500030517578 0.0
  vertex 17.559600830078125 20.944400787353516 0.0
 endloop
endfacet
facet normal 0.0 0.0 0.9999999999999999
 outer loop
  vertex 19.954099655151367 20.944400787353516 0.0
  vertex 17.559600830078125 20.944400787353516 0.0
  vertex 19.155899047851563 20.1387996673584 0.0
 endloop
endfacet
facet normal 0.0 0.0 1.0
 outer loop
  vertex 39.908199310302734 23.361099243164063 0.0
  vertex 39.11000061035156 22.555500030517578 0.0
  vertex 39.908199310302734 21.508320236206053 0.0
 endloop
endfacet
facet normal 0.0 0.0 0.9999999999999999
 outer loop
  vertex 40.70640182495117 21.18608055114746 0.0
  vertex 42.30270004272461 22.555500030517578 0.0
  vertex 41.50450134277344 23.361099243164063 0.0
 endloop
endfacet
facet normal 0.0 0.0 1.0
 outer loop
  vertex 39.908199310302734 23.361099243164063 0.0
  vertex 39.908199310302734 21.508320236206053 0.0
  vertex 40.70640182495117 21.18608055114746 0.0
 endloop
endfacet
facet normal 0.0 0.0 0.9999999999999999
 outer loop
  vertex 41.50450134277344 23.361099243164063 0.0
  vertex 39.908199310302734 23.361099243164063 0.0
  vertex 40.70640182495117 21.18608055114746 0.0
 endloop
endfacet
facet normal 0.0 0.0 1.0
 outer loop
  vertex 61.45869827270508 23.361099243164063 0.0
  vertex 59.862300872802734 23.361099243164063 0.0
  vertex 59.862300872802734 22.555500030517578 0.0
 endloop
endfacet
facet normal 0.0 -0.0 1.0
 outer loop
  vertex 62.25680160522461 21.75 0.0
  vertex 63.05500030517578 22.555500030517578 0.0
  vertex 61.45869827270508 23.361099243164063 0.0
 endloop
endfacet
facet normal 0.0 0.0 1.0
 outer loop
  vertex 61.45869827270508 23.361099243164063 0.0
  vertex 59.862300872802734 22.555500030517578 0.0
  vertex 60.660499572753906 21.18608055114746 0.0
 endloop
endfacet
facet normal 0.0 0.0 1.0
 outer loop
  vertex 62.25680160522461 21.75 0.0
  vertex 61.45869827270508 23.361099243164063 0.0
  vertex 60.660499572753906 21.18608055114746 0.0
 endloop
endfacet
facet normal 0.0 -0.0 1.0
 outer loop
  vertex 63.05500030517578 20.1387996673584 0.0
  vertex 63.85309982299805 20.944400787353516 0.0
  vertex 62.25680160522461 21.75 0.0
 endloop
endfacet
facet normal -0.0 0.0 1.0
 outer loop
  vertex 61.21923866271972 20.1387996673584 0.0
  vertex 62.25680160522461 19.33329963684082 0.0
  vertex 63.05500030517578 20.1387996673584 0.0
 endloop
endfacet
facet normal 0.0 0.0 1.0
 outer loop
  vertex 62.25680160522461 21.75 0.0
  vertex 60.89995918273926 20.944400787353516 0.0
  vertex 61.21923866271972 20.1387996673584 0.0
 endloop
endfacet
facet normal 0.0 0.0 1.0
 outer loop
  vertex 63.05500030517578 20.1387996673584 0.0
  vertex 62.25680160522461 21.75 0.0
  vertex 61.21923866271972 20.1387996673584 0.0
 endloop
endfacet
facet normal 0.0 0.0 1.0
 outer loop
  vertex 4.788990020751953 20.944400787353516 0.0
  vertex 6.145869159698486 20.944400787353516 0.0
  vertex 6.385320186614989 21.18608055114746 0.0
 endloop
endfacet
facet normal 0.0 -0.0 1.0
 outer loop
  vertex 6.385320186614989 21.18608055114746 0.0
  vertex 6.38532018661499 22.555500030517578 0.0
  vertex 4.788990020751953 22.555500030517578 0.0
 endloop
endfacet
facet normal 0.0 0.0 1.0
 outer loop
  vertex 4.788990020751953 20.944400787353516 0.0
  vertex 6.385320186614989 21.18608055114746 0.0
  vertex 4.788990020751953 22.555500030517578 0.0
 endloop
endfacet
facet normal 0.0 -0.0 1.0
 outer loop
  vertex 4.788990020751953 20.944400787353516 0.0
  vertex 4.788990020751953 22.555500030517578 0.0
  vertex 3.192660093307495 22.555500030517578 0.0
 endloop
endfacet
facet normal 0.0 0.0 1.0
 outer loop
  vertex 4.788990020751953 20.944400787353516 0.0
  vertex 3.192660093307495 22.555500030517578 0.0
  vertex 3.192660093307495 20.944400787353516 0.0
 endloop
endfacet
facet normal 0.0 0.0 1.0
 outer loop
  vertex 23.944900512695313 24.16659927368164 0.0
  vertex 22.348600387573242 24.16659927368164 0.0
  vertex 22.348600387573242 23.361099243164063 0.0
 endloop
endfacet
facet normal -0.0 0.0 0.9999999999999999
 outer loop
  vertex 23.944900512695313 22.304837018958665 0.0
  vertex 24.74306915712077 22.29333634165704 0.0
  vertex 25.541200637817383 23.361099243164063 0.0
 endloop
endfacet
facet normal 0.0 0.0 1.0
 outer loop
  vertex 23.944900512695313 22.304837018958665 0.0
  vertex 25.541200637817383 23.361099243164063 0.0
  vertex 23.944900512695313 24.16659927368164 0.0
 endloop
endfacet
facet normal 0.0 -0.0 1.0
 outer loop
  vertex 23.944900512695313 22.304837018958665 0.0
  vertex 23.944900512695313 24.16659927368164 0.0
  vertex 22.348600387573242 23.361099243164063 0.0
 endloop
endfacet
facet normal 0.0 -0.0 1.0
 outer loop
  vertex 23.146699905395508 22.12420960779632 0.0
  vertex 23.944900512695313 22.304837018958665 0.0
  vertex 22.348600387573242 23.361099243164063 0.0
 endloop
endfacet
facet normal 0.0 0.0 1.0
 outer loop
  vertex 27.13759994506836 24.16659927368164 0.0
  vertex 25.541200637817383 24.16659927368164 0.0
  vertex 25.541200637817383 23.361099243164063 0.0
 endloop
endfacet
facet normal -0.0 0.0 1.0
 outer loop
  vertex 27.137560729999677 22.263788879177746 0.0
  vertex 27.93572269941069 22.254753873514037 0.0
  vertex 28.73390007019043 23.361099243164063 0.0
 endloop
endfacet
facet normal 0.0 0.0 1.0
 outer loop
  vertex 27.137560729999677 22.263788879177746 0.0
  vertex 28.73390007019043 23.361099243164063 0.0
  vertex 27.13759994506836 24.16659927368164 0.0
 endloop
endfacet
facet normal 0.0 -0.0 0.9999999999999999
 outer loop
  vertex 27.137560729999677 22.263788879177746 0.0
  vertex 27.13759994506836 24.16659927368164 0.0
  vertex 25.541200637817383 23.361099243164063 0.0
 endloop
endfacet
facet normal -0.0 -0.0 0.9999999999999999
 outer loop
  vertex 26.339398760588665 22.27282388484145 0.0
  vertex 27.137560729999677 22.263788879177746 0.0
  vertex 25.541200637817383 23.361099243164063 0.0
 endloop
endfacet
facet normal 0.0 0.0 1.0
 outer loop
  vertex 30.3302001953125 24.16659927368164 0.0
  vertex 28.73390007019043 24.16659927368164 0.0
  vertex 28.73390007019043 23.361099243164063 0.0
 endloop
endfacet
facet normal -0.0 0.0 1.0
 outer loop
  vertex 30.3302001953125 22.232178678339025 0.0
  vertex 31.128367129625985 22.218290320419086 0.0
  vertex 31.92650032043457 23.361099243164063 0.0
 endloop
endfacet
facet normal 0.0 0.0 0.9999999999999999
 outer loop
  vertex 30.3302001953125 22.232178678339025 0.0
  vertex 31.92650032043457 23.361099243164063 0.0
  vertex 30.3302001953125 24.16659927368164 0.0
 endloop
endfacet
facet normal 0.0 -0.0 0.9999999999999999
 outer loop
  vertex 30.3302001953125 22.232178678339025 0.0
  vertex 30.3302001953125 24.16659927368164 0.0
  vertex 28.73390007019043 23.361099243164063 0.0
 endloop
endfacet
facet normal -0.0 -0.0 1.0
 outer loop
  vertex 29.532041569778812 22.239347966190415 0.0
  vertex 30.3302001953125 22.232178678339025 0.0
  vertex 28.73390007019043 23.361099243164063 0.0
 endloop
endfacet
facet normal 0.0 0.0 1.0
 outer loop
  vertex 33.52289962768555 24.16659927368164 0.0
  vertex 31.92650032043457 24.16659927368164 0.0
  vertex 31.92650032043457 23.361099243164063 0.0
 endloop
endfacet
facet normal -0.0 0.0 0.9999999999999999
 outer loop
  vertex 33.52286787334742 22.177042335268546 0.0
  vertex 34.32103477240162 22.163404157724607 0.0
  vertex 35.11920166015625 23.361099243164063 0.0
 endloop
endfacet
facet normal 0.0 0.0 1.0
 outer loop
  vertex 31.92650032043457 23.361099243164063 0.0
  vertex 32.72470097429323 22.19068051281248 0.0
  vertex 33.52286787334742 22.177042335268546 0.0
 endloop
endfacet
facet normal 0.0 0.0 1.0
 outer loop
  vertex 33.52286787334742 22.177042335268546 0.0
  vertex 35.11920166015625 23.361099243164063 0.0
  vertex 33.52289962768555 24.16659927368164 0.0
 endloop
endfacet
facet normal -0.0 0.0 1.0
 outer loop
  vertex 31.92650032043457 23.361099243164063 0.0
  vertex 33.52286787334742 22.177042335268546 0.0
  vertex 33.52289962768555 24.16659927368164 0.0
 endloop
endfacet
facet normal 0.0 0.0 1.0
 outer loop
  vertex 36.71549987792969 24.16659927368164 0.0
  vertex 35.11920166015625 24.16659927368164 0.0
  vertex 35.11920166015625 23.361099243164063 0.0
 endloop
endfacet
facet normal -0.0 0.0 1.0
 outer loop
  vertex 35.917367295362055 22.11069224840474 0.0
  vertex 36.71553293662146 22.071549875481566 0.0
  vertex 37.51369857788086 23.361099243164063 0.0
 endloop
endfacet
facet normal 0.0 0.0 1.0
 outer loop
  vertex 36.71549987792969 24.16659927368164 0.0
  vertex 35.11920166015625 23.361099243164063 0.0
  vertex 35.917367295362055 22.11069224840474 0.0
 endloop
endfacet
facet normal 0.0 0.0 1.0
 outer loop
  vertex 37.51369857788086 23.361099243164063 0.0
  vertex 36.71549987792969 24.16659927368164 0.0
  vertex 35.917367295362055 22.11069224840474 0.0
 endloop
endfacet
facet normal 0.0 0.0 1.0
 outer loop
  vertex 64.65129852294922 22.555500030517578 0.0
  vertex 63.05500030517578 22.555500030517578 0.0
  vertex 63.85309982299805 20.944400787353516 0.0
 endloop
endfacet
facet normal 0.0 0.0 1.0
 outer loop
  vertex 64.65129852294922 22.555500030517578 0.0
  vertex 63.85309982299805 20.944400787353516 0.0
  vertex 65.44950103759766 20.944400787353516 0.0
 endloop
endfacet
facet normal 0.0 0.0 0.9999999999999999
 outer loop
  vertex 66.24759674072266 21.75 0.0
  vertex 64.65129852294922 22.555500030517578 0.0
  vertex 65.44950103759766 20.944400787353516 0.0
 endloop
endfacet
facet normal 0.0 0.0 1.0
 outer loop
  vertex 0.7981659770011902 24.16659927368164 0.0
  vertex 0.0 23.361099243164063 0.0
  vertex 0.7981659770011902 22.555500030517578 0.0
 endloop
endfacet
facet normal 0.0 0.0 1.0
 outer loop
  vertex 0.7981659770011902 22.555500030517578 0.0
  vertex 1.2504060273000506 21.642603891585686 0.0
  vertex 2.3944900035858154 21.75 0.0
 endloop
endfacet
facet normal 0.0 0.0 1.0
 outer loop
  vertex 1.5963300466537476 24.16659927368164 0.0
  vertex 0.7981659770011902 24.16659927368164 0.0
  vertex 0.7981659770011902 22.555500030517578 0.0
 endloop
endfacet
facet normal 0.0 0.0 1.0
 outer loop
  vertex 2.3944900035858154 21.75 0.0
  vertex 3.192660093307495 22.555500030517578 0.0
  vertex 3.192660093307495 23.361099243164063 0.0
 endloop
endfacet
facet normal -0.0 0.0 0.9999999999999999
 outer loop
  vertex 0.7981659770011902 22.555500030517578 0.0
  vertex 2.3944900035858154 21.75 0.0
  vertex 3.192660093307495 23.361099243164063 0.0
 endloop
endfacet
facet normal 0.0 0.0 1.0
 outer loop
  vertex 1.5963300466537476 24.16659927368164 0.0
  vertex 0.7981659770011902 22.555500030517578 0.0
  vertex 3.192660093307495 23.361099243164063 0.0
 endloop
endfacet
facet normal 0.0 0.0 1.0
 outer loop
  vertex 7.1834797859191895 23.361099243164063 0.0
  vertex 8.779809951782227 23.361099243164063 0.0
  vertex 8.779809951782227 24.972200393676758 0.0
 endloop
endfacet
facet normal 0.0 0.0 1.0
 outer loop
  vertex 7.1834797859191895 23.361099243164063 0.0
  vertex 8.779809951782227 24.972200393676758 0.0
  vertex 7.1834797859191895 24.972200393676758 0.0
 endloop
endfacet
facet normal 0.0 0.0 0.9999999999999999
 outer loop
  vertex 9.577980041503906 23.361099243164063 0.0
  vertex 11.174300193786621 24.16659927368164 0.0
  vertex 10.376099586486816 24.972200393676758 0.0
 endloop
endfacet
facet normal 0.0 -0.0 0.9999999999999999
 outer loop
  vertex 9.577980041503906 23.361099243164063 0.0
  vertex 10.376099586486816 24.972200393676758 0.0
  vertex 8.779809951782227 24.972200393676758 0.0
 endloop
endfacet
facet normal 0.0 0.0 1.0
 outer loop
  vertex 9.577980041503906 23.361099243164063 0.0
  vertex 8.779809951782227 24.972200393676758 0.0
  vertex 8.779809951782227 23.361099243164063 0.0
 endloop
endfacet
facet normal 0.0 0.0 0.9999999999999999
 outer loop
  vertex 17.559600830078125 23.361099243164063 0.0
  vertex 19.155899047851563 24.16659927368164 0.0
  vertex 18.35770034790039 24.972200393676758 0.0
 endloop
endfacet
facet normal 0.0 0.0 0.9999999999999999
 outer loop
  vertex 16.76140022277832 24.972200393676758 0.0
  vertex 15.963199615478516 24.16659927368164 0.0
  vertex 17.559600830078125 23.361099243164063 0.0
 endloop
endfacet
facet normal -0.0 0.0 1.0
 outer loop
  vertex 16.76140022277832 24.972200393676758 0.0
  vertex 17.559600830078125 23.361099243164063 0.0
  vertex 18.35770034790039 24.972200393676758 0.0
 endloop
endfacet
facet normal 0.0 -0.0 0.9999999999999999
 outer loop
  vertex 22.348600387573242 23.361099243164063 0.0
  vertex 22.348600387573242 24.16659927368164 0.0
  vertex 20.752199172973633 24.16659927368164 0.0
 endloop
endfacet
facet normal 0.0 -0.0 1.0
 outer loop
  vertex 21.550399780273438 22.555500030517578 0.0
  vertex 22.348600387573242 23.361099243164063 0.0
  vertex 20.752199172973633 24.16659927368164 0.0
 endloop
endfacet
facet normal 0.0 0.0 1.0
 outer loop
  vertex 20.752199172973633 24.16659927368164 0.0
  vertex 19.155899047851563 24.16659927368164 0.0
  vertex 19.155899047851563 22.555500030517578 0.0
 endloop
endfacet
facet normal 0.0 0.0 1.0
 outer loop
  vertex 21.550399780273438 22.555500030517578 0.0
  vertex 20.752199172973633 24.16659927368164 0.0
  vertex 19.155899047851563 22.555500030517578 0.0
 endloop
endfacet
facet normal 0.0 -0.0 1.0
 outer loop
  vertex 20.752199172973633 21.75 0.0
  vertex 21.550399780273438 22.555500030517578 0.0
  vertex 19.155899047851563 22.555500030517578 0.0
 endloop
endfacet
facet normal -0.0 0.0 1.0
 outer loop
  vertex 50.32131993714603 22.914887515513627 0.0
  vertex 51.08250045776367 22.79717979431152 0.0
  vertex 51.880699157714844 23.361099243164063 0.0
 endloop
endfacet
facet normal 0.0 -0.0 1.0
 outer loop
  vertex 52.67879867553711 24.16659927368164 0.0
  vertex 52.67879867553711 24.972200393676758 0.0
  vertex 51.08250045776367 24.972200393676758 0.0
 endloop
endfacet
facet normal 0.0 0.0 1.0
 outer loop
  vertex 51.08250045776367 24.972200393676758 0.0
  vertex 49.48619842529297 24.972200393676758 0.0
  vertex 49.48619842529297 24.16659927368164 0.0
 endloop
endfacet
facet normal 0.0 -0.0 1.0
 outer loop
  vertex 51.880699157714844 23.361099243164063 0.0
  vertex 52.67879867553711 24.16659927368164 0.0
  vertex 51.08250045776367 24.972200393676758 0.0
 endloop
endfacet
facet normal 0.0 0.0 1.0
 outer loop
  vertex 51.08250045776367 24.972200393676758 0.0
  vertex 49.48619842529297 24.16659927368164 0.0
  vertex 50.32131993714603 22.914887515513627 0.0
 endloop
endfacet
facet normal 0.0 0.0 1.0
 outer loop
  vertex 51.880699157714844 23.361099243164063 0.0
  vertex 51.08250045776367 24.972200393676758 0.0
  vertex 50.32131993714603 22.914887515513627 0.0
 endloop
endfacet
facet normal 0.0 0.0 1.0
 outer loop
  vertex 3.192660093307495 24.972200393676758 0.0
  vertex 3.9908199310302734 25.777700424194336 0.0
  vertex 3.192660093307495 26.58329963684082 0.0
 endloop
endfacet
facet normal 0.0 0.0 1.0
 outer loop
  vertex 1.5963300466537476 26.58329963684082 0.0
  vertex 1.5963300466537476 24.972200393676758 0.0
  vertex 3.192660093307495 24.972200393676758 0.0
 endloop
endfacet
facet normal -0.0 0.0 1.0
 outer loop
  vertex 1.5963300466537476 26.58329963684082 0.0
  vertex 3.192660093307495 24.972200393676758 0.0
  vertex 3.192660093307495 26.58329963684082 0.0
 endloop
endfacet
facet normal 0.0 0.0 1.0
 outer loop
  vertex 4.788990020751953 22.555500030517578 0.0
  vertex 5.5871500968933105 23.361099243164063 0.0
  vertex 5.5871500968933105 24.16659927368164 0.0
 endloop
endfacet
facet normal 0.0 0.0 1.0
 outer loop
  vertex 4.788990020751953 24.972200393676758 0.0
  vertex 3.192660093307495 24.972200393676758 0.0
  vertex 3.192660093307495 23.361099243164063 0.0
 endloop
endfacet
facet normal 0.0 0.0 1.0
 outer loop
  vertex 4.788990020751953 24.972200393676758 0.0
  vertex 3.192660093307495 23.361099243164063 0.0
  vertex 4.788990020751953 22.555500030517578 0.0
 endloop
endfacet
facet normal 0.0 0.0 1.0
 outer loop
  vertex 4.788990020751953 24.972200393676758 0.0
  vertex 4.788990020751953 22.555500030517578 0.0
  vertex 5.5871500968933105 24.16659927368164 0.0
 endloop
endfacet
facet normal 0.0 0.0 1.0
 outer loop
  vertex 15.16510009765625 23.361099243164063 0.0
  vertex 15.16510009765625 21.75 0.0
  vertex 15.963199615478516 21.75 0.0
 endloop
endfacet
facet normal 0.0 0.0 1.0
 outer loop
  vertex 15.963199615478516 21.75 0.0
  vertex 17.559600830078125 22.555500030517578 0.0
  vertex 17.559600830078125 23.361099243164063 0.0
 endloop
endfacet
facet normal -0.0 0.0 1.0
 outer loop
  vertex 15.16510009765625 23.361099243164063 0.0
  vertex 15.963199615478516 21.75 0.0
  vertex 17.559600830078125 23.361099243164063 0.0
 endloop
endfacet
facet normal 0.0 0.0 1.0
 outer loop
  vertex 15.16510009765625 23.361099243164063 0.0
  vertex 17.559600830078125 23.361099243164063 0.0
  vertex 15.963199615478516 24.16659927368164 0.0
 endloop
endfacet
facet normal 0.0 0.0 1.0
 outer loop
  vertex 44.697200775146484 24.972200393676758 0.0
  vertex 46.29349899291992 24.972200393676758 0.0
  vertex 46.29349899291992 25.777700424194336 0.0
 endloop
endfacet
facet normal 0.0 0.0 1.0
 outer loop
  vertex 44.697200775146484 24.972200393676758 0.0
  vertex 46.29349899291992 25.777700424194336 0.0
  vertex 44.697200775146484 26.58329963684082 0.0
 endloop
endfacet
facet normal 0.0 0.0 1.0
 outer loop
  vertex 44.697200775146484 26.58329963684082 0.0
  vertex 43.89899826049805 26.58329963684082 0.0
  vertex 43.10089874267578 25.777700424194336 0.0
 endloop
endfacet
facet normal 0.0 0.0 1.0
 outer loop
  vertex 44.697200775146484 26.58329963684082 0.0
  vertex 43.10089874267578 25.777700424194336 0.0
  vertex 44.697200775146484 24.972200393676758 0.0
 endloop
endfacet
facet normal 0.0 0.0 1.0
 outer loop
  vertex 44.697200775146484 21.75 0.0
  vertex 45.49531517028808 22.95829963684082 0.0
  vertex 45.255870437622065 23.36109924316406 0.0
 endloop
endfacet
facet normal 0.0 0.0 1.0
 outer loop
  vertex 45.255870437622065 23.36109924316406 0.0
  vertex 43.89899826049805 24.16659927368164 0.0
  vertex 43.10089874267578 23.361099243164063 0.0
 endloop
endfacet
facet normal 0.0 -0.0 0.9999999999999999
 outer loop
  vertex 44.697200775146484 21.75 0.0
  vertex 45.255870437622065 23.36109924316406 0.0
  vertex 43.10089874267578 23.361099243164063 0.0
 endloop
endfacet
facet normal 0.0 0.0 1.0
 outer loop
  vertex 44.697200775146484 21.75 0.0
  vertex 43.10089874267578 23.361099243164063 0.0
  vertex 42.30270004272461 22.555500030517578 0.0
 endloop
endfacet
facet normal 0.0 -0.0 1.0
 outer loop
  vertex 43.89899826049805 20.944400787353516 0.0
  vertex 44.697200775146484 21.75 0.0
  vertex 42.30270004272461 22.555500030517578 0.0
 endloop
endfacet
facet normal 0.0 0.0 1.0
 outer loop
  vertex 63.05500030517578 22.555500030517578 0.0
  vertex 63.85309982299805 23.361099243164063 0.0
  vertex 63.85309982299805 24.16659927368164 0.0
 endloop
endfacet
facet normal 0.0 0.0 1.0
 outer loop
  vertex 63.05500030517578 24.972200393676758 0.0
  vertex 61.45869827270508 24.972200393676758 0.0
  vertex 61.45869827270508 23.361099243164063 0.0
 endloop
endfacet
facet normal 0.0 0.0 1.0
 outer loop
  vertex 63.05500030517578 24.972200393676758 0.0
  vertex 61.45869827270508 23.361099243164063 0.0
  vertex 63.05500030517578 22.555500030517578 0.0
 endloop
endfacet
facet normal 0.0 0.0 1.0
 outer loop
  vertex 63.05500030517578 24.972200393676758 0.0
  vertex 63.05500030517578 22.555500030517578 0.0
  vertex 63.85309982299805 24.16659927368164 0.0
 endloop
endfacet
facet normal 0.0 0.0 1.0
 outer loop
  vertex 59.862300872802734 24.972200393676758 0.0
  vertex 59.06420135498047 24.16659927368164 0.0
  vertex 59.862300872802734 23.361099243164063 0.0
 endloop
endfacet
facet normal 0.0 0.0 1.0
 outer loop
  vertex 59.862300872802734 24.972200393676758 0.0
  vertex 59.862300872802734 23.361099243164063 0.0
  vertex 61.45869827270508 23.361099243164063 0.0
 endloop
endfacet
facet normal -0.0 0.0 1.0
 outer loop
  vertex 59.862300872802734 24.972200393676758 0.0
  vertex 61.45869827270508 23.361099243164063 0.0
  vertex 61.45869827270508 24.972200393676758 0.0
 endloop
endfacet
facet normal 0.0 0.0 0.9999999999999999
 outer loop
  vertex 12.770600318908691 24.972200393676758 0.0
  vertex 11.972399711608887 24.972200393676758 0.0
  vertex 11.174300193786621 24.16659927368164 0.0
 endloop
endfacet
facet normal 0.0 0.0 1.0
 outer loop
  vertex 11.174300193786621 24.16659927368164 0.0
  vertex 11.174300193786621 22.555500030517578 0.0
  vertex 12.770600318908691 22.555500030517578 0.0
 endloop
endfacet
facet normal 0.0 0.0 1.0
 outer loop
  vertex 12.770600318908691 24.972200393676758 0.0
  vertex 11.174300193786621 24.16659927368164 0.0
  vertex 12.770600318908691 22.555500030517578 0.0
 endloop
endfacet
facet normal 0.0 0.0 1.0
 outer loop
  vertex 12.770600318908691 24.972200393676758 0.0
  vertex 12.770600318908691 22.555500030517578 0.0
  vertex 13.56879997253418 23.361099243164063 0.0
 endloop
endfacet
facet normal 0.0 -0.0 1.0
 outer loop
  vertex 39.908199310302734 23.361099243164063 0.0
  vertex 40.70640182495117 24.972200393676758 0.0
  vertex 39.11000061035156 24.972200393676758 0.0
 endloop
endfacet
facet normal 0.0 0.0 1.0
 outer loop
  vertex 39.11000061035156 24.972200393676758 0.0
  vertex 37.51369857788086 24.972200393676758 0.0
  vertex 37.51369857788086 23.361099243164063 0.0
 endloop
endfacet
facet normal 0.0 0.0 1.0
 outer loop
  vertex 39.908199310302734 23.361099243164063 0.0
  vertex 39.11000061035156 24.972200393676758 0.0
  vertex 37.51369857788086 23.361099243164063 0.0
 endloop
endfacet
facet normal 0.0 -0.0 1.0
 outer loop
  vertex 39.11000061035156 22.555500030517578 0.0
  vertex 39.908199310302734 23.361099243164063 0.0
  vertex 37.51369857788086 23.361099243164063 0.0
 endloop
endfacet
facet normal 0.0 -0.0 1.0
 outer loop
  vertex 43.89899826049805 24.16659927368164 0.0
  vertex 44.697200775146484 24.972200393676758 0.0
  vertex 43.10089874267578 25.777700424194336 0.0
 endloop
endfacet
facet normal 0.0 0.0 1.0
 outer loop
  vertex 43.10089874267578 25.777700424194336 0.0
  vertex 41.50450134277344 25.777700424194336 0.0
  vertex 41.50450134277344 24.16659927368164 0.0
 endloop
endfacet
facet normal 0.0 0.0 0.9999999999999999
 outer loop
  vertex 43.89899826049805 24.16659927368164 0.0
  vertex 43.10089874267578 25.777700424194336 0.0
  vertex 41.50450134277344 24.16659927368164 0.0
 endloop
endfacet
facet normal 0.0 -0.0 1.0
 outer loop
  vertex 43.10089874267578 23.361099243164063 0.0
  vertex 43.89899826049805 24.16659927368164 0.0
  vertex 41.50450134277344 24.16659927368164 0.0
 endloop
endfacet
facet normal 0.0 0.0 1.0
 outer loop
  vertex 56.669700622558594 22.555500030517578 0.0
  vertex 58.26599884033203 22.555500030517578 0.0
  vertex 58.26599884033203 23.361099243164063 0.0
 endloop
endfacet
facet normal 0.0 0.0 1.0
 outer loop
  vertex 55.073299407958984 23.361099243164063 0.0
  vertex 55.871498107910156 21.991650009155272 0.0
  vertex 56.669700622558594 22.555500030517578 0.0
 endloop
endfacet
facet normal 0.0 0.0 1.0
 outer loop
  vertex 56.669700622558594 22.555500030517578 0.0
  vertex 58.26599884033203 23.361099243164063 0.0
  vertex 57.46780014038086 24.16659927368164 0.0
 endloop
endfacet
facet normal 0.0 0.0 1.0
 outer loop
  vertex 56.669700622558594 22.555500030517578 0.0
  vertex 57.46780014038086 24.16659927368164 0.0
  vertex 56.669700622558594 24.972200393676758 0.0
 endloop
endfacet
facet normal 0.0 -0.0 0.9999999999999999
 outer loop
  vertex 56.669700622558594 22.555500030517578 0.0
  vertex 56.669700622558594 24.972200393676758 0.0
  vertex 55.073299407958984 23.361099243164063 0.0
 endloop
endfacet
facet normal 0.0 0.0 1.0
 outer loop
  vertex 65.44950103759766 25.777700424194336 0.0
  vertex 64.65129852294922 24.972200393676758 0.0
  vertex 66.24759674072266 24.16659927368164 0.0
 endloop
endfacet
facet normal 0.0 0.0 1.0
 outer loop
  vertex 67.0457992553711 25.777700424194336 0.0
  vertex 65.44950103759766 25.777700424194336 0.0
  vertex 66.24759674072266 24.16659927368164 0.0
 endloop
endfacet
facet normal 0.0 0.0 1.0
 outer loop
  vertex 67.0457992553711 25.777700424194336 0.0
  vertex 66.24759674072266 24.16659927368164 0.0
  vertex 67.84400177001953 24.972200393676758 0.0
 endloop
endfacet
facet normal 0.0 0.0 0.9999999999999999
 outer loop
  vertex 63.85309982299805 24.16659927368164 0.0
  vertex 63.85309982299805 23.361099243164063 0.0
  vertex 64.65129852294922 22.555500030517578 0.0
 endloop
endfacet
facet normal 0.0 0.0 1.0
 outer loop
  vertex 66.24759674072266 21.75 0.0
  vertex 67.0457992553711 22.555500030517578 0.0
  vertex 67.0457992553711 23.361099243164063 0.0
 endloop
endfacet
facet normal 0.0 0.0 1.0
 outer loop
  vertex 66.24759674072266 24.16659927368164 0.0
  vertex 64.65129852294922 24.972200393676758 0.0
  vertex 63.85309982299805 24.16659927368164 0.0
 endloop
endfacet
facet normal 0.0 0.0 1.0
 outer loop
  vertex 66.24759674072266 24.16659927368164 0.0
  vertex 63.85309982299805 24.16659927368164 0.0
  vertex 64.65129852294922 22.555500030517578 0.0
 endloop
endfacet
facet normal 0.0 0.0 1.0
 outer loop
  vertex 66.24759674072266 24.16659927368164 0.0
  vertex 64.65129852294922 22.555500030517578 0.0
  vertex 66.24759674072266 21.75 0.0
 endloop
endfacet
facet normal 0.0 0.0 1.0
 outer loop
  vertex 66.24759674072266 24.16659927368164 0.0
  vertex 66.24759674072266 21.75 0.0
  vertex 67.0457992553711 23.361099243164063 0.0
 endloop
endfacet
facet normal 0.0 0.0 1.0
 outer loop
  vertex 5.5871500968933105 28.194400787353516 0.0
  vertex 3.9908199310302734 27.3887996673584 0.0
  vertex 5.5871500968933105 26.58329963684082 0.0
 endloop
endfacet
facet normal 0.0 0.0 0.9999999999999999
 outer loop
  vertex 7.1834797859191895 27.3887996673584 0.0
  vertex 5.5871500968933105 28.194400787353516 0.0
  vertex 5.5871500968933105 26.58329963684082 0.0
 endloop
endfacet
facet normal 0.0 -0.0 1.0
 outer loop
  vertex 6.38532018661499 26.58329963684082 0.0
  vertex 7.1834797859191895 27.3887996673584 0.0
  vertex 5.5871500968933105 26.58329963684082 0.0
 endloop
endfacet
facet normal 0.0 0.0 1.0
 outer loop
  vertex 5.5871500968933105 26.58329963684082 0.0
  vertex 3.9908199310302734 25.777700424194336 0.0
  vertex 4.788990020751953 24.972200393676758 0.0
 endloop
endfacet
facet normal 0.0 0.0 1.0
 outer loop
  vertex 7.1834797859191895 24.972200393676758 0.0
  vertex 6.38532018661499 26.58329963684082 0.0
  vertex 5.5871500968933105 26.58329963684082 0.0
 endloop
endfacet
facet normal -0.0 0.0 1.0
 outer loop
  vertex 4.788990020751953 24.972200393676758 0.0
  vertex 5.5871500968933105 24.16659927368164 0.0
  vertex 7.1834797859191895 24.972200393676758 0.0
 endloop
endfacet
facet normal 0.0 0.0 0.9999999999999999
 outer loop
  vertex 5.5871500968933105 26.58329963684082 0.0
  vertex 4.788990020751953 24.972200393676758 0.0
  vertex 7.1834797859191895 24.972200393676758 0.0
 endloop
endfacet
facet normal 0.0 0.0 1.0
 outer loop
  vertex 7.1834797859191895 26.58329963684082 0.0
  vertex 6.38532018661499 26.58329963684082 0.0
  vertex 7.1834797859191895 24.972200393676758 0.0
 endloop
endfacet
facet normal 0.0 0.0 1.0
 outer loop
  vertex 7.1834797859191895 26.58329963684082 0.0
  vertex 7.1834797859191895 24.972200393676758 0.0
  vertex 8.779809951782227 25.777700424194336 0.0
 endloop
endfacet
facet normal 0.0 0.0 1.0
 outer loop
  vertex 22.348600387573242 25.777700424194336 0.0
  vertex 20.752199172973633 25.777700424194336 0.0
  vertex 20.752199172973633 24.16659927368164 0.0
 endloop
endfacet
facet normal 0.0 0.0 1.0
 outer loop
  vertex 22.348600387573242 25.777700424194336 0.0
  vertex 20.752199172973633 24.16659927368164 0.0
  vertex 22.348600387573242 24.16659927368164 0.0
 endloop
endfacet
facet normal 0.0 0.0 1.0
 outer loop
  vertex 27.935699462890625 24.972200393676758 0.0
  vertex 28.73390007019043 25.777700424194336 0.0
  vertex 27.935699462890625 26.58329963684082 0.0
 endloop
endfacet
facet normal 0.0 -0.0 1.0
 outer loop
  vertex 27.935699462890625 24.972200393676758 0.0
  vertex 27.935699462890625 26.58329963684082 0.0
  vertex 26.339399337768555 26.58329963684082 0.0
 endloop
endfacet
facet normal 0.0 0.0 1.0
 outer loop
  vertex 25.541200637817383 25.777700424194336 0.0
  vertex 25.541200637817383 24.16659927368164 0.0
  vertex 27.13759994506836 24.16659927368164 0.0
 endloop
endfacet
facet normal 0.0 0.0 1.0
 outer loop
  vertex 27.935699462890625 24.972200393676758 0.0
  vertex 26.339399337768555 26.58329963684082 0.0
  vertex 25.541200637817383 25.777700424194336 0.0
 endloop
endfacet
facet normal 0.0 0.0 0.9999999999999999
 outer loop
  vertex 27.935699462890625 24.972200393676758 0.0
  vertex 25.541200637817383 25.777700424194336 0.0
  vertex 27.13759994506836 24.16659927368164 0.0
 endloop
endfacet
facet normal 0.0 0.0 1.0
 outer loop
  vertex 25.541200637817383 25.777700424194336 0.0
  vertex 23.944900512695313 25.777700424194336 0.0
  vertex 23.944900512695313 24.16659927368164 0.0
 endloop
endfacet
facet normal 0.0 0.0 1.0
 outer loop
  vertex 25.541200637817383 25.777700424194336 0.0
  vertex 23.944900512695313 24.16659927368164 0.0
  vertex 25.541200637817383 24.16659927368164 0.0
 endloop
endfacet
facet normal 0.0 0.0 1.0
 outer loop
  vertex 34.32099914550781 24.972200393676758 0.0
  vertex 35.11920166015625 25.777700424194336 0.0
  vertex 34.32099914550781 26.58329963684082 0.0
 endloop
endfacet
facet normal 0.0 -0.0 1.0
 outer loop
  vertex 34.32099914550781 24.972200393676758 0.0
  vertex 34.32099914550781 26.58329963684082 0.0
  vertex 32.724700927734375 26.58329963684082 0.0
 endloop
endfacet
facet normal 0.0 0.0 1.0
 outer loop
  vertex 31.92650032043457 25.777700424194336 0.0
  vertex 31.92650032043457 24.16659927368164 0.0
  vertex 33.52289962768555 24.16659927368164 0.0
 endloop
endfacet
facet normal 0.0 0.0 1.0
 outer loop
  vertex 34.32099914550781 24.972200393676758 0.0
  vertex 32.724700927734375 26.58329963684082 0.0
  vertex 31.92650032043457 25.777700424194336 0.0
 endloop
endfacet
facet normal 0.0 0.0 0.9999999999999999
 outer loop
  vertex 34.32099914550781 24.972200393676758 0.0
  vertex 31.92650032043457 25.777700424194336 0.0
  vertex 33.52289962768555 24.16659927368164 0.0
 endloop
endfacet
facet normal 0.0 0.0 1.0
 outer loop
  vertex 31.92650032043457 25.777700424194336 0.0
  vertex 30.3302001953125 25.777700424194336 0.0
  vertex 30.3302001953125 24.16659927368164 0.0
 endloop
endfacet
facet normal 0.0 0.0 1.0
 outer loop
  vertex 31.92650032043457 25.777700424194336 0.0
  vertex 30.3302001953125 24.16659927368164 0.0
  vertex 31.92650032043457 24.16659927368164 0.0
 endloop
endfacet
facet normal 0.0 0.0 1.0
 outer loop
  vertex 53.47700119018555 25.777700424194336 0.0
  vertex 52.67879867553711 24.972200393676758 0.0
  vertex 52.67879867553711 24.16659927368164 0.0
 endloop
endfacet
facet normal 0.0 0.0 1.0
 outer loop
  vertex 53.47700119018555 23.361099243164063 0.0
  vertex 55.073299407958984 23.361099243164063 0.0
  vertex 55.073299407958984 24.972200393676758 0.0
 endloop
endfacet
facet normal 0.0 0.0 1.0
 outer loop
  vertex 53.47700119018555 23.361099243164063 0.0
  vertex 55.073299407958984 24.972200393676758 0.0
  vertex 53.47700119018555 25.777700424194336 0.0
 endloop
endfacet
facet normal -0.0 0.0 1.0
 outer loop
  vertex 52.67879867553711 24.16659927368164 0.0
  vertex 53.47700119018555 23.361099243164063 0.0
  vertex 53.47700119018555 25.777700424194336 0.0
 endloop
endfacet
facet normal 0.0 0.0 1.0
 outer loop
  vertex 67.0457992553711 23.361099243164063 0.0
  vertex 67.0457992553711 22.555500030517578 0.0
  vertex 68.64209747314453 22.555500030517578 0.0
 endloop
endfacet
facet normal 0.0 0.0 1.0
 outer loop
  vertex 69.44029998779297 24.16659927368164 0.0
  vertex 69.00454432316474 25.05459911569606 0.0
  vertex 67.84400177001953 24.972200393676758 0.0
 endloop
endfacet
facet normal 0.0 0.0 1.0
 outer loop
  vertex 68.64209747314453 22.555500030517578 0.0
  vertex 70.2385025024414 22.555500030517578 0.0
  vertex 69.44029998779297 24.16659927368164 0.0
 endloop
endfacet
facet normal -0.0 0.0 1.0
 outer loop
  vertex 67.0457992553711 23.361099243164063 0.0
  vertex 68.64209747314453 22.555500030517578 0.0
  vertex 69.44029998779297 24.16659927368164 0.0
 endloop
endfacet
facet normal 0.0 0.0 1.0
 outer loop
  vertex 67.0457992553711 23.361099243164063 0.0
  vertex 69.44029998779297 24.16659927368164 0.0
  vertex 67.84400177001953 24.972200393676758 0.0
 endloop
endfacet
facet normal 0.0 0.0 1.0
 outer loop
  vertex 10.376099586486816 26.58329963684082 0.0
  vertex 11.972399711608887 26.58329963684082 0.0
  vertex 11.972399711608887 27.3887996673584 0.0
 endloop
endfacet
facet normal 0.0 0.0 0.9999999999999999
 outer loop
  vertex 9.577980041503906 28.194400787353516 0.0
  vertex 8.779809951782227 27.3887996673584 0.0
  vertex 10.376099586486816 26.58329963684082 0.0
 endloop
endfacet
facet normal 0.0 0.0 1.0
 outer loop
  vertex 11.174300193786621 28.194400787353516 0.0
  vertex 9.577980041503906 28.194400787353516 0.0
  vertex 10.376099586486816 26.58329963684082 0.0
 endloop
endfacet
facet normal 0.0 0.0 1.0
 outer loop
  vertex 11.972399711608887 27.3887996673584 0.0
  vertex 11.174300193786621 28.194400787353516 0.0
  vertex 10.376099586486816 26.58329963684082 0.0
 endloop
endfacet
facet normal 0.0 0.0 1.0
 outer loop
  vertex 13.56879997253418 23.361099243164063 0.0
  vertex 15.16510009765625 23.361099243164063 0.0
  vertex 15.963199615478516 24.16659927368164 0.0
 endloop
endfacet
facet normal 0.0 0.0 0.9999999999999999
 outer loop
  vertex 16.76140022277832 26.58329963684082 0.0
  vertex 14.366900444030762 26.58329963684082 0.0
  vertex 14.366900444030762 25.777700424194336 0.0
 endloop
endfacet
facet normal 0.0 -0.0 1.0
 outer loop
  vertex 16.76140022277832 24.972200393676758 0.0
  vertex 16.76140022277832 26.58329963684082 0.0
  vertex 14.366900444030762 25.777700424194336 0.0
 endloop
endfacet
facet normal 0.0 -0.0 1.0
 outer loop
  vertex 15.963199615478516 24.16659927368164 0.0
  vertex 16.76140022277832 24.972200393676758 0.0
  vertex 14.366900444030762 25.777700424194336 0.0
 endloop
endfacet
facet normal 0.0 0.0 0.9999999999999999
 outer loop
  vertex 14.366900444030762 25.777700424194336 0.0
  vertex 12.770600318908691 24.972200393676758 0.0
  vertex 13.56879997253418 23.361099243164063 0.0
 endloop
endfacet
facet normal 0.0 0.0 1.0
 outer loop
  vertex 15.963199615478516 24.16659927368164 0.0
  vertex 14.366900444030762 25.777700424194336 0.0
  vertex 13.56879997253418 23.361099243164063 0.0
 endloop
endfacet
facet normal 0.0 0.0 1.0
 outer loop
  vertex 42.30270004272461 28.194400787353516 0.0
  vertex 41.50450134277344 27.3887996673584 0.0
  vertex 42.30270004272461 26.58329963684082 0.0
 endloop
endfacet
facet normal 0.0 0.0 1.0
 outer loop
  vertex 42.30270004272461 26.58329963684082 0.0
  vertex 43.89899826049805 26.58329963684082 0.0
  vertex 43.89899826049805 28.194400787353516 0.0
 endloop
endfacet
facet normal 0.0 0.0 1.0
 outer loop
  vertex 42.30270004272461 26.58329963684082 0.0
  vertex 43.89899826049805 28.194400787353516 0.0
  vertex 42.30270004272461 28.194400787353516 0.0
 endloop
endfacet
facet normal 0.0 -0.0 1.0
 outer loop
  vertex 52.67879867553711 24.972200393676758 0.0
  vertex 53.47700119018555 25.777700424194336 0.0
  vertex 51.880699157714844 26.58329963684082 0.0
 endloop
endfacet
facet normal 0.0 0.0 1.0
 outer loop
  vertex 51.880699157714844 26.58329963684082 0.0
  vertex 50.2843017578125 26.58329963684082 0.0
  vertex 51.08250045776367 24.972200393676758 0.0
 endloop
endfacet
facet normal 0.0 0.0 1.0
 outer loop
  vertex 52.67879867553711 24.972200393676758 0.0
  vertex 51.880699157714844 26.58329963684082 0.0
  vertex 51.08250045776367 24.972200393676758 0.0
 endloop
endfacet
facet normal 0.0 0.0 1.0
 outer loop
  vertex 49.48619842529297 24.972200393676758 0.0
  vertex 51.08250045776367 24.972200393676758 0.0
  vertex 50.2843017578125 26.58329963684082 0.0
 endloop
endfacet
facet normal 0.0 0.0 1.0
 outer loop
  vertex 48.6879997253418 26.58329963684082 0.0
  vertex 47.889801025390625 24.972200393676758 0.0
  vertex 49.48619842529297 24.972200393676758 0.0
 endloop
endfacet
facet normal 0.0 0.0 1.0
 outer loop
  vertex 50.2843017578125 26.58329963684082 0.0
  vertex 48.6879997253418 26.58329963684082 0.0
  vertex 49.48619842529297 24.972200393676758 0.0
 endloop
endfacet
facet normal 0.0 0.0 1.0
 outer loop
  vertex 54.27519989013672 26.58329963684082 0.0
  vertex 53.47700119018555 25.777700424194336 0.0
  vertex 55.073299407958984 24.972200393676758 0.0
 endloop
endfacet
facet normal 0.0 0.0 1.0
 outer loop
  vertex 55.871498107910156 26.58329963684082 0.0
  vertex 54.27519989013672 26.58329963684082 0.0
  vertex 55.073299407958984 24.972200393676758 0.0
 endloop
endfacet
facet normal 0.0 0.0 1.0
 outer loop
  vertex 55.871498107910156 26.58329963684082 0.0
  vertex 55.073299407958984 24.972200393676758 0.0
  vertex 56.669700622558594 24.972200393676758 0.0
 endloop
endfacet
facet normal 0.0 -0.0 1.0
 outer loop
  vertex 58.26599884033203 25.777700424194336 0.0
  vertex 58.26599884033203 27.3887996673584 0.0
  vertex 57.46780014038086 27.3887996673584 0.0
 endloop
endfacet
facet normal 0.0 0.0 1.0
 outer loop
  vertex 58.26599884033203 25.777700424194336 0.0
  vertex 57.46780014038086 27.3887996673584 0.0
  vertex 55.871498107910156 26.58329963684082 0.0
 endloop
endfacet
facet normal 0.0 0.0 1.0
 outer loop
  vertex 58.26599884033203 25.777700424194336 0.0
  vertex 55.871498107910156 26.58329963684082 0.0
  vertex 56.669700622558594 24.972200393676758 0.0
 endloop
endfacet
facet normal 0.0 0.0 1.0
 outer loop
  vertex 60.660499572753906 25.777700424194336 0.0
  vertex 61.45869827270508 26.58329963684082 0.0
  vertex 60.89995918273926 27.3887996673584 0.0
 endloop
endfacet
facet normal 0.0 -0.0 0.9999999999999999
 outer loop
  vertex 60.660499572753906 25.777700424194336 0.0
  vertex 60.89995918273926 27.3887996673584 0.0
  vertex 59.862300872802734 27.3887996673584 0.0
 endloop
endfacet
facet normal 0.0 0.0 1.0
 outer loop
  vertex 59.862300872802734 27.3887996673584 0.0
  vertex 58.26599884033203 27.3887996673584 0.0
  vertex 58.26599884033203 25.777700424194336 0.0
 endloop
endfacet
facet normal 0.0 0.0 1.0
 outer loop
  vertex 60.660499572753906 25.777700424194336 0.0
  vertex 59.862300872802734 27.3887996673584 0.0
  vertex 58.26599884033203 25.777700424194336 0.0
 endloop
endfacet
facet normal 0.0 0.0 1.0
 outer loop
  vertex 60.660499572753906 25.777700424194336 0.0
  vertex 58.26599884033203 25.777700424194336 0.0
  vertex 59.862300872802734 24.972200393676758 0.0
 endloop
endfacet
facet normal 0.0 -0.0 1.0
 outer loop
  vertex 63.85309982299805 25.777700424194336 0.0
  vertex 63.85309982299805 26.906620988540585 0.0
  vertex 63.054965981282294 26.986811389042302 0.0
 endloop
endfacet
facet normal 0.0 0.0 0.9999999999999999
 outer loop
  vertex 63.054965981282294 26.986811389042302 0.0
  vertex 62.256832126993686 27.06698052362271 0.0
  vertex 61.45869827270508 26.58329963684082 0.0
 endloop
endfacet
facet normal 0.0 -0.0 1.0
 outer loop
  vertex 63.05500030517578 24.972200393676758 0.0
  vertex 63.85309982299805 25.777700424194336 0.0
  vertex 63.054965981282294 26.986811389042302 0.0
 endloop
endfacet
facet normal 0.0 0.0 1.0
 outer loop
  vertex 63.05500030517578 24.972200393676758 0.0
  vertex 63.054965981282294 26.986811389042302 0.0
  vertex 61.45869827270508 26.58329963684082 0.0
 endloop
endfacet
facet normal 0.0 0.0 1.0
 outer loop
  vertex 63.05500030517578 24.972200393676758 0.0
  vertex 61.45869827270508 26.58329963684082 0.0
  vertex 61.45869827270508 24.972200393676758 0.0
 endloop
endfacet
endsolid
